scope,population,alpha,seed,difference,learner,contrast,level
pooled-family-sets,own-domain,0.01,320,-0.008562712937593503,fedavg,placebo-effect,
pooled-family-sets,federation-wide,0.01,320,0.0018619698521712136,fedavg,placebo-effect,
pooled-family-sets,own-domain,0.05,320,-0.01426652189466937,fedavg,placebo-effect,
pooled-family-sets,federation-wide,0.05,320,-0.007842482966641195,fedavg,placebo-effect,
pooled-family-sets,own-domain,0.1,320,-0.04160288922144817,fedavg,placebo-effect,
pooled-family-sets,federation-wide,0.1,320,-0.012713566300043833,fedavg,placebo-effect,
pooled-family-sets,own-domain,0.01,321,0.007303966110138893,fedavg,placebo-effect,
pooled-family-sets,federation-wide,0.01,321,0.01546278680051355,fedavg,placebo-effect,
pooled-family-sets,own-domain,0.05,321,-0.00851677901261999,fedavg,placebo-effect,
pooled-family-sets,federation-wide,0.05,321,0.011597957974763429,fedavg,placebo-effect,
pooled-family-sets,own-domain,0.1,321,-0.03208775489067239,fedavg,placebo-effect,
pooled-family-sets,federation-wide,0.1,321,-0.009025926894821068,fedavg,placebo-effect,
pooled-family-sets,own-domain,0.01,322,-0.0025409911699687537,fedavg,placebo-effect,
pooled-family-sets,federation-wide,0.01,322,-0.009484805746546837,fedavg,placebo-effect,
pooled-family-sets,own-domain,0.05,322,0.012331121848327353,fedavg,placebo-effect,
pooled-family-sets,federation-wide,0.05,322,0.0035170244260645522,fedavg,placebo-effect,
pooled-family-sets,own-domain,0.1,322,0.0067039384449913975,fedavg,placebo-effect,
pooled-family-sets,federation-wide,0.1,322,0.002757614599454561,fedavg,placebo-effect,
pooled-family-sets,own-domain,0.01,323,-0.03517371439493405,fedavg,placebo-effect,
pooled-family-sets,federation-wide,0.01,323,-0.011897780571002575,fedavg,placebo-effect,
pooled-family-sets,own-domain,0.05,323,-0.01992749051114856,fedavg,placebo-effect,
pooled-family-sets,federation-wide,0.05,323,-0.025139340155810097,fedavg,placebo-effect,
pooled-family-sets,own-domain,0.1,323,0.0049568397597111735,fedavg,placebo-effect,
pooled-family-sets,federation-wide,0.1,323,0.003083287126698364,fedavg,placebo-effect,
pooled-family-sets,own-domain,0.01,324,0.038316701285610294,fedavg,placebo-effect,
pooled-family-sets,federation-wide,0.01,324,0.032896976195465694,fedavg,placebo-effect,
pooled-family-sets,own-domain,0.05,324,-0.007242924527645578,fedavg,placebo-effect,
pooled-family-sets,federation-wide,0.05,324,0.011603166231851425,fedavg,placebo-effect,
pooled-family-sets,own-domain,0.1,324,-0.00018773709002628536,fedavg,placebo-effect,
pooled-family-sets,federation-wide,0.1,324,0.014701338989818569,fedavg,placebo-effect,
pooled-family-sets,own-domain,0.01,325,0.00004117249355115038,fedavg,placebo-effect,
pooled-family-sets,federation-wide,0.01,325,-0.006888023167998053,fedavg,placebo-effect,
pooled-family-sets,own-domain,0.05,325,-0.007825904995367894,fedavg,placebo-effect,
pooled-family-sets,federation-wide,0.05,325,-0.013407583526022115,fedavg,placebo-effect,
pooled-family-sets,own-domain,0.1,325,-0.0530817722500031,fedavg,placebo-effect,
pooled-family-sets,federation-wide,0.1,325,-0.009338732684045503,fedavg,placebo-effect,
pooled-family-sets,own-domain,0.01,326,-0.005485529347499102,fedavg,placebo-effect,
pooled-family-sets,federation-wide,0.01,326,-0.0041783471402179195,fedavg,placebo-effect,
pooled-family-sets,own-domain,0.05,326,-0.0009364026424042438,fedavg,placebo-effect,
pooled-family-sets,federation-wide,0.05,326,-0.004148340287868535,fedavg,placebo-effect,
pooled-family-sets,own-domain,0.1,326,-0.006569049895975954,fedavg,placebo-effect,
pooled-family-sets,federation-wide,0.1,326,-0.011872157759387325,fedavg,placebo-effect,
pooled-family-sets,own-domain,0.01,327,-0.005379889127924697,fedavg,placebo-effect,
pooled-family-sets,federation-wide,0.01,327,0.00827453159504754,fedavg,placebo-effect,
pooled-family-sets,own-domain,0.05,327,-0.0011233771859877062,fedavg,placebo-effect,
pooled-family-sets,federation-wide,0.05,327,0.00256072461490503,fedavg,placebo-effect,
pooled-family-sets,own-domain,0.1,327,-0.005608788957533917,fedavg,placebo-effect,
pooled-family-sets,federation-wide,0.1,327,0.005028089990948725,fedavg,placebo-effect,
pooled-family-sets,own-domain,0.01,328,-0.03181882231828431,fedavg,placebo-effect,
pooled-family-sets,federation-wide,0.01,328,-0.00566922983998297,fedavg,placebo-effect,
pooled-family-sets,own-domain,0.05,328,-0.03179551903358824,fedavg,placebo-effect,
pooled-family-sets,federation-wide,0.05,328,-0.006594668925204661,fedavg,placebo-effect,
pooled-family-sets,own-domain,0.1,328,-0.0026570761407089805,fedavg,placebo-effect,
pooled-family-sets,federation-wide,0.1,328,0.0023966928850589486,fedavg,placebo-effect,
pooled-family-sets,own-domain,0.01,329,-0.0009567550786495904,fedavg,placebo-effect,
pooled-family-sets,federation-wide,0.01,329,-0.0032139038257618935,fedavg,placebo-effect,
pooled-family-sets,own-domain,0.05,329,-0.03477094835680078,fedavg,placebo-effect,
pooled-family-sets,federation-wide,0.05,329,-0.026041639731492205,fedavg,placebo-effect,
pooled-family-sets,own-domain,0.1,329,0.0007185438268818567,fedavg,placebo-effect,
pooled-family-sets,federation-wide,0.1,329,-0.021328028401304544,fedavg,placebo-effect,
primary-set,own-domain,0.01,320,-0.011698229876697996,fedavg,placebo-effect,
primary-set,federation-wide,0.01,320,-0.008286567276648144,fedavg,placebo-effect,
primary-set,own-domain,0.05,320,-0.0002748500329677883,fedavg,placebo-effect,
primary-set,federation-wide,0.05,320,0.0013903634213343063,fedavg,placebo-effect,
primary-set,own-domain,0.1,320,-0.058013518781915185,fedavg,placebo-effect,
primary-set,federation-wide,0.1,320,-0.014374538222705291,fedavg,placebo-effect,
primary-set,own-domain,0.01,321,0.009654062111762729,fedavg,placebo-effect,
primary-set,federation-wide,0.01,321,0.023612358387936655,fedavg,placebo-effect,
primary-set,own-domain,0.05,321,0.04573319049360158,fedavg,placebo-effect,
primary-set,federation-wide,0.05,321,0.022899284130002584,fedavg,placebo-effect,
primary-set,own-domain,0.1,321,-0.021553489805462345,fedavg,placebo-effect,
primary-set,federation-wide,0.1,321,-0.025937015247880835,fedavg,placebo-effect,
primary-set,own-domain,0.01,322,-0.00017392772711916082,fedavg,placebo-effect,
primary-set,federation-wide,0.01,322,-0.0023210387462774817,fedavg,placebo-effect,
primary-set,own-domain,0.05,322,-0.0026595744680850686,fedavg,placebo-effect,
primary-set,federation-wide,0.05,322,-0.00719641200398502,fedavg,placebo-effect,
primary-set,own-domain,0.1,322,0.012352245862884192,fedavg,placebo-effect,
primary-set,federation-wide,0.1,322,0.007882875508515075,fedavg,placebo-effect,
primary-set,own-domain,0.01,323,-0.039802331188885876,fedavg,placebo-effect,
primary-set,federation-wide,0.01,323,0.002055407346575111,fedavg,placebo-effect,
primary-set,own-domain,0.05,323,-0.003646099229009825,fedavg,placebo-effect,
primary-set,federation-wide,0.05,323,-0.02013124312122061,fedavg,placebo-effect,
primary-set,own-domain,0.1,323,0.00284707053091815,fedavg,placebo-effect,
primary-set,federation-wide,0.1,323,-0.011255231815558098,fedavg,placebo-effect,
primary-set,own-domain,0.01,324,0.04261603547331727,fedavg,placebo-effect,
primary-set,federation-wide,0.01,324,0.03763525052365531,fedavg,placebo-effect,
primary-set,own-domain,0.05,324,-0.011905948003451738,fedavg,placebo-effect,
primary-set,federation-wide,0.05,324,0.007070268531935486,fedavg,placebo-effect,
primary-set,own-domain,0.1,324,-0.004119667227081125,fedavg,placebo-effect,
primary-set,federation-wide,0.1,324,0.017172810704072616,fedavg,placebo-effect,
primary-set,own-domain,0.01,325,0.00260996864007243,fedavg,placebo-effect,
primary-set,federation-wide,0.01,325,-0.012140544117134777,fedavg,placebo-effect,
primary-set,own-domain,0.05,325,-0.01677639059771513,fedavg,placebo-effect,
primary-set,federation-wide,0.05,325,-0.018299103406718253,fedavg,placebo-effect,
primary-set,own-domain,0.1,325,-0.08437401545247258,fedavg,placebo-effect,
primary-set,federation-wide,0.1,325,-0.020319984245038447,fedavg,placebo-effect,
primary-set,own-domain,0.01,326,-0.026173860193125342,fedavg,placebo-effect,
primary-set,federation-wide,0.01,326,-0.023859668663493816,fedavg,placebo-effect,
primary-set,own-domain,0.05,326,-0.007927004545834171,fedavg,placebo-effect,
primary-set,federation-wide,0.05,326,-0.016634011424546402,fedavg,placebo-effect,
primary-set,own-domain,0.1,326,-0.006844249863674934,fedavg,placebo-effect,
primary-set,federation-wide,0.1,326,-0.017380534933801872,fedavg,placebo-effect,
primary-set,own-domain,0.01,327,-0.002967775535134748,fedavg,placebo-effect,
primary-set,federation-wide,0.01,327,0.007569931160700177,fedavg,placebo-effect,
primary-set,own-domain,0.05,327,-0.010613775323923269,fedavg,placebo-effect,
primary-set,federation-wide,0.05,327,0.005909310682996494,fedavg,placebo-effect,
primary-set,own-domain,0.1,327,-0.005131435919414895,fedavg,placebo-effect,
primary-set,federation-wide,0.1,327,0.012024297097583014,fedavg,placebo-effect,
primary-set,own-domain,0.01,328,0.020521677570549735,fedavg,placebo-effect,
primary-set,federation-wide,0.01,328,0.018419525841615547,fedavg,placebo-effect,
primary-set,own-domain,0.05,328,-0.008725005153576548,fedavg,placebo-effect,
primary-set,federation-wide,0.05,328,0.019058069234060948,fedavg,placebo-effect,
primary-set,own-domain,0.1,328,-0.0005205112347969054,fedavg,placebo-effect,
primary-set,federation-wide,0.1,328,-0.0015790603286978122,fedavg,placebo-effect,
primary-set,own-domain,0.01,329,0.005306123669263779,fedavg,placebo-effect,
primary-set,federation-wide,0.01,329,-0.010614279412938687,fedavg,placebo-effect,
primary-set,own-domain,0.05,329,-0.017742261647849256,fedavg,placebo-effect,
primary-set,federation-wide,0.05,329,-0.02448555200401753,fedavg,placebo-effect,
primary-set,own-domain,0.1,329,0.02080967859958638,fedavg,placebo-effect,
primary-set,federation-wide,0.1,329,-0.03419850319264173,fedavg,placebo-effect,
replication-set,own-domain,0.01,320,-0.004904609841971691,fedavg,placebo-effect,
replication-set,federation-wide,0.01,320,0.010741939839888193,fedavg,placebo-effect,
replication-set,own-domain,0.05,320,-0.030590139066654642,fedavg,placebo-effect,
replication-set,federation-wide,0.05,320,-0.0159212235561198,fedavg,placebo-effect,
replication-set,own-domain,0.1,320,-0.022457154734236484,fedavg,placebo-effect,
replication-set,federation-wide,0.1,320,-0.011260215867714751,fedavg,placebo-effect,
replication-set,own-domain,0.01,321,0.005289598108747046,fedavg,placebo-effect,
replication-set,federation-wide,0.01,321,0.007313215213090474,fedavg,placebo-effect,
replication-set,own-domain,0.05,321,-0.055016752875095554,fedavg,placebo-effect,
replication-set,federation-wide,0.05,321,0.00029663181952443995,fedavg,placebo-effect,
replication-set,own-domain,0.1,321,-0.041117124963709506,fedavg,placebo-effect,
replication-set,federation-wide,0.1,321,0.007885161458238699,fedavg,placebo-effect,
replication-set,own-domain,0.01,322,-0.004908054612818208,fedavg,placebo-effect,
replication-set,federation-wide,0.01,322,-0.016648572746816165,fedavg,placebo-effect,
replication-set,own-domain,0.05,322,0.027321818164739886,fedavg,placebo-effect,
replication-set,federation-wide,0.05,322,0.014230460856114124,fedavg,placebo-effect,
replication-set,own-domain,0.1,322,0.0010556310270988245,fedavg,placebo-effect,
replication-set,federation-wide,0.1,322,-0.0023676463096061195,fedavg,placebo-effect,
replication-set,own-domain,0.01,323,-0.02977366146865701,fedavg,placebo-effect,
replication-set,federation-wide,0.01,323,-0.02585096848858029,fedavg,placebo-effect,
replication-set,own-domain,0.05,323,-0.03892244700697717,fedavg,placebo-effect,
replication-set,federation-wide,0.05,323,-0.030147437190399473,fedavg,placebo-effect,
replication-set,own-domain,0.1,323,0.007418237193302923,fedavg,placebo-effect,
replication-set,federation-wide,0.1,323,0.017421806068954715,fedavg,placebo-effect,
replication-set,own-domain,0.01,324,0.03401736709790332,fedavg,placebo-effect,
replication-set,federation-wide,0.01,324,0.028750986158299824,fedavg,placebo-effect,
replication-set,own-domain,0.05,324,-0.002579901051839306,fedavg,placebo-effect,
replication-set,federation-wide,0.05,324,0.015569451719277816,fedavg,placebo-effect,
replication-set,own-domain,0.1,324,0.00374419304702861,fedavg,placebo-effect,
replication-set,federation-wide,0.1,324,0.012538801239846187,fedavg,placebo-effect,
replication-set,own-domain,0.01,325,-0.002527623652970143,fedavg,placebo-effect,
replication-set,federation-wide,0.01,325,-0.0016355022188613566,fedavg,placebo-effect,
replication-set,own-domain,0.05,325,0.0011245806069795083,fedavg,placebo-effect,
replication-set,federation-wide,0.05,325,-0.008516063645325977,fedavg,placebo-effect,
replication-set,own-domain,0.1,325,-0.021789529047533618,fedavg,placebo-effect,
replication-set,federation-wide,0.1,325,0.0016425188769473298,fedavg,placebo-effect,
replication-set,own-domain,0.01,326,0.012247325663037614,fedavg,placebo-effect,
replication-set,federation-wide,0.01,326,0.01550297438305806,fedavg,placebo-effect,
replication-set,own-domain,0.05,326,0.0050555418462499,fedavg,placebo-effect,
replication-set,federation-wide,0.05,326,0.008337330848809332,fedavg,placebo-effect,
replication-set,own-domain,0.1,326,-0.006333164209376796,fedavg,placebo-effect,
replication-set,federation-wide,0.1,326,-0.0063637805849726115,fedavg,placebo-effect,
replication-set,own-domain,0.01,327,-0.00819402165284644,fedavg,placebo-effect,
replication-set,federation-wide,0.01,327,0.008979132029394876,fedavg,placebo-effect,
replication-set,own-domain,0.05,327,0.009948753974937052,fedavg,placebo-effect,
replication-set,federation-wide,0.05,327,-0.0007878614531866002,fedavg,placebo-effect,
replication-set,own-domain,0.1,327,-0.006165700835339516,fedavg,placebo-effect,
replication-set,federation-wide,0.1,327,-0.0019681171156852306,fedavg,placebo-effect,
replication-set,own-domain,0.01,328,-0.105095522162652,fedavg,placebo-effect,
replication-set,federation-wide,0.01,328,-0.02975798552158157,fedavg,placebo-effect,
replication-set,own-domain,0.05,328,-0.06409423846560447,fedavg,placebo-effect,
replication-set,federation-wide,0.05,328,-0.03224740708447027,fedavg,placebo-effect,
replication-set,own-domain,0.1,328,-0.005648267008985908,fedavg,placebo-effect,
replication-set,federation-wide,0.1,328,0.0063724460988157094,fedavg,placebo-effect,
replication-set,federation-wide,0.01,329,0.003261424813017777,fedavg,placebo-effect,
replication-set,federation-wide,0.05,329,-0.027403216493032345,fedavg,placebo-effect,
replication-set,federation-wide,0.1,329,-0.010066362958884412,fedavg,placebo-effect,
replication-set,own-domain,0.01,329,-0.01191679288749796,fedavg,placebo-effect,
replication-set,own-domain,0.05,329,-0.06457115009746589,fedavg,placebo-effect,
replication-set,own-domain,0.1,329,-0.034440942025351196,fedavg,placebo-effect,
pooled-family-sets,own-domain,0.01,320,0.04277304860329839,fedavg,ctk-minus-placebo-effect,
pooled-family-sets,federation-wide,0.01,320,0.04565774420338492,fedavg,ctk-minus-placebo-effect,
pooled-family-sets,own-domain,0.05,320,0.05419524437342854,fedavg,ctk-minus-placebo-effect,
pooled-family-sets,federation-wide,0.05,320,0.06498360765521288,fedavg,ctk-minus-placebo-effect,
pooled-family-sets,own-domain,0.1,320,0.0868413173452035,fedavg,ctk-minus-placebo-effect,
pooled-family-sets,federation-wide,0.1,320,0.06944288701962764,fedavg,ctk-minus-placebo-effect,
pooled-family-sets,own-domain,0.01,321,0.06028954387489732,fedavg,ctk-minus-placebo-effect,
pooled-family-sets,federation-wide,0.01,321,0.04213553869095704,fedavg,ctk-minus-placebo-effect,
pooled-family-sets,own-domain,0.05,321,0.1496039070548621,fedavg,ctk-minus-placebo-effect,
pooled-family-sets,federation-wide,0.05,321,0.1342263551332144,fedavg,ctk-minus-placebo-effect,
pooled-family-sets,own-domain,0.1,321,0.1448537686265292,fedavg,ctk-minus-placebo-effect,
pooled-family-sets,federation-wide,0.1,321,0.14644800427131555,fedavg,ctk-minus-placebo-effect,
pooled-family-sets,own-domain,0.01,322,0.06449802393812964,fedavg,ctk-minus-placebo-effect,
pooled-family-sets,federation-wide,0.01,322,0.12084137472654399,fedavg,ctk-minus-placebo-effect,
pooled-family-sets,own-domain,0.05,322,0.039469017642673965,fedavg,ctk-minus-placebo-effect,
pooled-family-sets,federation-wide,0.05,322,0.09749128025557535,fedavg,ctk-minus-placebo-effect,
pooled-family-sets,own-domain,0.1,322,0.038570221225625034,fedavg,ctk-minus-placebo-effect,
pooled-family-sets,federation-wide,0.1,322,0.08217407414640387,fedavg,ctk-minus-placebo-effect,
pooled-family-sets,own-domain,0.01,323,0.11594149167140866,fedavg,ctk-minus-placebo-effect,
pooled-family-sets,federation-wide,0.01,323,0.08209354185416348,fedavg,ctk-minus-placebo-effect,
pooled-family-sets,own-domain,0.05,323,0.10323298302795009,fedavg,ctk-minus-placebo-effect,
pooled-family-sets,federation-wide,0.05,323,0.09243228866038256,fedavg,ctk-minus-placebo-effect,
pooled-family-sets,own-domain,0.1,323,0.04377421875482346,fedavg,ctk-minus-placebo-effect,
pooled-family-sets,federation-wide,0.1,323,0.10412841832735786,fedavg,ctk-minus-placebo-effect,
pooled-family-sets,own-domain,0.01,324,0.0006848713131821504,fedavg,ctk-minus-placebo-effect,
pooled-family-sets,federation-wide,0.01,324,0.000737287545604759,fedavg,ctk-minus-placebo-effect,
pooled-family-sets,own-domain,0.05,324,0.03328035930202633,fedavg,ctk-minus-placebo-effect,
pooled-family-sets,federation-wide,0.05,324,0.053285358590065335,fedavg,ctk-minus-placebo-effect,
pooled-family-sets,own-domain,0.1,324,0.10221342219127993,fedavg,ctk-minus-placebo-effect,
pooled-family-sets,federation-wide,0.1,324,0.10632866989877576,fedavg,ctk-minus-placebo-effect,
pooled-family-sets,own-domain,0.01,325,0.11719997998761143,fedavg,ctk-minus-placebo-effect,
pooled-family-sets,federation-wide,0.01,325,0.08982488828414559,fedavg,ctk-minus-placebo-effect,
pooled-family-sets,own-domain,0.05,325,0.16840493172755566,fedavg,ctk-minus-placebo-effect,
pooled-family-sets,federation-wide,0.05,325,0.1001584265763128,fedavg,ctk-minus-placebo-effect,
pooled-family-sets,own-domain,0.1,325,0.2421941671592439,fedavg,ctk-minus-placebo-effect,
pooled-family-sets,federation-wide,0.1,325,0.16209747169611788,fedavg,ctk-minus-placebo-effect,
pooled-family-sets,own-domain,0.01,326,0.021232798060171115,fedavg,ctk-minus-placebo-effect,
pooled-family-sets,federation-wide,0.01,326,0.028366875392956153,fedavg,ctk-minus-placebo-effect,
pooled-family-sets,own-domain,0.05,326,0.02516645943461232,fedavg,ctk-minus-placebo-effect,
pooled-family-sets,federation-wide,0.05,326,0.07804888286854961,fedavg,ctk-minus-placebo-effect,
pooled-family-sets,own-domain,0.1,326,0.07727258932305991,fedavg,ctk-minus-placebo-effect,
pooled-family-sets,federation-wide,0.1,326,0.14707742208858893,fedavg,ctk-minus-placebo-effect,
pooled-family-sets,own-domain,0.01,327,0.028015494931069862,fedavg,ctk-minus-placebo-effect,
pooled-family-sets,federation-wide,0.01,327,0.020296443592528135,fedavg,ctk-minus-placebo-effect,
pooled-family-sets,own-domain,0.05,327,0.04368207539392405,fedavg,ctk-minus-placebo-effect,
pooled-family-sets,federation-wide,0.05,327,0.10135991518951276,fedavg,ctk-minus-placebo-effect,
pooled-family-sets,own-domain,0.1,327,0.1248478087654763,fedavg,ctk-minus-placebo-effect,
pooled-family-sets,federation-wide,0.1,327,0.15099734448884827,fedavg,ctk-minus-placebo-effect,
pooled-family-sets,own-domain,0.01,328,0.06796379038058609,fedavg,ctk-minus-placebo-effect,
pooled-family-sets,federation-wide,0.01,328,0.0210317006065886,fedavg,ctk-minus-placebo-effect,
pooled-family-sets,own-domain,0.05,328,0.10905128805497555,fedavg,ctk-minus-placebo-effect,
pooled-family-sets,federation-wide,0.05,328,0.11690193623748657,fedavg,ctk-minus-placebo-effect,
pooled-family-sets,own-domain,0.1,328,0.1498193838895845,fedavg,ctk-minus-placebo-effect,
pooled-family-sets,federation-wide,0.1,328,0.1563799955702151,fedavg,ctk-minus-placebo-effect,
pooled-family-sets,own-domain,0.01,329,0.061105466720515395,fedavg,ctk-minus-placebo-effect,
pooled-family-sets,federation-wide,0.01,329,0.10474527921526702,fedavg,ctk-minus-placebo-effect,
pooled-family-sets,own-domain,0.05,329,0.10696671447470002,fedavg,ctk-minus-placebo-effect,
pooled-family-sets,federation-wide,0.05,329,0.16482914211528432,fedavg,ctk-minus-placebo-effect,
pooled-family-sets,own-domain,0.1,329,0.18409041761381417,fedavg,ctk-minus-placebo-effect,
pooled-family-sets,federation-wide,0.1,329,0.19126267318910417,fedavg,ctk-minus-placebo-effect,
primary-set,own-domain,0.01,320,0.06474777423895231,fedavg,ctk-minus-placebo-effect,
primary-set,federation-wide,0.01,320,0.03609475119945785,fedavg,ctk-minus-placebo-effect,
primary-set,own-domain,0.05,320,0.05041079515197899,fedavg,ctk-minus-placebo-effect,
primary-set,federation-wide,0.05,320,0.10164592902127001,fedavg,ctk-minus-placebo-effect,
primary-set,own-domain,0.1,320,0.11557914072894637,fedavg,ctk-minus-placebo-effect,
primary-set,federation-wide,0.1,320,0.12373902555561478,fedavg,ctk-minus-placebo-effect,
primary-set,own-domain,0.01,321,0.10809914157143044,fedavg,ctk-minus-placebo-effect,
primary-set,federation-wide,0.01,321,0.050532861443995464,fedavg,ctk-minus-placebo-effect,
primary-set,own-domain,0.05,321,0.1681024205174908,fedavg,ctk-minus-placebo-effect,
primary-set,federation-wide,0.05,321,0.18724578386793383,fedavg,ctk-minus-placebo-effect,
primary-set,own-domain,0.1,321,0.16905356647644243,fedavg,ctk-minus-placebo-effect,
primary-set,federation-wide,0.1,321,0.19188933659219265,fedavg,ctk-minus-placebo-effect,
primary-set,own-domain,0.01,322,0.09887031408307995,fedavg,ctk-minus-placebo-effect,
primary-set,federation-wide,0.01,322,0.20335131803827908,fedavg,ctk-minus-placebo-effect,
primary-set,own-domain,0.05,322,0.07676713947990554,fedavg,ctk-minus-placebo-effect,
primary-set,federation-wide,0.05,322,0.1874817539399739,fedavg,ctk-minus-placebo-effect,
primary-set,own-domain,0.1,322,0.05582446808510644,fedavg,ctk-minus-placebo-effect,
primary-set,federation-wide,0.1,322,0.14273579729481922,fedavg,ctk-minus-placebo-effect,
primary-set,own-domain,0.01,323,0.1723833341678867,fedavg,ctk-minus-placebo-effect,
primary-set,federation-wide,0.01,323,0.07223064248517685,fedavg,ctk-minus-placebo-effect,
primary-set,own-domain,0.05,323,0.14436382552548377,fedavg,ctk-minus-placebo-effect,
primary-set,federation-wide,0.05,323,0.143826135388882,fedavg,ctk-minus-placebo-effect,
primary-set,own-domain,0.1,323,0.03896857809648735,fedavg,ctk-minus-placebo-effect,
primary-set,federation-wide,0.1,323,0.15421265367623604,fedavg,ctk-minus-placebo-effect,
primary-set,own-domain,0.01,324,-0.004729177499930459,fedavg,ctk-minus-placebo-effect,
primary-set,federation-wide,0.01,324,-0.0050035744684144845,fedavg,ctk-minus-placebo-effect,
primary-set,own-domain,0.05,324,0.04893133971328367,fedavg,ctk-minus-placebo-effect,
primary-set,federation-wide,0.05,324,0.12359668916179983,fedavg,ctk-minus-placebo-effect,
primary-set,own-domain,0.1,324,0.058619142532366664,fedavg,ctk-minus-placebo-effect,
primary-set,federation-wide,0.1,324,0.13258623783955376,fedavg,ctk-minus-placebo-effect,
primary-set,own-domain,0.01,325,0.1520475724260426,fedavg,ctk-minus-placebo-effect,
primary-set,federation-wide,0.01,325,0.09604674666342553,fedavg,ctk-minus-placebo-effect,
primary-set,own-domain,0.05,325,0.26336083699318397,fedavg,ctk-minus-placebo-effect,
primary-set,federation-wide,0.05,325,0.16208009054500722,fedavg,ctk-minus-placebo-effect,
primary-set,own-domain,0.1,325,0.22834564208036456,fedavg,ctk-minus-placebo-effect,
primary-set,federation-wide,0.1,325,0.18346024005891237,fedavg,ctk-minus-placebo-effect,
primary-set,own-domain,0.01,326,0.03426240993105345,fedavg,ctk-minus-placebo-effect,
primary-set,federation-wide,0.01,326,0.04726142411904294,fedavg,ctk-minus-placebo-effect,
primary-set,own-domain,0.05,326,0.0457841843426392,fedavg,ctk-minus-placebo-effect,
primary-set,federation-wide,0.05,326,0.137503332281456,fedavg,ctk-minus-placebo-effect,
primary-set,own-domain,0.1,326,0.044486074366389294,fedavg,ctk-minus-placebo-effect,
primary-set,federation-wide,0.1,326,0.19033652699663361,fedavg,ctk-minus-placebo-effect,
primary-set,own-domain,0.01,327,0.04546719089587786,fedavg,ctk-minus-placebo-effect,
primary-set,federation-wide,0.01,327,0.0205786001713803,fedavg,ctk-minus-placebo-effect,
primary-set,own-domain,0.05,327,0.06163179812651148,fedavg,ctk-minus-placebo-effect,
primary-set,federation-wide,0.05,327,0.10871936046844011,fedavg,ctk-minus-placebo-effect,
primary-set,own-domain,0.1,327,0.06873562413612311,fedavg,ctk-minus-placebo-effect,
primary-set,federation-wide,0.1,327,0.12964667869361823,fedavg,ctk-minus-placebo-effect,
primary-set,own-domain,0.01,328,0.05972032353611295,fedavg,ctk-minus-placebo-effect,
primary-set,federation-wide,0.01,328,0.020596695309673896,fedavg,ctk-minus-placebo-effect,
primary-set,own-domain,0.05,328,0.0865149887706278,fedavg,ctk-minus-placebo-effect,
primary-set,federation-wide,0.05,328,0.07959841930310962,fedavg,ctk-minus-placebo-effect,
primary-set,own-domain,0.1,328,0.10623257277392606,fedavg,ctk-minus-placebo-effect,
primary-set,federation-wide,0.1,328,0.12933469339374248,fedavg,ctk-minus-placebo-effect,
primary-set,own-domain,0.01,329,0.04775266291054259,fedavg,ctk-minus-placebo-effect,
primary-set,federation-wide,0.01,329,0.09627499111610444,fedavg,ctk-minus-placebo-effect,
primary-set,own-domain,0.05,329,0.13954625365690138,fedavg,ctk-minus-placebo-effect,
primary-set,federation-wide,0.05,329,0.2131135097581307,fedavg,ctk-minus-placebo-effect,
primary-set,own-domain,0.1,329,0.10776393583824528,fedavg,ctk-minus-placebo-effect,
primary-set,federation-wide,0.1,329,0.20243170507358388,fedavg,ctk-minus-placebo-effect,
replication-set,own-domain,0.01,320,0.017135868695035583,fedavg,ctk-minus-placebo-effect,
replication-set,federation-wide,0.01,320,0.05402536308182104,fedavg,ctk-minus-placebo-effect,
replication-set,own-domain,0.05,320,0.05861043513178643,fedavg,ctk-minus-placebo-effect,
replication-set,federation-wide,0.05,320,0.03290407645991278,fedavg,ctk-minus-placebo-effect,
replication-set,own-domain,0.1,320,0.053313856730836884,fedavg,ctk-minus-placebo-effect,
replication-set,federation-wide,0.1,320,0.02193376580063877,fedavg,ctk-minus-placebo-effect,
replication-set,own-domain,0.01,321,0.019309888706440403,fedavg,ctk-minus-placebo-effect,
replication-set,federation-wide,0.01,321,0.0337382159379187,fedavg,ctk-minus-placebo-effect,
replication-set,own-domain,0.05,321,0.1337480383726088,fedavg,ctk-minus-placebo-effect,
replication-set,federation-wide,0.05,321,0.08120692639849497,fedavg,ctk-minus-placebo-effect,
replication-set,own-domain,0.1,321,0.1241110847551748,fedavg,ctk-minus-placebo-effect,
replication-set,federation-wide,0.1,321,0.10100667195043844,fedavg,ctk-minus-placebo-effect,
replication-set,own-domain,0.01,322,0.030125733793179066,fedavg,ctk-minus-placebo-effect,
replication-set,federation-wide,0.01,322,0.038331431414808964,fedavg,ctk-minus-placebo-effect,
replication-set,own-domain,0.05,322,0.0021708958054422745,fedavg,ctk-minus-placebo-effect,
replication-set,federation-wide,0.05,322,0.0075008065711766325,fedavg,ctk-minus-placebo-effect,
replication-set,own-domain,0.1,322,0.02131597436614363,fedavg,ctk-minus-placebo-effect,
replication-set,federation-wide,0.1,322,0.02161235099798836,fedavg,ctk-minus-placebo-effect,
replication-set,own-domain,0.01,323,0.050092675425517624,fedavg,ctk-minus-placebo-effect,
replication-set,federation-wide,0.01,323,0.09195644122315014,fedavg,ctk-minus-placebo-effect,
replication-set,own-domain,0.05,323,0.05524700011416078,fedavg,ctk-minus-placebo-effect,
replication-set,federation-wide,0.05,323,0.041038441931882996,fedavg,ctk-minus-placebo-effect,
replication-set,own-domain,0.1,323,0.049380799522882324,fedavg,ctk-minus-placebo-effect,
replication-set,federation-wide,0.1,323,0.05404418297847979,fedavg,ctk-minus-placebo-effect,
replication-set,own-domain,0.01,324,0.00609892012629476,fedavg,ctk-minus-placebo-effect,
replication-set,federation-wide,0.01,324,0.005760541807871555,fedavg,ctk-minus-placebo-effect,
replication-set,own-domain,0.05,324,0.017629378890768987,fedavg,ctk-minus-placebo-effect,
replication-set,federation-wide,0.05,324,-0.008237055660202275,fedavg,ctk-minus-placebo-effect,
replication-set,own-domain,0.1,324,0.14580770185019315,fedavg,ctk-minus-placebo-effect,
replication-set,federation-wide,0.1,324,0.0833532979505951,fedavg,ctk-minus-placebo-effect,
replication-set,own-domain,0.01,325,0.0823523875491803,fedavg,ctk-minus-placebo-effect,
replication-set,federation-wide,0.01,325,0.08360302990486568,fedavg,ctk-minus-placebo-effect,
replication-set,own-domain,0.05,325,0.0734490264619273,fedavg,ctk-minus-placebo-effect,
replication-set,federation-wide,0.05,325,0.038236762607618324,fedavg,ctk-minus-placebo-effect,
replication-set,own-domain,0.1,325,0.25604269223812326,fedavg,ctk-minus-placebo-effect,
replication-set,federation-wide,0.1,325,0.1407347033333236,fedavg,ctk-minus-placebo-effect,
replication-set,own-domain,0.01,326,0.010064559313700663,fedavg,ctk-minus-placebo-effect,
replication-set,federation-wide,0.01,326,0.00947232666686934,fedavg,ctk-minus-placebo-effect,
replication-set,own-domain,0.05,326,0.007494123799160757,fedavg,ctk-minus-placebo-effect,
replication-set,federation-wide,0.05,326,0.018594433455643267,fedavg,ctk-minus-placebo-effect,
replication-set,own-domain,0.1,326,0.10537531642877745,fedavg,ctk-minus-placebo-effect,
replication-set,federation-wide,0.1,326,0.1038183171805439,fedavg,ctk-minus-placebo-effect,
replication-set,own-domain,0.01,327,0.00765518297212725,fedavg,ctk-minus-placebo-effect,
replication-set,federation-wide,0.01,327,0.02001428701367597,fedavg,ctk-minus-placebo-effect,
replication-set,own-domain,0.05,327,0.02274073220590539,fedavg,ctk-minus-placebo-effect,
replication-set,federation-wide,0.05,327,0.0940004699105853,fedavg,ctk-minus-placebo-effect,
replication-set,own-domain,0.1,327,0.19031202416638837,fedavg,ctk-minus-placebo-effect,
replication-set,federation-wide,0.1,327,0.1723480102840782,fedavg,ctk-minus-placebo-effect,
replication-set,own-domain,0.01,328,0.07950464396284834,fedavg,ctk-minus-placebo-effect,
replication-set,federation-wide,0.01,328,0.02146670590350333,fedavg,ctk-minus-placebo-effect,
replication-set,own-domain,0.05,328,0.1406021070530623,fedavg,ctk-minus-placebo-effect,
replication-set,federation-wide,0.05,328,0.1542054531718634,fedavg,ctk-minus-placebo-effect,
replication-set,own-domain,0.1,328,0.21084091945150618,fedavg,ctk-minus-placebo-effect,
replication-set,federation-wide,0.1,328,0.1834252977466877,fedavg,ctk-minus-placebo-effect,
replication-set,federation-wide,0.01,329,0.11215678130203427,fedavg,ctk-minus-placebo-effect,
replication-set,federation-wide,0.05,329,0.12258032042779377,fedavg,ctk-minus-placebo-effect,
replication-set,federation-wide,0.1,329,0.18148977029018432,fedavg,ctk-minus-placebo-effect,
replication-set,own-domain,0.01,329,0.08447287338796773,fedavg,ctk-minus-placebo-effect,
replication-set,own-domain,0.05,329,0.04995252090584762,fedavg,ctk-minus-placebo-effect,
replication-set,own-domain,0.1,329,0.3176617607210599,fedavg,ctk-minus-placebo-effect,
pooled-family-sets,own-domain,0.01,320,0.03421033566570489,fedavg,ctk-mean-aggregation,
pooled-family-sets,federation-wide,0.01,320,0.047519714055556134,fedavg,ctk-mean-aggregation,
pooled-family-sets,own-domain,0.05,320,0.03992872247875917,fedavg,ctk-mean-aggregation,
pooled-family-sets,federation-wide,0.05,320,0.05714112468857169,fedavg,ctk-mean-aggregation,
pooled-family-sets,own-domain,0.1,320,0.045238428123755337,fedavg,ctk-mean-aggregation,
pooled-family-sets,federation-wide,0.1,320,0.05672932071958381,fedavg,ctk-mean-aggregation,
pooled-family-sets,own-domain,0.01,321,0.06759350998503622,fedavg,ctk-mean-aggregation,
pooled-family-sets,federation-wide,0.01,321,0.05759832549147059,fedavg,ctk-mean-aggregation,
pooled-family-sets,own-domain,0.05,321,0.1410871280422421,fedavg,ctk-mean-aggregation,
pooled-family-sets,federation-wide,0.05,321,0.14582431310797783,fedavg,ctk-mean-aggregation,
pooled-family-sets,own-domain,0.1,321,0.11276601373585682,fedavg,ctk-mean-aggregation,
pooled-family-sets,federation-wide,0.1,321,0.13742207737649448,fedavg,ctk-mean-aggregation,
pooled-family-sets,own-domain,0.01,322,0.06195703276816089,fedavg,ctk-mean-aggregation,
pooled-family-sets,federation-wide,0.01,322,0.11135656897999716,fedavg,ctk-mean-aggregation,
pooled-family-sets,own-domain,0.05,322,0.05180013949100132,fedavg,ctk-mean-aggregation,
pooled-family-sets,federation-wide,0.05,322,0.1010083046816399,fedavg,ctk-mean-aggregation,
pooled-family-sets,own-domain,0.1,322,0.04527415967061643,fedavg,ctk-mean-aggregation,
pooled-family-sets,federation-wide,0.1,322,0.08493168874585844,fedavg,ctk-mean-aggregation,
pooled-family-sets,own-domain,0.01,323,0.0807677772764746,fedavg,ctk-mean-aggregation,
pooled-family-sets,federation-wide,0.01,323,0.0701957612831609,fedavg,ctk-mean-aggregation,
pooled-family-sets,own-domain,0.05,323,0.08330549251680153,fedavg,ctk-mean-aggregation,
pooled-family-sets,federation-wide,0.05,323,0.06729294850457246,fedavg,ctk-mean-aggregation,
pooled-family-sets,own-domain,0.1,323,0.04873105851453463,fedavg,ctk-mean-aggregation,
pooled-family-sets,federation-wide,0.1,323,0.10721170545405623,fedavg,ctk-mean-aggregation,
pooled-family-sets,own-domain,0.01,324,0.039001572598792444,fedavg,ctk-mean-aggregation,
pooled-family-sets,federation-wide,0.01,324,0.03363426374107045,fedavg,ctk-mean-aggregation,
pooled-family-sets,own-domain,0.05,324,0.026037434774380752,fedavg,ctk-mean-aggregation,
pooled-family-sets,federation-wide,0.05,324,0.06488852482191676,fedavg,ctk-mean-aggregation,
pooled-family-sets,own-domain,0.1,324,0.10202568510125365,fedavg,ctk-mean-aggregation,
pooled-family-sets,federation-wide,0.1,324,0.12103000888859433,fedavg,ctk-mean-aggregation,
pooled-family-sets,own-domain,0.01,325,0.11724115248116258,fedavg,ctk-mean-aggregation,
pooled-family-sets,federation-wide,0.01,325,0.08293686511614753,fedavg,ctk-mean-aggregation,
pooled-family-sets,own-domain,0.05,325,0.16057902673218777,fedavg,ctk-mean-aggregation,
pooled-family-sets,federation-wide,0.05,325,0.08675084305029068,fedavg,ctk-mean-aggregation,
pooled-family-sets,own-domain,0.1,325,0.1891123949092408,fedavg,ctk-mean-aggregation,
pooled-family-sets,federation-wide,0.1,325,0.15275873901207238,fedavg,ctk-mean-aggregation,
pooled-family-sets,own-domain,0.01,326,0.015747268712672013,fedavg,ctk-mean-aggregation,
pooled-family-sets,federation-wide,0.01,326,0.024188528252738234,fedavg,ctk-mean-aggregation,
pooled-family-sets,own-domain,0.05,326,0.024230056792208077,fedavg,ctk-mean-aggregation,
pooled-family-sets,federation-wide,0.05,326,0.07390054258068107,fedavg,ctk-mean-aggregation,
pooled-family-sets,own-domain,0.1,326,0.07070353942708396,fedavg,ctk-mean-aggregation,
pooled-family-sets,federation-wide,0.1,326,0.1352052643292016,fedavg,ctk-mean-aggregation,
pooled-family-sets,own-domain,0.01,327,0.022635605803145165,fedavg,ctk-mean-aggregation,
pooled-family-sets,federation-wide,0.01,327,0.028570975187575676,fedavg,ctk-mean-aggregation,
pooled-family-sets,own-domain,0.05,327,0.04255869820793634,fedavg,ctk-mean-aggregation,
pooled-family-sets,federation-wide,0.05,327,0.10392063980441779,fedavg,ctk-mean-aggregation,
pooled-family-sets,own-domain,0.1,327,0.11923901980794238,fedavg,ctk-mean-aggregation,
pooled-family-sets,federation-wide,0.1,327,0.156025434479797,fedavg,ctk-mean-aggregation,
pooled-family-sets,own-domain,0.01,328,0.036144968062301774,fedavg,ctk-mean-aggregation,
pooled-family-sets,federation-wide,0.01,328,0.01536247076660563,fedavg,ctk-mean-aggregation,
pooled-family-sets,own-domain,0.05,328,0.07725576902138731,fedavg,ctk-mean-aggregation,
pooled-family-sets,federation-wide,0.05,328,0.11030726731228191,fedavg,ctk-mean-aggregation,
pooled-family-sets,own-domain,0.1,328,0.1471623077488755,fedavg,ctk-mean-aggregation,
pooled-family-sets,federation-wide,0.1,328,0.15877668845527404,fedavg,ctk-mean-aggregation,
pooled-family-sets,own-domain,0.01,329,0.060148711641865804,fedavg,ctk-mean-aggregation,
pooled-family-sets,federation-wide,0.01,329,0.10153137538950513,fedavg,ctk-mean-aggregation,
pooled-family-sets,own-domain,0.05,329,0.07219576611789924,fedavg,ctk-mean-aggregation,
pooled-family-sets,federation-wide,0.05,329,0.13878750238379212,fedavg,ctk-mean-aggregation,
pooled-family-sets,own-domain,0.1,329,0.18480896144069603,fedavg,ctk-mean-aggregation,
pooled-family-sets,federation-wide,0.1,329,0.16993464478779963,fedavg,ctk-mean-aggregation,
primary-set,own-domain,0.01,320,0.053049544362254314,fedavg,ctk-mean-aggregation,
primary-set,federation-wide,0.01,320,0.027808183922809704,fedavg,ctk-mean-aggregation,
primary-set,own-domain,0.05,320,0.050135945119011205,fedavg,ctk-mean-aggregation,
primary-set,federation-wide,0.05,320,0.10303629244260432,fedavg,ctk-mean-aggregation,
primary-set,own-domain,0.1,320,0.05756562194703119,fedavg,ctk-mean-aggregation,
primary-set,federation-wide,0.1,320,0.10936448733290949,fedavg,ctk-mean-aggregation,
primary-set,own-domain,0.01,321,0.11775320368319317,fedavg,ctk-mean-aggregation,
primary-set,federation-wide,0.01,321,0.07414521983193212,fedavg,ctk-mean-aggregation,
primary-set,own-domain,0.05,321,0.21383561101109239,fedavg,ctk-mean-aggregation,
primary-set,federation-wide,0.05,321,0.21014506799793642,fedavg,ctk-mean-aggregation,
primary-set,own-domain,0.1,321,0.14750007667098008,fedavg,ctk-mean-aggregation,
primary-set,federation-wide,0.1,321,0.16595232134431182,fedavg,ctk-mean-aggregation,
primary-set,own-domain,0.01,322,0.09869638635596079,fedavg,ctk-mean-aggregation,
primary-set,federation-wide,0.01,322,0.2010302792920016,fedavg,ctk-mean-aggregation,
primary-set,own-domain,0.05,322,0.07410756501182048,fedavg,ctk-mean-aggregation,
primary-set,federation-wide,0.05,322,0.18028534193598889,fedavg,ctk-mean-aggregation,
primary-set,own-domain,0.1,322,0.06817671394799063,fedavg,ctk-mean-aggregation,
primary-set,federation-wide,0.1,322,0.1506186728033343,fedavg,ctk-mean-aggregation,
primary-set,own-domain,0.01,323,0.13258100297900083,fedavg,ctk-mean-aggregation,
primary-set,federation-wide,0.01,323,0.07428604983175197,fedavg,ctk-mean-aggregation,
primary-set,own-domain,0.05,323,0.14071772629647394,fedavg,ctk-mean-aggregation,
primary-set,federation-wide,0.05,323,0.1236948922676614,fedavg,ctk-mean-aggregation,
primary-set,own-domain,0.1,323,0.0418156486274055,fedavg,ctk-mean-aggregation,
primary-set,federation-wide,0.1,323,0.14295742186067795,fedavg,ctk-mean-aggregation,
primary-set,own-domain,0.01,324,0.03788685797338681,fedavg,ctk-mean-aggregation,
primary-set,federation-wide,0.01,324,0.032631676055240824,fedavg,ctk-mean-aggregation,
primary-set,own-domain,0.05,324,0.037025391709831934,fedavg,ctk-mean-aggregation,
primary-set,federation-wide,0.05,324,0.13066695769373532,fedavg,ctk-mean-aggregation,
primary-set,own-domain,0.1,324,0.05449947530528554,fedavg,ctk-mean-aggregation,
primary-set,federation-wide,0.1,324,0.14975904854362637,fedavg,ctk-mean-aggregation,
primary-set,own-domain,0.01,325,0.15465754106611504,fedavg,ctk-mean-aggregation,
primary-set,federation-wide,0.01,325,0.08390620254629075,fedavg,ctk-mean-aggregation,
primary-set,own-domain,0.05,325,0.24658444639546884,fedavg,ctk-mean-aggregation,
primary-set,federation-wide,0.05,325,0.14378098713828896,fedavg,ctk-mean-aggregation,
primary-set,own-domain,0.1,325,0.14397162662789198,fedavg,ctk-mean-aggregation,
primary-set,federation-wide,0.1,325,0.16314025581387392,fedavg,ctk-mean-aggregation,
primary-set,own-domain,0.01,326,0.008088549737928108,fedavg,ctk-mean-aggregation,
primary-set,federation-wide,0.01,326,0.023401755455549123,fedavg,ctk-mean-aggregation,
primary-set,own-domain,0.05,326,0.03785717979680503,fedavg,ctk-mean-aggregation,
primary-set,federation-wide,0.05,326,0.1208693208569096,fedavg,ctk-mean-aggregation,
primary-set,own-domain,0.1,326,0.03764182450271436,fedavg,ctk-mean-aggregation,
primary-set,federation-wide,0.1,326,0.17295599206283174,fedavg,ctk-mean-aggregation,
primary-set,own-domain,0.01,327,0.042499415360743115,fedavg,ctk-mean-aggregation,
primary-set,federation-wide,0.01,327,0.02814853133208048,fedavg,ctk-mean-aggregation,
primary-set,own-domain,0.05,327,0.051018022802588214,fedavg,ctk-mean-aggregation,
primary-set,federation-wide,0.05,327,0.1146286711514366,fedavg,ctk-mean-aggregation,
primary-set,own-domain,0.1,327,0.06360418821670821,fedavg,ctk-mean-aggregation,
primary-set,federation-wide,0.1,327,0.14167097579120125,fedavg,ctk-mean-aggregation,
primary-set,own-domain,0.01,328,0.08024200110666269,fedavg,ctk-mean-aggregation,
primary-set,federation-wide,0.01,328,0.03901622115128944,fedavg,ctk-mean-aggregation,
primary-set,own-domain,0.05,328,0.07778998361705125,fedavg,ctk-mean-aggregation,
primary-set,federation-wide,0.05,328,0.09865648853717057,fedavg,ctk-mean-aggregation,
primary-set,own-domain,0.1,328,0.10571206153912915,fedavg,ctk-mean-aggregation,
primary-set,federation-wide,0.1,328,0.12775563306504467,fedavg,ctk-mean-aggregation,
primary-set,own-domain,0.01,329,0.053058786579806366,fedavg,ctk-mean-aggregation,
primary-set,federation-wide,0.01,329,0.08566071170316575,fedavg,ctk-mean-aggregation,
primary-set,own-domain,0.05,329,0.12180399200905212,fedavg,ctk-mean-aggregation,
primary-set,federation-wide,0.05,329,0.18862795775411317,fedavg,ctk-mean-aggregation,
primary-set,own-domain,0.1,329,0.12857361443783166,fedavg,ctk-mean-aggregation,
primary-set,federation-wide,0.1,329,0.16823320188094215,fedavg,ctk-mean-aggregation,
replication-set,own-domain,0.01,320,0.012231258853063892,fedavg,ctk-mean-aggregation,
replication-set,federation-wide,0.01,320,0.06476730292170924,fedavg,ctk-mean-aggregation,
replication-set,own-domain,0.05,320,0.02802029606513179,fedavg,ctk-mean-aggregation,
replication-set,federation-wide,0.05,320,0.016982852903792978,fedavg,ctk-mean-aggregation,
replication-set,own-domain,0.1,320,0.0308567019966004,fedavg,ctk-mean-aggregation,
replication-set,federation-wide,0.1,320,0.01067354993292402,fedavg,ctk-mean-aggregation,
replication-set,own-domain,0.01,321,0.02459948681518745,fedavg,ctk-mean-aggregation,
replication-set,federation-wide,0.01,321,0.04105143115100918,fedavg,ctk-mean-aggregation,
replication-set,own-domain,0.05,321,0.07873128549751324,fedavg,ctk-mean-aggregation,
replication-set,federation-wide,0.05,321,0.08150355821801941,fedavg,ctk-mean-aggregation,
replication-set,own-domain,0.1,321,0.08299395979146529,fedavg,ctk-mean-aggregation,
replication-set,federation-wide,0.1,321,0.10889183340867714,fedavg,ctk-mean-aggregation,
replication-set,own-domain,0.01,322,0.025217679180360858,fedavg,ctk-mean-aggregation,
replication-set,federation-wide,0.01,322,0.0216828586679928,fedavg,ctk-mean-aggregation,
replication-set,own-domain,0.05,322,0.02949271397018216,fedavg,ctk-mean-aggregation,
replication-set,federation-wide,0.05,322,0.021731267427290757,fedavg,ctk-mean-aggregation,
replication-set,own-domain,0.1,322,0.022371605393242455,fedavg,ctk-mean-aggregation,
replication-set,federation-wide,0.1,322,0.01924470468838224,fedavg,ctk-mean-aggregation,
replication-set,own-domain,0.01,323,0.020319013956860615,fedavg,ctk-mean-aggregation,
replication-set,federation-wide,0.01,323,0.06610547273456985,fedavg,ctk-mean-aggregation,
replication-set,own-domain,0.05,323,0.016324553107183615,fedavg,ctk-mean-aggregation,
replication-set,federation-wide,0.05,323,0.010891004741483523,fedavg,ctk-mean-aggregation,
replication-set,own-domain,0.1,323,0.05679903671618525,fedavg,ctk-mean-aggregation,
replication-set,federation-wide,0.1,323,0.07146598904743451,fedavg,ctk-mean-aggregation,
replication-set,own-domain,0.01,324,0.04011628722419808,fedavg,ctk-mean-aggregation,
replication-set,federation-wide,0.01,324,0.03451152796617138,fedavg,ctk-mean-aggregation,
replication-set,own-domain,0.05,324,0.015049477838929681,fedavg,ctk-mean-aggregation,
replication-set,federation-wide,0.05,324,0.007332396059075541,fedavg,ctk-mean-aggregation,
replication-set,own-domain,0.1,324,0.14955189489722176,fedavg,ctk-mean-aggregation,
replication-set,federation-wide,0.1,324,0.09589209919044128,fedavg,ctk-mean-aggregation,
replication-set,own-domain,0.01,325,0.07982476389621015,fedavg,ctk-mean-aggregation,
replication-set,federation-wide,0.01,325,0.08196752768600432,fedavg,ctk-mean-aggregation,
replication-set,own-domain,0.05,325,0.07457360706890681,fedavg,ctk-mean-aggregation,
replication-set,federation-wide,0.05,325,0.029720698962292347,fedavg,ctk-mean-aggregation,
replication-set,own-domain,0.1,325,0.23425316319058964,fedavg,ctk-mean-aggregation,
replication-set,federation-wide,0.1,325,0.14237722221027094,fedavg,ctk-mean-aggregation,
replication-set,own-domain,0.01,326,0.022311884976738278,fedavg,ctk-mean-aggregation,
replication-set,federation-wide,0.01,326,0.0249753010499274,fedavg,ctk-mean-aggregation,
replication-set,own-domain,0.05,326,0.012549665645410657,fedavg,ctk-mean-aggregation,
replication-set,federation-wide,0.05,326,0.0269317643044526,fedavg,ctk-mean-aggregation,
replication-set,own-domain,0.1,326,0.09904215221940066,fedavg,ctk-mean-aggregation,
replication-set,federation-wide,0.1,326,0.0974545365955713,fedavg,ctk-mean-aggregation,
replication-set,own-domain,0.01,327,-0.0005388386807191892,fedavg,ctk-mean-aggregation,
replication-set,federation-wide,0.01,327,0.028993419043070845,fedavg,ctk-mean-aggregation,
replication-set,own-domain,0.05,327,0.03268948618084244,fedavg,ctk-mean-aggregation,
replication-set,federation-wide,0.05,327,0.0932126084573987,fedavg,ctk-mean-aggregation,
replication-set,own-domain,0.1,327,0.18414632333104886,fedavg,ctk-mean-aggregation,
replication-set,federation-wide,0.1,327,0.17037989316839297,fedavg,ctk-mean-aggregation,
replication-set,own-domain,0.01,328,-0.025590878199803657,fedavg,ctk-mean-aggregation,
replication-set,federation-wide,0.01,328,-0.00829127961807824,fedavg,ctk-mean-aggregation,
replication-set,own-domain,0.05,328,0.07650786858745784,fedavg,ctk-mean-aggregation,
replication-set,federation-wide,0.05,328,0.12195804608739313,fedavg,ctk-mean-aggregation,
replication-set,own-domain,0.1,328,0.20519265244252027,fedavg,ctk-mean-aggregation,
replication-set,federation-wide,0.1,328,0.1897977438455034,fedavg,ctk-mean-aggregation,
replication-set,federation-wide,0.01,329,0.11541820611505205,fedavg,ctk-mean-aggregation,
replication-set,federation-wide,0.05,329,0.09517710393476142,fedavg,ctk-mean-aggregation,
replication-set,federation-wide,0.1,329,0.1714234073312999,fedavg,ctk-mean-aggregation,
replication-set,own-domain,0.01,329,0.07255608050046977,fedavg,ctk-mean-aggregation,
replication-set,own-domain,0.05,329,-0.014618629191618271,fedavg,ctk-mean-aggregation,
replication-set,own-domain,0.1,329,0.2832208186957087,fedavg,ctk-mean-aggregation,
pooled-family-sets,own-domain,0.01,320,0.05080205656689807,fedavg,ctk-trimmed-mean-aggregation,
pooled-family-sets,federation-wide,0.01,320,0.10348374896764773,fedavg,ctk-trimmed-mean-aggregation,
pooled-family-sets,own-domain,0.05,320,0.01454413223273554,fedavg,ctk-trimmed-mean-aggregation,
pooled-family-sets,federation-wide,0.05,320,0.011125190630377202,fedavg,ctk-trimmed-mean-aggregation,
pooled-family-sets,own-domain,0.1,320,0.05331681397099164,fedavg,ctk-trimmed-mean-aggregation,
pooled-family-sets,federation-wide,0.1,320,0.062378914535811014,fedavg,ctk-trimmed-mean-aggregation,
pooled-family-sets,own-domain,0.01,321,0.06512141538296287,fedavg,ctk-trimmed-mean-aggregation,
pooled-family-sets,federation-wide,0.01,321,0.04791847986753106,fedavg,ctk-trimmed-mean-aggregation,
pooled-family-sets,own-domain,0.05,321,0.10299024213375019,fedavg,ctk-trimmed-mean-aggregation,
pooled-family-sets,federation-wide,0.05,321,0.13903891540424157,fedavg,ctk-trimmed-mean-aggregation,
pooled-family-sets,own-domain,0.1,321,0.19803080026392184,fedavg,ctk-trimmed-mean-aggregation,
pooled-family-sets,federation-wide,0.1,321,0.1981635157405891,fedavg,ctk-trimmed-mean-aggregation,
pooled-family-sets,own-domain,0.01,322,0.06172745855835848,fedavg,ctk-trimmed-mean-aggregation,
pooled-family-sets,federation-wide,0.01,322,0.12053088775001716,fedavg,ctk-trimmed-mean-aggregation,
pooled-family-sets,own-domain,0.05,322,0.08946874392092397,fedavg,ctk-trimmed-mean-aggregation,
pooled-family-sets,federation-wide,0.05,322,0.13399080944252573,fedavg,ctk-trimmed-mean-aggregation,
pooled-family-sets,own-domain,0.1,322,0.05997400389213314,fedavg,ctk-trimmed-mean-aggregation,
pooled-family-sets,federation-wide,0.1,322,0.09589633267108966,fedavg,ctk-trimmed-mean-aggregation,
pooled-family-sets,own-domain,0.01,323,0.0449467326869461,fedavg,ctk-trimmed-mean-aggregation,
pooled-family-sets,federation-wide,0.01,323,0.08550725463970743,fedavg,ctk-trimmed-mean-aggregation,
pooled-family-sets,own-domain,0.05,323,0.050699908597685805,fedavg,ctk-trimmed-mean-aggregation,
pooled-family-sets,federation-wide,0.05,323,0.07820894110963972,fedavg,ctk-trimmed-mean-aggregation,
pooled-family-sets,own-domain,0.1,323,0.0853242065075065,fedavg,ctk-trimmed-mean-aggregation,
pooled-family-sets,federation-wide,0.1,323,0.12167749104164338,fedavg,ctk-trimmed-mean-aggregation,
pooled-family-sets,own-domain,0.01,324,0.025156350648838255,fedavg,ctk-trimmed-mean-aggregation,
pooled-family-sets,federation-wide,0.01,324,0.021766427777006048,fedavg,ctk-trimmed-mean-aggregation,
pooled-family-sets,own-domain,0.05,324,0.013442814835872507,fedavg,ctk-trimmed-mean-aggregation,
pooled-family-sets,federation-wide,0.05,324,0.06121396928893669,fedavg,ctk-trimmed-mean-aggregation,
pooled-family-sets,own-domain,0.1,324,0.12032557392050836,fedavg,ctk-trimmed-mean-aggregation,
pooled-family-sets,federation-wide,0.1,324,0.12423600935288148,fedavg,ctk-trimmed-mean-aggregation,
pooled-family-sets,own-domain,0.01,325,0.11677293886909074,fedavg,ctk-trimmed-mean-aggregation,
pooled-family-sets,federation-wide,0.01,325,0.0956934766722356,fedavg,ctk-trimmed-mean-aggregation,
pooled-family-sets,own-domain,0.05,325,0.1868733128775692,fedavg,ctk-trimmed-mean-aggregation,
pooled-family-sets,federation-wide,0.05,325,0.10570126865959728,fedavg,ctk-trimmed-mean-aggregation,
pooled-family-sets,own-domain,0.1,325,0.1974622147742634,fedavg,ctk-trimmed-mean-aggregation,
pooled-family-sets,federation-wide,0.1,325,0.14518892135909678,fedavg,ctk-trimmed-mean-aggregation,
pooled-family-sets,own-domain,0.01,326,0.023386373984107228,fedavg,ctk-trimmed-mean-aggregation,
pooled-family-sets,federation-wide,0.01,326,0.03529897965872089,fedavg,ctk-trimmed-mean-aggregation,
pooled-family-sets,own-domain,0.05,326,0.046317549503844424,fedavg,ctk-trimmed-mean-aggregation,
pooled-family-sets,federation-wide,0.05,326,0.08004621733055406,fedavg,ctk-trimmed-mean-aggregation,
pooled-family-sets,own-domain,0.1,326,0.0744436180537762,fedavg,ctk-trimmed-mean-aggregation,
pooled-family-sets,federation-wide,0.1,326,0.13782561560669981,fedavg,ctk-trimmed-mean-aggregation,
pooled-family-sets,own-domain,0.01,327,0.016416048916330417,fedavg,ctk-trimmed-mean-aggregation,
pooled-family-sets,federation-wide,0.01,327,0.03992330281669426,fedavg,ctk-trimmed-mean-aggregation,
pooled-family-sets,own-domain,0.05,327,0.03418459632421311,fedavg,ctk-trimmed-mean-aggregation,
pooled-family-sets,federation-wide,0.05,327,0.10745553875794678,fedavg,ctk-trimmed-mean-aggregation,
pooled-family-sets,own-domain,0.1,327,0.11560425728331092,fedavg,ctk-trimmed-mean-aggregation,
pooled-family-sets,federation-wide,0.1,327,0.16768198535904466,fedavg,ctk-trimmed-mean-aggregation,
pooled-family-sets,own-domain,0.01,328,0.06685407304673147,fedavg,ctk-trimmed-mean-aggregation,
pooled-family-sets,federation-wide,0.01,328,0.044507345626712325,fedavg,ctk-trimmed-mean-aggregation,
pooled-family-sets,own-domain,0.05,328,0.07541426758914305,fedavg,ctk-trimmed-mean-aggregation,
pooled-family-sets,federation-wide,0.05,328,0.1115528557696952,fedavg,ctk-trimmed-mean-aggregation,
pooled-family-sets,own-domain,0.1,328,0.14595924311513053,fedavg,ctk-trimmed-mean-aggregation,
pooled-family-sets,federation-wide,0.1,328,0.16389349621824678,fedavg,ctk-trimmed-mean-aggregation,
pooled-family-sets,own-domain,0.01,329,0.08611591795961612,fedavg,ctk-trimmed-mean-aggregation,
pooled-family-sets,federation-wide,0.01,329,0.10503835853246651,fedavg,ctk-trimmed-mean-aggregation,
pooled-family-sets,own-domain,0.05,329,0.08217657144589341,fedavg,ctk-trimmed-mean-aggregation,
pooled-family-sets,federation-wide,0.05,329,0.08786630902974785,fedavg,ctk-trimmed-mean-aggregation,
pooled-family-sets,own-domain,0.1,329,0.17965938380092172,fedavg,ctk-trimmed-mean-aggregation,
pooled-family-sets,federation-wide,0.1,329,0.17003424113442722,fedavg,ctk-trimmed-mean-aggregation,
primary-set,own-domain,0.01,320,0.06857896184115458,fedavg,ctk-trimmed-mean-aggregation,
primary-set,federation-wide,0.01,320,0.06443234449318552,fedavg,ctk-trimmed-mean-aggregation,
primary-set,own-domain,0.05,320,0.02610122327072245,fedavg,ctk-trimmed-mean-aggregation,
primary-set,federation-wide,0.05,320,0.043812839105706214,fedavg,ctk-trimmed-mean-aggregation,
primary-set,own-domain,0.1,320,0.07419520200592211,fedavg,ctk-trimmed-mean-aggregation,
primary-set,federation-wide,0.1,320,0.11240509855626146,fedavg,ctk-trimmed-mean-aggregation,
primary-set,own-domain,0.01,321,0.10620861507734078,fedavg,ctk-trimmed-mean-aggregation,
primary-set,federation-wide,0.01,321,0.05393319162673452,fedavg,ctk-trimmed-mean-aggregation,
primary-set,own-domain,0.05,321,0.13005121451904267,fedavg,ctk-trimmed-mean-aggregation,
primary-set,federation-wide,0.05,321,0.18272951370753648,fedavg,ctk-trimmed-mean-aggregation,
primary-set,own-domain,0.1,321,0.15485175559841513,fedavg,ctk-trimmed-mean-aggregation,
primary-set,federation-wide,0.1,321,0.16621292130781873,fedavg,ctk-trimmed-mean-aggregation,
primary-set,own-domain,0.01,322,0.08410460992907803,fedavg,ctk-trimmed-mean-aggregation,
primary-set,federation-wide,0.01,322,0.202854176118402,fedavg,ctk-trimmed-mean-aggregation,
primary-set,own-domain,0.05,322,0.16053000838862197,fedavg,ctk-trimmed-mean-aggregation,
primary-set,federation-wide,0.05,322,0.24621107705556977,fedavg,ctk-trimmed-mean-aggregation,
primary-set,own-domain,0.1,322,0.1243420651262106,fedavg,ctk-trimmed-mean-aggregation,
primary-set,federation-wide,0.1,322,0.20111299772125135,fedavg,ctk-trimmed-mean-aggregation,
primary-set,own-domain,0.01,323,0.07590258660477067,fedavg,ctk-trimmed-mean-aggregation,
primary-set,federation-wide,0.01,323,0.11346393082566741,fedavg,ctk-trimmed-mean-aggregation,
primary-set,own-domain,0.05,323,0.07168958094876843,fedavg,ctk-trimmed-mean-aggregation,
primary-set,federation-wide,0.05,323,0.1240120194250286,fedavg,ctk-trimmed-mean-aggregation,
primary-set,own-domain,0.1,323,0.05179971551423357,fedavg,ctk-trimmed-mean-aggregation,
primary-set,federation-wide,0.1,323,0.1502013949942803,fedavg,ctk-trimmed-mean-aggregation,
primary-set,own-domain,0.01,324,0.03197427906935221,fedavg,ctk-trimmed-mean-aggregation,
primary-set,federation-wide,0.01,324,0.03367277713757337,fedavg,ctk-trimmed-mean-aggregation,
primary-set,own-domain,0.05,324,0.017023199799221567,fedavg,ctk-trimmed-mean-aggregation,
primary-set,federation-wide,0.05,324,0.1275353851743693,fedavg,ctk-trimmed-mean-aggregation,
primary-set,own-domain,0.1,324,0.08634261208698812,fedavg,ctk-trimmed-mean-aggregation,
primary-set,federation-wide,0.1,324,0.16945373898456734,fedavg,ctk-trimmed-mean-aggregation,
primary-set,own-domain,0.01,325,0.14481711463635577,fedavg,ctk-trimmed-mean-aggregation,
primary-set,federation-wide,0.01,325,0.09597915979110824,fedavg,ctk-trimmed-mean-aggregation,
primary-set,own-domain,0.05,325,0.2386508504179461,fedavg,ctk-trimmed-mean-aggregation,
primary-set,federation-wide,0.05,325,0.14071923118008672,fedavg,ctk-trimmed-mean-aggregation,
primary-set,own-domain,0.1,325,0.14881340810394283,fedavg,ctk-trimmed-mean-aggregation,
primary-set,federation-wide,0.1,325,0.15400760914073575,fedavg,ctk-trimmed-mean-aggregation,
primary-set,own-domain,0.01,326,0.017262913488967524,fedavg,ctk-trimmed-mean-aggregation,
primary-set,federation-wide,0.01,326,0.03244591454627452,fedavg,ctk-trimmed-mean-aggregation,
primary-set,own-domain,0.05,326,0.036599692453050336,fedavg,ctk-trimmed-mean-aggregation,
primary-set,federation-wide,0.05,326,0.10632740246299333,fedavg,ctk-trimmed-mean-aggregation,
primary-set,own-domain,0.1,326,0.03381682506322592,fedavg,ctk-trimmed-mean-aggregation,
primary-set,federation-wide,0.1,326,0.16355073282928712,fedavg,ctk-trimmed-mean-aggregation,
primary-set,own-domain,0.01,327,0.032476142160487415,fedavg,ctk-trimmed-mean-aggregation,
primary-set,federation-wide,0.01,327,0.05239371727773276,fedavg,ctk-trimmed-mean-aggregation,
primary-set,own-domain,0.05,327,0.048215816394579614,fedavg,ctk-trimmed-mean-aggregation,
primary-set,federation-wide,0.05,327,0.12376538744371912,fedavg,ctk-trimmed-mean-aggregation,
primary-set,own-domain,0.1,327,0.04979501530539343,fedavg,ctk-trimmed-mean-aggregation,
primary-set,federation-wide,0.1,327,0.15202759287385492,fedavg,ctk-trimmed-mean-aggregation,
primary-set,own-domain,0.01,328,0.11925633889919601,fedavg,ctk-trimmed-mean-aggregation,
primary-set,federation-wide,0.01,328,0.10144700107000953,fedavg,ctk-trimmed-mean-aggregation,
primary-set,own-domain,0.05,328,0.10741775976738388,fedavg,ctk-trimmed-mean-aggregation,
primary-set,federation-wide,0.05,328,0.13929841561356693,fedavg,ctk-trimmed-mean-aggregation,
primary-set,own-domain,0.1,328,0.11259886729811552,fedavg,ctk-trimmed-mean-aggregation,
primary-set,federation-wide,0.1,328,0.13840675263105695,fedavg,ctk-trimmed-mean-aggregation,
primary-set,own-domain,0.01,329,0.08759347812158771,fedavg,ctk-trimmed-mean-aggregation,
primary-set,federation-wide,0.01,329,0.08487769253280533,fedavg,ctk-trimmed-mean-aggregation,
primary-set,own-domain,0.05,329,0.13622447338382648,fedavg,ctk-trimmed-mean-aggregation,
primary-set,federation-wide,0.05,329,0.1493588193042728,fedavg,ctk-trimmed-mean-aggregation,
primary-set,own-domain,0.1,329,0.1337876282028585,fedavg,ctk-trimmed-mean-aggregation,
primary-set,federation-wide,0.1,329,0.16851490380706535,fedavg,ctk-trimmed-mean-aggregation,
replication-set,own-domain,0.01,320,0.030062333746932124,fedavg,ctk-trimmed-mean-aggregation,
replication-set,federation-wide,0.01,320,0.13765372788280208,fedavg,ctk-trimmed-mean-aggregation,
replication-set,own-domain,0.05,320,0.0010608593550841539,fedavg,ctk-trimmed-mean-aggregation,
replication-set,federation-wide,0.05,320,-0.017476501785535725,fedavg,ctk-trimmed-mean-aggregation,
replication-set,own-domain,0.1,320,0.02895869459690581,fedavg,ctk-trimmed-mean-aggregation,
replication-set,federation-wide,0.1,320,0.018606003517916747,fedavg,ctk-trimmed-mean-aggregation,
replication-set,own-domain,0.01,321,0.02990381564492464,fedavg,ctk-trimmed-mean-aggregation,
replication-set,federation-wide,0.01,321,0.041903768108327605,fedavg,ctk-trimmed-mean-aggregation,
replication-set,own-domain,0.05,321,0.07979512294635666,fedavg,ctk-trimmed-mean-aggregation,
replication-set,federation-wide,0.05,321,0.0953483171009466,fedavg,ctk-trimmed-mean-aggregation,
replication-set,own-domain,0.1,321,0.23504140997721323,fedavg,ctk-trimmed-mean-aggregation,
replication-set,federation-wide,0.1,321,0.23011411017335937,fedavg,ctk-trimmed-mean-aggregation,
replication-set,own-domain,0.01,322,0.039350307187638905,fedavg,ctk-trimmed-mean-aggregation,
replication-set,federation-wide,0.01,322,0.03820759938163237,fedavg,ctk-trimmed-mean-aggregation,
replication-set,own-domain,0.05,322,0.01840747945322585,fedavg,ctk-trimmed-mean-aggregation,
replication-set,federation-wide,0.05,322,0.021770541829481682,fedavg,ctk-trimmed-mean-aggregation,
replication-set,own-domain,0.1,322,-0.0043940573419443685,fedavg,ctk-trimmed-mean-aggregation,
replication-set,federation-wide,0.1,322,-0.009320332379071927,fedavg,ctk-trimmed-mean-aggregation,
replication-set,own-domain,0.01,323,0.008831569782817322,fedavg,ctk-trimmed-mean-aggregation,
replication-set,federation-wide,0.01,323,0.0575505784537475,fedavg,ctk-trimmed-mean-aggregation,
replication-set,own-domain,0.05,323,0.026211957521422857,fedavg,ctk-trimmed-mean-aggregation,
replication-set,federation-wide,0.05,323,0.032405862794250895,fedavg,ctk-trimmed-mean-aggregation,
replication-set,own-domain,0.1,323,0.12443611266632526,fedavg,ctk-trimmed-mean-aggregation,
replication-set,federation-wide,0.1,323,0.09315358708900634,fedavg,ctk-trimmed-mean-aggregation,
replication-set,own-domain,0.01,324,0.018338422228324325,fedavg,ctk-trimmed-mean-aggregation,
replication-set,federation-wide,0.01,324,0.011348372086509712,fedavg,ctk-trimmed-mean-aggregation,
replication-set,own-domain,0.05,324,0.009862429872523504,fedavg,ctk-trimmed-mean-aggregation,
replication-set,federation-wide,0.05,324,0.003182730389183208,fedavg,ctk-trimmed-mean-aggregation,
replication-set,own-domain,0.1,324,0.15430853575402848,fedavg,ctk-trimmed-mean-aggregation,
replication-set,federation-wide,0.1,324,0.08467049592515641,fedavg,ctk-trimmed-mean-aggregation,
replication-set,own-domain,0.01,325,0.08872876310182569,fedavg,ctk-trimmed-mean-aggregation,
replication-set,federation-wide,0.01,325,0.09540779355336301,fedavg,ctk-trimmed-mean-aggregation,
replication-set,own-domain,0.05,325,0.1350957753371922,fedavg,ctk-trimmed-mean-aggregation,
replication-set,federation-wide,0.05,325,0.07068330613910778,fedavg,ctk-trimmed-mean-aggregation,
replication-set,own-domain,0.1,325,0.24611102144458374,fedavg,ctk-trimmed-mean-aggregation,
replication-set,federation-wide,0.1,325,0.1363702335774578,fedavg,ctk-trimmed-mean-aggregation,
replication-set,own-domain,0.01,326,0.028635054408512745,fedavg,ctk-trimmed-mean-aggregation,
replication-set,federation-wide,0.01,326,0.038152044771167265,fedavg,ctk-trimmed-mean-aggregation,
replication-set,own-domain,0.05,326,0.05464714126166781,fedavg,ctk-trimmed-mean-aggregation,
replication-set,federation-wide,0.05,326,0.05376503219811474,fedavg,ctk-trimmed-mean-aggregation,
replication-set,own-domain,0.1,326,0.10926658347424784,fedavg,ctk-trimmed-mean-aggregation,
replication-set,federation-wide,0.1,326,0.11210049838411246,fedavg,ctk-trimmed-mean-aggregation,
replication-set,own-domain,0.01,327,-0.002320726535186224,fedavg,ctk-trimmed-mean-aggregation,
replication-set,federation-wide,0.01,327,0.027452888355655736,fedavg,ctk-trimmed-mean-aggregation,
replication-set,own-domain,0.05,327,0.017814839575452157,fedavg,ctk-trimmed-mean-aggregation,
replication-set,federation-wide,0.05,327,0.09114569007217455,fedavg,ctk-trimmed-mean-aggregation,
replication-set,own-domain,0.1,327,0.1923817062575479,fedavg,ctk-trimmed-mean-aggregation,
replication-set,federation-wide,0.1,327,0.18333637784423418,fedavg,ctk-trimmed-mean-aggregation,
replication-set,own-domain,0.01,328,-0.006509099146719016,fedavg,ctk-trimmed-mean-aggregation,
replication-set,federation-wide,0.01,328,-0.012432309816584913,fedavg,ctk-trimmed-mean-aggregation,
replication-set,own-domain,0.05,328,0.03060937853960588,fedavg,ctk-trimmed-mean-aggregation,
replication-set,federation-wide,0.05,328,0.08380729592582348,fedavg,ctk-trimmed-mean-aggregation,
replication-set,own-domain,0.1,328,0.19266376925895157,fedavg,ctk-trimmed-mean-aggregation,
replication-set,federation-wide,0.1,328,0.18938023980543672,fedavg,ctk-trimmed-mean-aggregation,
replication-set,federation-wide,0.01,329,0.12267894128217,fedavg,ctk-trimmed-mean-aggregation,
replication-set,federation-wide,0.05,329,0.0340603625395387,fedavg,ctk-trimmed-mean-aggregation,
replication-set,federation-wide,0.1,329,0.17136366129586889,fedavg,ctk-trimmed-mean-aggregation,
replication-set,own-domain,0.01,329,0.08353018767616582,fedavg,ctk-trimmed-mean-aggregation,
replication-set,own-domain,0.05,329,-0.012407256945489331,fedavg,ctk-trimmed-mean-aggregation,
replication-set,own-domain,0.1,329,0.25993495609753237,fedavg,ctk-trimmed-mean-aggregation,
pooled-family-sets,own-domain,0.01,320,0.07330412815927026,fedavg,ctk-median-aggregation,
pooled-family-sets,federation-wide,0.01,320,0.09087868356994272,fedavg,ctk-median-aggregation,
pooled-family-sets,own-domain,0.05,320,0.09513506222721113,fedavg,ctk-median-aggregation,
pooled-family-sets,federation-wide,0.05,320,0.10785971231695246,fedavg,ctk-median-aggregation,
pooled-family-sets,own-domain,0.1,320,0.052294712947701605,fedavg,ctk-median-aggregation,
pooled-family-sets,federation-wide,0.1,320,0.0858755956163515,fedavg,ctk-median-aggregation,
pooled-family-sets,own-domain,0.01,321,0.09572110362176942,fedavg,ctk-median-aggregation,
pooled-family-sets,federation-wide,0.01,321,0.06740338440726854,fedavg,ctk-median-aggregation,
pooled-family-sets,own-domain,0.05,321,0.11501805305985424,fedavg,ctk-median-aggregation,
pooled-family-sets,federation-wide,0.05,321,0.15526742342871297,fedavg,ctk-median-aggregation,
pooled-family-sets,own-domain,0.1,321,0.22317947071766409,fedavg,ctk-median-aggregation,
pooled-family-sets,federation-wide,0.1,321,0.22810804910905824,fedavg,ctk-median-aggregation,
pooled-family-sets,own-domain,0.01,322,0.07721738888359422,fedavg,ctk-median-aggregation,
pooled-family-sets,federation-wide,0.01,322,0.10093286228373691,fedavg,ctk-median-aggregation,
pooled-family-sets,own-domain,0.05,322,0.08560266250804949,fedavg,ctk-median-aggregation,
pooled-family-sets,federation-wide,0.05,322,0.15295006593559585,fedavg,ctk-median-aggregation,
pooled-family-sets,own-domain,0.1,322,0.09751190598440262,fedavg,ctk-median-aggregation,
pooled-family-sets,federation-wide,0.1,322,0.10109951402610695,fedavg,ctk-median-aggregation,
pooled-family-sets,own-domain,0.01,323,0.10301381303678686,fedavg,ctk-median-aggregation,
pooled-family-sets,federation-wide,0.01,323,0.13210431396677058,fedavg,ctk-median-aggregation,
pooled-family-sets,own-domain,0.05,323,0.09672811958953187,fedavg,ctk-median-aggregation,
pooled-family-sets,federation-wide,0.05,323,0.11637981065475578,fedavg,ctk-median-aggregation,
pooled-family-sets,own-domain,0.1,323,0.11581924927129339,fedavg,ctk-median-aggregation,
pooled-family-sets,federation-wide,0.1,323,0.10877036843110321,fedavg,ctk-median-aggregation,
pooled-family-sets,own-domain,0.01,324,-0.00023671262470048582,fedavg,ctk-median-aggregation,
pooled-family-sets,federation-wide,0.01,324,0.014764769663109606,fedavg,ctk-median-aggregation,
pooled-family-sets,own-domain,0.05,324,0.075516824054709,fedavg,ctk-median-aggregation,
pooled-family-sets,federation-wide,0.05,324,0.09809330848601122,fedavg,ctk-median-aggregation,
pooled-family-sets,own-domain,0.1,324,0.12622820323008033,fedavg,ctk-median-aggregation,
pooled-family-sets,federation-wide,0.1,324,0.1452513509517277,fedavg,ctk-median-aggregation,
pooled-family-sets,own-domain,0.01,325,0.11261795483896656,fedavg,ctk-median-aggregation,
pooled-family-sets,federation-wide,0.01,325,0.07080483624112696,fedavg,ctk-median-aggregation,
pooled-family-sets,own-domain,0.05,325,0.21260679994062415,fedavg,ctk-median-aggregation,
pooled-family-sets,federation-wide,0.05,325,0.14700749548579928,fedavg,ctk-median-aggregation,
pooled-family-sets,own-domain,0.1,325,0.18237194513774824,fedavg,ctk-median-aggregation,
pooled-family-sets,federation-wide,0.1,325,0.15492860081747484,fedavg,ctk-median-aggregation,
pooled-family-sets,own-domain,0.01,326,0.03481118526379878,fedavg,ctk-median-aggregation,
pooled-family-sets,federation-wide,0.01,326,0.04205280694861266,fedavg,ctk-median-aggregation,
pooled-family-sets,own-domain,0.05,326,0.05820225369067544,fedavg,ctk-median-aggregation,
pooled-family-sets,federation-wide,0.05,326,0.09984682597853967,fedavg,ctk-median-aggregation,
pooled-family-sets,own-domain,0.1,326,0.1158098259379482,fedavg,ctk-median-aggregation,
pooled-family-sets,federation-wide,0.1,326,0.1684323820748893,fedavg,ctk-median-aggregation,
pooled-family-sets,own-domain,0.01,327,0.014134831121199454,fedavg,ctk-median-aggregation,
pooled-family-sets,federation-wide,0.01,327,0.034466190764750215,fedavg,ctk-median-aggregation,
pooled-family-sets,own-domain,0.05,327,0.10953522373550556,fedavg,ctk-median-aggregation,
pooled-family-sets,federation-wide,0.05,327,0.16826438111533915,fedavg,ctk-median-aggregation,
pooled-family-sets,own-domain,0.1,327,0.12137379010759541,fedavg,ctk-median-aggregation,
pooled-family-sets,federation-wide,0.1,327,0.15426307979873843,fedavg,ctk-median-aggregation,
pooled-family-sets,own-domain,0.01,328,0.07834478438099224,fedavg,ctk-median-aggregation,
pooled-family-sets,federation-wide,0.01,328,0.07155889330149545,fedavg,ctk-median-aggregation,
pooled-family-sets,own-domain,0.05,328,0.13971645103972874,fedavg,ctk-median-aggregation,
pooled-family-sets,federation-wide,0.05,328,0.1791785450136537,fedavg,ctk-median-aggregation,
pooled-family-sets,own-domain,0.1,328,0.1468147990438854,fedavg,ctk-median-aggregation,
pooled-family-sets,federation-wide,0.1,328,0.16607889477550186,fedavg,ctk-median-aggregation,
pooled-family-sets,own-domain,0.01,329,0.018277729370603513,fedavg,ctk-median-aggregation,
pooled-family-sets,federation-wide,0.01,329,0.055643569200032605,fedavg,ctk-median-aggregation,
pooled-family-sets,own-domain,0.05,329,0.15968950143729366,fedavg,ctk-median-aggregation,
pooled-family-sets,federation-wide,0.05,329,0.15133162580333448,fedavg,ctk-median-aggregation,
pooled-family-sets,own-domain,0.1,329,0.18812759820696978,fedavg,ctk-median-aggregation,
pooled-family-sets,federation-wide,0.1,329,0.16227108056854078,fedavg,ctk-median-aggregation,
primary-set,own-domain,0.01,320,0.06607441319123805,fedavg,ctk-median-aggregation,
primary-set,federation-wide,0.01,320,0.05867930596794693,fedavg,ctk-median-aggregation,
primary-set,own-domain,0.05,320,0.10533617159898806,fedavg,ctk-median-aggregation,
primary-set,federation-wide,0.05,320,0.15030906750366324,fedavg,ctk-median-aggregation,
primary-set,own-domain,0.1,320,0.08684123542035516,fedavg,ctk-median-aggregation,
primary-set,federation-wide,0.1,320,0.11763081031429112,fedavg,ctk-median-aggregation,
primary-set,own-domain,0.01,321,0.11419186956996066,fedavg,ctk-median-aggregation,
primary-set,federation-wide,0.01,321,0.07171875204368602,fedavg,ctk-median-aggregation,
primary-set,own-domain,0.05,321,0.1343425616180236,fedavg,ctk-median-aggregation,
primary-set,federation-wide,0.05,321,0.20404625781914576,fedavg,ctk-median-aggregation,
primary-set,own-domain,0.1,321,0.1710595452127175,fedavg,ctk-median-aggregation,
primary-set,federation-wide,0.1,321,0.2147394776549476,fedavg,ctk-median-aggregation,
primary-set,own-domain,0.01,322,0.1170571461254371,fedavg,ctk-median-aggregation,
primary-set,federation-wide,0.01,322,0.1581641444494618,fedavg,ctk-median-aggregation,
primary-set,own-domain,0.05,322,0.12812499319105364,fedavg,ctk-median-aggregation,
primary-set,federation-wide,0.05,322,0.1646692166964332,fedavg,ctk-median-aggregation,
primary-set,own-domain,0.1,322,0.1127537013432689,fedavg,ctk-median-aggregation,
primary-set,federation-wide,0.1,322,0.14715420933698542,fedavg,ctk-median-aggregation,
primary-set,own-domain,0.01,323,0.19560718001013483,fedavg,ctk-median-aggregation,
primary-set,federation-wide,0.01,323,0.22759839384404407,fedavg,ctk-median-aggregation,
primary-set,own-domain,0.05,323,0.15384092902196922,fedavg,ctk-median-aggregation,
primary-set,federation-wide,0.05,323,0.1652653748672448,fedavg,ctk-median-aggregation,
primary-set,own-domain,0.1,323,0.16817354851665345,fedavg,ctk-median-aggregation,
primary-set,federation-wide,0.1,323,0.15078386476322914,fedavg,ctk-median-aggregation,
primary-set,own-domain,0.01,324,-0.01138877573047653,fedavg,ctk-median-aggregation,
primary-set,federation-wide,0.01,324,0.013621542163704453,fedavg,ctk-median-aggregation,
primary-set,own-domain,0.05,324,0.016597355731898966,fedavg,ctk-median-aggregation,
primary-set,federation-wide,0.05,324,0.1098076351145531,fedavg,ctk-median-aggregation,
primary-set,own-domain,0.1,324,0.07866200715208826,fedavg,ctk-median-aggregation,
primary-set,federation-wide,0.1,324,0.15532167576457956,fedavg,ctk-median-aggregation,
primary-set,own-domain,0.01,325,0.15461536103433862,fedavg,ctk-median-aggregation,
primary-set,federation-wide,0.01,325,0.09402508201654364,fedavg,ctk-median-aggregation,
primary-set,own-domain,0.05,325,0.15363195228105475,fedavg,ctk-median-aggregation,
primary-set,federation-wide,0.05,325,0.16290316779746744,fedavg,ctk-median-aggregation,
primary-set,own-domain,0.1,325,0.14407564669728767,fedavg,ctk-median-aggregation,
primary-set,federation-wide,0.1,325,0.1651519632378874,fedavg,ctk-median-aggregation,
primary-set,own-domain,0.01,326,0.051091205761816444,fedavg,ctk-median-aggregation,
primary-set,federation-wide,0.01,326,0.056882729298379175,fedavg,ctk-median-aggregation,
primary-set,own-domain,0.05,326,0.0387790462787006,fedavg,ctk-median-aggregation,
primary-set,federation-wide,0.05,326,0.11233451692415286,fedavg,ctk-median-aggregation,
primary-set,own-domain,0.1,326,0.04680468667683357,fedavg,ctk-median-aggregation,
primary-set,federation-wide,0.1,326,0.17374402096092922,fedavg,ctk-median-aggregation,
primary-set,own-domain,0.01,327,0.0055537422611643406,fedavg,ctk-median-aggregation,
primary-set,federation-wide,0.01,327,0.04417423921800631,fedavg,ctk-median-aggregation,
primary-set,own-domain,0.05,327,0.052795520855396794,fedavg,ctk-median-aggregation,
primary-set,federation-wide,0.05,327,0.14082435675287386,fedavg,ctk-median-aggregation,
primary-set,own-domain,0.1,327,0.06592249389060778,fedavg,ctk-median-aggregation,
primary-set,federation-wide,0.1,327,0.14022554625022643,fedavg,ctk-median-aggregation,
primary-set,own-domain,0.01,328,0.12272510280029086,fedavg,ctk-median-aggregation,
primary-set,federation-wide,0.01,328,0.09387465168299647,fedavg,ctk-median-aggregation,
primary-set,own-domain,0.05,328,0.12471438336099994,fedavg,ctk-median-aggregation,
primary-set,federation-wide,0.05,328,0.15707338770095902,fedavg,ctk-median-aggregation,
primary-set,own-domain,0.1,328,0.128245532662826,fedavg,ctk-median-aggregation,
primary-set,federation-wide,0.1,328,0.15344306244026118,fedavg,ctk-median-aggregation,
primary-set,own-domain,0.01,329,0.021399904968605,fedavg,ctk-median-aggregation,
primary-set,federation-wide,0.01,329,0.0763899949424913,fedavg,ctk-median-aggregation,
primary-set,own-domain,0.05,329,0.10818400272896472,fedavg,ctk-median-aggregation,
primary-set,federation-wide,0.05,329,0.13836465128999592,fedavg,ctk-median-aggregation,
primary-set,own-domain,0.1,329,0.11911122067870505,fedavg,ctk-median-aggregation,
primary-set,federation-wide,0.1,329,0.14886640739545787,fedavg,ctk-median-aggregation,
replication-set,own-domain,0.01,320,0.08173879562197447,fedavg,ctk-median-aggregation,
replication-set,federation-wide,0.01,320,0.11905313897168904,fedavg,ctk-median-aggregation,
replication-set,own-domain,0.05,320,0.0832337679601381,fedavg,ctk-median-aggregation,
replication-set,federation-wide,0.05,320,0.0707165265285804,fedavg,ctk-median-aggregation,
replication-set,own-domain,0.1,320,0.011990436729605869,fedavg,ctk-median-aggregation,
replication-set,federation-wide,0.1,320,0.05808978275565402,fedavg,ctk-median-aggregation,
replication-set,own-domain,0.01,321,0.07988901852331981,fedavg,ctk-median-aggregation,
replication-set,federation-wide,0.01,321,0.06308801677085102,fedavg,ctk-median-aggregation,
replication-set,own-domain,0.05,321,0.09845418858142341,fedavg,ctk-median-aggregation,
replication-set,federation-wide,0.05,321,0.1064885890382799,fedavg,ctk-median-aggregation,
replication-set,own-domain,0.1,321,0.2678536925790469,fedavg,ctk-median-aggregation,
replication-set,federation-wide,0.1,321,0.24147662056316876,fedavg,ctk-median-aggregation,
replication-set,own-domain,0.01,322,0.0373776316417513,fedavg,ctk-median-aggregation,
replication-set,federation-wide,0.01,322,0.043701580118011896,fedavg,ctk-median-aggregation,
replication-set,own-domain,0.05,322,0.043080331825045504,fedavg,ctk-median-aggregation,
replication-set,federation-wide,0.05,322,0.14123091517475828,fedavg,ctk-median-aggregation,
replication-set,own-domain,0.1,322,0.08227011062553641,fedavg,ctk-median-aggregation,
replication-set,federation-wide,0.1,322,0.055044818715228705,fedavg,ctk-median-aggregation,
replication-set,own-domain,0.01,323,-0.005011781765452222,fedavg,ctk-median-aggregation,
replication-set,federation-wide,0.01,323,0.03661023408949707,fedavg,ctk-median-aggregation,
replication-set,own-domain,0.05,323,0.03009650858502161,fedavg,ctk-median-aggregation,
replication-set,federation-wide,0.05,323,0.06749424644226665,fedavg,ctk-median-aggregation,
replication-set,own-domain,0.1,323,0.05473923348503973,fedavg,ctk-median-aggregation,
replication-set,federation-wide,0.1,323,0.06675687209897707,fedavg,ctk-median-aggregation,
replication-set,own-domain,0.01,324,0.01091535048107553,fedavg,ctk-median-aggregation,
replication-set,federation-wide,0.01,324,0.015765093725089108,fedavg,ctk-median-aggregation,
replication-set,own-domain,0.05,324,0.1344362923775192,fedavg,ctk-median-aggregation,
replication-set,federation-wide,0.05,324,0.08784327268603714,fedavg,ctk-median-aggregation,
replication-set,own-domain,0.1,324,0.1737943993080726,fedavg,ctk-median-aggregation,
replication-set,federation-wide,0.1,324,0.13643981674048233,fedavg,ctk-median-aggregation,
replication-set,own-domain,0.01,325,0.07062054864359447,fedavg,ctk-median-aggregation,
replication-set,federation-wide,0.01,325,0.04758459046571034,fedavg,ctk-median-aggregation,
replication-set,own-domain,0.05,325,0.2715816476001936,fedavg,ctk-median-aggregation,
replication-set,federation-wide,0.05,325,0.13111182317413128,fedavg,ctk-median-aggregation,
replication-set,own-domain,0.1,325,0.2206682435782088,fedavg,ctk-median-aggregation,
replication-set,federation-wide,0.1,325,0.14470523839706229,fedavg,ctk-median-aggregation,
replication-set,own-domain,0.01,326,0.020856881979783623,fedavg,ctk-median-aggregation,
replication-set,federation-wide,0.01,326,0.02722288459884617,fedavg,ctk-median-aggregation,
replication-set,own-domain,0.05,326,0.07485071718665376,fedavg,ctk-median-aggregation,
replication-set,federation-wide,0.05,326,0.08735913503292647,fedavg,ctk-median-aggregation,
replication-set,own-domain,0.1,326,0.1749570881617608,fedavg,ctk-median-aggregation,
replication-set,federation-wide,0.1,326,0.16312074318884917,fedavg,ctk-median-aggregation,
replication-set,own-domain,0.01,327,0.024146101457907132,fedavg,ctk-median-aggregation,
replication-set,federation-wide,0.01,327,0.024758142311494147,fedavg,ctk-median-aggregation,
replication-set,own-domain,0.05,327,0.17573154376229944,fedavg,ctk-median-aggregation,
replication-set,federation-wide,0.05,327,0.19570440547780443,fedavg,ctk-median-aggregation,
replication-set,own-domain,0.1,327,0.1860669690274146,fedavg,ctk-median-aggregation,
replication-set,federation-wide,0.1,327,0.16830061334725055,fedavg,ctk-median-aggregation,
replication-set,own-domain,0.01,328,0.016212338593974168,fedavg,ctk-median-aggregation,
replication-set,federation-wide,0.01,328,0.04924313491999435,fedavg,ctk-median-aggregation,
replication-set,own-domain,0.05,328,0.16071934578994906,fedavg,ctk-median-aggregation,
replication-set,federation-wide,0.05,328,0.2012837023263483,fedavg,ctk-median-aggregation,
replication-set,own-domain,0.1,328,0.17281177197736886,fedavg,ctk-median-aggregation,
replication-set,federation-wide,0.1,328,0.17871472711074277,fedavg,ctk-median-aggregation,
replication-set,federation-wide,0.01,329,0.03749044667538126,fedavg,ctk-median-aggregation,
replication-set,federation-wide,0.05,329,0.16267772850250573,fedavg,ctk-median-aggregation,
replication-set,federation-wide,0.1,329,0.17400016959498832,fedavg,ctk-median-aggregation,
replication-set,own-domain,0.01,329,0.012813922074100814,fedavg,ctk-median-aggregation,
replication-set,own-domain,0.05,329,0.24982412417686917,fedavg,ctk-median-aggregation,
replication-set,own-domain,0.1,329,0.30890625888143264,fedavg,ctk-median-aggregation,
pooled-family-sets,own-domain,0.01,320,0.01659172090119318,fedavg,ctk-trimmed-minus-ctk-mean,
pooled-family-sets,federation-wide,0.01,320,0.05596403491209159,fedavg,ctk-trimmed-minus-ctk-mean,
pooled-family-sets,own-domain,0.05,320,-0.02538459024602363,fedavg,ctk-trimmed-minus-ctk-mean,
pooled-family-sets,federation-wide,0.05,320,-0.046015934058194485,fedavg,ctk-trimmed-minus-ctk-mean,
pooled-family-sets,own-domain,0.1,320,0.008078385847236302,fedavg,ctk-trimmed-minus-ctk-mean,
pooled-family-sets,federation-wide,0.1,320,0.005649593816227205,fedavg,ctk-trimmed-minus-ctk-mean,
pooled-family-sets,own-domain,0.01,321,-0.0024720946020733436,fedavg,ctk-trimmed-minus-ctk-mean,
pooled-family-sets,federation-wide,0.01,321,-0.009679845623939531,fedavg,ctk-trimmed-minus-ctk-mean,
pooled-family-sets,own-domain,0.05,321,-0.03809688590849192,fedavg,ctk-trimmed-minus-ctk-mean,
pooled-family-sets,federation-wide,0.05,321,-0.006785397703736262,fedavg,ctk-trimmed-minus-ctk-mean,
pooled-family-sets,own-domain,0.1,321,0.08526478652806502,fedavg,ctk-trimmed-minus-ctk-mean,
pooled-family-sets,federation-wide,0.1,321,0.060741438364094624,fedavg,ctk-trimmed-minus-ctk-mean,
pooled-family-sets,own-domain,0.01,322,-0.00022957420980240784,fedavg,ctk-trimmed-minus-ctk-mean,
pooled-family-sets,federation-wide,0.01,322,0.009174318770020007,fedavg,ctk-trimmed-minus-ctk-mean,
pooled-family-sets,own-domain,0.05,322,0.03766860442992265,fedavg,ctk-trimmed-minus-ctk-mean,
pooled-family-sets,federation-wide,0.05,322,0.03298250476088582,fedavg,ctk-trimmed-minus-ctk-mean,
pooled-family-sets,own-domain,0.1,322,0.014699844221516711,fedavg,ctk-trimmed-minus-ctk-mean,
pooled-family-sets,federation-wide,0.1,322,0.010964643925231221,fedavg,ctk-trimmed-minus-ctk-mean,
pooled-family-sets,own-domain,0.01,323,-0.035821044589528506,fedavg,ctk-trimmed-minus-ctk-mean,
pooled-family-sets,federation-wide,0.01,323,0.015311493356546524,fedavg,ctk-trimmed-minus-ctk-mean,
pooled-family-sets,own-domain,0.05,323,-0.03260558391911572,fedavg,ctk-trimmed-minus-ctk-mean,
pooled-family-sets,federation-wide,0.05,323,0.01091599260506726,fedavg,ctk-trimmed-minus-ctk-mean,
pooled-family-sets,own-domain,0.1,323,0.036593147992971864,fedavg,ctk-trimmed-minus-ctk-mean,
pooled-family-sets,federation-wide,0.1,323,0.014465785587587154,fedavg,ctk-trimmed-minus-ctk-mean,
pooled-family-sets,own-domain,0.01,324,-0.01384522194995419,fedavg,ctk-trimmed-minus-ctk-mean,
pooled-family-sets,federation-wide,0.01,324,-0.011867835964064405,fedavg,ctk-trimmed-minus-ctk-mean,
pooled-family-sets,own-domain,0.05,324,-0.012594619938508245,fedavg,ctk-trimmed-minus-ctk-mean,
pooled-family-sets,federation-wide,0.05,324,-0.0036745555329800728,fedavg,ctk-trimmed-minus-ctk-mean,
pooled-family-sets,own-domain,0.1,324,0.018299888819254706,fedavg,ctk-trimmed-minus-ctk-mean,
pooled-family-sets,federation-wide,0.1,324,0.003206000464287151,fedavg,ctk-trimmed-minus-ctk-mean,
pooled-family-sets,own-domain,0.01,325,-0.00046821361207184664,fedavg,ctk-trimmed-minus-ctk-mean,
pooled-family-sets,federation-wide,0.01,325,0.012756611556088066,fedavg,ctk-trimmed-minus-ctk-mean,
pooled-family-sets,own-domain,0.05,325,0.02629428614538143,fedavg,ctk-trimmed-minus-ctk-mean,
pooled-family-sets,federation-wide,0.05,325,0.018950425609306598,fedavg,ctk-trimmed-minus-ctk-mean,
pooled-family-sets,own-domain,0.1,325,0.00834981986502259,fedavg,ctk-trimmed-minus-ctk-mean,
pooled-family-sets,federation-wide,0.1,325,-0.007569817652975597,fedavg,ctk-trimmed-minus-ctk-mean,
pooled-family-sets,own-domain,0.01,326,0.007639105271435215,fedavg,ctk-trimmed-minus-ctk-mean,
pooled-family-sets,federation-wide,0.01,326,0.011110451405982658,fedavg,ctk-trimmed-minus-ctk-mean,
pooled-family-sets,own-domain,0.05,326,0.022087492711636347,fedavg,ctk-trimmed-minus-ctk-mean,
pooled-family-sets,federation-wide,0.05,326,0.006145674749872987,fedavg,ctk-trimmed-minus-ctk-mean,
pooled-family-sets,own-domain,0.1,326,0.0037400786266922337,fedavg,ctk-trimmed-minus-ctk-mean,
pooled-family-sets,federation-wide,0.1,326,0.002620351277498212,fedavg,ctk-trimmed-minus-ctk-mean,
pooled-family-sets,own-domain,0.01,327,-0.006219556886814748,fedavg,ctk-trimmed-minus-ctk-mean,
pooled-family-sets,federation-wide,0.01,327,0.011352327629118586,fedavg,ctk-trimmed-minus-ctk-mean,
pooled-family-sets,own-domain,0.05,327,-0.008374101883723228,fedavg,ctk-trimmed-minus-ctk-mean,
pooled-family-sets,federation-wide,0.05,327,0.0035348989535289865,fedavg,ctk-trimmed-minus-ctk-mean,
pooled-family-sets,own-domain,0.1,327,-0.003634762524631463,fedavg,ctk-trimmed-minus-ctk-mean,
pooled-family-sets,federation-wide,0.1,327,0.011656550879247662,fedavg,ctk-trimmed-minus-ctk-mean,
pooled-family-sets,own-domain,0.01,328,0.03070910498442969,fedavg,ctk-trimmed-minus-ctk-mean,
pooled-family-sets,federation-wide,0.01,328,0.029144874860106695,fedavg,ctk-trimmed-minus-ctk-mean,
pooled-family-sets,own-domain,0.05,328,-0.0018415014322442635,fedavg,ctk-trimmed-minus-ctk-mean,
pooled-family-sets,federation-wide,0.05,328,0.0012455884574132936,fedavg,ctk-trimmed-minus-ctk-mean,
pooled-family-sets,own-domain,0.1,328,-0.0012030646337449769,fedavg,ctk-trimmed-minus-ctk-mean,
pooled-family-sets,federation-wide,0.1,328,0.0051168077629727415,fedavg,ctk-trimmed-minus-ctk-mean,
pooled-family-sets,own-domain,0.01,329,0.02596720631775032,fedavg,ctk-trimmed-minus-ctk-mean,
pooled-family-sets,federation-wide,0.01,329,0.003506983142961384,fedavg,ctk-trimmed-minus-ctk-mean,
pooled-family-sets,own-domain,0.05,329,0.009980805327994169,fedavg,ctk-trimmed-minus-ctk-mean,
pooled-family-sets,federation-wide,0.05,329,-0.05092119335404427,fedavg,ctk-trimmed-minus-ctk-mean,
pooled-family-sets,own-domain,0.1,329,-0.005149577639774305,fedavg,ctk-trimmed-minus-ctk-mean,
pooled-family-sets,federation-wide,0.1,329,0.00009959634662759509,fedavg,ctk-trimmed-minus-ctk-mean,
primary-set,own-domain,0.01,320,0.01552941747890027,fedavg,ctk-trimmed-minus-ctk-mean,
primary-set,federation-wide,0.01,320,0.03662416057037582,fedavg,ctk-trimmed-minus-ctk-mean,
primary-set,own-domain,0.05,320,-0.024034721848288754,fedavg,ctk-trimmed-minus-ctk-mean,
primary-set,federation-wide,0.05,320,-0.0592234533368981,fedavg,ctk-trimmed-minus-ctk-mean,
primary-set,own-domain,0.1,320,0.016629580058890925,fedavg,ctk-trimmed-minus-ctk-mean,
primary-set,federation-wide,0.1,320,0.0030406112233519744,fedavg,ctk-trimmed-minus-ctk-mean,
primary-set,own-domain,0.01,321,-0.01154458860585239,fedavg,ctk-trimmed-minus-ctk-mean,
primary-set,federation-wide,0.01,321,-0.020212028205197602,fedavg,ctk-trimmed-minus-ctk-mean,
primary-set,own-domain,0.05,321,-0.08378439649204972,fedavg,ctk-trimmed-minus-ctk-mean,
primary-set,federation-wide,0.05,321,-0.027415554290399935,fedavg,ctk-trimmed-minus-ctk-mean,
primary-set,own-domain,0.1,321,0.007351678927435046,fedavg,ctk-trimmed-minus-ctk-mean,
primary-set,federation-wide,0.1,321,0.0002605999635069134,fedavg,ctk-trimmed-minus-ctk-mean,
primary-set,own-domain,0.01,322,-0.014591776426882752,fedavg,ctk-trimmed-minus-ctk-mean,
primary-set,federation-wide,0.01,322,0.0018238968264004118,fedavg,ctk-trimmed-minus-ctk-mean,
primary-set,own-domain,0.05,322,0.0864224433768015,fedavg,ctk-trimmed-minus-ctk-mean,
primary-set,federation-wide,0.05,322,0.06592573511958089,fedavg,ctk-trimmed-minus-ctk-mean,
primary-set,own-domain,0.1,322,0.05616535117821997,fedavg,ctk-trimmed-minus-ctk-mean,
primary-set,federation-wide,0.1,322,0.050494324917917055,fedavg,ctk-trimmed-minus-ctk-mean,
primary-set,own-domain,0.01,323,-0.056678416374230156,fedavg,ctk-trimmed-minus-ctk-mean,
primary-set,federation-wide,0.01,323,0.03917788099391545,fedavg,ctk-trimmed-minus-ctk-mean,
primary-set,own-domain,0.05,323,-0.06902814534770552,fedavg,ctk-trimmed-minus-ctk-mean,
primary-set,federation-wide,0.05,323,0.000317127157367203,fedavg,ctk-trimmed-minus-ctk-mean,
primary-set,own-domain,0.1,323,0.009984066886828069,fedavg,ctk-trimmed-minus-ctk-mean,
primary-set,federation-wide,0.1,323,0.007243973133602366,fedavg,ctk-trimmed-minus-ctk-mean,
primary-set,own-domain,0.01,324,-0.005912578904034599,fedavg,ctk-trimmed-minus-ctk-mean,
primary-set,federation-wide,0.01,324,0.0010411010823325462,fedavg,ctk-trimmed-minus-ctk-mean,
primary-set,own-domain,0.05,324,-0.020002191910610367,fedavg,ctk-trimmed-minus-ctk-mean,
primary-set,federation-wide,0.05,324,-0.0031315725193660215,fedavg,ctk-trimmed-minus-ctk-mean,
primary-set,own-domain,0.1,324,0.031843136781702586,fedavg,ctk-trimmed-minus-ctk-mean,
primary-set,federation-wide,0.1,324,0.019694690440940965,fedavg,ctk-trimmed-minus-ctk-mean,
primary-set,own-domain,0.01,325,-0.00984042642975927,fedavg,ctk-trimmed-minus-ctk-mean,
primary-set,federation-wide,0.01,325,0.012072957244817495,fedavg,ctk-trimmed-minus-ctk-mean,
primary-set,own-domain,0.05,325,-0.007933595977522745,fedavg,ctk-trimmed-minus-ctk-mean,
primary-set,federation-wide,0.05,325,-0.003061755958202239,fedavg,ctk-trimmed-minus-ctk-mean,
primary-set,own-domain,0.1,325,0.004841781476050855,fedavg,ctk-trimmed-minus-ctk-mean,
primary-set,federation-wide,0.1,325,-0.009132646673138178,fedavg,ctk-trimmed-minus-ctk-mean,
primary-set,own-domain,0.01,326,0.009174363751039416,fedavg,ctk-trimmed-minus-ctk-mean,
primary-set,federation-wide,0.01,326,0.009044159090725395,fedavg,ctk-trimmed-minus-ctk-mean,
primary-set,own-domain,0.05,326,-0.001257487343754693,fedavg,ctk-trimmed-minus-ctk-mean,
primary-set,federation-wide,0.05,326,-0.014541918393916275,fedavg,ctk-trimmed-minus-ctk-mean,
primary-set,own-domain,0.1,326,-0.0038249994394884412,fedavg,ctk-trimmed-minus-ctk-mean,
primary-set,federation-wide,0.1,326,-0.009405259233544627,fedavg,ctk-trimmed-minus-ctk-mean,
primary-set,own-domain,0.01,327,-0.0100232732002557,fedavg,ctk-trimmed-minus-ctk-mean,
primary-set,federation-wide,0.01,327,0.02424518594565228,fedavg,ctk-trimmed-minus-ctk-mean,
primary-set,own-domain,0.05,327,-0.0028022064080086007,fedavg,ctk-trimmed-minus-ctk-mean,
primary-set,federation-wide,0.05,327,0.00913671629228252,fedavg,ctk-trimmed-minus-ctk-mean,
primary-set,own-domain,0.1,327,-0.013809172911314782,fedavg,ctk-trimmed-minus-ctk-mean,
primary-set,federation-wide,0.1,327,0.010356617082653674,fedavg,ctk-trimmed-minus-ctk-mean,
primary-set,own-domain,0.01,328,0.03901433779253333,fedavg,ctk-trimmed-minus-ctk-mean,
primary-set,federation-wide,0.01,328,0.06243077991872009,fedavg,ctk-trimmed-minus-ctk-mean,
primary-set,own-domain,0.05,328,0.02962777615033263,fedavg,ctk-trimmed-minus-ctk-mean,
primary-set,federation-wide,0.05,328,0.040641927076396356,fedavg,ctk-trimmed-minus-ctk-mean,
primary-set,own-domain,0.1,328,0.00688680575898637,fedavg,ctk-trimmed-minus-ctk-mean,
primary-set,federation-wide,0.1,328,0.01065111956601228,fedavg,ctk-trimmed-minus-ctk-mean,
primary-set,own-domain,0.01,329,0.03453469154178135,fedavg,ctk-trimmed-minus-ctk-mean,
primary-set,federation-wide,0.01,329,-0.0007830191703604161,fedavg,ctk-trimmed-minus-ctk-mean,
primary-set,own-domain,0.05,329,0.014420481374774363,fedavg,ctk-trimmed-minus-ctk-mean,
primary-set,federation-wide,0.05,329,-0.03926913844984037,fedavg,ctk-trimmed-minus-ctk-mean,
primary-set,own-domain,0.1,329,0.005214013765026837,fedavg,ctk-trimmed-minus-ctk-mean,
primary-set,federation-wide,0.1,329,0.0002817019261232012,fedavg,ctk-trimmed-minus-ctk-mean,
replication-set,own-domain,0.01,320,0.017831074893868232,fedavg,ctk-trimmed-minus-ctk-mean,
replication-set,federation-wide,0.01,320,0.07288642496109285,fedavg,ctk-trimmed-minus-ctk-mean,
replication-set,own-domain,0.05,320,-0.026959436710047635,fedavg,ctk-trimmed-minus-ctk-mean,
replication-set,federation-wide,0.05,320,-0.0344593546893287,fedavg,ctk-trimmed-minus-ctk-mean,
replication-set,own-domain,0.1,320,-0.00189800739969459,fedavg,ctk-trimmed-minus-ctk-mean,
replication-set,federation-wide,0.1,320,0.007932453584992727,fedavg,ctk-trimmed-minus-ctk-mean,
replication-set,own-domain,0.01,321,0.005304328829737193,fedavg,ctk-trimmed-minus-ctk-mean,
replication-set,federation-wide,0.01,321,0.0008523369573184281,fedavg,ctk-trimmed-minus-ctk-mean,
replication-set,own-domain,0.05,321,0.0010638374488434188,fedavg,ctk-trimmed-minus-ctk-mean,
replication-set,federation-wide,0.05,321,0.013844758882927188,fedavg,ctk-trimmed-minus-ctk-mean,
replication-set,own-domain,0.1,321,0.15204745018574795,fedavg,ctk-trimmed-minus-ctk-mean,
replication-set,federation-wide,0.1,321,0.12122227676468222,fedavg,ctk-trimmed-minus-ctk-mean,
replication-set,own-domain,0.01,322,0.014132628007278047,fedavg,ctk-trimmed-minus-ctk-mean,
replication-set,federation-wide,0.01,322,0.016524740713639574,fedavg,ctk-trimmed-minus-ctk-mean,
replication-set,own-domain,0.05,322,-0.01108523451695631,fedavg,ctk-trimmed-minus-ctk-mean,
replication-set,federation-wide,0.05,322,0.00003927440219092526,fedavg,ctk-trimmed-minus-ctk-mean,
replication-set,own-domain,0.1,322,-0.026765662735186824,fedavg,ctk-trimmed-minus-ctk-mean,
replication-set,federation-wide,0.1,322,-0.02856503706745417,fedavg,ctk-trimmed-minus-ctk-mean,
replication-set,own-domain,0.01,323,-0.011487444174043293,fedavg,ctk-trimmed-minus-ctk-mean,
replication-set,federation-wide,0.01,323,-0.008554894280822345,fedavg,ctk-trimmed-minus-ctk-mean,
replication-set,own-domain,0.05,323,0.009887404414239243,fedavg,ctk-trimmed-minus-ctk-mean,
replication-set,federation-wide,0.05,323,0.02151485805276737,fedavg,ctk-trimmed-minus-ctk-mean,
replication-set,own-domain,0.1,323,0.06763707595014001,fedavg,ctk-trimmed-minus-ctk-mean,
replication-set,federation-wide,0.1,323,0.02168759804157183,fedavg,ctk-trimmed-minus-ctk-mean,
replication-set,own-domain,0.01,324,-0.021777864995873752,fedavg,ctk-trimmed-minus-ctk-mean,
replication-set,federation-wide,0.01,324,-0.023163155879661668,fedavg,ctk-trimmed-minus-ctk-mean,
replication-set,own-domain,0.05,324,-0.0051870479664061775,fedavg,ctk-trimmed-minus-ctk-mean,
replication-set,federation-wide,0.05,324,-0.004149665669892333,fedavg,ctk-trimmed-minus-ctk-mean,
replication-set,own-domain,0.1,324,0.004756640856806715,fedavg,ctk-trimmed-minus-ctk-mean,
replication-set,federation-wide,0.1,324,-0.011221603265284874,fedavg,ctk-trimmed-minus-ctk-mean,
replication-set,own-domain,0.01,325,0.008903999205615534,fedavg,ctk-trimmed-minus-ctk-mean,
replication-set,federation-wide,0.01,325,0.013440265867358692,fedavg,ctk-trimmed-minus-ctk-mean,
replication-set,own-domain,0.05,325,0.06052216826828538,fedavg,ctk-trimmed-minus-ctk-mean,
replication-set,federation-wide,0.05,325,0.040962607176815435,fedavg,ctk-trimmed-minus-ctk-mean,
replication-set,own-domain,0.1,325,0.011857858253994102,fedavg,ctk-trimmed-minus-ctk-mean,
replication-set,federation-wide,0.1,325,-0.006006988632813126,fedavg,ctk-trimmed-minus-ctk-mean,
replication-set,own-domain,0.01,326,0.006323169431774467,fedavg,ctk-trimmed-minus-ctk-mean,
replication-set,federation-wide,0.01,326,0.013176743721239864,fedavg,ctk-trimmed-minus-ctk-mean,
replication-set,own-domain,0.05,326,0.04209747561625715,fedavg,ctk-trimmed-minus-ctk-mean,
replication-set,federation-wide,0.05,326,0.02683326789366214,fedavg,ctk-trimmed-minus-ctk-mean,
replication-set,own-domain,0.1,326,0.010224431254847177,fedavg,ctk-trimmed-minus-ctk-mean,
replication-set,federation-wide,0.1,326,0.014645961788541162,fedavg,ctk-trimmed-minus-ctk-mean,
replication-set,own-domain,0.01,327,-0.0017818878544670347,fedavg,ctk-trimmed-minus-ctk-mean,
replication-set,federation-wide,0.01,327,-0.0015405306874151092,fedavg,ctk-trimmed-minus-ctk-mean,
replication-set,own-domain,0.05,327,-0.014874646605390285,fedavg,ctk-trimmed-minus-ctk-mean,
replication-set,federation-wide,0.05,327,-0.002066918385224159,fedavg,ctk-trimmed-minus-ctk-mean,
replication-set,own-domain,0.1,327,0.008235382926499057,fedavg,ctk-trimmed-minus-ctk-mean,
replication-set,federation-wide,0.1,327,0.012956484675841207,fedavg,ctk-trimmed-minus-ctk-mean,
replication-set,own-domain,0.01,328,0.01908177905308464,fedavg,ctk-trimmed-minus-ctk-mean,
replication-set,federation-wide,0.01,328,-0.004141030198506673,fedavg,ctk-trimmed-minus-ctk-mean,
replication-set,own-domain,0.05,328,-0.04589849004785196,fedavg,ctk-trimmed-minus-ctk-mean,
replication-set,federation-wide,0.05,328,-0.03815075016156966,fedavg,ctk-trimmed-minus-ctk-mean,
replication-set,own-domain,0.1,328,-0.012528883183568706,fedavg,ctk-trimmed-minus-ctk-mean,
replication-set,federation-wide,0.1,328,-0.0004175040400666852,fedavg,ctk-trimmed-minus-ctk-mean,
replication-set,federation-wide,0.01,329,0.007260735167117949,fedavg,ctk-trimmed-minus-ctk-mean,
replication-set,federation-wide,0.05,329,-0.06111674139522272,fedavg,ctk-trimmed-minus-ctk-mean,
replication-set,federation-wide,0.1,329,-0.00005974603543101864,fedavg,ctk-trimmed-minus-ctk-mean,
replication-set,own-domain,0.01,329,0.010974107175696052,fedavg,ctk-trimmed-minus-ctk-mean,
replication-set,own-domain,0.05,329,0.00221137224612894,fedavg,ctk-trimmed-minus-ctk-mean,
replication-set,own-domain,0.1,329,-0.023285862598176332,fedavg,ctk-trimmed-minus-ctk-mean,
pooled-family-sets,own-domain,0.01,320,0.03909379249356537,fedavg,ctk-median-minus-ctk-mean,
pooled-family-sets,federation-wide,0.01,320,0.043358969514386586,fedavg,ctk-median-minus-ctk-mean,
pooled-family-sets,own-domain,0.05,320,0.05520633974845196,fedavg,ctk-median-minus-ctk-mean,
pooled-family-sets,federation-wide,0.05,320,0.050718587628380774,fedavg,ctk-median-minus-ctk-mean,
pooled-family-sets,own-domain,0.1,320,0.007056284823946268,fedavg,ctk-median-minus-ctk-mean,
pooled-family-sets,federation-wide,0.1,320,0.029146274896767688,fedavg,ctk-median-minus-ctk-mean,
pooled-family-sets,own-domain,0.01,321,0.0281275936367332,fedavg,ctk-median-minus-ctk-mean,
pooled-family-sets,federation-wide,0.01,321,0.009805058915797943,fedavg,ctk-median-minus-ctk-mean,
pooled-family-sets,own-domain,0.05,321,-0.026069074982387863,fedavg,ctk-median-minus-ctk-mean,
pooled-family-sets,federation-wide,0.05,321,0.009443110320735137,fedavg,ctk-median-minus-ctk-mean,
pooled-family-sets,own-domain,0.1,321,0.11041345698180727,fedavg,ctk-median-minus-ctk-mean,
pooled-family-sets,federation-wide,0.1,321,0.09068597173256376,fedavg,ctk-median-minus-ctk-mean,
pooled-family-sets,own-domain,0.01,322,0.015260356115433332,fedavg,ctk-median-minus-ctk-mean,
pooled-family-sets,federation-wide,0.01,322,-0.010423706696260249,fedavg,ctk-median-minus-ctk-mean,
pooled-family-sets,own-domain,0.05,322,0.03380252301704817,fedavg,ctk-median-minus-ctk-mean,
pooled-family-sets,federation-wide,0.05,322,0.05194176125395594,fedavg,ctk-median-minus-ctk-mean,
pooled-family-sets,own-domain,0.1,322,0.05223774631378619,fedavg,ctk-median-minus-ctk-mean,
pooled-family-sets,federation-wide,0.1,322,0.016167825280248516,fedavg,ctk-median-minus-ctk-mean,
pooled-family-sets,own-domain,0.01,323,0.022246035760312255,fedavg,ctk-median-minus-ctk-mean,
pooled-family-sets,federation-wide,0.01,323,0.061908552683609674,fedavg,ctk-median-minus-ctk-mean,
pooled-family-sets,own-domain,0.05,323,0.013422627072730342,fedavg,ctk-median-minus-ctk-mean,
pooled-family-sets,federation-wide,0.05,323,0.04908686215018332,fedavg,ctk-median-minus-ctk-mean,
pooled-family-sets,own-domain,0.1,323,0.06708819075675876,fedavg,ctk-median-minus-ctk-mean,
pooled-family-sets,federation-wide,0.1,323,0.0015586629770469873,fedavg,ctk-median-minus-ctk-mean,
pooled-family-sets,own-domain,0.01,324,-0.03923828522349293,fedavg,ctk-median-minus-ctk-mean,
pooled-family-sets,federation-wide,0.01,324,-0.018869494077960847,fedavg,ctk-median-minus-ctk-mean,
pooled-family-sets,own-domain,0.05,324,0.049479389280328245,fedavg,ctk-median-minus-ctk-mean,
pooled-family-sets,federation-wide,0.05,324,0.03320478366409446,fedavg,ctk-median-minus-ctk-mean,
pooled-family-sets,own-domain,0.1,324,0.024202518128826678,fedavg,ctk-median-minus-ctk-mean,
pooled-family-sets,federation-wide,0.1,324,0.024221342063133366,fedavg,ctk-median-minus-ctk-mean,
pooled-family-sets,own-domain,0.01,325,-0.004623197642196028,fedavg,ctk-median-minus-ctk-mean,
pooled-family-sets,federation-wide,0.01,325,-0.012132028875020573,fedavg,ctk-median-minus-ctk-mean,
pooled-family-sets,own-domain,0.05,325,0.05202777320843638,fedavg,ctk-median-minus-ctk-mean,
pooled-family-sets,federation-wide,0.05,325,0.060256652435508595,fedavg,ctk-median-minus-ctk-mean,
pooled-family-sets,own-domain,0.1,325,-0.006740449771492574,fedavg,ctk-median-minus-ctk-mean,
pooled-family-sets,federation-wide,0.1,325,0.002169861805402462,fedavg,ctk-median-minus-ctk-mean,
pooled-family-sets,own-domain,0.01,326,0.01906391655112677,fedavg,ctk-median-minus-ctk-mean,
pooled-family-sets,federation-wide,0.01,326,0.017864278695874425,fedavg,ctk-median-minus-ctk-mean,
pooled-family-sets,own-domain,0.05,326,0.033972196898467366,fedavg,ctk-median-minus-ctk-mean,
pooled-family-sets,federation-wide,0.05,326,0.025946283397858594,fedavg,ctk-median-minus-ctk-mean,
pooled-family-sets,own-domain,0.1,326,0.045106286510864235,fedavg,ctk-median-minus-ctk-mean,
pooled-family-sets,federation-wide,0.1,326,0.033227117745687706,fedavg,ctk-median-minus-ctk-mean,
pooled-family-sets,own-domain,0.01,327,-0.00850077468194571,fedavg,ctk-median-minus-ctk-mean,
pooled-family-sets,federation-wide,0.01,327,0.00589521557717454,fedavg,ctk-median-minus-ctk-mean,
pooled-family-sets,own-domain,0.05,327,0.06697652552756922,fedavg,ctk-median-minus-ctk-mean,
pooled-family-sets,federation-wide,0.05,327,0.06434374131092135,fedavg,ctk-median-minus-ctk-mean,
pooled-family-sets,own-domain,0.1,327,0.0021347702996530327,fedavg,ctk-median-minus-ctk-mean,
pooled-family-sets,federation-wide,0.1,327,-0.0017623546810585644,fedavg,ctk-median-minus-ctk-mean,
pooled-family-sets,own-domain,0.01,328,0.042199816318690464,fedavg,ctk-median-minus-ctk-mean,
pooled-family-sets,federation-wide,0.01,328,0.05619642253488982,fedavg,ctk-median-minus-ctk-mean,
pooled-family-sets,own-domain,0.05,328,0.06246068201834143,fedavg,ctk-median-minus-ctk-mean,
pooled-family-sets,federation-wide,0.05,328,0.0688712777013718,fedavg,ctk-median-minus-ctk-mean,
pooled-family-sets,own-domain,0.1,328,-0.0003475087049901182,fedavg,ctk-median-minus-ctk-mean,
pooled-family-sets,federation-wide,0.1,328,0.007302206320227822,fedavg,ctk-median-minus-ctk-mean,
pooled-family-sets,own-domain,0.01,329,-0.04187098227126229,fedavg,ctk-median-minus-ctk-mean,
pooled-family-sets,federation-wide,0.01,329,-0.045887806189472524,fedavg,ctk-median-minus-ctk-mean,
pooled-family-sets,own-domain,0.05,329,0.08749373531939442,fedavg,ctk-median-minus-ctk-mean,
pooled-family-sets,federation-wide,0.05,329,0.012544123419542363,fedavg,ctk-median-minus-ctk-mean,
pooled-family-sets,own-domain,0.1,329,0.0033186367662737526,fedavg,ctk-median-minus-ctk-mean,
pooled-family-sets,federation-wide,0.1,329,-0.007663564219258845,fedavg,ctk-median-minus-ctk-mean,
primary-set,own-domain,0.01,320,0.013024868828983738,fedavg,ctk-median-minus-ctk-mean,
primary-set,federation-wide,0.01,320,0.030871122045137228,fedavg,ctk-median-minus-ctk-mean,
primary-set,own-domain,0.05,320,0.055200226479976855,fedavg,ctk-median-minus-ctk-mean,
primary-set,federation-wide,0.05,320,0.047272775061058925,fedavg,ctk-median-minus-ctk-mean,
primary-set,own-domain,0.1,320,0.02927561347332397,fedavg,ctk-median-minus-ctk-mean,
primary-set,federation-wide,0.1,320,0.008266322981381635,fedavg,ctk-median-minus-ctk-mean,
primary-set,own-domain,0.01,321,-0.003561334113232506,fedavg,ctk-median-minus-ctk-mean,
primary-set,federation-wide,0.01,321,-0.002426467788246095,fedavg,ctk-median-minus-ctk-mean,
primary-set,own-domain,0.05,321,-0.07949304939306878,fedavg,ctk-median-minus-ctk-mean,
primary-set,federation-wide,0.05,321,-0.006098810178790659,fedavg,ctk-median-minus-ctk-mean,
primary-set,own-domain,0.1,321,0.023559468541737405,fedavg,ctk-median-minus-ctk-mean,
primary-set,federation-wide,0.1,321,0.04878715631063579,fedavg,ctk-median-minus-ctk-mean,
primary-set,own-domain,0.01,322,0.01836075976947632,fedavg,ctk-median-minus-ctk-mean,
primary-set,federation-wide,0.01,322,-0.04286613484253979,fedavg,ctk-median-minus-ctk-mean,
primary-set,own-domain,0.05,322,0.05401742817923316,fedavg,ctk-median-minus-ctk-mean,
primary-set,federation-wide,0.05,322,-0.01561612523955569,fedavg,ctk-median-minus-ctk-mean,
primary-set,own-domain,0.1,322,0.04457698739527827,fedavg,ctk-median-minus-ctk-mean,
primary-set,federation-wide,0.1,322,-0.003464463466348877,fedavg,ctk-median-minus-ctk-mean,
primary-set,own-domain,0.01,323,0.063026177031134,fedavg,ctk-median-minus-ctk-mean,
primary-set,federation-wide,0.01,323,0.1533123440122921,fedavg,ctk-median-minus-ctk-mean,
primary-set,own-domain,0.05,323,0.013123202725495275,fedavg,ctk-median-minus-ctk-mean,
primary-set,federation-wide,0.05,323,0.0415704825995834,fedavg,ctk-median-minus-ctk-mean,
primary-set,own-domain,0.1,323,0.12635789988924795,fedavg,ctk-median-minus-ctk-mean,
primary-set,federation-wide,0.1,323,0.00782644290255119,fedavg,ctk-median-minus-ctk-mean,
primary-set,own-domain,0.01,324,-0.04927563370386334,fedavg,ctk-median-minus-ctk-mean,
primary-set,federation-wide,0.01,324,-0.01901013389153637,fedavg,ctk-median-minus-ctk-mean,
primary-set,own-domain,0.05,324,-0.020428035977932968,fedavg,ctk-median-minus-ctk-mean,
primary-set,federation-wide,0.05,324,-0.020859322579182216,fedavg,ctk-median-minus-ctk-mean,
primary-set,own-domain,0.1,324,0.024162531846802726,fedavg,ctk-median-minus-ctk-mean,
primary-set,federation-wide,0.1,324,0.005562627220953187,fedavg,ctk-median-minus-ctk-mean,
primary-set,own-domain,0.01,325,-0.000042180031776417604,fedavg,ctk-median-minus-ctk-mean,
primary-set,federation-wide,0.01,325,0.01011887947025289,fedavg,ctk-median-minus-ctk-mean,
primary-set,own-domain,0.05,325,-0.09295249411441409,fedavg,ctk-median-minus-ctk-mean,
primary-set,federation-wide,0.05,325,0.019122180659178478,fedavg,ctk-median-minus-ctk-mean,
primary-set,own-domain,0.1,325,0.00010402006939569386,fedavg,ctk-median-minus-ctk-mean,
primary-set,federation-wide,0.1,325,0.0020117074240134647,fedavg,ctk-median-minus-ctk-mean,
primary-set,own-domain,0.01,326,0.043002656023888336,fedavg,ctk-median-minus-ctk-mean,
primary-set,federation-wide,0.01,326,0.03348097384283005,fedavg,ctk-median-minus-ctk-mean,
primary-set,own-domain,0.05,326,0.0009218664818955724,fedavg,ctk-median-minus-ctk-mean,
primary-set,federation-wide,0.05,326,-0.00853480393275674,fedavg,ctk-median-minus-ctk-mean,
primary-set,own-domain,0.1,326,0.009162862174119213,fedavg,ctk-median-minus-ctk-mean,
primary-set,federation-wide,0.1,326,0.0007880288980974814,fedavg,ctk-median-minus-ctk-mean,
primary-set,own-domain,0.01,327,-0.036945673099578774,fedavg,ctk-median-minus-ctk-mean,
primary-set,federation-wide,0.01,327,0.016025707885925833,fedavg,ctk-median-minus-ctk-mean,
primary-set,own-domain,0.05,327,0.0017774980528085793,fedavg,ctk-median-minus-ctk-mean,
primary-set,federation-wide,0.05,327,0.026195685601437257,fedavg,ctk-median-minus-ctk-mean,
primary-set,own-domain,0.1,327,0.0023183056738995678,fedavg,ctk-median-minus-ctk-mean,
primary-set,federation-wide,0.1,327,-0.0014454295409748186,fedavg,ctk-median-minus-ctk-mean,
primary-set,own-domain,0.01,328,0.04248310169362818,fedavg,ctk-median-minus-ctk-mean,
primary-set,federation-wide,0.01,328,0.054858430531707025,fedavg,ctk-median-minus-ctk-mean,
primary-set,own-domain,0.05,328,0.046924399743948686,fedavg,ctk-median-minus-ctk-mean,
primary-set,federation-wide,0.05,328,0.05841689916378845,fedavg,ctk-median-minus-ctk-mean,
primary-set,own-domain,0.1,328,0.022533471123696858,fedavg,ctk-median-minus-ctk-mean,
primary-set,federation-wide,0.1,328,0.02568742937521651,fedavg,ctk-median-minus-ctk-mean,
primary-set,own-domain,0.01,329,-0.03165888161120137,fedavg,ctk-median-minus-ctk-mean,
primary-set,federation-wide,0.01,329,-0.009270716760674452,fedavg,ctk-median-minus-ctk-mean,
primary-set,own-domain,0.05,329,-0.013619989280087397,fedavg,ctk-median-minus-ctk-mean,
primary-set,federation-wide,0.05,329,-0.05026330646411725,fedavg,ctk-median-minus-ctk-mean,
primary-set,own-domain,0.1,329,-0.009462393759126608,fedavg,ctk-median-minus-ctk-mean,
primary-set,federation-wide,0.1,329,-0.019366794485484284,fedavg,ctk-median-minus-ctk-mean,
replication-set,own-domain,0.01,320,0.06950753676891058,fedavg,ctk-median-minus-ctk-mean,
replication-set,federation-wide,0.01,320,0.0542858360499798,fedavg,ctk-median-minus-ctk-mean,
replication-set,own-domain,0.05,320,0.055213471895006305,fedavg,ctk-median-minus-ctk-mean,
replication-set,federation-wide,0.05,320,0.053733673624787426,fedavg,ctk-median-minus-ctk-mean,
replication-set,own-domain,0.1,320,-0.01886626526699453,fedavg,ctk-median-minus-ctk-mean,
replication-set,federation-wide,0.1,320,0.04741623282273,fedavg,ctk-median-minus-ctk-mean,
replication-set,own-domain,0.01,321,0.05528953170813236,fedavg,ctk-median-minus-ctk-mean,
replication-set,federation-wide,0.01,321,0.022036585619841842,fedavg,ctk-median-minus-ctk-mean,
replication-set,own-domain,0.05,321,0.01972290308391017,fedavg,ctk-median-minus-ctk-mean,
replication-set,federation-wide,0.05,321,0.02498503082026049,fedavg,ctk-median-minus-ctk-mean,
replication-set,own-domain,0.1,321,0.1848597327875816,fedavg,ctk-median-minus-ctk-mean,
replication-set,federation-wide,0.1,321,0.13258478715449162,fedavg,ctk-median-minus-ctk-mean,
replication-set,own-domain,0.01,322,0.012159952461390441,fedavg,ctk-median-minus-ctk-mean,
replication-set,federation-wide,0.01,322,0.022018721450019096,fedavg,ctk-median-minus-ctk-mean,
replication-set,own-domain,0.05,322,0.013587617854863343,fedavg,ctk-median-minus-ctk-mean,
replication-set,federation-wide,0.05,322,0.11949964774746752,fedavg,ctk-median-minus-ctk-mean,
replication-set,own-domain,0.1,322,0.05989850523229395,fedavg,ctk-median-minus-ctk-mean,
replication-set,federation-wide,0.1,322,0.035800114026846463,fedavg,ctk-median-minus-ctk-mean,
replication-set,own-domain,0.01,323,-0.025330795722312838,fedavg,ctk-median-minus-ctk-mean,
replication-set,federation-wide,0.01,323,-0.02949523864507278,fedavg,ctk-median-minus-ctk-mean,
replication-set,own-domain,0.05,323,0.013771955477837994,fedavg,ctk-median-minus-ctk-mean,
replication-set,federation-wide,0.05,323,0.056603241700783125,fedavg,ctk-median-minus-ctk-mean,
replication-set,own-domain,0.1,323,-0.0020598032311455183,fedavg,ctk-median-minus-ctk-mean,
replication-set,federation-wide,0.1,323,-0.004709116948457437,fedavg,ctk-median-minus-ctk-mean,
replication-set,own-domain,0.01,324,-0.029200936743122546,fedavg,ctk-median-minus-ctk-mean,
replication-set,federation-wide,0.01,324,-0.01874643424108227,fedavg,ctk-median-minus-ctk-mean,
replication-set,own-domain,0.05,324,0.11938681453858951,fedavg,ctk-median-minus-ctk-mean,
replication-set,federation-wide,0.05,324,0.0805108766269616,fedavg,ctk-median-minus-ctk-mean,
replication-set,own-domain,0.1,324,0.02424250441085085,fedavg,ctk-median-minus-ctk-mean,
replication-set,federation-wide,0.1,324,0.04054771755004105,fedavg,ctk-median-minus-ctk-mean,
replication-set,own-domain,0.01,325,-0.00920421525261568,fedavg,ctk-median-minus-ctk-mean,
replication-set,federation-wide,0.01,325,-0.03438293722029398,fedavg,ctk-median-minus-ctk-mean,
replication-set,own-domain,0.05,325,0.1970080405312868,fedavg,ctk-median-minus-ctk-mean,
replication-set,federation-wide,0.05,325,0.10139112421183893,fedavg,ctk-median-minus-ctk-mean,
replication-set,own-domain,0.1,325,-0.013584919612380841,fedavg,ctk-median-minus-ctk-mean,
replication-set,federation-wide,0.1,325,0.0023280161867913485,fedavg,ctk-median-minus-ctk-mean,
replication-set,own-domain,0.01,326,-0.0014550029969546546,fedavg,ctk-median-minus-ctk-mean,
replication-set,federation-wide,0.01,326,0.002247583548918769,fedavg,ctk-median-minus-ctk-mean,
replication-set,own-domain,0.05,326,0.0623010515412431,fedavg,ctk-median-minus-ctk-mean,
replication-set,federation-wide,0.05,326,0.06042737072847387,fedavg,ctk-median-minus-ctk-mean,
replication-set,own-domain,0.1,326,0.07591493594236015,fedavg,ctk-median-minus-ctk-mean,
replication-set,federation-wide,0.1,326,0.06566620659327788,fedavg,ctk-median-minus-ctk-mean,
replication-set,own-domain,0.01,327,0.02468494013862632,fedavg,ctk-median-minus-ctk-mean,
replication-set,federation-wide,0.01,327,-0.004235276731576698,fedavg,ctk-median-minus-ctk-mean,
replication-set,own-domain,0.05,327,0.143042057581457,fedavg,ctk-median-minus-ctk-mean,
replication-set,federation-wide,0.05,327,0.10249179702040573,fedavg,ctk-median-minus-ctk-mean,
replication-set,own-domain,0.1,327,0.0019206456963657415,fedavg,ctk-median-minus-ctk-mean,
replication-set,federation-wide,0.1,327,-0.0020792798211424213,fedavg,ctk-median-minus-ctk-mean,
replication-set,own-domain,0.01,328,0.041803216793777825,fedavg,ctk-median-minus-ctk-mean,
replication-set,federation-wide,0.01,328,0.05753441453807259,fedavg,ctk-median-minus-ctk-mean,
replication-set,own-domain,0.05,328,0.08421147720249123,fedavg,ctk-median-minus-ctk-mean,
replication-set,federation-wide,0.05,328,0.07932565623895516,fedavg,ctk-median-minus-ctk-mean,
replication-set,own-domain,0.1,328,-0.03238088046515142,fedavg,ctk-median-minus-ctk-mean,
replication-set,federation-wide,0.1,328,-0.011083016734760642,fedavg,ctk-median-minus-ctk-mean,
replication-set,federation-wide,0.01,329,-0.07792775943967079,fedavg,ctk-median-minus-ctk-mean,
replication-set,federation-wide,0.05,329,0.0675006245677443,fedavg,ctk-median-minus-ctk-mean,
replication-set,federation-wide,0.1,329,0.0025767622636884147,fedavg,ctk-median-minus-ctk-mean,
replication-set,own-domain,0.01,329,-0.05974215842636896,fedavg,ctk-median-minus-ctk-mean,
replication-set,own-domain,0.05,329,0.26444275336848744,fedavg,ctk-median-minus-ctk-mean,
replication-set,own-domain,0.1,329,0.02568544018572394,fedavg,ctk-median-minus-ctk-mean,
