experiment,seed,client,family,population,trials,peer_support,target_support_peer_present,target_support_full,centroid-distance-to-known-malware,nearest-known-family-distance,max-jaccard-to-known-family,fraction-active-features-known,distance-to-benign-centroid,learner,local_recall,peer_recall,absent_recall,full_recall,central_full_recall,ctk,pooling,total,headroom,residual_gap,evidence_class
controlled-exposure,100,play-early,airpush,own-domain,2012,193,0,179,3.4851187591887043,2.0991970287522332,0.6842105263157895,0.7291666666666666,3.5695988211341505,fedavg,0.6714711729622267,0.768389662027833,0.621272365805169,0.8936381709741551,0.908051689860835,0.147117296222664,-0.05019880715705771,0.0969184890656063,0.2221669980119284,0.1252485089463221,C-post-confirmatory-evidence-preserving
controlled-exposure,100,play-early,airpush,federation-wide,2433,193,0,179,3.4851187591887043,2.0991970287522332,0.6842105263157895,0.7291666666666666,3.5695988211341505,fedavg,0.7106452938758734,0.7994245787094123,0.6748869708179203,0.9046444718454583,0.917796958487464,0.12453760789149204,-0.03575832305795312,0.08877928483353892,0.19399917796958488,0.10521989313604596,C-post-confirmatory-evidence-preserving
controlled-exposure,100,play-late,revmob,own-domain,18,60,0,0,5.150450689927201,3.7406211281164725,0.45145631067961167,0.49295774647887325,5.838510013955065,fedavg,0.3888888888888889,0.6111111111111112,0.16666666666666666,0.6666666666666666,0.7777777777777778,0.44444444444444453,-0.22222222222222224,0.22222222222222227,0.27777777777777773,0.05555555555555547,C-post-confirmatory-evidence-preserving
controlled-exposure,100,play-late,revmob,federation-wide,600,60,0,0,5.150450689927201,3.7406211281164725,0.45145631067961167,0.49295774647887325,5.838510013955065,fedavg,0.5766666666666667,0.69,0.23,0.6816666666666666,0.8416666666666667,0.45999999999999996,-0.3466666666666667,0.11333333333333329,0.10499999999999998,-0.008333333333333304,C-post-confirmatory-evidence-preserving
controlled-exposure,100,anzhi,dowgin,own-domain,6190,107,0,1590,2.08556945685487,1.3005105720572308,0.7654320987654321,0.7464788732394366,2.0183812589522474,fedavg,0.8294022617124395,0.7116316639741519,0.6644588045234249,0.6935379644588046,0.7453957996768982,0.04717285945072702,-0.1649434571890146,-0.11777059773828757,-0.1358642972536349,-0.01809369951534734,C-post-confirmatory-evidence-preserving
controlled-exposure,100,anzhi,dowgin,federation-wide,6428,107,0,1590,2.08556945685487,1.3005105720572308,0.7654320987654321,0.7464788732394366,2.0183812589522474,fedavg,0.8167392657125078,0.6981953951462352,0.6502800248911015,0.6785936527691351,0.7286869943995021,0.047915370255133705,-0.16645924082140628,-0.11854387056627258,-0.1381456129433727,-0.019601742377100106,C-post-confirmatory-evidence-preserving
controlled-exposure,100,anzhi,adwo,own-domain,152,296,0,30,3.813113461888963,1.883897404966985,0.7572815533980582,0.5402298850574713,3.411052194722788,fedavg,0.5328947368421053,0.5263157894736842,0.4342105263157895,0.5921052631578947,0.4342105263157895,0.09210526315789469,-0.09868421052631582,-0.006578947368421129,0.05921052631578938,0.06578947368421051,C-post-confirmatory-evidence-preserving
controlled-exposure,100,anzhi,adwo,federation-wide,846,296,0,30,3.813113461888963,1.883897404966985,0.7572815533980582,0.5402298850574713,3.411052194722788,fedavg,0.6666666666666666,0.5685579196217494,0.367612293144208,0.5898345153664303,0.367612293144208,0.20094562647754138,-0.2990543735224586,-0.09810874704491723,-0.07683215130023635,0.021276595744680882,C-post-confirmatory-evidence-preserving
controlled-exposure,100,appchina,gappusin,own-domain,1080,113,0,368,2.652702759539863,1.306466877398803,0.6904761904761905,0.7323943661971831,1.6813163749483737,fedavg,0.21944444444444444,0.275,0.22037037037037038,0.42407407407407405,0.4361111111111111,0.05462962962962964,0.0009259259259259411,0.05555555555555558,0.2046296296296296,0.14907407407407403,C-post-confirmatory-evidence-preserving
controlled-exposure,100,appchina,gappusin,federation-wide,1429,113,0,368,2.652702759539863,1.306466877398803,0.6904761904761905,0.7323943661971831,1.6813163749483737,fedavg,0.2554233729881036,0.2834149755073478,0.2344296710986704,0.3995801259622113,0.4079776067179846,0.04898530440867738,-0.02099370188943317,0.027991602519244208,0.14415675297410774,0.11616515045486353,C-post-confirmatory-evidence-preserving
controlled-exposure,100,appchina,leadbolt,own-domain,91,78,0,23,3.981286916447268,2.0182842283527456,0.704225352112676,0.36936936936936937,2.6161230405295353,fedavg,0.4065934065934066,0.5494505494505495,0.32967032967032966,0.5714285714285714,0.6373626373626373,0.21978021978021983,-0.07692307692307693,0.1428571428571429,0.1648351648351648,0.0219780219780219,C-post-confirmatory-evidence-preserving
controlled-exposure,100,appchina,leadbolt,federation-wide,842,78,0,23,3.981286916447268,2.0182842283527456,0.704225352112676,0.36936936936936937,2.6161230405295353,fedavg,0.18052256532066507,0.502375296912114,0.14726840855106887,0.5605700712589073,0.5344418052256532,0.35510688836104515,-0.0332541567695962,0.32185273159144895,0.38004750593824227,0.05819477434679332,C-post-confirmatory-evidence-preserving
controlled-exposure,100,appchina,hiddad,own-domain,10,45,0,5,5.729453977641854,4.820659845493026,0.4078014184397163,0.20233463035019456,5.056905652441987,fedavg,0.6,0.6,0.6,0.6,0.6,0.0,0.0,0.0,0.0,0.0,C-post-confirmatory-evidence-preserving
controlled-exposure,100,appchina,hiddad,federation-wide,337,45,0,5,5.729453977641854,4.820659845493026,0.4078014184397163,0.20233463035019456,5.056905652441987,fedavg,0.4332344213649852,0.27596439169139464,0.21364985163204747,0.27596439169139464,0.1572700296735905,0.06231454005934717,-0.21958456973293772,-0.15727002967359055,-0.15727002967359055,0.0,C-post-confirmatory-evidence-preserving
controlled-exposure,101,play-early,airpush,own-domain,1351,170,0,210,3.6107089350448907,2.4148124748939077,0.6065573770491803,0.7010309278350515,3.5512908551086424,fedavg,0.689859363434493,0.765358993338268,0.6817172464840858,0.8971132494448557,0.8860103626943006,0.08364174685418213,-0.008142116950407119,0.07549962990377501,0.20725388601036276,0.13175425610658775,C-post-confirmatory-evidence-preserving
controlled-exposure,101,play-early,airpush,federation-wide,1864,170,0,210,3.6107089350448907,2.4148124748939077,0.6065573770491803,0.7010309278350515,3.5512908551086424,fedavg,0.7483905579399142,0.8213519313304721,0.7473175965665236,0.9189914163090128,0.903969957081545,0.0740343347639485,-0.0010729613733905241,0.07296137339055797,0.17060085836909866,0.09763948497854069,C-post-confirmatory-evidence-preserving
controlled-exposure,101,play-early,adwo,own-domain,9,354,0,3,4.109313286596289,2.3644355221296895,0.6458333333333334,0.6777777777777778,4.017826368614283,fedavg,1.0,1.0,0.8888888888888888,1.0,1.0,0.11111111111111116,-0.11111111111111116,0.0,0.0,0.0,C-post-confirmatory-evidence-preserving
controlled-exposure,101,play-early,adwo,federation-wide,913,354,0,3,4.109313286596289,2.3644355221296895,0.6458333333333334,0.6777777777777778,4.017826368614283,fedavg,0.8948521358159912,0.9627601314348302,0.9036144578313253,0.9627601314348302,0.9780941949616648,0.05914567360350487,0.008762322015334112,0.06790799561883898,0.06790799561883898,0.0,C-post-confirmatory-evidence-preserving
controlled-exposure,101,play-late,leadbolt,own-domain,20,112,0,1,3.9232248103375995,3.275301705074222,0.41139240506329117,0.5392156862745098,5.068889159191522,fedavg,0.0,0.75,0.5,0.75,0.8,0.25,0.5,0.75,0.75,0.0,C-post-confirmatory-evidence-preserving
controlled-exposure,101,play-late,leadbolt,federation-wide,885,112,0,1,3.9232248103375995,3.275301705074222,0.41139240506329117,0.5392156862745098,5.068889159191522,fedavg,0.3016949152542373,0.8384180790960452,0.5548022598870056,0.8576271186440678,0.847457627118644,0.28361581920903955,0.2531073446327683,0.5367231638418078,0.5559322033898305,0.019209039548022666,C-post-confirmatory-evidence-preserving
controlled-exposure,101,play-late,revmob,own-domain,15,65,0,2,4.938966106603984,3.870402736901703,0.4782608695652174,0.4105960264900662,5.74174572139714,fedavg,0.26666666666666666,0.6,0.06666666666666667,0.6666666666666666,0.6666666666666666,0.5333333333333333,-0.2,0.3333333333333333,0.39999999999999997,0.06666666666666665,C-post-confirmatory-evidence-preserving
controlled-exposure,101,play-late,revmob,federation-wide,654,65,0,2,4.938966106603984,3.870402736901703,0.4782608695652174,0.4105960264900662,5.74174572139714,fedavg,0.5428134556574924,0.8425076452599388,0.3103975535168196,0.8853211009174312,0.8944954128440367,0.5321100917431192,-0.23241590214067281,0.2996941896024464,0.3425076452599388,0.042813455657492394,C-post-confirmatory-evidence-preserving
controlled-exposure,101,play-late,hiddad,own-domain,376,21,0,20,2.9649486494307045,2.6721930932744447,0.5019157088122606,0.5784313725490197,4.125983466437819,fedavg,0.1675531914893617,0.19414893617021275,0.20212765957446807,0.8058510638297872,0.8404255319148937,-0.007978723404255317,0.034574468085106363,0.026595744680851047,0.6382978723404256,0.6117021276595744,C-post-confirmatory-evidence-preserving
controlled-exposure,101,play-late,hiddad,federation-wide,486,21,0,20,2.9649486494307045,2.6721930932744447,0.5019157088122606,0.5784313725490197,4.125983466437819,fedavg,0.2654320987654321,0.2880658436213992,0.2777777777777778,0.7757201646090535,0.7962962962962963,0.010288065843621408,0.012345679012345678,0.022633744855967086,0.5102880658436213,0.48765432098765427,C-post-confirmatory-evidence-preserving
controlled-exposure,101,appchina,dowgin,own-domain,241,1648,0,107,2.951322946828574,2.047622625162184,0.5544554455445545,0.5844155844155844,2.2541032833582855,fedavg,0.5518672199170125,0.5020746887966805,0.4896265560165975,0.5311203319502075,0.7302904564315352,0.012448132780082999,-0.062240663900414994,-0.049792531120331995,-0.020746887966805017,0.02904564315352698,C-post-confirmatory-evidence-preserving
controlled-exposure,101,appchina,dowgin,federation-wide,5745,1648,0,107,2.951322946828574,2.047622625162184,0.5544554455445545,0.5844155844155844,2.2541032833582855,fedavg,0.6762402088772846,0.7613577023498694,0.7378590078328982,0.7671018276762402,0.8814621409921671,0.023498694516971286,0.06161879895561351,0.0851174934725848,0.0908616187989556,0.005744125326370808,C-post-confirmatory-evidence-preserving
controlled-exposure,101,appchina,gappusin,own-domain,1312,108,0,304,2.7346381548085414,1.4893694917137508,0.7037037037037037,0.7183098591549296,1.6977573991927424,fedavg,0.3978658536585366,0.3231707317073171,0.2736280487804878,0.5457317073170732,0.5403963414634146,0.049542682926829285,-0.12423780487804881,-0.07469512195121952,0.1478658536585366,0.22256097560975613,C-post-confirmatory-evidence-preserving
controlled-exposure,101,appchina,gappusin,federation-wide,1624,108,0,304,2.7346381548085414,1.4893694917137508,0.7037037037037037,0.7183098591549296,1.6977573991927424,fedavg,0.38485221674876846,0.31527093596059114,0.2666256157635468,0.5012315270935961,0.5258620689655172,0.04864532019704432,-0.11822660098522164,-0.06958128078817732,0.11637931034482762,0.18596059113300495,C-post-confirmatory-evidence-preserving
controlled-exposure,102,play-early,airpush,own-domain,1718,168,0,161,3.6839100903277524,2.1883670377063194,0.6101694915254238,0.6276595744680851,3.5711539155687047,fedavg,0.7485448195576252,0.7549476135040745,0.6862630966239813,0.8271245634458673,0.9318975552968568,0.06868451688009314,-0.06228172293364387,0.00640279394644927,0.07857974388824207,0.0721769499417928,C-post-confirmatory-evidence-preserving
controlled-exposure,102,play-early,airpush,federation-wide,2173,168,0,161,3.6839100903277524,2.1883670377063194,0.6101694915254238,0.6276595744680851,3.5711539155687047,fedavg,0.7758858720662678,0.7896916705016107,0.7326277036355269,0.849516797054763,0.9383341003221353,0.05706396686608384,-0.04325816843074093,0.013805798435342909,0.07363092498849522,0.05982512655315231,C-post-confirmatory-evidence-preserving
controlled-exposure,102,play-late,leadbolt,own-domain,17,98,0,0,3.8826380211670006,2.85415909632965,0.48554913294797686,0.5855855855855856,4.943091454128165,fedavg,0.5882352941176471,0.7647058823529411,0.058823529411764705,0.7647058823529411,0.8235294117647058,0.7058823529411764,-0.5294117647058824,0.17647058823529405,0.17647058823529405,0.0,C-post-confirmatory-evidence-preserving
controlled-exposure,102,play-late,leadbolt,federation-wide,738,98,0,0,3.8826380211670006,2.85415909632965,0.48554913294797686,0.5855855855855856,4.943091454128165,fedavg,0.45121951219512196,0.8956639566395664,0.521680216802168,0.9132791327913279,0.9607046070460704,0.3739837398373984,0.07046070460704607,0.4444444444444445,0.4620596205962059,0.017615176151761447,C-post-confirmatory-evidence-preserving
controlled-exposure,102,anzhi,dowgin,own-domain,4891,99,0,1549,2.152754001084323,1.2112050233989897,0.7534246575342466,0.78125,2.008933258936978,fedavg,0.7309343692496422,0.5951748108771212,0.6573297894091188,0.6405643017787773,0.7111020241259456,-0.062154978531997584,-0.07360457984052338,-0.13575955837252096,-0.09037006747086485,0.045389490901656115,C-post-confirmatory-evidence-preserving
controlled-exposure,102,anzhi,dowgin,federation-wide,5125,99,0,1549,2.152754001084323,1.2112050233989897,0.7534246575342466,0.78125,2.008933258936978,fedavg,0.720780487804878,0.5802926829268292,0.6435121951219512,0.6269268292682927,0.696,-0.06321951219512201,-0.07726829268292679,-0.1404878048780488,-0.09385365853658534,0.046634146341463456,C-post-confirmatory-evidence-preserving
controlled-exposure,102,anzhi,gappusin,own-domain,286,363,0,80,2.8981241462928384,1.4121065479788315,0.6862745098039216,0.5945945945945946,2.38767404950206,fedavg,0.2902097902097902,0.0944055944055944,0.21328671328671328,0.22727272727272727,0.34265734265734266,-0.11888111888111888,-0.07692307692307693,-0.1958041958041958,-0.06293706293706294,0.13286713286713286,C-post-confirmatory-evidence-preserving
controlled-exposure,102,anzhi,gappusin,federation-wide,1369,363,0,80,2.8981241462928384,1.4121065479788315,0.6862745098039216,0.5945945945945946,2.38767404950206,fedavg,0.24032140248356465,0.15266617969320673,0.17823228634039445,0.20964207450693936,0.24616508400292184,-0.025566106647187725,-0.0620891161431702,-0.08765522279035792,-0.030679327976625287,0.056975894813732636,C-post-confirmatory-evidence-preserving
controlled-exposure,102,anzhi,adwo,own-domain,99,291,0,37,3.8548309982774875,1.7953493970585166,0.7403846153846154,0.5348837209302325,3.3735648497755863,fedavg,0.5656565656565656,0.43434343434343436,0.4444444444444444,0.46464646464646464,0.494949494949495,-0.010101010101010055,-0.12121212121212122,-0.13131313131313127,-0.101010101010101,0.030303030303030276,C-post-confirmatory-evidence-preserving
controlled-exposure,102,anzhi,adwo,federation-wide,834,291,0,37,3.8548309982774875,1.7953493970585166,0.7403846153846154,0.5348837209302325,3.3735648497755863,fedavg,0.5695443645083933,0.328537170263789,0.3489208633093525,0.39688249400479614,0.3345323741007194,-0.020383693045563533,-0.22062350119904078,-0.24100719424460432,-0.17266187050359716,0.06834532374100716,C-post-confirmatory-evidence-preserving
controlled-exposure,102,anzhi,hiddad,own-domain,8,39,0,4,5.872342581643335,5.5882110841122685,0.22413793103448276,0.20622568093385213,5.676284384631803,fedavg,0.75,0.875,0.75,1.0,0.875,0.125,0.0,0.125,0.25,0.125,C-post-confirmatory-evidence-preserving
controlled-exposure,102,anzhi,hiddad,federation-wide,258,39,0,4,5.872342581643335,5.5882110841122685,0.22413793103448276,0.20622568093385213,5.676284384631803,fedavg,0.2713178294573643,0.3178294573643411,0.2868217054263566,0.32558139534883723,0.2558139534883721,0.031007751937984496,0.015503875968992276,0.04651162790697677,0.05426356589147291,0.007751937984496138,C-post-confirmatory-evidence-preserving
controlled-exposure,102,appchina,revmob,own-domain,16,66,0,4,5.136740134856688,3.4412326628859993,0.49390243902439024,0.2605633802816901,4.025907369461369,fedavg,0.125,0.25,0.0625,0.1875,0.125,0.1875,-0.0625,0.125,0.0625,-0.0625,C-post-confirmatory-evidence-preserving
controlled-exposure,102,appchina,revmob,federation-wide,432,66,0,4,5.136740134856688,3.4412326628859993,0.49390243902439024,0.2605633802816901,4.025907369461369,fedavg,0.08333333333333333,0.27546296296296297,0.07175925925925926,0.26851851851851855,0.23148148148148148,0.20370370370370372,-0.01157407407407407,0.19212962962962965,0.18518518518518523,-0.00694444444444442,C-post-confirmatory-evidence-preserving
controlled-exposure,103,play-early,dowgin,own-domain,18,1775,0,0,3.8041273025528803,1.98864549209988,0.48148148148148145,0.6025641025641025,3.5334382283962453,fedavg,0.5,0.5555555555555556,0.8333333333333334,0.5,0.6666666666666666,-0.2777777777777778,0.33333333333333337,0.05555555555555558,0.0,-0.05555555555555558,C-post-confirmatory-evidence-preserving
controlled-exposure,103,play-early,dowgin,federation-wide,5418,1775,0,0,3.8041273025528803,1.98864549209988,0.48148148148148145,0.6025641025641025,3.5334382283962453,fedavg,0.5441122185308231,0.9187892211148025,0.9112218530823182,0.9042081949058693,0.9868955334071613,0.007567368032484367,0.36710963455149503,0.3746770025839794,0.3600959763750462,-0.014581026208933201,C-post-confirmatory-evidence-preserving
controlled-exposure,103,play-early,leadbolt,own-domain,744,33,0,67,2.5964333920376172,1.8748948030139825,0.6587301587301587,0.7087378640776699,2.5338378445992,fedavg,0.5658602150537635,0.5967741935483871,0.39919354838709675,0.7728494623655914,0.7916666666666666,0.19758064516129037,-0.16666666666666674,0.03091397849462363,0.20698924731182788,0.17607526881720426,C-post-confirmatory-evidence-preserving
controlled-exposure,103,play-early,leadbolt,federation-wide,909,33,0,67,2.5964333920376172,1.8748948030139825,0.6587301587301587,0.7087378640776699,2.5338378445992,fedavg,0.5379537953795379,0.6248624862486248,0.40374037403740376,0.7865786578657866,0.8195819581958196,0.22112211221122108,-0.13421342134213415,0.08690869086908692,0.2486248624862487,0.16171617161716179,C-post-confirmatory-evidence-preserving
controlled-exposure,103,anzhi,adwo,own-domain,130,314,0,36,3.6022754440995732,1.9478803385713612,0.7272727272727273,0.5227272727272727,3.4354561177608662,fedavg,0.676923076923077,0.6846153846153846,0.6615384615384615,0.7,0.7538461538461538,0.023076923076923106,-0.015384615384615441,0.007692307692307665,0.023076923076922995,0.01538461538461533,C-post-confirmatory-evidence-preserving
controlled-exposure,103,anzhi,adwo,federation-wide,808,314,0,36,3.6022754440995732,1.9478803385713612,0.7272727272727273,0.5227272727272727,3.4354561177608662,fedavg,0.693069306930693,0.7425742574257426,0.6918316831683168,0.7685643564356436,0.7797029702970297,0.05074257425742579,-0.0012376237623762387,0.04950495049504955,0.07549504950495056,0.025990099009901013,C-post-confirmatory-evidence-preserving
controlled-exposure,103,appchina,airpush,own-domain,417,172,0,137,3.7882547414294767,2.023658234833949,0.6446280991735537,0.3888888888888889,2.4177388064639636,fedavg,0.8201438848920863,0.9904076738609112,0.9856115107913669,0.9904076738609112,0.9832134292565947,0.004796163069544335,0.16546762589928055,0.17026378896882488,0.17026378896882488,0.0,C-post-confirmatory-evidence-preserving
controlled-exposure,103,appchina,airpush,federation-wide,3033,172,0,137,3.7882547414294767,2.023658234833949,0.6446280991735537,0.3888888888888889,2.4177388064639636,fedavg,0.4599406528189911,0.6775469831849654,0.506429277942631,0.6851302340916584,0.6617210682492581,0.17111770524233438,0.04648862512363994,0.21760633036597432,0.2251895812726673,0.007583250906692984,C-post-confirmatory-evidence-preserving
controlled-exposure,103,appchina,gappusin,own-domain,1372,108,0,315,2.706353908518728,1.3213861446626298,0.7435897435897436,0.6911764705882353,1.7028369208145242,fedavg,0.25801749271137026,0.1989795918367347,0.1727405247813411,0.23760932944606414,0.2922740524781341,0.026239067055393583,-0.08527696793002915,-0.05903790087463556,-0.020408163265306117,0.038629737609329445,C-post-confirmatory-evidence-preserving
controlled-exposure,103,appchina,gappusin,federation-wide,1705,108,0,315,2.706353908518728,1.3213861446626298,0.7435897435897436,0.6911764705882353,1.7028369208145242,fedavg,0.2785923753665689,0.20821114369501467,0.18299120234604105,0.24574780058651027,0.2961876832844575,0.025219941348973623,-0.09560117302052784,-0.07038123167155422,-0.032844574780058616,0.0375366568914956,C-post-confirmatory-evidence-preserving
controlled-exposure,103,appchina,revmob,own-domain,18,59,0,4,5.375202641253769,3.5754285862434068,0.5055555555555555,0.2589928057553957,4.150689673214761,fedavg,0.2777777777777778,0.2777777777777778,0.05555555555555555,0.2777777777777778,0.2777777777777778,0.22222222222222224,-0.22222222222222224,0.0,0.0,0.0,C-post-confirmatory-evidence-preserving
controlled-exposure,103,appchina,revmob,federation-wide,560,59,0,4,5.375202641253769,3.5754285862434068,0.5055555555555555,0.2589928057553957,4.150689673214761,fedavg,0.10714285714285714,0.37857142857142856,0.08571428571428572,0.425,0.29642857142857143,0.2928571428571428,-0.021428571428571422,0.2714285714285714,0.31785714285714284,0.04642857142857143,C-post-confirmatory-evidence-preserving
controlled-exposure,103,appchina,hiddad,own-domain,8,25,0,4,4.9911104136291975,4.025805892242939,0.45321637426900585,0.1893687707641196,4.2428332222769525,fedavg,0.5,0.5,0.5,0.5,0.5,0.0,0.0,0.0,0.0,0.0,C-post-confirmatory-evidence-preserving
controlled-exposure,103,appchina,hiddad,federation-wide,327,25,0,4,4.9911104136291975,4.025805892242939,0.45321637426900585,0.1893687707641196,4.2428332222769525,fedavg,0.17737003058103976,0.24770642201834864,0.22629969418960244,0.24770642201834864,0.16819571865443425,0.021406727828746197,0.048929663608562685,0.07033639143730888,0.07033639143730888,0.0,C-post-confirmatory-evidence-preserving
controlled-exposure,104,play-early,airpush,own-domain,1744,191,0,148,3.7493103014545297,2.241236129794068,0.628099173553719,0.6039603960396039,3.600398990467054,fedavg,0.5275229357798165,0.6100917431192661,0.5642201834862385,0.7889908256880734,0.8629587155963303,0.04587155963302758,0.03669724770642202,0.0825688073394496,0.261467889908257,0.17889908256880738,C-post-confirmatory-evidence-preserving
controlled-exposure,104,play-early,airpush,federation-wide,2316,191,0,148,3.7493103014545297,2.241236129794068,0.628099173553719,0.6039603960396039,3.600398990467054,fedavg,0.6049222797927462,0.6787564766839378,0.6420552677029361,0.8186528497409327,0.8734887737478411,0.03670120898100171,0.03713298791018993,0.07383419689119164,0.2137305699481865,0.13989637305699487,C-post-confirmatory-evidence-preserving
controlled-exposure,104,play-early,adwo,own-domain,31,353,0,5,4.109929942677416,2.3535712314597914,0.6526315789473685,0.5393258426966292,4.0108563361087475,fedavg,0.7741935483870968,0.8709677419354839,0.7741935483870968,0.8709677419354839,0.9032258064516129,0.09677419354838712,0.0,0.09677419354838712,0.09677419354838712,0.0,C-post-confirmatory-evidence-preserving
controlled-exposure,104,play-early,adwo,federation-wide,871,353,0,5,4.109929942677416,2.3535712314597914,0.6526315789473685,0.5393258426966292,4.0108563361087475,fedavg,0.7577497129735936,0.9161882893226176,0.8082663605051664,0.8874856486796785,0.9506314580941446,0.10792192881745122,0.05051664753157281,0.15843857634902403,0.12973593570608488,-0.028702640642939148,C-post-confirmatory-evidence-preserving
controlled-exposure,104,play-early,hiddad,own-domain,136,32,0,14,4.6659544508935875,4.13905551491588,0.43333333333333335,0.24838709677419354,4.242900129096811,fedavg,0.19117647058823528,0.38235294117647056,0.3602941176470588,0.4338235294117647,0.49264705882352944,0.022058823529411742,0.16911764705882354,0.19117647058823528,0.24264705882352944,0.05147058823529416,C-post-confirmatory-evidence-preserving
controlled-exposure,104,play-early,hiddad,federation-wide,568,32,0,14,4.6659544508935875,4.13905551491588,0.43333333333333335,0.24838709677419354,4.242900129096811,fedavg,0.10211267605633803,0.22359154929577466,0.198943661971831,0.23415492957746478,0.2517605633802817,0.024647887323943657,0.09683098591549297,0.12147887323943662,0.13204225352112675,0.010563380281690127,C-post-confirmatory-evidence-preserving
controlled-exposure,104,anzhi,leadbolt,own-domain,15,91,0,6,3.3967712421433456,2.7419227348830546,0.5658914728682171,0.4766355140186916,3.195453427419076,fedavg,0.13333333333333333,0.26666666666666666,0.26666666666666666,0.26666666666666666,0.3333333333333333,0.0,0.13333333333333333,0.13333333333333333,0.13333333333333333,0.0,C-post-confirmatory-evidence-preserving
controlled-exposure,104,anzhi,leadbolt,federation-wide,875,91,0,6,3.3967712421433456,2.7419227348830546,0.5658914728682171,0.4766355140186916,3.195453427419076,fedavg,0.07542857142857143,0.296,0.11657142857142858,0.32,0.25942857142857145,0.1794285714285714,0.04114285714285715,0.22057142857142856,0.24457142857142858,0.02400000000000002,C-post-confirmatory-evidence-preserving
controlled-exposure,104,appchina,dowgin,own-domain,297,1558,0,81,2.862305910177519,2.0179177711483276,0.53,0.6052631578947368,2.25963881803825,fedavg,0.6565656565656566,0.5286195286195287,0.4713804713804714,0.4377104377104377,0.6195286195286195,0.057239057239057256,-0.18518518518518517,-0.12794612794612792,-0.21885521885521886,-0.09090909090909094,C-post-confirmatory-evidence-preserving
controlled-exposure,104,appchina,dowgin,federation-wide,6892,1558,0,81,2.862305910177519,2.0179177711483276,0.53,0.6052631578947368,2.25963881803825,fedavg,0.5311955890887986,0.6242019733023796,0.6040336622170632,0.562536273940801,0.7948345908299478,0.02016831108531636,0.07283807312826462,0.09300638421358098,0.031340684852002365,-0.06166569936157862,C-post-confirmatory-evidence-preserving
controlled-exposure,104,appchina,gappusin,own-domain,1150,81,0,329,2.5983188699117292,1.3957622954332451,0.6931818181818182,0.7361111111111112,1.6227378860692006,fedavg,0.49478260869565216,0.38869565217391305,0.28695652173913044,0.41130434782608694,0.42869565217391303,0.10173913043478261,-0.20782608695652172,-0.1060869565217391,-0.08347826086956522,0.022608695652173882,C-post-confirmatory-evidence-preserving
controlled-exposure,104,appchina,gappusin,federation-wide,1505,81,0,329,2.5983188699117292,1.3957622954332451,0.6931818181818182,0.7361111111111112,1.6227378860692006,fedavg,0.4611295681063123,0.34418604651162793,0.26112956810631227,0.36146179401993356,0.3946843853820598,0.08305647840531566,-0.2,-0.11694352159468435,-0.09966777408637872,0.017275747508305628,C-post-confirmatory-evidence-preserving
controlled-exposure,104,appchina,revmob,own-domain,23,46,0,4,4.633267890303643,2.517907382573409,0.5277777777777778,0.271523178807947,3.3137832016755757,fedavg,0.13043478260869565,0.21739130434782608,0.0,0.17391304347826086,0.34782608695652173,0.21739130434782608,-0.13043478260869565,0.08695652173913043,0.043478260869565216,-0.043478260869565216,C-post-confirmatory-evidence-preserving
controlled-exposure,104,appchina,revmob,federation-wide,620,46,0,4,4.633267890303643,2.517907382573409,0.5277777777777778,0.271523178807947,3.3137832016755757,fedavg,0.07580645161290323,0.35161290322580646,0.06290322580645161,0.3193548387096774,0.2435483870967742,0.2887096774193548,-0.012903225806451618,0.27580645161290324,0.24354838709677418,-0.03225806451612906,C-post-confirmatory-evidence-preserving
controlled-exposure,105,play-early,gappusin,own-domain,44,496,0,3,3.381154180431505,2.0752116733448007,0.5,0.6197183098591549,3.35721108975858,fedavg,0.7045454545454546,0.6818181818181818,0.7272727272727273,0.6590909090909091,0.7954545454545454,-0.045454545454545525,0.022727272727272707,-0.022727272727272818,-0.045454545454545525,-0.022727272727272707,C-post-confirmatory-evidence-preserving
controlled-exposure,105,play-early,gappusin,federation-wide,1572,496,0,3,3.381154180431505,2.0752116733448007,0.5,0.6197183098591549,3.35721108975858,fedavg,0.44592875318066155,0.7372773536895675,0.6342239185750637,0.688295165394402,0.8912213740458015,0.10305343511450382,0.1882951653944021,0.29134860050890593,0.2423664122137405,-0.04898218829516543,C-post-confirmatory-evidence-preserving
controlled-exposure,105,play-late,leadbolt,own-domain,57,96,0,3,3.8853568017431064,3.176738578054425,0.3577586206896552,0.5673076923076923,5.05584849910753,fedavg,0.8596491228070176,0.9298245614035088,0.08771929824561403,0.9298245614035088,0.9649122807017544,0.8421052631578947,-0.7719298245614035,0.07017543859649122,0.07017543859649122,0.0,C-post-confirmatory-evidence-preserving
controlled-exposure,105,play-late,leadbolt,federation-wide,905,96,0,3,3.8853568017431064,3.176738578054425,0.3577586206896552,0.5673076923076923,5.05584849910753,fedavg,0.5414364640883977,0.8430939226519337,0.5038674033149171,0.8541436464088398,0.8740331491712707,0.33922651933701664,-0.037569060773480656,0.301657458563536,0.31270718232044203,0.011049723756906049,C-post-confirmatory-evidence-preserving
controlled-exposure,105,play-late,revmob,own-domain,15,60,0,3,4.350887824887627,3.1075381681568355,0.4979253112033195,0.47333333333333333,5.341344042528846,fedavg,0.8666666666666667,0.4666666666666667,0.2,0.8666666666666667,1.0,0.26666666666666666,-0.6666666666666667,-0.4,0.0,0.4,C-post-confirmatory-evidence-preserving
controlled-exposure,105,play-late,revmob,federation-wide,944,60,0,3,4.350887824887627,3.1075381681568355,0.4979253112033195,0.47333333333333333,5.341344042528846,fedavg,0.20127118644067796,0.7701271186440678,0.1408898305084746,0.7722457627118644,0.8188559322033898,0.6292372881355932,-0.06038135593220337,0.5688559322033898,0.5709745762711864,0.0021186440677966045,C-post-confirmatory-evidence-preserving
controlled-exposure,105,anzhi,dowgin,own-domain,6165,80,0,1593,2.2311985397026333,1.3130135699321448,0.6976744186046512,0.7142857142857143,2.152547605159694,fedavg,0.8668288726682887,0.8452554744525548,0.8356853203568532,0.8394160583941606,0.8908353609083536,0.00957015409570161,-0.031143552311435507,-0.021573398215733897,-0.027412814274128117,-0.00583941605839422,C-post-confirmatory-evidence-preserving
controlled-exposure,105,anzhi,dowgin,federation-wide,6444,80,0,1593,2.2311985397026333,1.3130135699321448,0.6976744186046512,0.7142857142857143,2.152547605159694,fedavg,0.861421477343265,0.8390751086281812,0.8286778398510242,0.8322470515207946,0.883302296710118,0.010397268777157076,-0.03274363749224085,-0.022346368715083775,-0.02917442582247043,-0.006828057107386654,C-post-confirmatory-evidence-preserving
controlled-exposure,105,anzhi,adwo,own-domain,136,269,0,25,3.8627936540008085,1.9849666709944866,0.7352941176470589,0.5287356321839081,3.4507439837236333,fedavg,0.5661764705882353,0.6985294117647058,0.5882352941176471,0.7132352941176471,0.5588235294117647,0.11029411764705876,0.022058823529411797,0.13235294117647056,0.1470588235294118,0.014705882352941235,C-post-confirmatory-evidence-preserving
controlled-exposure,105,anzhi,adwo,federation-wide,1105,269,0,25,3.8627936540008085,1.9849666709944866,0.7352941176470589,0.5287356321839081,3.4507439837236333,fedavg,0.5619909502262443,0.6823529411764706,0.49049773755656106,0.6352941176470588,0.465158371040724,0.19185520361990954,-0.07149321266968328,0.12036199095022626,0.07330316742081444,-0.04705882352941182,C-post-confirmatory-evidence-preserving
controlled-exposure,105,anzhi,hiddad,own-domain,20,35,0,8,4.81946873042181,4.525167333252926,0.25333333333333335,0.2114695340501792,4.6294081615930684,fedavg,0.75,0.8,0.8,0.8,0.6,0.0,0.050000000000000044,0.050000000000000044,0.050000000000000044,0.0,C-post-confirmatory-evidence-preserving
controlled-exposure,105,anzhi,hiddad,federation-wide,598,35,0,8,4.81946873042181,4.525167333252926,0.25333333333333335,0.2114695340501792,4.6294081615930684,fedavg,0.6254180602006689,0.18561872909698995,0.17224080267558528,0.19230769230769232,0.14715719063545152,0.013377926421404673,-0.45317725752508364,-0.43979933110367897,-0.43311036789297663,0.0066889632107023644,C-post-confirmatory-evidence-preserving
controlled-exposure,105,appchina,airpush,own-domain,446,192,0,176,3.8712580507857774,2.414979170539053,0.5351351351351351,0.3103448275862069,2.7179832994710713,fedavg,0.9327354260089686,0.9910313901345291,0.9910313901345291,0.9910313901345291,0.9932735426008968,0.0,0.058295964125560484,0.058295964125560484,0.058295964125560484,0.0,C-post-confirmatory-evidence-preserving
controlled-exposure,105,appchina,airpush,federation-wide,2397,192,0,176,3.8712580507857774,2.414979170539053,0.5351351351351351,0.3103448275862069,2.7179832994710713,fedavg,0.5415102211097205,0.737171464330413,0.6166040884438881,0.6971214017521903,0.7179808093450146,0.12056737588652489,0.07509386733416767,0.19566124322069256,0.15561118064246982,-0.040050062578222745,C-post-confirmatory-evidence-preserving
controlled-exposure,106,play-early,airpush,own-domain,2032,185,0,138,3.7197674488783905,2.2117594272894445,0.6271186440677966,0.6129032258064516,3.6358809292489016,fedavg,0.5718503937007874,0.5866141732283464,0.5329724409448819,0.702755905511811,0.8134842519685039,0.05364173228346447,-0.03887795275590544,0.014763779527559029,0.1309055118110236,0.11614173228346458,C-post-confirmatory-evidence-preserving
controlled-exposure,106,play-early,airpush,federation-wide,2618,185,0,138,3.7197674488783905,2.2117594272894445,0.6271186440677966,0.6129032258064516,3.6358809292489016,fedavg,0.6226126814362108,0.6504965622612682,0.606951871657754,0.7417876241405653,0.8304048892284186,0.04354469060351418,-0.015660809778456852,0.027883880825057328,0.11917494270435447,0.09129106187929714,C-post-confirmatory-evidence-preserving
controlled-exposure,106,anzhi,adwo,own-domain,136,296,0,28,3.600484644805414,2.025218450603937,0.7070707070707071,0.5348837209302325,3.3358397887596984,fedavg,0.5220588235294118,0.4852941176470588,0.375,0.45588235294117646,0.29411764705882354,0.11029411764705882,-0.1470588235294118,-0.03676470588235298,-0.06617647058823534,-0.02941176470588236,C-post-confirmatory-evidence-preserving
controlled-exposure,106,anzhi,adwo,federation-wide,1076,296,0,28,3.600484644805414,2.025218450603937,0.7070707070707071,0.5348837209302325,3.3358397887596984,fedavg,0.7815985130111525,0.5799256505576208,0.3447955390334573,0.6245353159851301,0.23234200743494424,0.23513011152416352,-0.4368029739776952,-0.20167286245353166,-0.15706319702602234,0.044609665427509326,C-post-confirmatory-evidence-preserving
controlled-exposure,106,anzhi,leadbolt,own-domain,16,105,0,5,3.4366612171572064,2.8070121886899573,0.576,0.4537037037037037,3.2005698718007696,fedavg,0.3125,0.625,0.3125,0.625,0.6875,0.3125,0.0,0.3125,0.3125,0.0,C-post-confirmatory-evidence-preserving
controlled-exposure,106,anzhi,leadbolt,federation-wide,745,105,0,5,3.4366612171572064,2.8070121886899573,0.576,0.4537037037037037,3.2005698718007696,fedavg,0.10738255033557047,0.37986577181208053,0.16778523489932887,0.48322147651006714,0.42416107382550333,0.21208053691275167,0.0604026845637584,0.27248322147651005,0.37583892617449666,0.1033557046979866,C-post-confirmatory-evidence-preserving
controlled-exposure,106,appchina,dowgin,own-domain,294,1557,0,80,2.963900593546649,1.9756299517842257,0.5855855855855856,0.5789473684210527,2.2641837367737616,fedavg,0.5952380952380952,0.3707482993197279,0.4387755102040816,0.41836734693877553,0.6020408163265306,-0.0680272108843537,-0.1564625850340136,-0.22448979591836732,-0.1768707482993197,0.047619047619047616,C-post-confirmatory-evidence-preserving
controlled-exposure,106,appchina,dowgin,federation-wide,6190,1557,0,80,2.963900593546649,1.9756299517842257,0.5855855855855856,0.5789473684210527,2.2641837367737616,fedavg,0.6095315024232634,0.6126009693053311,0.6339256865912762,0.6310177705977383,0.7907915993537964,-0.021324717285945094,0.024394184168012867,0.003069466882067773,0.021486268174474965,0.018416801292407192,C-post-confirmatory-evidence-preserving
controlled-exposure,106,appchina,gappusin,own-domain,1143,96,0,395,2.757440299350274,1.4144800625290253,0.6595744680851063,0.704225352112676,1.6916326696238444,fedavg,0.2484689413823272,0.18985126859142606,0.18985126859142606,0.3237095363079615,0.3219597550306212,0.0,-0.05861767279090113,-0.05861767279090113,0.07524059492563431,0.13385826771653545,C-post-confirmatory-evidence-preserving
controlled-exposure,106,appchina,gappusin,federation-wide,1509,96,0,395,2.757440299350274,1.4144800625290253,0.6595744680851063,0.704225352112676,1.6916326696238444,fedavg,0.24453280318091453,0.18754141815772035,0.18356527501656728,0.2882703777335984,0.3074884029158383,0.003976143141153077,-0.06096752816434725,-0.056991385023194174,0.0437375745526839,0.10072895957587807,C-post-confirmatory-evidence-preserving
controlled-exposure,106,appchina,revmob,own-domain,19,49,0,6,4.95227379357265,2.794751629754864,0.5806451612903226,0.23648648648648649,3.5531588039550406,fedavg,0.15789473684210525,0.21052631578947367,0.05263157894736842,0.21052631578947367,0.15789473684210525,0.15789473684210525,-0.10526315789473684,0.05263157894736842,0.05263157894736842,0.0,C-post-confirmatory-evidence-preserving
controlled-exposure,106,appchina,revmob,federation-wide,540,49,0,6,4.95227379357265,2.794751629754864,0.5806451612903226,0.23648648648648649,3.5531588039550406,fedavg,0.07222222222222222,0.20555555555555555,0.06851851851851852,0.27037037037037037,0.18333333333333332,0.137037037037037,-0.003703703703703695,0.13333333333333333,0.19814814814814816,0.06481481481481483,C-post-confirmatory-evidence-preserving
controlled-exposure,106,appchina,hiddad,own-domain,17,32,0,2,5.873925294948878,4.834028059154069,0.35986159169550175,0.18796992481203006,5.211489646757708,fedavg,0.8235294117647058,0.4117647058823529,0.5294117647058824,0.35294117647058826,0.7058823529411765,-0.11764705882352944,-0.2941176470588235,-0.4117647058823529,-0.4705882352941176,-0.05882352941176466,C-post-confirmatory-evidence-preserving
controlled-exposure,106,appchina,hiddad,federation-wide,313,32,0,2,5.873925294948878,4.834028059154069,0.35986159169550175,0.18796992481203006,5.211489646757708,fedavg,0.4504792332268371,0.35782747603833864,0.29073482428115016,0.3769968051118211,0.3003194888178914,0.06709265175718848,-0.15974440894568692,-0.09265175718849844,-0.07348242811501599,0.019169329073482455,C-post-confirmatory-evidence-preserving
controlled-exposure,107,play-early,dowgin,own-domain,14,1698,0,2,3.7990690479748586,2.006122221578444,0.5196850393700787,0.6363636363636364,3.5087675251094006,fedavg,0.7857142857142857,0.7857142857142857,0.7857142857142857,0.7857142857142857,0.9285714285714286,0.0,0.0,0.0,0.0,0.0,C-post-confirmatory-evidence-preserving
controlled-exposure,107,play-early,dowgin,federation-wide,5755,1698,0,2,3.7990690479748586,2.006122221578444,0.5196850393700787,0.6363636363636364,3.5087675251094006,fedavg,0.7450912250217202,0.9445699391833189,0.9322328410078193,0.9310165073848827,0.9894005212858384,0.01233709817549955,0.18714161598609913,0.19947871416159868,0.18592528236316253,-0.013553431798436155,C-post-confirmatory-evidence-preserving
controlled-exposure,107,play-early,airpush,own-domain,2463,155,0,163,3.5089207879910416,2.116957706174709,0.6785714285714286,0.6875,3.321195631708033,fedavg,0.8022736500203005,0.877791311408851,0.8489646772228989,0.9127080795777507,0.8006496142915144,0.028826634185952105,0.046691027202598434,0.07551766138855054,0.1104344295574502,0.03491676816889966,C-post-confirmatory-evidence-preserving
controlled-exposure,107,play-early,airpush,federation-wide,3019,155,0,163,3.5089207879910416,2.116957706174709,0.6785714285714286,0.6875,3.321195631708033,fedavg,0.8261013580655846,0.8946671083140113,0.8691619741636304,0.9221596555150712,0.8294137131500496,0.025505134150380915,0.04306061609804579,0.0685657502484267,0.09605829744948657,0.02749254720105987,C-post-confirmatory-evidence-preserving
controlled-exposure,107,play-early,adwo,own-domain,25,346,0,0,4.059671381333424,2.4151592546462863,0.5565217391304348,0.5862068965517241,3.972222254958133,fedavg,0.96,0.96,0.96,0.96,0.92,0.0,0.0,0.0,0.0,0.0,C-post-confirmatory-evidence-preserving
controlled-exposure,107,play-early,adwo,federation-wide,955,346,0,0,4.059671381333424,2.4151592546462863,0.5565217391304348,0.5862068965517241,3.972222254958133,fedavg,0.8764397905759163,0.9193717277486911,0.8827225130890053,0.9036649214659686,0.956020942408377,0.03664921465968585,0.006282722513089034,0.04293193717277488,0.027225130890052296,-0.015706806282722585,C-post-confirmatory-evidence-preserving
controlled-exposure,107,play-early,hiddad,own-domain,94,26,0,8,4.356709244538861,3.9091998957365584,0.41641337386018235,0.3024054982817869,3.9814147967842852,fedavg,0.425531914893617,0.4574468085106383,0.5531914893617021,0.5319148936170213,0.4787234042553192,-0.09574468085106386,0.12765957446808512,0.03191489361702127,0.10638297872340424,0.07446808510638298,C-post-confirmatory-evidence-preserving
controlled-exposure,107,play-early,hiddad,federation-wide,551,26,0,8,4.356709244538861,3.9091998957365584,0.41641337386018235,0.3024054982817869,3.9814147967842852,fedavg,0.13793103448275862,0.19600725952813067,0.2159709618874773,0.2159709618874773,0.21960072595281308,-0.019963702359346636,0.07803992740471868,0.05807622504537205,0.07803992740471868,0.019963702359346636,C-post-confirmatory-evidence-preserving
controlled-exposure,107,appchina,gappusin,own-domain,937,80,0,383,2.717967272919073,1.350476371274089,0.7195121951219512,0.7222222222222222,1.6433452660183616,fedavg,0.3329775880469584,0.30202774813233724,0.304162219850587,0.3052294557097118,0.503735325506937,-0.002134471718249764,-0.02881536819637137,-0.030949839914621136,-0.027748132337246545,0.0032017075773745907,C-post-confirmatory-evidence-preserving
controlled-exposure,107,appchina,gappusin,federation-wide,1272,80,0,383,2.717967272919073,1.350476371274089,0.7195121951219512,0.7222222222222222,1.6433452660183616,fedavg,0.3584905660377358,0.27122641509433965,0.2783018867924528,0.27122641509433965,0.4803459119496855,-0.007075471698113178,-0.080188679245283,-0.08726415094339618,-0.08726415094339618,0.0,C-post-confirmatory-evidence-preserving
controlled-exposure,107,appchina,leadbolt,own-domain,74,89,0,26,4.092039368032953,2.357676480540393,0.5769230769230769,0.3684210526315789,2.6616160404351756,fedavg,0.4594594594594595,0.5405405405405406,0.4864864864864865,0.5540540540540541,0.7027027027027027,0.05405405405405406,0.02702702702702703,0.08108108108108109,0.09459459459459457,0.013513513513513487,C-post-confirmatory-evidence-preserving
controlled-exposure,107,appchina,leadbolt,federation-wide,759,89,0,26,4.092039368032953,2.357676480540393,0.5769230769230769,0.3684210526315789,2.6616160404351756,fedavg,0.23715415019762845,0.48089591567852435,0.22266139657444006,0.4980237154150198,0.5836627140974967,0.2582345191040843,-0.014492753623188387,0.2437417654808959,0.26086956521739135,0.01712779973649542,C-post-confirmatory-evidence-preserving
controlled-exposure,107,appchina,revmob,own-domain,23,47,0,11,5.070039915232185,3.2911416290267845,0.5081081081081081,0.272108843537415,3.78885646342401,fedavg,0.08695652173913043,0.17391304347826086,0.13043478260869565,0.2608695652173913,0.34782608695652173,0.043478260869565216,0.043478260869565216,0.08695652173913043,0.17391304347826086,0.08695652173913043,C-post-confirmatory-evidence-preserving
controlled-exposure,107,appchina,revmob,federation-wide,483,47,0,11,5.070039915232185,3.2911416290267845,0.5081081081081081,0.272108843537415,3.78885646342401,fedavg,0.11387163561076605,0.2981366459627329,0.09937888198757763,0.32091097308488614,0.28778467908902694,0.1987577639751553,-0.014492753623188415,0.18426501035196688,0.2070393374741201,0.022774327122153215,C-post-confirmatory-evidence-preserving
controlled-exposure,108,play-early,leadbolt,own-domain,651,50,0,68,2.5858657651653605,2.377152594055778,0.6410256410256411,0.7010309278350515,2.539099669040938,fedavg,0.49001536098310294,0.7572964669738863,0.3271889400921659,0.8310291858678955,0.8755760368663594,0.4301075268817204,-0.16282642089093702,0.26728110599078336,0.3410138248847926,0.07373271889400923,C-post-confirmatory-evidence-preserving
controlled-exposure,108,play-early,leadbolt,federation-wide,770,50,0,68,2.5858657651653605,2.377152594055778,0.6410256410256411,0.7010309278350515,2.539099669040938,fedavg,0.5012987012987012,0.7571428571428571,0.35844155844155845,0.8285714285714286,0.8792207792207792,0.39870129870129867,-0.1428571428571428,0.2558441558441559,0.3272727272727274,0.07142857142857151,C-post-confirmatory-evidence-preserving
controlled-exposure,108,play-late,airpush,own-domain,53,338,0,7,3.768201120504965,3.5270685725504314,0.4519774011299435,0.528169014084507,4.967075287068495,fedavg,0.2641509433962264,0.39622641509433965,0.2641509433962264,0.8113207547169812,0.7924528301886793,0.13207547169811323,0.0,0.13207547169811323,0.5471698113207548,0.41509433962264153,C-post-confirmatory-evidence-preserving
controlled-exposure,108,play-late,airpush,federation-wide,2098,338,0,7,3.768201120504965,3.5270685725504314,0.4519774011299435,0.528169014084507,4.967075287068495,fedavg,0.7530981887511916,0.9132507149666349,0.825071496663489,0.9389895138226882,0.955672068636797,0.0881792183031459,0.07197330791229739,0.1601525262154433,0.18589132507149664,0.025738798856053346,C-post-confirmatory-evidence-preserving
controlled-exposure,108,play-late,revmob,own-domain,12,56,0,1,5.077365605417123,4.167422828856588,0.4155844155844156,0.4626865671641791,5.887166282061966,fedavg,0.4166666666666667,0.75,0.3333333333333333,0.75,0.9166666666666666,0.4166666666666667,-0.08333333333333337,0.3333333333333333,0.3333333333333333,0.0,C-post-confirmatory-evidence-preserving
controlled-exposure,108,play-late,revmob,federation-wide,594,56,0,1,5.077365605417123,4.167422828856588,0.4155844155844156,0.4626865671641791,5.887166282061966,fedavg,0.6565656565656566,0.7777777777777778,0.41414141414141414,0.7912457912457912,0.9292929292929293,0.36363636363636365,-0.24242424242424243,0.12121212121212122,0.13468013468013462,0.013468013468013407,C-post-confirmatory-evidence-preserving
controlled-exposure,108,anzhi,gappusin,own-domain,427,329,0,89,2.5080381045037523,1.375208525852091,0.6792452830188679,0.5769230769230769,2.503352458514653,fedavg,0.24824355971896955,0.21779859484777517,0.26229508196721313,0.2505854800936768,0.23653395784543327,-0.04449648711943796,0.014051522248243575,-0.030444964871194385,0.0023419203747072626,0.03278688524590165,C-post-confirmatory-evidence-preserving
controlled-exposure,108,anzhi,gappusin,federation-wide,1754,329,0,89,2.5080381045037523,1.375208525852091,0.6792452830188679,0.5769230769230769,2.503352458514653,fedavg,0.28335233751425315,0.41391106043329534,0.3540478905359179,0.4361459521094641,0.4652223489167617,0.059863169897377444,0.07069555302166475,0.1305587229190422,0.15279361459521096,0.022234891676168766,C-post-confirmatory-evidence-preserving
controlled-exposure,108,anzhi,adwo,own-domain,150,306,0,38,3.5930646454953004,2.0169920040708975,0.7623762376237624,0.5340909090909091,3.413599568794635,fedavg,0.58,0.6066666666666667,0.44,0.62,0.6133333333333333,0.16666666666666669,-0.13999999999999996,0.026666666666666727,0.040000000000000036,0.013333333333333308,C-post-confirmatory-evidence-preserving
controlled-exposure,108,anzhi,adwo,federation-wide,909,306,0,38,3.5930646454953004,2.0169920040708975,0.7623762376237624,0.5340909090909091,3.413599568794635,fedavg,0.5742574257425742,0.5896589658965896,0.4136413641364136,0.680968096809681,0.47854785478547857,0.176017601760176,-0.1606160616061606,0.015401540154015403,0.10671067106710674,0.09130913091309134,C-post-confirmatory-evidence-preserving
controlled-exposure,108,appchina,dowgin,own-domain,224,1694,0,112,2.7248998081938742,2.0571446514179352,0.5151515151515151,0.5844155844155844,2.27253826526532,fedavg,0.48660714285714285,0.48660714285714285,0.5401785714285714,0.4375,0.5,-0.05357142857142855,0.05357142857142855,0.0,-0.04910714285714285,-0.04910714285714285,C-post-confirmatory-evidence-preserving
controlled-exposure,108,appchina,dowgin,federation-wide,5256,1694,0,112,2.7248998081938742,2.0571446514179352,0.5151515151515151,0.5844155844155844,2.27253826526532,fedavg,0.5504185692541856,0.7581811263318112,0.7928082191780822,0.7410578386605784,0.7867199391171994,-0.03462709284627097,0.24238964992389656,0.2077625570776256,0.19063926940639275,-0.017123287671232834,C-post-confirmatory-evidence-preserving
controlled-exposure,108,appchina,hiddad,own-domain,5,33,0,4,4.8638804813682395,3.9175423203869566,0.38271604938271603,0.2048611111111111,4.220062439581715,fedavg,0.6,0.6,0.6,0.6,0.6,0.0,0.0,0.0,0.0,0.0,C-post-confirmatory-evidence-preserving
controlled-exposure,108,appchina,hiddad,federation-wide,270,33,0,4,4.8638804813682395,3.9175423203869566,0.38271604938271603,0.2048611111111111,4.220062439581715,fedavg,0.18888888888888888,0.16296296296296298,0.13703703703703704,0.14814814814814814,0.07407407407407407,0.025925925925925936,-0.05185185185185184,-0.025925925925925908,-0.040740740740740744,-0.014814814814814836,C-post-confirmatory-evidence-preserving
controlled-exposure,109,play-early,dowgin,own-domain,22,1666,0,3,3.6621217717657735,2.031975109429163,0.48360655737704916,0.6103896103896104,3.5269841610892656,fedavg,0.6818181818181818,0.6818181818181818,0.6818181818181818,0.6818181818181818,0.6818181818181818,0.0,0.0,0.0,0.0,0.0,C-post-confirmatory-evidence-preserving
controlled-exposure,109,play-early,dowgin,federation-wide,5854,1666,0,3,3.6621217717657735,2.031975109429163,0.48360655737704916,0.6103896103896104,3.5269841610892656,fedavg,0.4892381277758797,0.9443115818243936,0.9333788862316365,0.9400409976084728,0.9836009566108643,0.010932695592757113,0.44414075845575673,0.45507345404851385,0.4508028698325931,-0.0042705842159207474,C-post-confirmatory-evidence-preserving
controlled-exposure,109,play-early,hiddad,own-domain,108,27,0,12,5.777483555693132,5.052752081984161,0.38953488372093026,0.25357142857142856,5.41441975731226,fedavg,0.3333333333333333,0.35185185185185186,0.39814814814814814,0.42592592592592593,0.4444444444444444,-0.04629629629629628,0.06481481481481483,0.018518518518518545,0.09259259259259262,0.07407407407407407,C-post-confirmatory-evidence-preserving
controlled-exposure,109,play-early,hiddad,federation-wide,336,27,0,12,5.777483555693132,5.052752081984161,0.38953488372093026,0.25357142857142856,5.41441975731226,fedavg,0.24107142857142858,0.4017857142857143,0.3125,0.4255952380952381,0.49702380952380953,0.0892857142857143,0.07142857142857142,0.16071428571428573,0.1845238095238095,0.02380952380952378,C-post-confirmatory-evidence-preserving
controlled-exposure,109,play-late,airpush,own-domain,38,315,0,2,3.956657764753107,3.529816324689799,0.4523809523809524,0.5769230769230769,5.080364828832805,fedavg,0.5789473684210527,0.8421052631578947,0.23684210526315788,0.7894736842105263,0.7631578947368421,0.6052631578947368,-0.3421052631578948,0.26315789473684204,0.21052631578947367,-0.05263157894736836,C-post-confirmatory-evidence-preserving
controlled-exposure,109,play-late,airpush,federation-wide,2241,315,0,2,3.956657764753107,3.529816324689799,0.4523809523809524,0.5769230769230769,5.080364828832805,fedavg,0.5899152164212406,0.962070504239179,0.8322177599286033,0.962070504239179,0.9544846050870147,0.1298527443105757,0.2423025435073627,0.3721552878179384,0.3721552878179384,0.0,C-post-confirmatory-evidence-preserving
controlled-exposure,109,play-late,revmob,own-domain,21,45,0,1,4.555851990487254,3.1279084901414325,0.43915343915343913,0.5032258064516129,5.439069946059045,fedavg,0.42857142857142855,0.5238095238095238,0.14285714285714285,0.8095238095238095,0.8095238095238095,0.380952380952381,-0.2857142857142857,0.09523809523809529,0.380952380952381,0.2857142857142857,C-post-confirmatory-evidence-preserving
controlled-exposure,109,play-late,revmob,federation-wide,665,45,0,1,4.555851990487254,3.1279084901414325,0.43915343915343913,0.5032258064516129,5.439069946059045,fedavg,0.29022556390977444,0.6225563909774436,0.39097744360902253,0.8406015037593985,0.8781954887218045,0.2315789473684211,0.10075187969924809,0.3323308270676692,0.550375939849624,0.21804511278195482,C-post-confirmatory-evidence-preserving
controlled-exposure,109,anzhi,gappusin,own-domain,312,419,0,102,2.5522430219659897,1.3723199714297345,0.6881720430107527,0.6266666666666667,2.599702548257585,fedavg,0.21153846153846154,0.13141025641025642,0.11538461538461539,0.25,0.14423076923076922,0.016025641025641024,-0.09615384615384615,-0.08012820512820512,0.038461538461538464,0.11858974358974358,C-post-confirmatory-evidence-preserving
controlled-exposure,109,anzhi,gappusin,federation-wide,1269,419,0,102,2.5522430219659897,1.3723199714297345,0.6881720430107527,0.6266666666666667,2.599702548257585,fedavg,0.3033884948778566,0.24901497241922774,0.24349881796690306,0.3396375098502758,0.22301024428684002,0.005516154452324673,-0.05988967691095351,-0.05437352245862884,0.036249014972419225,0.09062253743104806,C-post-confirmatory-evidence-preserving
controlled-exposure,109,anzhi,leadbolt,own-domain,11,91,0,5,3.4773268075559916,2.8444070616955477,0.5772357723577236,0.5,3.5487874467902714,fedavg,0.36363636363636365,0.36363636363636365,0.36363636363636365,0.36363636363636365,0.6363636363636364,0.0,0.0,0.0,0.0,0.0,C-post-confirmatory-evidence-preserving
controlled-exposure,109,anzhi,leadbolt,federation-wide,751,91,0,5,3.4773268075559916,2.8444070616955477,0.5772357723577236,0.5,3.5487874467902714,fedavg,0.08921438082556592,0.28495339547270304,0.1318242343541944,0.3395472703062583,0.2529960053262317,0.15312916111850863,0.04260985352862849,0.1957390146471371,0.2503328894806924,0.05459387483355527,C-post-confirmatory-evidence-preserving
controlled-exposure,109,appchina,adwo,own-domain,742,43,0,287,3.473074985695662,1.5754464343634103,0.7619047619047619,0.4954954954954955,2.580803706987302,fedavg,0.3463611859838275,0.35983827493261455,0.3692722371967655,0.4743935309973046,0.2223719676549865,-0.009433962264150941,0.022911051212938016,0.013477088948787075,0.1280323450134771,0.11455525606469003,C-post-confirmatory-evidence-preserving
controlled-exposure,109,appchina,adwo,federation-wide,886,43,0,287,3.473074985695662,1.5754464343634103,0.7619047619047619,0.4954954954954955,2.580803706987302,fedavg,0.3577878103837472,0.37020316027088035,0.37133182844243795,0.4729119638826185,0.24040632054176073,-0.0011286681715576008,0.013544018058690765,0.012415349887133165,0.11512415349887134,0.10270880361173818,C-post-confirmatory-evidence-preserving
replication-family-set,100,play-early,dnotua,own-domain,57,6,0,18,2.6601457091095293,2.526888010224912,0.4810126582278481,0.7529411764705882,2.199696760121675,fedavg,0.9122807017543859,0.8771929824561403,0.8771929824561403,0.9298245614035088,0.8947368421052632,0.0,-0.03508771929824561,-0.03508771929824561,0.01754385964912286,0.052631578947368474,C-post-confirmatory-evidence-preserving
replication-family-set,100,play-early,dnotua,federation-wide,69,6,0,18,2.6601457091095293,2.526888010224912,0.4810126582278481,0.7529411764705882,2.199696760121675,fedavg,0.8405797101449275,0.8405797101449275,0.8695652173913043,0.8985507246376812,0.8840579710144928,-0.02898550724637683,0.02898550724637683,0.0,0.05797101449275366,0.05797101449275366,C-post-confirmatory-evidence-preserving
replication-family-set,100,play-early,inmobi,own-domain,577,16,0,98,5.1166351121677955,3.6051502066937218,0.6286919831223629,0.7433155080213903,5.6478825739961565,fedavg,0.755632582322357,0.8960138648180243,0.7383015597920277,0.9220103986135182,0.8648180242634316,0.15771230502599654,-0.017331022530329254,0.14038128249566728,0.16637781629116122,0.025996533795493937,C-post-confirmatory-evidence-preserving
replication-family-set,100,play-early,inmobi,federation-wide,632,16,0,98,5.1166351121677955,3.6051502066937218,0.6286919831223629,0.7433155080213903,5.6478825739961565,fedavg,0.7357594936708861,0.8924050632911392,0.7262658227848101,0.9208860759493671,0.865506329113924,0.1661392405063291,-0.009493670886076,0.1566455696202531,0.185126582278481,0.02848101265822789,C-post-confirmatory-evidence-preserving
replication-family-set,100,play-late,smsreg,own-domain,13,442,0,0,4.0524178496290375,3.7512055053039366,0.34980988593155893,0.5259259259259259,5.585660194171303,fedavg,0.5384615384615384,0.6153846153846154,0.38461538461538464,0.3076923076923077,0.7692307692307693,0.23076923076923078,-0.1538461538461538,0.07692307692307698,-0.23076923076923073,-0.3076923076923077,C-post-confirmatory-evidence-preserving
replication-family-set,100,play-late,smsreg,federation-wide,1440,442,0,0,4.0524178496290375,3.7512055053039366,0.34980988593155893,0.5259259259259259,5.585660194171303,fedavg,0.5215277777777778,0.8423611111111111,0.725,0.78125,0.94375,0.11736111111111114,0.20347222222222217,0.3208333333333333,0.2597222222222222,-0.061111111111111116,C-post-confirmatory-evidence-preserving
replication-family-set,100,anzhi,kuguo,own-domain,3164,292,0,802,2.5102228989975526,1.6540646424889922,0.6086956521739131,0.7142857142857143,2.6123951119216677,fedavg,0.6558154235145386,0.38748419721871047,0.359039190897598,0.4781921618204804,0.5037926675094817,0.028445006321112465,-0.2967762326169406,-0.2683312262958281,-0.17762326169405818,0.09070796460176994,C-post-confirmatory-evidence-preserving
replication-family-set,100,anzhi,kuguo,federation-wide,3913,292,0,802,2.5102228989975526,1.6540646424889922,0.6086956521739131,0.7142857142857143,2.6123951119216677,fedavg,0.6399182213135701,0.37618195757730644,0.34653718374648607,0.4671607462305137,0.461027344748275,0.02964477383082037,-0.29338103756708406,-0.2637362637362637,-0.17275747508305644,0.09097878865320724,C-post-confirmatory-evidence-preserving
replication-family-set,100,appchina,youmi,own-domain,500,29,0,166,2.8196198415511953,1.6033416705639287,0.6744186046511628,0.5142857142857142,1.5714154536753144,fedavg,0.214,0.178,0.254,0.268,0.218,-0.07600000000000001,0.04000000000000001,-0.036000000000000004,0.05400000000000002,0.09000000000000002,C-post-confirmatory-evidence-preserving
replication-family-set,100,appchina,youmi,federation-wide,648,29,0,166,2.8196198415511953,1.6033416705639287,0.6744186046511628,0.5142857142857142,1.5714154536753144,fedavg,0.25308641975308643,0.21604938271604937,0.2808641975308642,0.3148148148148148,0.24691358024691357,-0.06481481481481485,0.02777777777777779,-0.03703703703703706,0.06172839506172839,0.09876543209876545,C-post-confirmatory-evidence-preserving
replication-family-set,100,appchina,zdtad,own-domain,3,165,0,1,2.809985179428694,2.043031460099185,0.5188679245283019,0.6081081081081081,2.628005925876342,fedavg,1.0,1.0,1.0,1.0,0.3333333333333333,0.0,0.0,0.0,0.0,0.0,C-post-confirmatory-evidence-preserving
replication-family-set,100,appchina,zdtad,federation-wide,518,165,0,1,2.809985179428694,2.043031460099185,0.5188679245283019,0.6081081081081081,2.628005925876342,fedavg,0.747104247104247,0.7432432432432432,0.7683397683397684,0.7799227799227799,0.8918918918918919,-0.025096525096525157,0.021235521235521304,-0.0038610038610038533,0.032818532818532864,0.03667953667953672,C-post-confirmatory-evidence-preserving
replication-family-set,100,appchina,domob,own-domain,305,31,0,81,3.4320308274540996,1.9584126175131857,0.6716417910447762,0.5471698113207547,2.5421031153697133,fedavg,0.22950819672131148,0.3180327868852459,0.35081967213114756,0.4459016393442623,0.31475409836065577,-0.032786885245901676,0.12131147540983608,0.08852459016393441,0.21639344262295082,0.1278688524590164,C-post-confirmatory-evidence-preserving
replication-family-set,100,appchina,domob,federation-wide,404,31,0,81,3.4320308274540996,1.9584126175131857,0.6716417910447762,0.5471698113207547,2.5421031153697133,fedavg,0.22524752475247525,0.3193069306930693,0.3415841584158416,0.4282178217821782,0.32425742574257427,-0.022277227722772297,0.11633663366336636,0.09405940594059406,0.20297029702970296,0.1089108910891089,C-post-confirmatory-evidence-preserving
replication-family-set,100,appchina,utchi,own-domain,196,45,0,84,4.1263067183388396,3.280204274471151,0.4166666666666667,0.8333333333333334,3.5209716134327675,fedavg,0.0,0.0,0.0,0.0,0.23469387755102042,0.0,0.0,0.0,0.0,0.0,C-post-confirmatory-evidence-preserving
replication-family-set,100,appchina,utchi,federation-wide,227,45,0,84,4.1263067183388396,3.280204274471151,0.4166666666666667,0.8333333333333334,3.5209716134327675,fedavg,0.0,0.0,0.0,0.0,0.2026431718061674,0.0,0.0,0.0,0.0,0.0,C-post-confirmatory-evidence-preserving
replication-family-set,101,play-early,youmi,own-domain,30,232,0,1,3.267514250430884,1.583851632963797,0.7009345794392523,0.7228915662650602,3.1697487777546454,fedavg,0.7,0.8,0.8333333333333334,0.8666666666666667,0.9,-0.033333333333333326,0.13333333333333341,0.10000000000000009,0.16666666666666674,0.06666666666666665,C-post-confirmatory-evidence-preserving
replication-family-set,101,play-early,youmi,federation-wide,645,232,0,1,3.267514250430884,1.583851632963797,0.7009345794392523,0.7228915662650602,3.1697487777546454,fedavg,0.7209302325581395,0.8217054263565892,0.6790697674418604,0.8496124031007752,0.9271317829457364,0.14263565891472874,-0.041860465116279055,0.10077519379844968,0.12868217054263575,0.027906976744186074,C-post-confirmatory-evidence-preserving
replication-family-set,101,play-late,dnotua,own-domain,7,21,0,6,4.14120539771989,3.820109399388561,0.2948717948717949,0.7857142857142857,5.578726826556025,fedavg,0.14285714285714285,0.2857142857142857,0.14285714285714285,0.2857142857142857,0.2857142857142857,0.14285714285714285,0.0,0.14285714285714285,0.14285714285714285,0.0,C-post-confirmatory-evidence-preserving
replication-family-set,101,play-late,dnotua,federation-wide,57,21,0,6,4.14120539771989,3.820109399388561,0.2948717948717949,0.7857142857142857,5.578726826556025,fedavg,0.7543859649122807,0.5789473684210527,0.543859649122807,0.543859649122807,0.7017543859649122,0.03508771929824561,-0.21052631578947367,-0.17543859649122806,-0.21052631578947367,-0.03508771929824561,C-post-confirmatory-evidence-preserving
replication-family-set,101,play-late,inmobi,own-domain,16,116,0,1,6.959898091917431,5.613455883359607,0.5692307692307692,0.4233128834355828,7.19089420623893,fedavg,1.0,1.0,0.875,1.0,1.0,0.125,-0.125,0.0,0.0,0.0,C-post-confirmatory-evidence-preserving
replication-family-set,101,play-late,inmobi,federation-wide,528,116,0,1,6.959898091917431,5.613455883359607,0.5692307692307692,0.4233128834355828,7.19089420623893,fedavg,0.9185606060606061,0.9659090909090909,0.9337121212121212,0.9696969696969697,0.9659090909090909,0.032196969696969724,0.015151515151515138,0.04734848484848486,0.051136363636363646,0.0037878787878787845,C-post-confirmatory-evidence-preserving
replication-family-set,101,anzhi,utchi,own-domain,81,40,0,43,3.7421806898621077,3.1340324224780947,0.45652173913043476,0.8064516129032258,3.992382508338149,fedavg,0.012345679012345678,0.012345679012345678,0.012345679012345678,0.6419753086419753,0.012345679012345678,0.0,0.0,0.0,0.6296296296296295,0.6296296296296295,C-post-confirmatory-evidence-preserving
replication-family-set,101,anzhi,utchi,federation-wide,595,40,0,43,3.7421806898621077,3.1340324224780947,0.45652173913043476,0.8064516129032258,3.992382508338149,fedavg,0.0016806722689075631,0.0016806722689075631,0.0016806722689075631,0.4084033613445378,0.0016806722689075631,0.0,0.0,0.0,0.40672268907563025,0.40672268907563025,C-post-confirmatory-evidence-preserving
replication-family-set,101,appchina,kuguo,own-domain,966,796,0,266,2.8826493433977607,1.2549428712009045,0.5357142857142857,0.6125,2.051793739359338,fedavg,0.5351966873706004,0.39337474120082816,0.42028985507246375,0.4554865424430642,0.5476190476190477,-0.026915113871635588,-0.1149068322981367,-0.14182194616977228,-0.07971014492753625,0.06211180124223603,C-post-confirmatory-evidence-preserving
replication-family-set,101,appchina,kuguo,federation-wide,3903,796,0,266,2.8826493433977607,1.2549428712009045,0.5357142857142857,0.6125,2.051793739359338,fedavg,0.6079938508839354,0.49474763002818345,0.48962336664104533,0.5303612605687933,0.7076607737637715,0.005124263387138117,-0.1183704842428901,-0.11324622085575198,-0.07763259031514214,0.03561363054060984,C-post-confirmatory-evidence-preserving
replication-family-set,101,appchina,smsreg,own-domain,597,197,0,193,2.629613235808197,1.761516876493216,0.6030534351145038,0.5779816513761468,1.881240980282227,fedavg,0.25125628140703515,0.35845896147403683,0.3601340033500838,0.46901172529313234,0.6365159128978225,-0.0016750418760469454,0.10887772194304862,0.10720268006700168,0.2177554438860972,0.11055276381909551,C-post-confirmatory-evidence-preserving
replication-family-set,101,appchina,smsreg,federation-wide,1263,197,0,193,2.629613235808197,1.761516876493216,0.6030534351145038,0.5779816513761468,1.881240980282227,fedavg,0.32779097387173395,0.44418052256532065,0.44655581947743467,0.517814726840855,0.6452889944576405,-0.002375296912114022,0.11876484560570072,0.1163895486935867,0.1900237529691211,0.07363420427553441,C-post-confirmatory-evidence-preserving
replication-family-set,101,appchina,domob,own-domain,234,25,0,90,3.502033475741189,1.9313133173617378,0.6972477064220184,0.5480769230769231,2.5533268507654983,fedavg,0.358974358974359,0.5341880341880342,0.5170940170940171,0.5641025641025641,0.49572649572649574,0.017094017094017033,0.15811965811965817,0.1752136752136752,0.20512820512820512,0.02991452991452992,C-post-confirmatory-evidence-preserving
replication-family-set,101,appchina,domob,federation-wide,327,25,0,90,3.502033475741189,1.9313133173617378,0.6972477064220184,0.5480769230769231,2.5533268507654983,fedavg,0.3119266055045872,0.5168195718654435,0.5137614678899083,0.5504587155963303,0.5076452599388379,0.003058103975535187,0.2018348623853211,0.2048929663608563,0.23853211009174313,0.033639143730886834,C-post-confirmatory-evidence-preserving
replication-family-set,102,play-early,dnotua,own-domain,604,24,0,243,2.5525487788969548,0.9806747133561668,0.5205479452054794,0.8113207547169812,2.9278706111790336,fedavg,0.9933774834437086,0.9933774834437086,0.9933774834437086,0.9933774834437086,0.9917218543046358,0.0,0.0,0.0,0.0,0.0,C-post-confirmatory-evidence-preserving
replication-family-set,102,play-early,dnotua,federation-wide,644,24,0,243,2.5525487788969548,0.9806747133561668,0.5205479452054794,0.8113207547169812,2.9278706111790336,fedavg,0.9875776397515528,0.9906832298136646,0.9906832298136646,0.9891304347826086,0.9891304347826086,0.0,0.0031055900621118626,0.0031055900621118626,0.0015527950310558758,-0.0015527950310559868,C-post-confirmatory-evidence-preserving
replication-family-set,102,anzhi,kuguo,own-domain,2699,265,0,768,2.573701099817186,1.8096195304126792,0.5631067961165048,0.7142857142857143,2.5909128435728888,fedavg,0.5235272323082624,0.29714709151537605,0.2741756206002223,0.3297517599110782,0.41311596887736196,0.022971470915153724,-0.24935161170804004,-0.22638014079288632,-0.19377547239718418,0.03260466839570214,C-post-confirmatory-evidence-preserving
replication-family-set,102,anzhi,kuguo,federation-wide,3477,265,0,768,2.573701099817186,1.8096195304126792,0.5631067961165048,0.7142857142857143,2.5909128435728888,fedavg,0.5539257981018119,0.3022720736266897,0.27523727351164795,0.3359217716422203,0.42996836353178025,0.027034800115041724,-0.2786885245901639,-0.2516537244751222,-0.21800402645959155,0.03364969801553064,C-post-confirmatory-evidence-preserving
replication-family-set,102,anzhi,smsreg,own-domain,532,226,0,180,2.638805876152219,1.6411627457984768,0.624390243902439,0.48,2.068310162862956,fedavg,0.5131578947368421,0.33270676691729323,0.3007518796992481,0.40037593984962405,0.5770676691729323,0.031954887218045125,-0.21240601503759404,-0.18045112781954892,-0.1127819548872181,0.06766917293233082,C-post-confirmatory-evidence-preserving
replication-family-set,102,anzhi,smsreg,federation-wide,1140,226,0,180,2.638805876152219,1.6411627457984768,0.624390243902439,0.48,2.068310162862956,fedavg,0.3780701754385965,0.23859649122807017,0.2043859649122807,0.2868421052631579,0.49298245614035086,0.03421052631578947,-0.1736842105263158,-0.13947368421052633,-0.0912280701754386,0.04824561403508773,C-post-confirmatory-evidence-preserving
replication-family-set,102,anzhi,youmi,own-domain,72,188,0,26,2.6275162950313233,1.4901217150532076,0.6818181818181818,0.6190476190476191,2.197549995316792,fedavg,0.2916666666666667,0.1527777777777778,0.18055555555555555,0.18055555555555555,0.125,-0.027777777777777762,-0.11111111111111113,-0.1388888888888889,-0.11111111111111113,0.027777777777777762,C-post-confirmatory-evidence-preserving
replication-family-set,102,anzhi,youmi,federation-wide,648,188,0,26,2.6275162950313233,1.4901217150532076,0.6818181818181818,0.6190476190476191,2.197549995316792,fedavg,0.30709876543209874,0.16512345679012347,0.16820987654320987,0.1882716049382716,0.16820987654320987,-0.0030864197530864057,-0.13888888888888887,-0.14197530864197527,-0.11882716049382713,0.02314814814814814,C-post-confirmatory-evidence-preserving
replication-family-set,102,anzhi,domob,own-domain,109,87,0,19,3.424805642125503,1.6675430140178955,0.7767857142857143,0.5777777777777777,3.022717755906383,fedavg,0.29357798165137616,0.14678899082568808,0.1834862385321101,0.1559633027522936,0.10091743119266056,-0.03669724770642202,-0.11009174311926606,-0.14678899082568808,-0.13761467889908258,0.009174311926605505,C-post-confirmatory-evidence-preserving
replication-family-set,102,anzhi,domob,federation-wide,406,87,0,19,3.424805642125503,1.6675430140178955,0.7767857142857143,0.5777777777777777,3.022717755906383,fedavg,0.3522167487684729,0.21182266009852216,0.21182266009852216,0.20689655172413793,0.14532019704433496,0.0,-0.14039408866995076,-0.14039408866995076,-0.145320197044335,-0.0049261083743842304,C-post-confirmatory-evidence-preserving
replication-family-set,102,anzhi,utchi,own-domain,129,40,0,29,3.774058788065424,3.004807879197262,0.46808510638297873,0.8064516129032258,3.574937202892381,fedavg,0.0,0.0,0.0,0.0,0.0,0.0,0.0,0.0,0.0,0.0,C-post-confirmatory-evidence-preserving
replication-family-set,102,anzhi,utchi,federation-wide,760,40,0,29,3.774058788065424,3.004807879197262,0.46808510638297873,0.8064516129032258,3.574937202892381,fedavg,0.0,0.0,0.0,0.0,0.0,0.0,0.0,0.0,0.0,0.0,C-post-confirmatory-evidence-preserving
replication-family-set,102,appchina,inmobi,own-domain,39,107,0,10,7.726011562981036,6.376686640807095,0.45320197044334976,0.2608695652173913,6.986911419785452,fedavg,0.6923076923076923,0.8461538461538461,0.5897435897435898,0.9487179487179487,0.8205128205128205,0.2564102564102564,-0.10256410256410253,0.15384615384615385,0.2564102564102564,0.10256410256410253,C-post-confirmatory-evidence-preserving
replication-family-set,102,appchina,inmobi,federation-wide,541,107,0,10,7.726011562981036,6.376686640807095,0.45320197044334976,0.2608695652173913,6.986911419785452,fedavg,0.4066543438077634,0.5452865064695009,0.45286506469500926,0.8096118299445472,0.49722735674676527,0.09242144177449169,0.04621072088724587,0.13863216266173756,0.4029574861367838,0.2643253234750462,C-post-confirmatory-evidence-preserving
replication-family-set,102,appchina,zdtad,own-domain,1,185,0,7,2.7667013025950347,2.0319681262487403,0.550561797752809,0.6351351351351351,2.634174656251184,fedavg,1.0,1.0,1.0,1.0,0.0,0.0,0.0,0.0,0.0,0.0,C-post-confirmatory-evidence-preserving
replication-family-set,102,appchina,zdtad,federation-wide,407,185,0,7,2.7667013025950347,2.0319681262487403,0.550561797752809,0.6351351351351351,2.634174656251184,fedavg,0.742014742014742,0.6461916461916462,0.5945945945945946,0.628992628992629,0.85995085995086,0.051597051597051524,-0.14742014742014742,-0.0958230958230959,-0.11302211302211307,-0.017199017199017175,C-post-confirmatory-evidence-preserving
replication-family-set,103,play-early,kuguo,own-domain,14,1100,0,2,3.6499363389719495,2.0511084527628514,0.47244094488188976,0.6103896103896104,3.437172033775028,fedavg,0.6428571428571429,0.9285714285714286,0.7142857142857143,0.9285714285714286,0.9285714285714286,0.2142857142857143,0.0714285714285714,0.2857142857142857,0.2857142857142857,0.0,C-post-confirmatory-evidence-preserving
replication-family-set,103,play-early,kuguo,federation-wide,3474,1100,0,2,3.6499363389719495,2.0511084527628514,0.47244094488188976,0.6103896103896104,3.437172033775028,fedavg,0.5739781232009211,0.8598157743235464,0.7227979274611399,0.8393782383419689,0.9781232009211284,0.13701784686240648,0.1488198042602188,0.28583765112262527,0.2654001151410478,-0.020437535981577493,C-post-confirmatory-evidence-preserving
replication-family-set,103,play-early,youmi,own-domain,31,198,0,4,3.1771391373977953,1.7140119967990761,0.6422018348623854,0.6428571428571429,3.1377107450383974,fedavg,0.5483870967741935,0.6774193548387096,0.5806451612903226,0.6774193548387096,0.8064516129032258,0.09677419354838701,0.032258064516129115,0.12903225806451613,0.12903225806451613,0.0,C-post-confirmatory-evidence-preserving
replication-family-set,103,play-early,youmi,federation-wide,703,198,0,4,3.1771391373977953,1.7140119967990761,0.6422018348623854,0.6428571428571429,3.1377107450383974,fedavg,0.5590327169274538,0.7396870554765291,0.5078236130867709,0.7368421052631579,0.9345661450924608,0.2318634423897582,-0.05120910384068289,0.1806543385490753,0.17780938833570403,-0.002844950213371278,C-post-confirmatory-evidence-preserving
replication-family-set,103,play-late,smsreg,own-domain,16,408,0,2,4.079506928264243,3.71916057984067,0.34615384615384615,0.5144927536231884,5.619614715276916,fedavg,0.125,0.5,0.375,0.5,0.3125,0.125,0.25,0.375,0.375,0.0,C-post-confirmatory-evidence-preserving
replication-family-set,103,play-late,smsreg,federation-wide,1328,408,0,2,4.079506928264243,3.71916057984067,0.34615384615384615,0.5144927536231884,5.619614715276916,fedavg,0.7740963855421686,0.9088855421686747,0.8742469879518072,0.9126506024096386,0.9578313253012049,0.034638554216867457,0.10015060240963858,0.13478915662650603,0.13855421686746994,0.0037650602409639022,C-post-confirmatory-evidence-preserving
replication-family-set,103,anzhi,domob,own-domain,121,95,0,22,3.182718706837439,1.68910603403019,0.7857142857142857,0.5888888888888889,3.0336520846721093,fedavg,0.19008264462809918,0.47107438016528924,0.21487603305785125,0.5206611570247934,0.5702479338842975,0.256198347107438,0.024793388429752067,0.28099173553719003,0.3305785123966942,0.04958677685950419,C-post-confirmatory-evidence-preserving
replication-family-set,103,anzhi,domob,federation-wide,432,95,0,22,3.182718706837439,1.68910603403019,0.7857142857142857,0.5888888888888889,3.0336520846721093,fedavg,0.25925925925925924,0.4050925925925926,0.27546296296296297,0.4837962962962963,0.49074074074074076,0.12962962962962965,0.01620370370370372,0.14583333333333337,0.22453703703703703,0.07870370370370366,C-post-confirmatory-evidence-preserving
replication-family-set,103,appchina,dnotua,own-domain,4,237,0,2,5.021001799865017,4.4546289130379115,0.21,0.30434782608695654,4.273964494813426,fedavg,0.75,0.5,0.75,0.5,0.75,-0.25,0.0,-0.25,-0.25,0.0,C-post-confirmatory-evidence-preserving
replication-family-set,103,appchina,dnotua,federation-wide,89,237,0,2,5.021001799865017,4.4546289130379115,0.21,0.30434782608695654,4.273964494813426,fedavg,0.1348314606741573,0.1797752808988764,0.20224719101123595,0.1797752808988764,0.14606741573033707,-0.02247191011235955,0.06741573033707865,0.0449438202247191,0.0449438202247191,0.0,C-post-confirmatory-evidence-preserving
replication-family-set,103,appchina,inmobi,own-domain,21,96,0,12,7.641551108252443,6.294968159792891,0.4577114427860697,0.2597402597402597,6.879771181852549,fedavg,0.42857142857142855,0.7619047619047619,0.2857142857142857,0.8095238095238095,0.6666666666666666,0.47619047619047616,-0.14285714285714285,0.3333333333333333,0.380952380952381,0.04761904761904767,C-post-confirmatory-evidence-preserving
replication-family-set,103,appchina,inmobi,federation-wide,535,96,0,12,7.641551108252443,6.294968159792891,0.4577114427860697,0.2597402597402597,6.879771181852549,fedavg,0.41495327102803736,0.8542056074766355,0.6336448598130842,0.8878504672897196,0.7813084112149533,0.22056074766355138,0.2186915887850468,0.4392523364485982,0.47289719626168225,0.03364485981308407,C-post-confirmatory-evidence-preserving
replication-family-set,103,appchina,zdtad,own-domain,6,161,0,4,2.7385666232928516,1.9366770537142972,0.5576923076923077,0.5974025974025974,2.61408966670953,fedavg,0.5,0.5,0.5,0.3333333333333333,0.5,0.0,0.0,0.0,-0.16666666666666669,-0.16666666666666669,C-post-confirmatory-evidence-preserving
replication-family-set,103,appchina,zdtad,federation-wide,587,161,0,4,2.7385666232928516,1.9366770537142972,0.5576923076923077,0.5974025974025974,2.61408966670953,fedavg,0.8364565587734242,0.6695059625212947,0.6950596252129472,0.666098807495741,0.8347529812606473,-0.02555366269165249,-0.141396933560477,-0.1669505962521295,-0.17035775127768316,-0.0034071550255536653,C-post-confirmatory-evidence-preserving
replication-family-set,104,play-early,dnotua,own-domain,20,23,0,250,2.641162273055526,0.7445594673493441,0.75,1.0,3.212114567150064,fedavg,0.65,0.75,0.75,0.75,0.7,0.0,0.09999999999999998,0.09999999999999998,0.09999999999999998,0.0,C-post-confirmatory-evidence-preserving
replication-family-set,104,play-early,dnotua,federation-wide,92,23,0,250,2.641162273055526,0.7445594673493441,0.75,1.0,3.212114567150064,fedavg,0.32608695652173914,0.358695652173913,0.358695652173913,0.358695652173913,0.34782608695652173,0.0,0.03260869565217389,0.03260869565217389,0.03260869565217389,0.0,C-post-confirmatory-evidence-preserving
replication-family-set,104,play-early,domob,own-domain,17,155,0,1,3.637661244633531,2.33575319864663,0.67,0.654320987654321,3.76191206213624,fedavg,0.47058823529411764,0.8235294117647058,0.7647058823529411,0.7647058823529411,0.8235294117647058,0.05882352941176472,0.2941176470588235,0.3529411764705882,0.2941176470588235,-0.05882352941176472,C-post-confirmatory-evidence-preserving
replication-family-set,104,play-early,domob,federation-wide,404,155,0,1,3.637661244633531,2.33575319864663,0.67,0.654320987654321,3.76191206213624,fedavg,0.8935643564356436,0.8910891089108911,0.6707920792079208,0.8787128712871287,0.9257425742574258,0.22029702970297027,-0.22277227722772275,-0.0024752475247524774,-0.014851485148514865,-0.012376237623762387,C-post-confirmatory-evidence-preserving
replication-family-set,104,play-late,inmobi,own-domain,28,97,0,1,7.206480614278623,5.87235594310807,0.5989304812834224,0.47058823529411764,7.406288833658654,fedavg,0.17857142857142858,1.0,0.9642857142857143,1.0,1.0,0.0357142857142857,0.7857142857142857,0.8214285714285714,0.8214285714285714,0.0,C-post-confirmatory-evidence-preserving
replication-family-set,104,play-late,inmobi,federation-wide,1089,97,0,1,7.206480614278623,5.87235594310807,0.5989304812834224,0.47058823529411764,7.406288833658654,fedavg,0.10927456382001836,0.9935720844811754,0.9136822773186409,0.9944903581267218,0.992653810835629,0.07988980716253447,0.8044077134986226,0.8842975206611571,0.8852157943067035,0.0009182736455464191,C-post-confirmatory-evidence-preserving
replication-family-set,104,anzhi,smsreg,own-domain,572,214,0,174,2.4678613237142137,1.5463763744172334,0.6792452830188679,0.5067567567567568,1.8982644692553374,fedavg,0.3356643356643357,0.28321678321678323,0.2202797202797203,0.31993006993006995,0.42132867132867136,0.06293706293706294,-0.11538461538461539,-0.05244755244755245,-0.01573426573426573,0.03671328671328672,C-post-confirmatory-evidence-preserving
replication-family-set,104,anzhi,smsreg,federation-wide,1368,214,0,174,2.4678613237142137,1.5463763744172334,0.6792452830188679,0.5067567567567568,1.8982644692553374,fedavg,0.2046783625730994,0.2989766081871345,0.25584795321637427,0.3391812865497076,0.4466374269005848,0.04312865497076024,0.051169590643274865,0.0942982456140351,0.13450292397660818,0.040204678362573076,C-post-confirmatory-evidence-preserving
replication-family-set,104,anzhi,youmi,own-domain,110,186,0,39,2.4398527276152997,1.6071617571810064,0.6923076923076923,0.6190476190476191,2.17292347767861,fedavg,0.22727272727272727,0.18181818181818182,0.2,0.20909090909090908,0.20909090909090908,-0.018181818181818188,-0.027272727272727254,-0.04545454545454544,-0.018181818181818188,0.027272727272727254,C-post-confirmatory-evidence-preserving
replication-family-set,104,anzhi,youmi,federation-wide,714,186,0,39,2.4398527276152997,1.6071617571810064,0.6923076923076923,0.6190476190476191,2.17292347767861,fedavg,0.24369747899159663,0.20168067226890757,0.20868347338935575,0.22549019607843138,0.20028011204481794,-0.007002801120448182,-0.03501400560224088,-0.042016806722689065,-0.018207282913165257,0.023809523809523808,C-post-confirmatory-evidence-preserving
replication-family-set,104,appchina,kuguo,own-domain,601,794,0,289,2.6938254439089784,1.195997696128466,0.5483870967741935,0.6375,2.055246035431259,fedavg,0.6023294509151415,0.4925124792013311,0.5324459234608985,0.4509151414309484,0.502495840266223,-0.03993344425956735,-0.06988352745424298,-0.10981697171381033,-0.15141430948419304,-0.041597337770382714,C-post-confirmatory-evidence-preserving
replication-family-set,104,appchina,kuguo,federation-wide,3624,794,0,289,2.6938254439089784,1.195997696128466,0.5483870967741935,0.6375,2.055246035431259,fedavg,0.5057947019867549,0.36120309050772625,0.34823399558498896,0.315121412803532,0.5317328918322296,0.01296909492273729,-0.15756070640176595,-0.14459161147902866,-0.1906732891832229,-0.046081677704194246,C-post-confirmatory-evidence-preserving
replication-family-set,105,play-early,smsreg,own-domain,64,435,0,5,4.188066247357669,2.5286015156710127,0.47115384615384615,0.363013698630137,3.9895065060433548,fedavg,0.328125,0.328125,0.296875,0.359375,0.375,0.03125,-0.03125,0.0,0.03125,0.03125,C-post-confirmatory-evidence-preserving
replication-family-set,105,play-early,smsreg,federation-wide,1357,435,0,5,4.188066247357669,2.5286015156710127,0.47115384615384615,0.363013698630137,3.9895065060433548,fedavg,0.5880619012527635,0.7862932940309506,0.6669123065585851,0.7988209285187915,0.8577745025792188,0.11938098747236547,0.07885040530582166,0.19823139277818713,0.21075902726602802,0.012527634487840889,C-post-confirmatory-evidence-preserving
replication-family-set,105,play-early,domob,own-domain,11,134,0,2,3.7811014732738495,2.184904892795592,0.7264150943396226,0.6022727272727273,3.7780915058124247,fedavg,1.0,0.9090909090909091,0.9090909090909091,1.0,0.9090909090909091,0.0,-0.09090909090909094,-0.09090909090909094,0.0,0.09090909090909094,C-post-confirmatory-evidence-preserving
replication-family-set,105,play-early,domob,federation-wide,375,134,0,2,3.7811014732738495,2.184904892795592,0.7264150943396226,0.6022727272727273,3.7780915058124247,fedavg,0.9386666666666666,0.952,0.5306666666666666,0.96,0.928,0.42133333333333334,-0.40800000000000003,0.013333333333333308,0.021333333333333315,0.008000000000000007,C-post-confirmatory-evidence-preserving
replication-family-set,105,play-late,inmobi,own-domain,19,104,0,4,6.9994124525827415,5.60718484907298,0.5358851674641149,0.4807692307692308,7.30304817306299,fedavg,0.8421052631578947,0.8947368421052632,0.8947368421052632,0.8947368421052632,0.8947368421052632,0.0,0.052631578947368474,0.052631578947368474,0.052631578947368474,0.0,C-post-confirmatory-evidence-preserving
replication-family-set,105,play-late,inmobi,federation-wide,629,104,0,4,6.9994124525827415,5.60718484907298,0.5358851674641149,0.4807692307692308,7.30304817306299,fedavg,0.7011128775834659,0.9523052464228935,0.9014308426073132,0.9618441971383148,0.9809220985691574,0.05087440381558028,0.20031796502384736,0.25119236883942764,0.26073131955484896,0.009538950715421324,C-post-confirmatory-evidence-preserving
replication-family-set,105,anzhi,kuguo,own-domain,2879,284,0,817,2.601839478218345,1.8658384383873563,0.6105263157894737,0.7301587301587301,2.638418873569413,fedavg,0.671761028134769,0.6015977770059048,0.5519277526919069,0.6509204584925321,0.7130948245918721,0.04967002431399792,-0.11983327544286215,-0.07016325112886423,-0.020840569642236906,0.04932268148662733,C-post-confirmatory-evidence-preserving
replication-family-set,105,anzhi,kuguo,federation-wide,3848,284,0,817,2.601839478218345,1.8658384383873563,0.6105263157894737,0.7301587301587301,2.638418873569413,fedavg,0.6632016632016632,0.6322765072765073,0.5532744282744283,0.6655405405405406,0.7182952182952183,0.079002079002079,-0.10992723492723488,-0.03092515592515588,0.0023388773388773876,0.033264033264033266,C-post-confirmatory-evidence-preserving
replication-family-set,105,anzhi,youmi,own-domain,109,173,0,23,2.5949112304379622,1.5159586657769728,0.6952380952380952,0.6024096385542169,2.389260534661219,fedavg,0.3486238532110092,0.3853211009174312,0.23853211009174313,0.3577981651376147,0.29357798165137616,0.14678899082568808,-0.11009174311926606,0.03669724770642202,0.009174311926605505,-0.027522935779816515,C-post-confirmatory-evidence-preserving
replication-family-set,105,anzhi,youmi,federation-wide,757,173,0,23,2.5949112304379622,1.5159586657769728,0.6952380952380952,0.6024096385542169,2.389260534661219,fedavg,0.34346103038309117,0.3844121532364597,0.2919418758256275,0.35006605019815057,0.29590488771466317,0.09247027741083225,-0.0515191545574637,0.04095112285336855,0.006605019815059399,-0.03434610303830915,C-post-confirmatory-evidence-preserving
replication-family-set,105,anzhi,utchi,own-domain,306,62,0,15,3.7958076592345757,3.037259316638986,0.4594594594594595,0.8214285714285714,3.945792517114488,fedavg,0.006535947712418301,0.006535947712418301,0.006535947712418301,0.8790849673202614,0.8790849673202614,0.0,0.0,0.0,0.8725490196078431,0.8725490196078431,C-post-confirmatory-evidence-preserving
replication-family-set,105,anzhi,utchi,federation-wide,584,62,0,15,3.7958076592345757,3.037259316638986,0.4594594594594595,0.8214285714285714,3.945792517114488,fedavg,0.003424657534246575,0.1095890410958904,0.030821917808219176,0.5667808219178082,0.6455479452054794,0.07876712328767123,0.0273972602739726,0.10616438356164383,0.5633561643835616,0.4571917808219178,C-post-confirmatory-evidence-preserving
replication-family-set,105,appchina,dnotua,own-domain,2,270,0,1,4.97233532841229,4.3693601068703565,0.1827956989247312,0.30434782608695654,4.188168255982031,fedavg,1.0,1.0,1.0,1.0,0.5,0.0,0.0,0.0,0.0,0.0,C-post-confirmatory-evidence-preserving
replication-family-set,105,appchina,dnotua,federation-wide,50,270,0,1,4.97233532841229,4.3693601068703565,0.1827956989247312,0.30434782608695654,4.188168255982031,fedavg,0.3,0.5,0.5,0.52,0.44,0.0,0.2,0.2,0.22000000000000003,0.020000000000000018,C-post-confirmatory-evidence-preserving
replication-family-set,105,appchina,zdtad,own-domain,6,174,0,3,2.75389497607444,2.018912435668336,0.5285714285714286,0.5949367088607594,2.6016824465398924,fedavg,0.5,0.8333333333333334,0.8333333333333334,0.8333333333333334,0.8333333333333334,0.0,0.33333333333333337,0.33333333333333337,0.33333333333333337,0.0,C-post-confirmatory-evidence-preserving
replication-family-set,105,appchina,zdtad,federation-wide,678,174,0,3,2.75389497607444,2.018912435668336,0.5285714285714286,0.5949367088607594,2.6016824465398924,fedavg,0.855457227138643,0.8303834808259587,0.8112094395280236,0.8008849557522124,0.9380530973451328,0.019174041297935096,-0.04424778761061943,-0.02507374631268433,-0.054572271386430615,-0.029498525073746285,C-post-confirmatory-evidence-preserving
replication-family-set,106,play-early,dnotua,own-domain,29,14,0,260,2.7534074467055185,0.8118476196691168,0.7333333333333333,1.0,3.2399303885770925,fedavg,0.6896551724137931,0.7586206896551724,0.7586206896551724,0.7241379310344828,0.7241379310344828,0.0,0.06896551724137923,0.06896551724137923,0.03448275862068961,-0.03448275862068961,C-post-confirmatory-evidence-preserving
replication-family-set,106,play-early,dnotua,federation-wide,53,14,0,260,2.7534074467055185,0.8118476196691168,0.7333333333333333,1.0,3.2399303885770925,fedavg,0.6415094339622641,0.7358490566037735,0.7169811320754716,0.6981132075471698,0.660377358490566,0.018867924528301883,0.07547169811320753,0.09433962264150941,0.05660377358490565,-0.037735849056603765,C-post-confirmatory-evidence-preserving
replication-family-set,106,play-late,smsreg,own-domain,17,365,0,0,4.151588100064416,3.941903043894378,0.2992957746478873,0.49242424242424243,5.612593534135643,fedavg,0.4117647058823529,0.35294117647058826,0.5882352941176471,0.23529411764705882,0.5294117647058824,-0.23529411764705882,0.17647058823529416,-0.05882352941176466,-0.1764705882352941,-0.11764705882352944,C-post-confirmatory-evidence-preserving
replication-family-set,106,play-late,smsreg,federation-wide,1193,365,0,0,4.151588100064416,3.941903043894378,0.2992957746478873,0.49242424242424243,5.612593534135643,fedavg,0.7845766974015088,0.7812238055322716,0.8432523051131601,0.7736797988264879,0.950544844928751,-0.06202849958088852,0.058675607711651256,-0.0033528918692372622,-0.010896898575020963,-0.007544006705783701,C-post-confirmatory-evidence-preserving
replication-family-set,106,anzhi,youmi,own-domain,87,184,0,28,2.382273522794909,1.3810562165066627,0.7037037037037037,0.6547619047619048,2.080505579016208,fedavg,0.22988505747126436,0.12643678160919541,0.12643678160919541,0.16091954022988506,0.14942528735632185,0.0,-0.10344827586206895,-0.10344827586206895,-0.06896551724137931,0.03448275862068964,C-post-confirmatory-evidence-preserving
replication-family-set,106,anzhi,youmi,federation-wide,683,184,0,28,2.382273522794909,1.3810562165066627,0.7037037037037037,0.6547619047619048,2.080505579016208,fedavg,0.2635431918008785,0.14202049780380674,0.15373352855051245,0.19619326500732065,0.13323572474377746,-0.01171303074670571,-0.10980966325036604,-0.12152269399707175,-0.06734992679355783,0.05417276720351391,C-post-confirmatory-evidence-preserving
replication-family-set,106,anzhi,domob,own-domain,87,91,0,40,3.170898308607723,1.6312190957790247,0.7410714285714286,0.6153846153846154,2.8413783593506836,fedavg,0.2413793103448276,0.20689655172413793,0.21839080459770116,0.27586206896551724,0.27586206896551724,-0.011494252873563232,-0.022988505747126436,-0.03448275862068967,0.03448275862068964,0.06896551724137931,C-post-confirmatory-evidence-preserving
replication-family-set,106,anzhi,domob,federation-wide,401,91,0,40,3.170898308607723,1.6312190957790247,0.7410714285714286,0.6153846153846154,2.8413783593506836,fedavg,0.2892768079800499,0.2718204488778055,0.26683291770573564,0.34663341645885287,0.18204488778054864,0.004987531172069848,-0.02244389027431426,-0.017456359102244412,0.05735660847880297,0.07481296758104738,C-post-confirmatory-evidence-preserving
replication-family-set,106,appchina,kuguo,own-domain,1023,821,0,223,2.8060198885066554,1.2805757140100635,0.5288461538461539,0.620253164556962,2.0582439830780497,fedavg,0.3734115347018573,0.2649071358748778,0.3088954056695992,0.30498533724340177,0.38025415444770283,-0.043988269794721424,-0.06451612903225806,-0.10850439882697949,-0.06842619745845552,0.04007820136852397,C-post-confirmatory-evidence-preserving
replication-family-set,106,appchina,kuguo,federation-wide,4138,821,0,223,2.8060198885066554,1.2805757140100635,0.5288461538461539,0.620253164556962,2.0582439830780497,fedavg,0.4598840019333011,0.3518608023199613,0.42411793136781056,0.37747704204929916,0.5785403576607057,-0.07225712904784926,-0.035766070565490526,-0.10802319961333978,-0.08240695988400193,0.025616239729337853,C-post-confirmatory-evidence-preserving
replication-family-set,106,appchina,inmobi,own-domain,23,46,0,6,7.0806474297226485,5.439742244848056,0.4765957446808511,0.21890547263681592,6.2165581554124865,fedavg,0.13043478260869565,0.5217391304347826,0.34782608695652173,0.5652173913043478,0.4782608695652174,0.17391304347826086,0.21739130434782608,0.3913043478260869,0.4347826086956521,0.04347826086956519,C-post-confirmatory-evidence-preserving
replication-family-set,106,appchina,inmobi,federation-wide,511,46,0,6,7.0806474297226485,5.439742244848056,0.4765957446808511,0.21890547263681592,6.2165581554124865,fedavg,0.48140900195694714,0.7788649706457925,0.700587084148728,0.8297455968688845,0.7103718199608611,0.07827788649706457,0.2191780821917808,0.2974559686888454,0.34833659491193736,0.050880626223091974,C-post-confirmatory-evidence-preserving
replication-family-set,106,appchina,zdtad,own-domain,2,149,0,3,2.8517117112403403,2.03722477456301,0.55,0.6,2.6119558314715787,fedavg,1.0,0.0,0.0,0.0,1.0,0.0,-1.0,-1.0,-1.0,0.0,C-post-confirmatory-evidence-preserving
replication-family-set,106,appchina,zdtad,federation-wide,495,149,0,3,2.8517117112403403,2.03722477456301,0.55,0.6,2.6119558314715787,fedavg,0.7575757575757576,0.5595959595959596,0.6363636363636364,0.591919191919192,0.7858585858585858,-0.0767676767676767,-0.12121212121212122,-0.19797979797979792,-0.1656565656565656,0.03232323232323231,C-post-confirmatory-evidence-preserving
replication-family-set,106,appchina,utchi,own-domain,82,12,0,69,4.070927597062206,3.1755179081706135,0.4166666666666667,0.8333333333333334,3.405775264204841,fedavg,0.1951219512195122,0.0,0.1951219512195122,0.1951219512195122,0.7560975609756098,-0.1951219512195122,0.0,-0.1951219512195122,0.0,0.1951219512195122,C-post-confirmatory-evidence-preserving
replication-family-set,106,appchina,utchi,federation-wide,354,12,0,69,4.070927597062206,3.1755179081706135,0.4166666666666667,0.8333333333333334,3.405775264204841,fedavg,0.04519774011299435,0.0,0.04519774011299435,0.04519774011299435,0.9293785310734464,-0.04519774011299435,0.0,-0.04519774011299435,0.0,0.04519774011299435,C-post-confirmatory-evidence-preserving
replication-family-set,107,play-early,kuguo,own-domain,15,1072,0,1,3.358539632957161,2.300923877835163,0.48091603053435117,0.6410256410256411,3.382549598366596,fedavg,0.9333333333333333,0.9333333333333333,0.9333333333333333,0.9333333333333333,0.9333333333333333,0.0,0.0,0.0,0.0,0.0,C-post-confirmatory-evidence-preserving
replication-family-set,107,play-early,kuguo,federation-wide,3302,1072,0,1,3.358539632957161,2.300923877835163,0.48091603053435117,0.6410256410256411,3.382549598366596,fedavg,0.696244700181708,0.9039975772259237,0.8146577831617202,0.8979406420351302,0.9936402180496668,0.08933979406420345,0.11841308298001219,0.20775287704421563,0.2016959418534222,-0.006056935190793422,C-post-confirmatory-evidence-preserving
replication-family-set,107,play-early,dnotua,own-domain,610,11,0,272,2.5255749949512354,0.9579702318308215,0.578125,0.8,3.020331923997043,fedavg,0.9131147540983606,0.1,0.9540983606557377,0.9540983606557377,0.9852459016393442,-0.8540983606557377,0.040983606557377095,-0.8131147540983606,0.040983606557377095,0.8540983606557377,C-post-confirmatory-evidence-preserving
replication-family-set,107,play-early,dnotua,federation-wide,650,11,0,272,2.5255749949512354,0.9579702318308215,0.578125,0.8,3.020331923997043,fedavg,0.9,0.11692307692307692,0.9338461538461539,0.9338461538461539,0.98,-0.816923076923077,0.03384615384615386,-0.7830769230769231,0.03384615384615386,0.816923076923077,C-post-confirmatory-evidence-preserving
replication-family-set,107,play-early,inmobi,own-domain,378,13,0,77,5.394316789702376,3.4838285857596656,0.6,0.5755813953488372,5.503678803301722,fedavg,0.6640211640211641,0.917989417989418,0.783068783068783,0.9391534391534392,0.9206349206349206,0.134920634920635,0.11904761904761896,0.25396825396825395,0.2751322751322751,0.021164021164021163,C-post-confirmatory-evidence-preserving
replication-family-set,107,play-early,inmobi,federation-wide,428,13,0,77,5.394316789702376,3.4838285857596656,0.6,0.5755813953488372,5.503678803301722,fedavg,0.6448598130841121,0.9088785046728972,0.7780373831775701,0.9322429906542056,0.9182242990654206,0.13084112149532712,0.133177570093458,0.2640186915887851,0.28738317757009346,0.02336448598130836,C-post-confirmatory-evidence-preserving
replication-family-set,107,play-early,domob,own-domain,16,128,0,2,3.5964438252749713,2.1893568696726096,0.6857142857142857,0.6705882352941176,3.774603777342803,fedavg,0.75,0.8125,0.6875,0.9375,0.8125,0.125,-0.0625,0.0625,0.1875,0.125,C-post-confirmatory-evidence-preserving
replication-family-set,107,play-early,domob,federation-wide,421,128,0,2,3.5964438252749713,2.1893568696726096,0.6857142857142857,0.6705882352941176,3.774603777342803,fedavg,0.9382422802850356,0.8836104513064132,0.6365795724465558,0.8646080760095012,0.9501187648456056,0.24703087885985742,-0.3016627078384798,-0.0546318289786224,-0.07363420427553447,-0.019002375296912066,C-post-confirmatory-evidence-preserving
replication-family-set,107,play-late,smsreg,own-domain,16,330,0,3,3.867309750163968,3.8703441665791014,0.3511450381679389,0.49264705882352944,5.603643628200814,fedavg,0.6875,0.5,0.375,0.5,0.375,0.125,-0.3125,-0.1875,-0.1875,0.0,C-post-confirmatory-evidence-preserving
replication-family-set,107,play-late,smsreg,federation-wide,1164,330,0,3,3.867309750163968,3.8703441665791014,0.3511450381679389,0.49264705882352944,5.603643628200814,fedavg,0.9347079037800687,0.9355670103092784,0.8865979381443299,0.9390034364261168,0.9458762886597938,0.0489690721649485,-0.04810996563573888,0.0008591065292096189,0.004295532646048095,0.0034364261168384758,C-post-confirmatory-evidence-preserving
replication-family-set,107,appchina,youmi,own-domain,492,28,0,150,2.71739105497095,1.5950373927943473,0.7053571428571429,0.5673076923076923,1.5187104292703901,fedavg,0.3353658536585366,0.23577235772357724,0.2703252032520325,0.22154471544715448,0.31097560975609756,-0.03455284552845528,-0.06504065040650409,-0.09959349593495936,-0.11382113821138212,-0.014227642276422758,C-post-confirmatory-evidence-preserving
replication-family-set,107,appchina,youmi,federation-wide,635,28,0,150,2.71739105497095,1.5950373927943473,0.7053571428571429,0.5673076923076923,1.5187104292703901,fedavg,0.33858267716535434,0.23937007874015748,0.2692913385826772,0.22677165354330708,0.32598425196850395,-0.0299212598425197,-0.06929133858267716,-0.09921259842519686,-0.11181102362204726,-0.012598425196850394,C-post-confirmatory-evidence-preserving
replication-family-set,107,appchina,zdtad,own-domain,6,153,0,2,2.8275685879639805,2.0194725607319195,0.5212765957446809,0.6216216216216216,2.637779089325536,fedavg,0.8333333333333334,0.6666666666666666,0.6666666666666666,0.3333333333333333,0.5,0.0,-0.16666666666666674,-0.16666666666666674,-0.5,-0.3333333333333333,C-post-confirmatory-evidence-preserving
replication-family-set,107,appchina,zdtad,federation-wide,461,153,0,2,2.8275685879639805,2.0194725607319195,0.5212765957446809,0.6216216216216216,2.637779089325536,fedavg,0.720173535791757,0.6746203904555315,0.7418655097613883,0.579175704989154,0.9240780911062907,-0.06724511930585686,0.021691973969631295,-0.045553145336225564,-0.14099783080260297,-0.09544468546637741,C-post-confirmatory-evidence-preserving
replication-family-set,108,play-early,domob,own-domain,16,123,0,0,3.778316115790302,2.200072704805804,0.6981132075471698,0.6375,3.7837778377096636,fedavg,0.75,0.875,0.8125,0.8125,0.875,0.0625,0.0625,0.125,0.0625,-0.0625,C-post-confirmatory-evidence-preserving
replication-family-set,108,play-early,domob,federation-wide,451,123,0,0,3.778316115790302,2.200072704805804,0.6981132075471698,0.6375,3.7837778377096636,fedavg,0.9312638580931264,0.8869179600886918,0.738359201773836,0.8980044345898004,0.8580931263858093,0.14855875831485588,-0.19290465631929044,-0.04434589800443456,-0.033259423503326,0.011086474501108556,C-post-confirmatory-evidence-preserving
replication-family-set,108,play-late,smsreg,own-domain,16,409,0,2,3.9209381274304524,3.9657716892399675,0.3181818181818182,0.5038167938931297,5.559748062510746,fedavg,0.4375,0.625,0.5,0.6875,0.5,0.125,0.0625,0.1875,0.25,0.0625,C-post-confirmatory-evidence-preserving
replication-family-set,108,play-late,smsreg,federation-wide,1263,409,0,2,3.9209381274304524,3.9657716892399675,0.3181818181818182,0.5038167938931297,5.559748062510746,fedavg,0.889944576405384,0.9540775930324624,0.8733174980205859,0.9469517022961204,0.9675376088677752,0.08076009501187653,-0.016627078384798155,0.06413301662707838,0.05700712589073631,-0.0071258907363420665,C-post-confirmatory-evidence-preserving
replication-family-set,108,anzhi,dnotua,own-domain,16,283,0,1,4.971660635822575,4.6269243207223605,0.14893617021276595,0.30434782608695654,5.232713921820939,fedavg,0.3125,0.375,0.375,0.375,0.375,0.0,0.0625,0.0625,0.0625,0.0,C-post-confirmatory-evidence-preserving
replication-family-set,108,anzhi,dnotua,federation-wide,101,283,0,1,4.971660635822575,4.6269243207223605,0.14893617021276595,0.30434782608695654,5.232713921820939,fedavg,0.16831683168316833,0.19801980198019803,0.2079207920792079,0.18811881188118812,0.1782178217821782,-0.009900990099009882,0.039603960396039584,0.0297029702970297,0.019801980198019792,-0.00990099009900991,C-post-confirmatory-evidence-preserving
replication-family-set,108,anzhi,youmi,own-domain,104,191,0,24,2.4011964866180042,1.424342029685442,0.8202247191011236,0.6219512195121951,2.3667493125703722,fedavg,0.4423076923076923,0.36538461538461536,0.3076923076923077,0.3942307692307692,0.3269230769230769,0.057692307692307654,-0.13461538461538458,-0.07692307692307693,-0.04807692307692307,0.028846153846153855,C-post-confirmatory-evidence-preserving
replication-family-set,108,anzhi,youmi,federation-wide,624,191,0,24,2.4011964866180042,1.424342029685442,0.8202247191011236,0.6219512195121951,2.3667493125703722,fedavg,0.36538461538461536,0.2980769230769231,0.26121794871794873,0.3317307692307692,0.27724358974358976,0.03685897435897434,-0.10416666666666663,-0.06730769230769229,-0.033653846153846145,0.033653846153846145,C-post-confirmatory-evidence-preserving
replication-family-set,108,anzhi,utchi,own-domain,321,90,0,12,3.708831646421228,2.95303622678315,0.5384615384615384,0.7931034482758621,3.953793226649357,fedavg,0.0,0.0,0.0,0.8317757009345794,1.0,0.0,0.0,0.0,0.8317757009345794,0.8317757009345794,C-post-confirmatory-evidence-preserving
replication-family-set,108,anzhi,utchi,federation-wide,592,90,0,12,3.708831646421228,2.95303622678315,0.5384615384615384,0.7931034482758621,3.953793226649357,fedavg,0.0,0.10472972972972973,0.02702702702702703,0.6334459459459459,1.0,0.0777027027027027,0.02702702702702703,0.10472972972972973,0.6334459459459459,0.5287162162162162,C-post-confirmatory-evidence-preserving
replication-family-set,108,appchina,kuguo,own-domain,732,899,0,316,2.6938507803031504,1.2648330625943276,0.5408163265306123,0.6075949367088608,2.0629875396773243,fedavg,0.7459016393442623,0.5833333333333334,0.5860655737704918,0.6789617486338798,0.6762295081967213,-0.002732240437158473,-0.1598360655737705,-0.16256830601092898,-0.06693989071038253,0.09562841530054644,C-post-confirmatory-evidence-preserving
replication-family-set,108,appchina,kuguo,federation-wide,3319,899,0,316,2.6938507803031504,1.2648330625943276,0.5408163265306123,0.6075949367088608,2.0629875396773243,fedavg,0.6559204579692679,0.6050015064778548,0.5778849050918952,0.6544139801144924,0.6833383549261826,0.027116601385959616,-0.07803555287737274,-0.05091895149141312,-0.0015064778547755342,0.04941247363663759,C-post-confirmatory-evidence-preserving
replication-family-set,108,appchina,inmobi,own-domain,34,92,0,13,7.914840393859018,6.455751330008939,0.5263157894736842,0.2582781456953642,7.155587021721393,fedavg,0.2647058823529412,0.6764705882352942,0.4117647058823529,0.6470588235294118,0.5,0.26470588235294124,0.14705882352941174,0.411764705882353,0.3823529411764706,-0.02941176470588236,C-post-confirmatory-evidence-preserving
replication-family-set,108,appchina,inmobi,federation-wide,446,92,0,13,7.914840393859018,6.455751330008939,0.5263157894736842,0.2582781456953642,7.155587021721393,fedavg,0.19506726457399104,0.7780269058295964,0.5291479820627802,0.8026905829596412,0.647982062780269,0.2488789237668162,0.3340807174887892,0.5829596412556054,0.6076233183856502,0.024663677130044803,C-post-confirmatory-evidence-preserving
replication-family-set,109,play-early,kuguo,own-domain,22,1048,0,0,3.528567031826888,2.33408530673434,0.49586776859504134,0.6233766233766234,3.412249110334701,fedavg,0.7727272727272727,0.9545454545454546,0.9090909090909091,0.9545454545454546,1.0,0.045454545454545525,0.13636363636363635,0.18181818181818188,0.18181818181818188,0.0,C-post-confirmatory-evidence-preserving
replication-family-set,109,play-early,kuguo,federation-wide,3309,1048,0,0,3.528567031826888,2.33408530673434,0.49586776859504134,0.6233766233766234,3.412249110334701,fedavg,0.6101541251133273,0.9020852221214869,0.8144454517981263,0.8824418253248716,0.9851919008763977,0.08763977032336057,0.204291326684799,0.29193109700815956,0.27228770021154425,-0.01964339679661531,C-post-confirmatory-evidence-preserving
replication-family-set,109,play-late,dnotua,own-domain,84,246,0,9,4.940810912036928,0.9012911947493208,0.9565217391304348,0.6086956521739131,6.050016077465109,fedavg,0.3333333333333333,0.34523809523809523,0.34523809523809523,0.34523809523809523,0.35714285714285715,0.0,0.011904761904761918,0.011904761904761918,0.011904761904761918,0.0,C-post-confirmatory-evidence-preserving
replication-family-set,109,play-late,dnotua,federation-wide,705,246,0,9,4.940810912036928,0.9012911947493208,0.9565217391304348,0.6086956521739131,6.050016077465109,fedavg,0.9078014184397163,0.9134751773049645,0.9134751773049645,0.9134751773049645,0.9163120567375886,0.0,0.005673758865248235,0.005673758865248235,0.005673758865248235,0.0,C-post-confirmatory-evidence-preserving
replication-family-set,109,anzhi,youmi,own-domain,93,192,0,33,2.436620607141673,1.5047634456407042,0.7,0.6341463414634146,2.452793866582849,fedavg,0.27956989247311825,0.16129032258064516,0.12903225806451613,0.20430107526881722,0.15053763440860216,0.03225806451612903,-0.15053763440860213,-0.1182795698924731,-0.07526881720430104,0.04301075268817206,C-post-confirmatory-evidence-preserving
replication-family-set,109,anzhi,youmi,federation-wide,611,192,0,33,2.436620607141673,1.5047634456407042,0.7,0.6341463414634146,2.452793866582849,fedavg,0.23404255319148937,0.14729950900163666,0.11456628477905073,0.16039279869067102,0.10965630114566285,0.03273322422258593,-0.11947626841243864,-0.08674304418985271,-0.07364975450081834,0.013093289689034365,C-post-confirmatory-evidence-preserving
replication-family-set,109,anzhi,domob,own-domain,69,95,0,29,3.2292559513596224,1.6954719025284202,0.8090909090909091,0.5851063829787234,3.0905009841096813,fedavg,0.2753623188405797,0.17391304347826086,0.13043478260869565,0.2028985507246377,0.11594202898550725,0.043478260869565216,-0.14492753623188406,-0.10144927536231885,-0.07246376811594202,0.02898550724637683,C-post-confirmatory-evidence-preserving
replication-family-set,109,anzhi,domob,federation-wide,373,95,0,29,3.2292559513596224,1.6954719025284202,0.8090909090909091,0.5851063829787234,3.0905009841096813,fedavg,0.2975871313672922,0.20911528150134048,0.1581769436997319,0.24396782841823056,0.15281501340482573,0.050938337801608585,-0.1394101876675603,-0.08847184986595172,-0.05361930294906164,0.034852546916890076,C-post-confirmatory-evidence-preserving
replication-family-set,109,appchina,smsreg,own-domain,571,182,0,218,2.4153757861485965,1.7800767902009689,0.6222222222222222,0.5794392523364486,1.8519712632015048,fedavg,0.0893169877408056,0.2486865148861646,0.2434325744308231,0.3239929947460595,0.38353765323992994,0.005253940455341499,0.15411558669001751,0.159369527145359,0.23467600700525393,0.07530647985989491,C-post-confirmatory-evidence-preserving
replication-family-set,109,appchina,smsreg,federation-wide,1233,182,0,218,2.4153757861485965,1.7800767902009689,0.6222222222222222,0.5794392523364486,1.8519712632015048,fedavg,0.19140308191403083,0.37388483373884834,0.3446877534468775,0.41686942416869427,0.44525547445255476,0.029197080291970823,0.1532846715328467,0.18248175182481752,0.22546634225466344,0.042984590429845926,C-post-confirmatory-evidence-preserving
replication-family-set,109,appchina,inmobi,own-domain,22,51,0,8,6.997420335119285,5.549138842680269,0.484304932735426,0.21505376344086022,6.150398464209625,fedavg,0.5909090909090909,0.7727272727272727,0.4090909090909091,0.7727272727272727,0.6363636363636364,0.3636363636363636,-0.18181818181818182,0.18181818181818177,0.18181818181818177,0.0,C-post-confirmatory-evidence-preserving
replication-family-set,109,appchina,inmobi,federation-wide,480,51,0,8,6.997420335119285,5.549138842680269,0.484304932735426,0.21505376344086022,6.150398464209625,fedavg,0.45625,0.75625,0.49375,0.94375,0.69375,0.26249999999999996,0.03750000000000003,0.3,0.4875,0.1875,C-post-confirmatory-evidence-preserving
natural-scarcity,100,play-early,adwo,own-domain,30,305,1,0,3.84076363395206,2.765525506921162,0.504424778761062,0.6629213483146067,4.039883767396629,fedavg,0.9333333333333333,1.0,1.0,,,0.0,0.06666666666666665,0.06666666666666665,,,C-post-confirmatory-evidence-preserving
natural-scarcity,100,play-early,adwo,federation-wide,846,305,1,0,3.84076363395206,2.765525506921162,0.504424778761062,0.6629213483146067,4.039883767396629,fedavg,0.7966903073286052,0.8983451536643026,0.8723404255319149,,,0.026004728132387633,0.07565011820330969,0.10165484633569732,,,C-post-confirmatory-evidence-preserving
natural-scarcity,100,play-early,dowgin,own-domain,25,1686,3,0,3.458574951808519,1.9188927296908627,0.49523809523809526,0.7105263157894737,3.5254218947865374,fedavg,0.32,0.44,0.76,,,-0.32,0.44,0.12,,,C-post-confirmatory-evidence-preserving
natural-scarcity,100,play-early,dowgin,federation-wide,6428,1686,3,0,3.458574951808519,1.9188927296908627,0.49523809523809526,0.7105263157894737,3.5254218947865374,fedavg,0.4671748599875544,0.9015245799626633,0.9102364654635967,,,-0.00871188550093338,0.4430616054760423,0.4343497199751089,,,C-post-confirmatory-evidence-preserving
natural-scarcity,100,play-early,gappusin,own-domain,22,451,1,0,3.3092306507062212,1.9608886738646778,0.6947368421052632,0.6625,3.3938392253711376,fedavg,0.7727272727272727,0.8181818181818182,0.9090909090909091,,,-0.09090909090909083,0.13636363636363635,0.045454545454545525,,,C-post-confirmatory-evidence-preserving
natural-scarcity,100,play-early,gappusin,federation-wide,1429,451,1,0,3.3092306507062212,1.9608886738646778,0.6947368421052632,0.6625,3.3938392253711376,fedavg,0.46116165150454863,0.7984604618614416,0.6102169349195241,,,0.18824352694191748,0.14905528341497548,0.33729881035689296,,,C-post-confirmatory-evidence-preserving
natural-scarcity,100,play-late,airpush,own-domain,36,352,5,0,3.963727860702299,3.2999465094926137,0.4659090909090909,0.5104895104895105,4.975176058230531,fedavg,0.6666666666666666,0.5555555555555556,0.3055555555555556,,,0.25,-0.36111111111111105,-0.11111111111111105,,,C-post-confirmatory-evidence-preserving
natural-scarcity,100,play-late,airpush,federation-wide,2433,352,5,0,3.963727860702299,3.2999465094926137,0.4659090909090909,0.5104895104895105,4.975176058230531,fedavg,0.8060008220304151,0.9149198520345253,0.6950267159884915,,,0.21989313604603378,-0.11097410604192359,0.10891903000411018,,,C-post-confirmatory-evidence-preserving
natural-scarcity,100,play-late,leadbolt,own-domain,18,95,1,0,4.013058363893768,3.3038367762752436,0.3961038961038961,0.5596330275229358,4.934783791327211,fedavg,0.2222222222222222,0.8333333333333334,0.16666666666666666,,,0.6666666666666667,-0.05555555555555555,0.6111111111111112,,,C-post-confirmatory-evidence-preserving
natural-scarcity,100,play-late,leadbolt,federation-wide,842,95,1,0,4.013058363893768,3.3038367762752436,0.3961038961038961,0.5596330275229358,4.934783791327211,fedavg,0.6080760095011877,0.833729216152019,0.4513064133016627,,,0.3824228028503563,-0.15676959619952496,0.22565320665083133,,,C-post-confirmatory-evidence-preserving
natural-scarcity,100,play-late,revmob,own-domain,18,58,0,0,5.2369993023905455,4.380910499428514,0.39768339768339767,0.4859154929577465,5.838510013955065,fedavg,0.3888888888888889,0.6666666666666666,0.16666666666666666,,,0.5,-0.22222222222222224,0.27777777777777773,,,C-post-confirmatory-evidence-preserving
natural-scarcity,100,play-late,revmob,federation-wide,600,58,0,0,5.2369993023905455,4.380910499428514,0.39768339768339767,0.4859154929577465,5.838510013955065,fedavg,0.5766666666666667,0.6816666666666666,0.23,,,0.45166666666666666,-0.3466666666666667,0.10499999999999998,,,C-post-confirmatory-evidence-preserving
natural-scarcity,100,anzhi,airpush,own-domain,56,339,18,0,3.3184980204660794,2.6804630487138597,0.39634146341463417,0.3541666666666667,3.052815328770989,fedavg,0.875,0.9821428571428571,0.9821428571428571,,,0.0,0.1071428571428571,0.1071428571428571,,,C-post-confirmatory-evidence-preserving
natural-scarcity,100,anzhi,airpush,federation-wide,2433,339,18,0,3.3184980204660794,2.6804630487138597,0.39634146341463417,0.3541666666666667,3.052815328770989,fedavg,0.3156596794081381,0.7554459515002055,0.5499383477188656,,,0.20550760378133992,0.23427866831072752,0.43978627209206744,,,C-post-confirmatory-evidence-preserving
natural-scarcity,100,anzhi,hiddad,own-domain,15,46,1,0,5.572717041405983,5.481187408201187,0.2766497461928934,0.2196969696969697,5.4576751284814815,fedavg,0.4666666666666667,0.7333333333333333,0.8,,,-0.06666666666666676,0.33333333333333337,0.2666666666666666,,,C-post-confirmatory-evidence-preserving
natural-scarcity,100,anzhi,hiddad,federation-wide,337,46,1,0,5.572717041405983,5.481187408201187,0.2766497461928934,0.2196969696969697,5.4576751284814815,fedavg,0.41543026706231456,0.2344213649851632,0.18100890207715134,,,0.053412462908011854,-0.23442136498516322,-0.18100890207715137,,,C-post-confirmatory-evidence-preserving
natural-scarcity,100,anzhi,leadbolt,own-domain,15,92,4,0,3.3880980081138214,2.8090234134915737,0.5772357723577236,0.46788990825688076,3.234390467674244,fedavg,0.4,0.5333333333333333,0.4666666666666667,,,0.06666666666666665,0.06666666666666665,0.1333333333333333,,,C-post-confirmatory-evidence-preserving
natural-scarcity,100,anzhi,leadbolt,federation-wide,842,92,4,0,3.3880980081138214,2.8090234134915737,0.5772357723577236,0.46788990825688076,3.234390467674244,fedavg,0.12114014251781473,0.40498812351543945,0.10807600950118765,,,0.29691211401425177,-0.01306413301662708,0.2838479809976247,,,C-post-confirmatory-evidence-preserving
natural-scarcity,100,appchina,dowgin,own-domain,212,1593,96,0,2.7505469197996057,2.0451366268614852,0.5523809523809524,0.5974025974025974,2.256564042556935,fedavg,0.4669811320754717,0.42924528301886794,0.4528301886792453,,,-0.023584905660377353,-0.014150943396226412,-0.037735849056603765,,,C-post-confirmatory-evidence-preserving
natural-scarcity,100,appchina,dowgin,federation-wide,6428,1593,96,0,2.7505469197996057,2.0451366268614852,0.5523809523809524,0.5974025974025974,2.256564042556935,fedavg,0.6555693839452396,0.7716241443683883,0.7417548226509023,,,0.02986932171748602,0.08618543870566275,0.11605476042314877,,,C-post-confirmatory-evidence-preserving
natural-scarcity,100,appchina,revmob,own-domain,20,53,5,0,5.165300359448906,3.535153087295487,0.46703296703296704,0.2765957446808511,4.0496577643459055,fedavg,0.3,0.25,0.15,,,0.1,-0.15,-0.04999999999999999,,,C-post-confirmatory-evidence-preserving
natural-scarcity,100,appchina,revmob,federation-wide,600,53,5,0,5.165300359448906,3.535153087295487,0.46703296703296704,0.2765957446808511,4.0496577643459055,fedavg,0.285,0.5283333333333333,0.075,,,0.4533333333333333,-0.20999999999999996,0.24333333333333335,,,C-post-confirmatory-evidence-preserving
natural-scarcity,101,play-early,dowgin,own-domain,23,1753,2,0,3.6433005457703835,2.0890675971770216,0.48623853211009177,0.7066666666666667,3.5181787657459718,fedavg,0.6956521739130435,0.5652173913043478,0.6521739130434783,,,-0.08695652173913049,-0.04347826086956519,-0.13043478260869568,,,C-post-confirmatory-evidence-preserving
natural-scarcity,101,play-early,dowgin,federation-wide,5745,1753,2,0,3.6433005457703835,2.0890675971770216,0.48623853211009177,0.7066666666666667,3.5181787657459718,fedavg,0.7188859878154917,0.9489991296779808,0.9230635335073978,,,0.025935596170583053,0.20417754569190605,0.2301131418624891,,,C-post-confirmatory-evidence-preserving
natural-scarcity,101,play-early,gappusin,own-domain,37,402,10,0,3.468529908893136,2.095524338892044,0.5333333333333333,0.7162162162162162,3.367666098710668,fedavg,0.918918918918919,0.9459459459459459,0.7837837837837838,,,0.16216216216216217,-0.1351351351351352,0.027027027027026973,,,C-post-confirmatory-evidence-preserving
natural-scarcity,101,play-early,gappusin,federation-wide,1624,402,10,0,3.468529908893136,2.095524338892044,0.5333333333333333,0.7162162162162162,3.367666098710668,fedavg,0.7383004926108374,0.9187192118226601,0.8140394088669951,,,0.10467980295566504,0.0757389162561577,0.18041871921182273,,,C-post-confirmatory-evidence-preserving
natural-scarcity,101,play-late,airpush,own-domain,49,358,7,0,3.799495122945879,3.3826608875023916,0.49214659685863876,0.44366197183098594,4.950975148162195,fedavg,0.5306122448979592,0.7959183673469388,0.4489795918367347,,,0.3469387755102041,-0.08163265306122452,0.26530612244897955,,,C-post-confirmatory-evidence-preserving
natural-scarcity,101,play-late,airpush,federation-wide,1864,358,7,0,3.799495122945879,3.3826608875023916,0.49214659685863876,0.44366197183098594,4.950975148162195,fedavg,0.578862660944206,0.9565450643776824,0.8165236051502146,,,0.14002145922746778,0.23766094420600858,0.37768240343347637,,,C-post-confirmatory-evidence-preserving
natural-scarcity,101,play-late,leadbolt,own-domain,20,108,1,0,3.96567983067396,3.4837185357591465,0.41139240506329117,0.5392156862745098,5.068889159191522,fedavg,0.0,0.75,0.45,,,0.3,0.45,0.75,,,C-post-confirmatory-evidence-preserving
natural-scarcity,101,play-late,leadbolt,federation-wide,885,108,1,0,3.96567983067396,3.4837185357591465,0.41139240506329117,0.5392156862745098,5.068889159191522,fedavg,0.3254237288135593,0.8576271186440678,0.5830508474576271,,,0.2745762711864407,0.25762711864406784,0.5322033898305085,,,C-post-confirmatory-evidence-preserving
natural-scarcity,101,play-late,revmob,own-domain,15,62,2,0,4.9735387163132,4.397160352882321,0.4782608695652174,0.4105960264900662,5.74174572139714,fedavg,0.6666666666666666,0.6666666666666666,0.13333333333333333,,,0.5333333333333333,-0.5333333333333333,0.0,,,C-post-confirmatory-evidence-preserving
natural-scarcity,101,play-late,revmob,federation-wide,654,62,2,0,4.9735387163132,4.397160352882321,0.4782608695652174,0.4105960264900662,5.74174572139714,fedavg,0.327217125382263,0.8853211009174312,0.28134556574923547,,,0.6039755351681957,-0.045871559633027525,0.5581039755351682,,,C-post-confirmatory-evidence-preserving
natural-scarcity,101,anzhi,airpush,own-domain,69,348,17,0,3.4078246613861367,2.754109523730548,0.37777777777777777,0.3380281690140845,3.228910461763698,fedavg,0.927536231884058,1.0,0.927536231884058,,,0.07246376811594202,0.0,0.07246376811594202,,,C-post-confirmatory-evidence-preserving
natural-scarcity,101,anzhi,airpush,federation-wide,1864,348,17,0,3.4078246613861367,2.754109523730548,0.37777777777777777,0.3380281690140845,3.228910461763698,fedavg,0.3717811158798283,0.7086909871244635,0.4624463519313305,,,0.24624463519313305,0.09066523605150217,0.33690987124463523,,,C-post-confirmatory-evidence-preserving
natural-scarcity,101,anzhi,hiddad,own-domain,15,36,4,0,4.771782697454277,4.693094055544765,0.24663677130044842,0.21016949152542372,4.729604651187583,fedavg,0.8,0.7333333333333333,0.8666666666666667,,,-0.13333333333333341,0.06666666666666665,-0.06666666666666676,,,C-post-confirmatory-evidence-preserving
natural-scarcity,101,anzhi,hiddad,federation-wide,486,36,4,0,4.771782697454277,4.693094055544765,0.24663677130044842,0.21016949152542372,4.729604651187583,fedavg,0.4382716049382716,0.10699588477366255,0.11316872427983539,,,-0.006172839506172839,-0.32510288065843623,-0.33127572016460904,,,C-post-confirmatory-evidence-preserving
natural-scarcity,101,anzhi,leadbolt,own-domain,15,105,4,0,3.4440789392441133,2.844741887634449,0.5882352941176471,0.494949494949495,3.4894175733203583,fedavg,0.26666666666666666,0.26666666666666666,0.2,,,0.06666666666666665,-0.06666666666666665,0.0,,,C-post-confirmatory-evidence-preserving
natural-scarcity,101,anzhi,leadbolt,federation-wide,885,105,4,0,3.4440789392441133,2.844741887634449,0.5882352941176471,0.494949494949495,3.4894175733203583,fedavg,0.09491525423728814,0.31412429378531076,0.10508474576271186,,,0.2090395480225989,0.010169491525423721,0.21920903954802262,,,C-post-confirmatory-evidence-preserving
natural-scarcity,101,appchina,dowgin,own-domain,241,1648,107,0,2.8218644428191917,2.047622625162184,0.5544554455445545,0.5974025974025974,2.2541032833582855,fedavg,0.6058091286307054,0.5311203319502075,0.4979253112033195,,,0.03319502074688796,-0.10788381742738584,-0.07468879668049788,,,C-post-confirmatory-evidence-preserving
natural-scarcity,101,appchina,dowgin,federation-wide,5745,1648,107,0,2.8218644428191917,2.047622625162184,0.5544554455445545,0.5974025974025974,2.2541032833582855,fedavg,0.7672758920800696,0.7671018276762402,0.7429068755439513,,,0.02419495213228895,-0.024369016536118338,-0.00017406440382938815,,,C-post-confirmatory-evidence-preserving
natural-scarcity,101,appchina,hiddad,own-domain,17,32,8,0,4.857178937377073,4.058466591132865,0.3730886850152905,0.20677966101694914,4.165386254078359,fedavg,0.5294117647058824,0.4117647058823529,0.5294117647058824,,,-0.11764705882352944,0.0,-0.11764705882352944,,,C-post-confirmatory-evidence-preserving
natural-scarcity,101,appchina,hiddad,federation-wide,486,32,8,0,4.857178937377073,4.058466591132865,0.3730886850152905,0.20677966101694914,4.165386254078359,fedavg,0.12962962962962962,0.12962962962962962,0.12345679012345678,,,0.006172839506172839,-0.006172839506172839,0.0,,,C-post-confirmatory-evidence-preserving
natural-scarcity,101,appchina,revmob,own-domain,17,56,8,0,5.074313162457063,3.385541584654698,0.5287958115183246,0.25333333333333335,3.886374837754823,fedavg,0.29411764705882354,0.29411764705882354,0.11764705882352941,,,0.17647058823529413,-0.17647058823529413,0.0,,,C-post-confirmatory-evidence-preserving
natural-scarcity,101,appchina,revmob,federation-wide,654,56,8,0,5.074313162457063,3.385541584654698,0.5287958115183246,0.25333333333333335,3.886374837754823,fedavg,0.10397553516819572,0.2691131498470948,0.06116207951070336,,,0.20795107033639143,-0.04281345565749235,0.16513761467889906,,,C-post-confirmatory-evidence-preserving
natural-scarcity,102,play-early,adwo,own-domain,37,326,0,0,3.9305555274323907,2.686618647463948,0.47580645161290325,0.5444444444444444,4.008743187649034,fedavg,0.7027027027027027,1.0,0.8378378378378378,,,0.16216216216216217,0.1351351351351351,0.29729729729729726,,,C-post-confirmatory-evidence-preserving
natural-scarcity,102,play-early,adwo,federation-wide,834,326,0,0,3.9305555274323907,2.686618647463948,0.47580645161290325,0.5444444444444444,4.008743187649034,fedavg,0.44844124700239807,0.9184652278177458,0.7865707434052758,,,0.13189448441246998,0.3381294964028777,0.4700239808153477,,,C-post-confirmatory-evidence-preserving
natural-scarcity,102,play-early,gappusin,own-domain,20,439,4,0,3.3796926315491844,2.104483517043824,0.5370370370370371,0.6301369863013698,3.3517273465692123,fedavg,0.55,0.9,0.9,,,0.0,0.35,0.35,,,C-post-confirmatory-evidence-preserving
natural-scarcity,102,play-early,gappusin,federation-wide,1369,439,4,0,3.3796926315491844,2.104483517043824,0.5370370370370371,0.6301369863013698,3.3517273465692123,fedavg,0.3776479181884587,0.9072315558802045,0.7392257121986852,,,0.16800584368151938,0.36157779401022644,0.5295836376917458,,,C-post-confirmatory-evidence-preserving
natural-scarcity,102,play-late,airpush,own-domain,41,318,5,0,3.941573446736944,3.299050930343698,0.40764331210191085,0.5648148148148148,5.065545472933486,fedavg,0.24390243902439024,0.34146341463414637,0.1951219512195122,,,0.14634146341463417,-0.04878048780487804,0.09756097560975613,,,C-post-confirmatory-evidence-preserving
natural-scarcity,102,play-late,airpush,federation-wide,2173,318,5,0,3.941573446736944,3.299050930343698,0.40764331210191085,0.5648148148148148,5.065545472933486,fedavg,0.5954901058444547,0.8904739990796134,0.7712839392544869,,,0.11919005982512654,0.17579383341003219,0.2949838932351587,,,C-post-confirmatory-evidence-preserving
natural-scarcity,102,play-late,leadbolt,own-domain,17,93,0,0,3.931603430271893,3.1815421751526913,0.48554913294797686,0.5855855855855856,4.943091454128165,fedavg,0.5882352941176471,0.7647058823529411,0.17647058823529413,,,0.588235294117647,-0.4117647058823529,0.17647058823529405,,,C-post-confirmatory-evidence-preserving
natural-scarcity,102,play-late,leadbolt,federation-wide,738,93,0,0,3.931603430271893,3.1815421751526913,0.48554913294797686,0.5855855855855856,4.943091454128165,fedavg,0.45121951219512196,0.9132791327913279,0.5880758807588076,,,0.3252032520325203,0.1368563685636856,0.4620596205962059,,,C-post-confirmatory-evidence-preserving
natural-scarcity,102,anzhi,airpush,own-domain,38,308,15,0,3.1646442592695436,2.4387656712048607,0.4965034965034965,0.44954128440366975,2.8782572449505377,fedavg,0.8157894736842105,0.9736842105263158,0.9736842105263158,,,0.0,0.1578947368421053,0.1578947368421053,,,C-post-confirmatory-evidence-preserving
natural-scarcity,102,anzhi,airpush,federation-wide,2173,308,15,0,3.1646442592695436,2.4387656712048607,0.4965034965034965,0.44954128440366975,2.8782572449505377,fedavg,0.4081914404049701,0.7100782328578003,0.6092959042797975,,,0.10078232857800273,0.20110446387482744,0.3018867924528302,,,C-post-confirmatory-evidence-preserving
natural-scarcity,102,anzhi,leadbolt,own-domain,16,90,3,0,3.4858453752450482,2.936987304690667,0.5298507462686567,0.4594594594594595,3.308787724516604,fedavg,0.75,0.375,0.3125,,,0.0625,-0.4375,-0.375,,,C-post-confirmatory-evidence-preserving
natural-scarcity,102,anzhi,leadbolt,federation-wide,738,90,3,0,3.4858453752450482,2.936987304690667,0.5298507462686567,0.4594594594594595,3.308787724516604,fedavg,0.13279132791327913,0.2953929539295393,0.12737127371273713,,,0.16802168021680217,-0.005420054200542007,0.16260162601626016,,,C-post-confirmatory-evidence-preserving
natural-scarcity,102,appchina,dowgin,own-domain,219,1552,96,0,2.7840436797055097,2.028478578563196,0.5855855855855856,0.5974025974025974,2.2511865300687086,fedavg,0.5342465753424658,0.5296803652968036,0.54337899543379,,,-0.013698630136986356,0.0091324200913242,-0.004566210045662156,,,C-post-confirmatory-evidence-preserving
natural-scarcity,102,appchina,dowgin,federation-wide,5125,1552,96,0,2.7840436797055097,2.028478578563196,0.5855855855855856,0.5974025974025974,2.2511865300687086,fedavg,0.6844878048780488,0.7572682926829268,0.752390243902439,,,0.004878048780487809,0.0679024390243902,0.072780487804878,,,C-post-confirmatory-evidence-preserving
natural-scarcity,102,appchina,revmob,own-domain,16,63,4,0,5.154093328922038,3.4412326628859993,0.49390243902439024,0.2605633802816901,4.025907369461369,fedavg,0.0625,0.1875,0.0,,,0.1875,-0.0625,0.125,,,C-post-confirmatory-evidence-preserving
natural-scarcity,102,appchina,revmob,federation-wide,432,63,4,0,5.154093328922038,3.4412326628859993,0.49390243902439024,0.2605633802816901,4.025907369461369,fedavg,0.08564814814814815,0.26851851851851855,0.05555555555555555,,,0.212962962962963,-0.0300925925925926,0.1828703703703704,,,C-post-confirmatory-evidence-preserving
natural-scarcity,103,play-early,adwo,own-domain,19,328,1,0,3.9766767103941167,2.73524254983272,0.49122807017543857,0.5568181818181818,3.9759678258931173,fedavg,0.8421052631578947,0.8947368421052632,0.8947368421052632,,,0.0,0.052631578947368474,0.052631578947368474,,,C-post-confirmatory-evidence-preserving
natural-scarcity,103,play-early,adwo,federation-wide,808,328,1,0,3.9766767103941167,2.73524254983272,0.49122807017543857,0.5568181818181818,3.9759678258931173,fedavg,0.875,0.9108910891089109,0.9071782178217822,,,0.003712871287128716,0.03217821782178221,0.03589108910891092,,,C-post-confirmatory-evidence-preserving
natural-scarcity,103,play-early,dowgin,own-domain,18,1758,0,0,3.7692123449960926,1.98864549209988,0.48148148148148145,0.6025641025641025,3.5334382283962453,fedavg,0.5,0.5,0.7777777777777778,,,-0.2777777777777778,0.2777777777777778,0.0,,,C-post-confirmatory-evidence-preserving
natural-scarcity,103,play-early,dowgin,federation-wide,5418,1758,0,0,3.7692123449960926,1.98864549209988,0.48148148148148145,0.6025641025641025,3.5334382283962453,fedavg,0.5764119601328903,0.9042081949058693,0.914359542266519,,,-0.01015134736064971,0.33794758213362874,0.32779623477297903,,,C-post-confirmatory-evidence-preserving
natural-scarcity,103,play-early,gappusin,own-domain,39,417,5,0,3.488281681457124,1.8944150975956813,0.6666666666666666,0.5753424657534246,3.3704861603580847,fedavg,0.7435897435897436,0.8205128205128205,0.8205128205128205,,,0.0,0.07692307692307687,0.07692307692307687,,,C-post-confirmatory-evidence-preserving
natural-scarcity,103,play-early,gappusin,federation-wide,1705,417,5,0,3.488281681457124,1.8944150975956813,0.6666666666666666,0.5753424657534246,3.3704861603580847,fedavg,0.5595307917888563,0.7325513196480938,0.5935483870967742,,,0.13900293255131968,0.034017595307917814,0.1730205278592375,,,C-post-confirmatory-evidence-preserving
natural-scarcity,103,play-late,airpush,own-domain,109,295,11,0,3.8748030593562257,3.171949638560111,0.4079601990049751,0.5754716981132075,5.03133171817899,fedavg,0.6605504587155964,0.26605504587155965,0.21100917431192662,,,0.05504587155963303,-0.44954128440366975,-0.3944954128440367,,,C-post-confirmatory-evidence-preserving
natural-scarcity,103,play-late,airpush,federation-wide,3033,295,11,0,3.8748030593562257,3.171949638560111,0.4079601990049751,0.5754716981132075,5.03133171817899,fedavg,0.7863501483679525,0.8559182327728322,0.6851302340916584,,,0.17078799868117378,-0.10121991427629407,0.06956808440487972,,,C-post-confirmatory-evidence-preserving
natural-scarcity,103,play-late,leadbolt,own-domain,56,97,1,0,3.9753236692567464,3.163370759889078,0.42424242424242425,0.580952380952381,5.026686720929465,fedavg,0.875,0.9642857142857143,0.8035714285714286,,,0.1607142857142857,-0.0714285714285714,0.0892857142857143,,,C-post-confirmatory-evidence-preserving
natural-scarcity,103,play-late,leadbolt,federation-wide,909,97,1,0,3.9753236692567464,3.163370759889078,0.42424242424242425,0.580952380952381,5.026686720929465,fedavg,0.5731573157315731,0.8800880088008801,0.5742574257425742,,,0.3058305830583059,0.0011001100110010764,0.306930693069307,,,C-post-confirmatory-evidence-preserving
natural-scarcity,103,play-late,revmob,own-domain,18,62,1,0,5.192528175294071,4.215732781892256,0.4189189189189189,0.5,5.924207053239671,fedavg,0.6666666666666666,0.7222222222222222,0.3333333333333333,,,0.3888888888888889,-0.3333333333333333,0.05555555555555558,,,C-post-confirmatory-evidence-preserving
natural-scarcity,103,play-late,revmob,federation-wide,560,62,1,0,5.192528175294071,4.215732781892256,0.4189189189189189,0.5,5.924207053239671,fedavg,0.4875,0.8178571428571428,0.2642857142857143,,,0.5535714285714286,-0.2232142857142857,0.33035714285714285,,,C-post-confirmatory-evidence-preserving
natural-scarcity,103,anzhi,airpush,own-domain,74,291,15,0,3.2362288741329523,2.454285202965225,0.4732824427480916,0.44339622641509435,3.092446973757604,fedavg,0.9324324324324325,1.0,0.972972972972973,,,0.027027027027026973,0.04054054054054057,0.06756756756756754,,,C-post-confirmatory-evidence-preserving
natural-scarcity,103,anzhi,airpush,federation-wide,3033,291,15,0,3.2362288741329523,2.454285202965225,0.4732824427480916,0.44339622641509435,3.092446973757604,fedavg,0.38641608968018465,0.7289812067260139,0.5037916254533465,,,0.2251895812726673,0.1173755357731619,0.3425651170458292,,,C-post-confirmatory-evidence-preserving
natural-scarcity,103,anzhi,leadbolt,own-domain,19,94,4,0,3.4467629535199045,2.8376613229534082,0.5555555555555556,0.46226415094339623,3.475447092076771,fedavg,0.631578947368421,0.631578947368421,0.47368421052631576,,,0.15789473684210525,-0.15789473684210525,0.0,,,C-post-confirmatory-evidence-preserving
natural-scarcity,103,anzhi,leadbolt,federation-wide,909,94,4,0,3.4467629535199045,2.8376613229534082,0.5555555555555556,0.46226415094339623,3.475447092076771,fedavg,0.36633663366336633,0.5775577557755776,0.1716171617161716,,,0.40594059405940597,-0.19471947194719472,0.21122112211221122,,,C-post-confirmatory-evidence-preserving
natural-scarcity,103,appchina,dowgin,own-domain,221,1665,93,0,2.8323642659713424,2.0647150840139887,0.5692307692307692,0.5897435897435898,2.29116901620393,fedavg,0.7104072398190046,0.4479638009049774,0.49321266968325794,,,-0.04524886877828055,-0.2171945701357466,-0.26244343891402716,,,C-post-confirmatory-evidence-preserving
natural-scarcity,103,appchina,dowgin,federation-wide,5418,1665,93,0,2.8323642659713424,2.0647150840139887,0.5692307692307692,0.5897435897435898,2.29116901620393,fedavg,0.7617201919527501,0.6710963455149501,0.7104097452934662,,,-0.03931339977851611,-0.05131044665928386,-0.09062384643779997,,,C-post-confirmatory-evidence-preserving
natural-scarcity,103,appchina,revmob,own-domain,18,59,4,0,5.271710174225373,3.5754285862434068,0.5055555555555555,0.2733812949640288,4.150689673214761,fedavg,0.2777777777777778,0.2777777777777778,0.05555555555555555,,,0.22222222222222224,-0.22222222222222224,0.0,,,C-post-confirmatory-evidence-preserving
natural-scarcity,103,appchina,revmob,federation-wide,560,59,4,0,5.271710174225373,3.5754285862434068,0.5055555555555555,0.2733812949640288,4.150689673214761,fedavg,0.175,0.425,0.044642857142857144,,,0.38035714285714284,-0.13035714285714284,0.25,,,C-post-confirmatory-evidence-preserving
natural-scarcity,104,play-early,adwo,own-domain,31,330,5,0,3.9873579124307854,2.572299112410201,0.6526315789473685,0.550561797752809,4.0108563361087475,fedavg,0.8709677419354839,0.8709677419354839,0.7741935483870968,,,0.09677419354838712,-0.09677419354838712,0.0,,,C-post-confirmatory-evidence-preserving
natural-scarcity,104,play-early,adwo,federation-wide,871,330,5,0,3.9873579124307854,2.572299112410201,0.6526315789473685,0.550561797752809,4.0108563361087475,fedavg,0.8300803673938002,0.8874856486796785,0.8082663605051664,,,0.07921928817451207,-0.021814006888633775,0.057405281285878296,,,C-post-confirmatory-evidence-preserving
natural-scarcity,104,play-early,dowgin,own-domain,41,1636,1,0,3.710847113620101,1.979765940077789,0.48,0.6103896103896104,3.533457178565113,fedavg,0.7560975609756098,0.7560975609756098,0.7560975609756098,,,0.0,0.0,0.0,,,C-post-confirmatory-evidence-preserving
natural-scarcity,104,play-early,dowgin,federation-wide,6892,1636,1,0,3.710847113620101,1.979765940077789,0.48,0.6103896103896104,3.533457178565113,fedavg,0.3290771909460244,0.9058328496807894,0.865351131746953,,,0.04048171793383637,0.5362739408009286,0.576755658734765,,,C-post-confirmatory-evidence-preserving
natural-scarcity,104,play-early,gappusin,own-domain,43,405,5,0,3.414725477434504,1.9234913733739984,0.6039603960396039,0.6052631578947368,3.378005973571148,fedavg,0.7209302325581395,0.8837209302325582,0.7906976744186046,,,0.09302325581395354,0.06976744186046513,0.16279069767441867,,,C-post-confirmatory-evidence-preserving
natural-scarcity,104,play-early,gappusin,federation-wide,1505,405,5,0,3.414725477434504,1.9234913733739984,0.6039603960396039,0.6052631578947368,3.378005973571148,fedavg,0.6312292358803987,0.8272425249169435,0.5754152823920266,,,0.25182724252491695,-0.05581395348837215,0.1960132890365448,,,C-post-confirmatory-evidence-preserving
natural-scarcity,104,play-late,airpush,own-domain,68,323,7,0,3.8047553110853087,3.6864793163873726,0.4947916666666667,0.44755244755244755,4.935231133478014,fedavg,0.3235294117647059,0.5588235294117647,0.1323529411764706,,,0.42647058823529416,-0.1911764705882353,0.23529411764705882,,,C-post-confirmatory-evidence-preserving
natural-scarcity,104,play-late,airpush,federation-wide,2316,323,7,0,3.8047553110853087,3.6864793163873726,0.4947916666666667,0.44755244755244755,4.935231133478014,fedavg,0.5898100172711571,0.9179620034542314,0.7025043177892919,,,0.2154576856649395,0.11269430051813478,0.3281519861830743,,,C-post-confirmatory-evidence-preserving
natural-scarcity,104,play-late,leadbolt,own-domain,70,95,1,0,3.8979731746473236,3.6806939361486073,0.509090909090909,0.5428571428571428,4.985718247293246,fedavg,0.7142857142857143,0.8857142857142857,0.08571428571428572,,,0.7999999999999999,-0.6285714285714286,0.17142857142857137,,,C-post-confirmatory-evidence-preserving
natural-scarcity,104,play-late,leadbolt,federation-wide,875,95,1,0,3.8979731746473236,3.6806939361486073,0.509090909090909,0.5428571428571428,4.985718247293246,fedavg,0.36457142857142855,0.8068571428571428,0.43542857142857144,,,0.3714285714285714,0.0708571428571429,0.4422857142857143,,,C-post-confirmatory-evidence-preserving
natural-scarcity,104,anzhi,airpush,own-domain,42,310,20,0,3.386545680288809,2.6710520347971243,0.3869047619047619,0.3472222222222222,3.062590531226897,fedavg,0.6666666666666666,1.0,0.9523809523809523,,,0.04761904761904767,0.2857142857142857,0.33333333333333337,,,C-post-confirmatory-evidence-preserving
natural-scarcity,104,anzhi,airpush,federation-wide,2316,310,20,0,3.386545680288809,2.6710520347971243,0.3869047619047619,0.3472222222222222,3.062590531226897,fedavg,0.4067357512953368,0.6563039723661486,0.5177029360967185,,,0.1386010362694301,0.11096718480138168,0.24956822107081178,,,C-post-confirmatory-evidence-preserving
natural-scarcity,104,anzhi,leadbolt,own-domain,15,90,6,0,3.401842140946528,2.7419227348830546,0.5658914728682171,0.4766355140186916,3.195453427419076,fedavg,0.13333333333333333,0.26666666666666666,0.26666666666666666,,,0.0,0.13333333333333333,0.13333333333333333,,,C-post-confirmatory-evidence-preserving
natural-scarcity,104,anzhi,leadbolt,federation-wide,875,90,6,0,3.401842140946528,2.7419227348830546,0.5658914728682171,0.4766355140186916,3.195453427419076,fedavg,0.08685714285714285,0.32,0.11657142857142858,,,0.20342857142857143,0.02971428571428572,0.23314285714285715,,,C-post-confirmatory-evidence-preserving
natural-scarcity,104,appchina,dowgin,own-domain,297,1556,81,0,2.728184140606838,2.0179177711483276,0.53,0.6052631578947368,2.25963881803825,fedavg,0.632996632996633,0.4377104377104377,0.4713804713804714,,,-0.03367003367003368,-0.1616161616161616,-0.19528619528619529,,,C-post-confirmatory-evidence-preserving
natural-scarcity,104,appchina,dowgin,federation-wide,6892,1556,81,0,2.728184140606838,2.0179177711483276,0.53,0.6052631578947368,2.25963881803825,fedavg,0.6997968659315148,0.562536273940801,0.6040336622170632,,,-0.04149738827626226,-0.09576320371445157,-0.13726059199071383,,,C-post-confirmatory-evidence-preserving
natural-scarcity,104,appchina,hiddad,own-domain,25,39,6,0,4.804769520458836,3.7300858266576014,0.39171974522292996,0.2027491408934708,4.18563070815971,fedavg,0.68,0.6,0.64,,,-0.040000000000000036,-0.040000000000000036,-0.08000000000000007,,,C-post-confirmatory-evidence-preserving
natural-scarcity,104,appchina,hiddad,federation-wide,568,39,6,0,4.804769520458836,3.7300858266576014,0.39171974522292996,0.2027491408934708,4.18563070815971,fedavg,0.08274647887323944,0.10387323943661972,0.10035211267605634,,,0.0035211267605633756,0.017605633802816906,0.02112676056338028,,,C-post-confirmatory-evidence-preserving
natural-scarcity,104,appchina,revmob,own-domain,23,45,4,0,4.524958748393709,2.517907382573409,0.5277777777777778,0.26490066225165565,3.3137832016755757,fedavg,0.17391304347826086,0.17391304347826086,0.0,,,0.17391304347826086,-0.17391304347826086,0.0,,,C-post-confirmatory-evidence-preserving
natural-scarcity,104,appchina,revmob,federation-wide,620,45,4,0,4.524958748393709,2.517907382573409,0.5277777777777778,0.26490066225165565,3.3137832016755757,fedavg,0.1,0.3193548387096774,0.06290322580645161,,,0.2564516129032258,-0.0370967741935484,0.2193548387096774,,,C-post-confirmatory-evidence-preserving
natural-scarcity,105,play-early,adwo,own-domain,24,288,4,0,3.9622375116260793,2.808204127281425,0.47586206896551725,0.550561797752809,4.011764169429435,fedavg,0.7916666666666666,0.9166666666666666,0.9166666666666666,,,0.0,0.125,0.125,,,C-post-confirmatory-evidence-preserving
natural-scarcity,105,play-early,adwo,federation-wide,1105,288,4,0,3.9622375116260793,2.808204127281425,0.47586206896551725,0.550561797752809,4.011764169429435,fedavg,0.7420814479638009,0.8968325791855204,0.8841628959276018,,,0.012669683257918618,0.14208144796380084,0.15475113122171946,,,C-post-confirmatory-evidence-preserving
natural-scarcity,105,play-early,gappusin,own-domain,44,445,3,0,3.3845949536777873,2.0752116733448007,0.4957983193277311,0.6197183098591549,3.35721108975858,fedavg,0.6363636363636364,0.6590909090909091,0.7272727272727273,,,-0.06818181818181823,0.09090909090909094,0.022727272727272707,,,C-post-confirmatory-evidence-preserving
natural-scarcity,105,play-early,gappusin,federation-wide,1572,445,3,0,3.3845949536777873,2.0752116733448007,0.4957983193277311,0.6197183098591549,3.35721108975858,fedavg,0.4351145038167939,0.688295165394402,0.6342239185750637,,,0.05407124681933839,0.19910941475826976,0.25318066157760816,,,C-post-confirmatory-evidence-preserving
natural-scarcity,105,play-late,airpush,own-domain,68,363,3,0,3.8298271619846593,3.7835916894727317,0.41954022988505746,0.45774647887323944,5.027772361261663,fedavg,0.17647058823529413,0.5294117647058824,0.14705882352941177,,,0.38235294117647056,-0.02941176470588236,0.3529411764705882,,,C-post-confirmatory-evidence-preserving
natural-scarcity,105,play-late,airpush,federation-wide,2397,363,3,0,3.8298271619846593,3.7835916894727317,0.41954022988505746,0.45774647887323944,5.027772361261663,fedavg,0.43763037129745513,0.9411764705882353,0.7692949520233625,,,0.17188151856487277,0.3316645807259074,0.5035460992907801,,,C-post-confirmatory-evidence-preserving
natural-scarcity,105,play-late,leadbolt,own-domain,57,95,3,0,3.9124241995901867,3.7028331746881396,0.35714285714285715,0.5576923076923077,5.05584849910753,fedavg,0.9122807017543859,0.9298245614035088,0.08771929824561403,,,0.8421052631578947,-0.8245614035087718,0.01754385964912286,,,C-post-confirmatory-evidence-preserving
natural-scarcity,105,play-late,leadbolt,federation-wide,905,95,3,0,3.9124241995901867,3.7028331746881396,0.35714285714285715,0.5576923076923077,5.05584849910753,fedavg,0.5734806629834254,0.8541436464088398,0.5038674033149171,,,0.3502762430939227,-0.06961325966850829,0.2806629834254144,,,C-post-confirmatory-evidence-preserving
natural-scarcity,105,play-late,revmob,own-domain,15,60,3,0,4.380511409379359,3.9932342449393268,0.4166666666666667,0.4533333333333333,5.341344042528846,fedavg,0.8666666666666667,0.8666666666666667,0.2,,,0.6666666666666667,-0.6666666666666667,0.0,,,C-post-confirmatory-evidence-preserving
natural-scarcity,105,play-late,revmob,federation-wide,944,60,3,0,4.380511409379359,3.9932342449393268,0.4166666666666667,0.4533333333333333,5.341344042528846,fedavg,0.1875,0.7722457627118644,0.1408898305084746,,,0.6313559322033898,-0.04661016949152541,0.5847457627118644,,,C-post-confirmatory-evidence-preserving
natural-scarcity,105,anzhi,airpush,own-domain,53,349,17,0,3.3866240643321075,2.6938072479518596,0.3872832369942196,0.35664335664335667,3.2085555901454654,fedavg,0.8867924528301887,1.0,0.9622641509433962,,,0.037735849056603765,0.07547169811320753,0.1132075471698113,,,C-post-confirmatory-evidence-preserving
natural-scarcity,105,anzhi,airpush,federation-wide,2397,349,17,0,3.3866240643321075,2.6938072479518596,0.3872832369942196,0.35664335664335667,3.2085555901454654,fedavg,0.39173967459324155,0.7000417188151856,0.6166040884438881,,,0.08343763037129748,0.2248644138506466,0.30830204422194407,,,C-post-confirmatory-evidence-preserving
natural-scarcity,105,anzhi,hiddad,own-domain,20,35,8,0,4.6810134537787365,4.561360983798329,0.25333333333333335,0.21863799283154123,4.6294081615930684,fedavg,0.75,0.8,0.8,,,0.0,0.050000000000000044,0.050000000000000044,,,C-post-confirmatory-evidence-preserving
natural-scarcity,105,anzhi,hiddad,federation-wide,598,35,8,0,4.6810134537787365,4.561360983798329,0.25333333333333335,0.21863799283154123,4.6294081615930684,fedavg,0.5769230769230769,0.19230769230769232,0.17224080267558528,,,0.020066889632107038,-0.4046822742474916,-0.3846153846153846,,,C-post-confirmatory-evidence-preserving
natural-scarcity,105,anzhi,leadbolt,own-domain,17,90,8,0,3.449575321478912,2.8611854861848895,0.5932203389830508,0.49514563106796117,3.486313601348835,fedavg,0.47058823529411764,0.5294117647058824,0.4117647058823529,,,0.11764705882352944,-0.05882352941176472,0.05882352941176472,,,C-post-confirmatory-evidence-preserving
natural-scarcity,105,anzhi,leadbolt,federation-wide,905,90,8,0,3.449575321478912,2.8611854861848895,0.5932203389830508,0.49514563106796117,3.486313601348835,fedavg,0.1558011049723757,0.5303867403314917,0.18453038674033148,,,0.3458563535911602,0.028729281767955778,0.374585635359116,,,C-post-confirmatory-evidence-preserving
natural-scarcity,105,appchina,dowgin,own-domain,267,1593,76,0,2.7957748489819725,2.0956157516088187,0.6320754716981132,0.5822784810126582,2.2350507614607555,fedavg,0.6217228464419475,0.6404494382022472,0.6891385767790262,,,-0.048689138576779034,0.0674157303370787,0.01872659176029967,,,C-post-confirmatory-evidence-preserving
natural-scarcity,105,appchina,dowgin,federation-wide,6444,1593,76,0,2.7957748489819725,2.0956157516088187,0.6320754716981132,0.5822784810126582,2.2350507614607555,fedavg,0.7276536312849162,0.813780260707635,0.8299193047796399,,,-0.01613904407200495,0.10226567349472371,0.08612662942271876,,,C-post-confirmatory-evidence-preserving
natural-scarcity,105,appchina,hiddad,own-domain,19,40,3,0,4.758214320441572,3.9547196338222257,0.391304347826087,0.20714285714285716,4.050076723944937,fedavg,0.7894736842105263,0.7368421052631579,0.7894736842105263,,,-0.052631578947368474,0.0,-0.052631578947368474,,,C-post-confirmatory-evidence-preserving
natural-scarcity,105,appchina,hiddad,federation-wide,598,40,3,0,4.758214320441572,3.9547196338222257,0.391304347826087,0.20714285714285716,4.050076723944937,fedavg,0.14046822742474915,0.18729096989966554,0.17224080267558528,,,0.015050167224080258,0.03177257525083613,0.046822742474916385,,,C-post-confirmatory-evidence-preserving
natural-scarcity,105,appchina,revmob,own-domain,17,58,5,0,4.5496164880062135,2.552667256749836,0.5217391304347826,0.2565789473684211,3.252390698444515,fedavg,0.058823529411764705,0.17647058823529413,0.058823529411764705,,,0.11764705882352942,0.0,0.11764705882352942,,,C-post-confirmatory-evidence-preserving
natural-scarcity,105,appchina,revmob,federation-wide,944,58,5,0,4.5496164880062135,2.552667256749836,0.5217391304347826,0.2565789473684211,3.252390698444515,fedavg,0.05826271186440678,0.1260593220338983,0.03177966101694915,,,0.09427966101694915,-0.026483050847457626,0.06779661016949153,,,C-post-confirmatory-evidence-preserving
natural-scarcity,106,play-early,adwo,own-domain,21,305,2,0,3.903735387833555,2.6318152501384997,0.6382978723404256,0.5930232558139535,3.988559183452602,fedavg,0.9047619047619048,0.8571428571428571,0.8571428571428571,,,0.0,-0.04761904761904767,-0.04761904761904767,,,C-post-confirmatory-evidence-preserving
natural-scarcity,106,play-early,adwo,federation-wide,1076,305,2,0,3.903735387833555,2.6318152501384997,0.6382978723404256,0.5930232558139535,3.988559183452602,fedavg,0.8838289962825279,0.9275092936802974,0.9144981412639405,,,0.013011152416356975,0.0306691449814126,0.043680297397769574,,,C-post-confirmatory-evidence-preserving
natural-scarcity,106,play-early,dowgin,own-domain,19,1630,0,0,3.6705825842784656,2.1245599011554614,0.45038167938931295,0.6052631578947368,3.5121127171326023,fedavg,0.7368421052631579,0.631578947368421,0.9473684210526315,,,-0.3157894736842105,0.21052631578947367,-0.10526315789473684,,,C-post-confirmatory-evidence-preserving
natural-scarcity,106,play-early,dowgin,federation-wide,6190,1630,0,0,3.6705825842784656,2.1245599011554614,0.45038167938931295,0.6052631578947368,3.5121127171326023,fedavg,0.5407108239095315,0.8995153473344103,0.9077544426494346,,,-0.008239095315024314,0.3670436187399031,0.3588045234248788,,,C-post-confirmatory-evidence-preserving
natural-scarcity,106,play-early,gappusin,own-domain,39,486,4,0,3.4088946343306543,2.0984111062129496,0.4573643410852713,0.6027397260273972,3.387903484891316,fedavg,0.7435897435897436,0.8205128205128205,0.8461538461538461,,,-0.02564102564102566,0.10256410256410253,0.07692307692307687,,,C-post-confirmatory-evidence-preserving
natural-scarcity,106,play-early,gappusin,federation-wide,1509,486,4,0,3.4088946343306543,2.0984111062129496,0.4573643410852713,0.6027397260273972,3.387903484891316,fedavg,0.4532803180914513,0.6739562624254473,0.6998011928429424,,,-0.025844930417495138,0.2465208747514911,0.22067594433399595,,,C-post-confirmatory-evidence-preserving
natural-scarcity,106,play-late,airpush,own-domain,91,310,1,0,3.947643948194436,3.485686029501185,0.4678362573099415,0.5607476635514018,5.072938538457431,fedavg,0.16483516483516483,0.3076923076923077,0.25274725274725274,,,0.05494505494505497,0.0879120879120879,0.14285714285714288,,,C-post-confirmatory-evidence-preserving
natural-scarcity,106,play-late,airpush,federation-wide,2618,310,1,0,3.947643948194436,3.485686029501185,0.4678362573099415,0.5607476635514018,5.072938538457431,fedavg,0.660427807486631,0.8170359052711994,0.6680672268907563,,,0.14896867838044314,0.007639419404125269,0.1566080977845684,,,C-post-confirmatory-evidence-preserving
natural-scarcity,106,play-late,leadbolt,own-domain,18,100,5,0,3.946853533384819,3.2835814367006098,0.4682080924855491,0.5727272727272728,4.972925952623034,fedavg,0.7222222222222222,0.8333333333333334,0.3333333333333333,,,0.5,-0.3888888888888889,0.11111111111111116,,,C-post-confirmatory-evidence-preserving
natural-scarcity,106,play-late,leadbolt,federation-wide,745,100,5,0,3.946853533384819,3.2835814367006098,0.4682080924855491,0.5727272727272728,4.972925952623034,fedavg,0.7557046979865771,0.8577181208053691,0.5073825503355704,,,0.3503355704697987,-0.24832214765100669,0.102013422818792,,,C-post-confirmatory-evidence-preserving
natural-scarcity,106,play-late,revmob,own-domain,17,51,1,0,4.722235604831395,4.0017209810957,0.5,0.5208333333333334,5.527102434673108,fedavg,0.7058823529411765,0.8235294117647058,0.23529411764705882,,,0.588235294117647,-0.4705882352941177,0.11764705882352933,,,C-post-confirmatory-evidence-preserving
natural-scarcity,106,play-late,revmob,federation-wide,540,51,1,0,4.722235604831395,4.0017209810957,0.5,0.5208333333333334,5.527102434673108,fedavg,0.6240740740740741,0.7092592592592593,0.2462962962962963,,,0.46296296296296297,-0.3777777777777778,0.08518518518518514,,,C-post-confirmatory-evidence-preserving
natural-scarcity,106,anzhi,airpush,own-domain,76,293,18,0,3.212114998760204,2.405947436398242,0.5035460992907801,0.4351851851851852,2.865563551550423,fedavg,0.8947368421052632,1.0,0.9736842105263158,,,0.02631578947368418,0.07894736842105265,0.10526315789473684,,,C-post-confirmatory-evidence-preserving
natural-scarcity,106,anzhi,airpush,federation-wide,2618,293,18,0,3.212114998760204,2.405947436398242,0.5035460992907801,0.4351851851851852,2.865563551550423,fedavg,0.35294117647058826,0.6226126814362108,0.47937356760886174,,,0.1432391138273491,0.12643239113827348,0.2696715049656226,,,C-post-confirmatory-evidence-preserving
natural-scarcity,106,anzhi,leadbolt,own-domain,16,100,5,0,3.430256519692081,2.8070121886899573,0.576,0.46296296296296297,3.2005698718007696,fedavg,0.625,0.625,0.3125,,,0.3125,-0.3125,0.0,,,C-post-confirmatory-evidence-preserving
natural-scarcity,106,anzhi,leadbolt,federation-wide,745,100,5,0,3.430256519692081,2.8070121886899573,0.576,0.46296296296296297,3.2005698718007696,fedavg,0.13154362416107382,0.48322147651006714,0.16778523489932887,,,0.31543624161073824,0.03624161073825505,0.3516778523489933,,,C-post-confirmatory-evidence-preserving
natural-scarcity,106,appchina,dowgin,own-domain,294,1550,80,0,2.799507018664249,1.9756299517842257,0.5855855855855856,0.6052631578947368,2.2641837367737616,fedavg,0.6122448979591837,0.41836734693877553,0.4387755102040816,,,-0.02040816326530609,-0.17346938775510207,-0.19387755102040816,,,C-post-confirmatory-evidence-preserving
natural-scarcity,106,appchina,dowgin,federation-wide,6190,1550,80,0,2.799507018664249,1.9756299517842257,0.5855855855855856,0.6052631578947368,2.2641837367737616,fedavg,0.7292407108239095,0.6310177705977383,0.6339256865912762,,,-0.0029079159935379018,-0.09531502423263327,-0.09822294022617117,,,C-post-confirmatory-evidence-preserving
natural-scarcity,106,appchina,hiddad,own-domain,17,32,2,0,5.816059409992411,4.834028059154069,0.35986159169550175,0.19172932330827067,5.211489646757708,fedavg,0.8235294117647058,0.35294117647058826,0.5294117647058824,,,-0.1764705882352941,-0.2941176470588235,-0.4705882352941176,,,C-post-confirmatory-evidence-preserving
natural-scarcity,106,appchina,hiddad,federation-wide,313,32,2,0,5.816059409992411,4.834028059154069,0.35986159169550175,0.19172932330827067,5.211489646757708,fedavg,0.4504792332268371,0.3769968051118211,0.29073482428115016,,,0.08626198083067094,-0.15974440894568692,-0.07348242811501599,,,C-post-confirmatory-evidence-preserving
natural-scarcity,106,appchina,revmob,own-domain,19,46,6,0,4.827420354801401,2.794751629754864,0.5806451612903226,0.25,3.5531588039550406,fedavg,0.15789473684210525,0.21052631578947367,0.05263157894736842,,,0.15789473684210525,-0.10526315789473684,0.05263157894736842,,,C-post-confirmatory-evidence-preserving
natural-scarcity,106,appchina,revmob,federation-wide,540,46,6,0,4.827420354801401,2.794751629754864,0.5806451612903226,0.25,3.5531588039550406,fedavg,0.07037037037037037,0.27037037037037037,0.06851851851851852,,,0.20185185185185184,-0.0018518518518518545,0.2,,,C-post-confirmatory-evidence-preserving
natural-scarcity,107,play-early,adwo,own-domain,25,323,0,0,3.9415474980725045,2.7918480298520834,0.4689655172413793,0.5977011494252874,3.972222254958133,fedavg,0.96,0.96,0.96,,,0.0,0.0,0.0,,,C-post-confirmatory-evidence-preserving
natural-scarcity,107,play-early,adwo,federation-wide,955,323,0,0,3.9415474980725045,2.7918480298520834,0.4689655172413793,0.5977011494252874,3.972222254958133,fedavg,0.8910994764397906,0.9036649214659686,0.881675392670157,,,0.021989528795811508,-0.009424083769633551,0.012565445026177957,,,C-post-confirmatory-evidence-preserving
natural-scarcity,107,play-early,gappusin,own-domain,42,461,2,0,3.4057644333892925,2.1538773317003037,0.4666666666666667,0.6338028169014085,3.3515244363114522,fedavg,0.7619047619047619,0.8095238095238095,0.8333333333333334,,,-0.023809523809523836,0.07142857142857151,0.04761904761904767,,,C-post-confirmatory-evidence-preserving
natural-scarcity,107,play-early,gappusin,federation-wide,1272,461,2,0,3.4057644333892925,2.1538773317003037,0.4666666666666667,0.6338028169014085,3.3515244363114522,fedavg,0.5660377358490566,0.839622641509434,0.7452830188679245,,,0.09433962264150952,0.17924528301886788,0.2735849056603774,,,C-post-confirmatory-evidence-preserving
natural-scarcity,107,play-late,airpush,own-domain,37,294,10,0,3.7466409884889287,3.430799967523902,0.3855421686746988,0.5754716981132075,5.012108468396904,fedavg,0.43243243243243246,0.7567567567567568,0.5675675675675675,,,0.18918918918918926,0.1351351351351351,0.32432432432432434,,,C-post-confirmatory-evidence-preserving
natural-scarcity,107,play-late,airpush,federation-wide,3019,294,10,0,3.7466409884889287,3.430799967523902,0.3855421686746988,0.5754716981132075,5.012108468396904,fedavg,0.8896985756873137,0.9463398476316661,0.9036104670420669,,,0.042729380589599186,0.013911891354753236,0.05664127194435242,,,C-post-confirmatory-evidence-preserving
natural-scarcity,107,play-late,leadbolt,own-domain,27,106,6,0,3.815679993376209,3.310070659143962,0.4074074074074074,0.5663716814159292,4.984720916366384,fedavg,0.7037037037037037,0.8888888888888888,0.5925925925925926,,,0.2962962962962963,-0.11111111111111116,0.18518518518518512,,,C-post-confirmatory-evidence-preserving
natural-scarcity,107,play-late,leadbolt,federation-wide,759,106,6,0,3.815679993376209,3.310070659143962,0.4074074074074074,0.5663716814159292,4.984720916366384,fedavg,0.8735177865612648,0.9604743083003953,0.7628458498023716,,,0.19762845849802368,-0.1106719367588932,0.08695652173913049,,,C-post-confirmatory-evidence-preserving
natural-scarcity,107,play-late,revmob,own-domain,21,57,1,0,4.821862546734952,4.219233249070651,0.42391304347826086,0.43537414965986393,5.689866914198454,fedavg,0.8095238095238095,0.8571428571428571,0.19047619047619047,,,0.6666666666666666,-0.6190476190476191,0.04761904761904756,,,C-post-confirmatory-evidence-preserving
natural-scarcity,107,play-late,revmob,federation-wide,483,57,1,0,4.821862546734952,4.219233249070651,0.42391304347826086,0.43537414965986393,5.689866914198454,fedavg,0.639751552795031,0.8405797101449275,0.35196687370600416,,,0.48861283643892334,-0.2877846790890269,0.20082815734989645,,,C-post-confirmatory-evidence-preserving
natural-scarcity,107,anzhi,airpush,own-domain,83,288,16,0,3.2927184454512823,2.547448572497638,0.4552238805970149,0.4485981308411215,2.953740711733043,fedavg,0.9397590361445783,1.0,0.9879518072289156,,,0.012048192771084376,0.04819277108433728,0.06024096385542166,,,C-post-confirmatory-evidence-preserving
natural-scarcity,107,anzhi,airpush,federation-wide,3019,288,16,0,3.2927184454512823,2.547448572497638,0.4552238805970149,0.4485981308411215,2.953740711733043,fedavg,0.6588274263000994,0.8141768797615104,0.7502484266313348,,,0.06392845313017559,0.09142100033123546,0.15534945346141105,,,C-post-confirmatory-evidence-preserving
natural-scarcity,107,anzhi,leadbolt,own-domain,22,108,4,0,3.4915871000246486,2.911711283679886,0.5461538461538461,0.46017699115044247,3.2871274967602497,fedavg,0.3181818181818182,0.2727272727272727,0.36363636363636365,,,-0.09090909090909094,0.04545454545454547,-0.04545454545454547,,,C-post-confirmatory-evidence-preserving
natural-scarcity,107,anzhi,leadbolt,federation-wide,759,108,4,0,3.4915871000246486,2.911711283679886,0.5461538461538461,0.46017699115044247,3.2871274967602497,fedavg,0.15942028985507245,0.49670619235836627,0.20948616600790515,,,0.2872200263504611,0.0500658761528327,0.3372859025032938,,,C-post-confirmatory-evidence-preserving
natural-scarcity,107,appchina,dowgin,own-domain,297,1610,85,0,2.8130872238146187,2.0698789117775798,0.5353535353535354,0.5974025974025974,2.2683496944620907,fedavg,0.5589225589225589,0.3771043771043771,0.4377104377104377,,,-0.06060606060606061,-0.12121212121212122,-0.18181818181818182,,,C-post-confirmatory-evidence-preserving
natural-scarcity,107,appchina,dowgin,federation-wide,5755,1610,85,0,2.8130872238146187,2.0698789117775798,0.5353535353535354,0.5974025974025974,2.2683496944620907,fedavg,0.717115551694179,0.621372719374457,0.666724587315378,,,-0.04535186794092094,-0.05039096437880097,-0.09574283231972192,,,C-post-confirmatory-evidence-preserving
natural-scarcity,107,appchina,revmob,own-domain,23,47,11,0,4.95846460628579,3.2911416290267845,0.5081081081081081,0.2857142857142857,3.78885646342401,fedavg,0.30434782608695654,0.2608695652173913,0.21739130434782608,,,0.043478260869565216,-0.08695652173913046,-0.043478260869565244,,,C-post-confirmatory-evidence-preserving
natural-scarcity,107,appchina,revmob,federation-wide,483,47,11,0,4.95846460628579,3.2911416290267845,0.5081081081081081,0.2857142857142857,3.78885646342401,fedavg,0.41200828157349895,0.32091097308488614,0.11387163561076605,,,0.2070393374741201,-0.2981366459627329,-0.0910973084886128,,,C-post-confirmatory-evidence-preserving
natural-scarcity,108,play-early,dowgin,own-domain,25,1760,2,0,3.7395470353256175,1.8907344354833384,0.47706422018348627,0.5974025974025974,3.5403692862644496,fedavg,0.56,0.72,0.84,,,-0.12,0.2799999999999999,0.15999999999999992,,,C-post-confirmatory-evidence-preserving
natural-scarcity,108,play-early,dowgin,federation-wide,5256,1760,2,0,3.7395470353256175,1.8907344354833384,0.47706422018348627,0.5974025974025974,3.5403692862644496,fedavg,0.4655631659056317,0.9509132420091324,0.9493911719939118,,,0.0015220700152206446,0.4838280060882801,0.4853500761035007,,,C-post-confirmatory-evidence-preserving
natural-scarcity,108,play-early,gappusin,own-domain,33,408,3,0,3.442945564854401,2.0328509554484198,0.5544554455445545,0.6301369863013698,3.3848008692433282,fedavg,0.6666666666666666,0.9090909090909091,0.8787878787878788,,,0.030303030303030276,0.21212121212121215,0.24242424242424243,,,C-post-confirmatory-evidence-preserving
natural-scarcity,108,play-early,gappusin,federation-wide,1754,408,3,0,3.442945564854401,2.0328509554484198,0.5544554455445545,0.6301369863013698,3.3848008692433282,fedavg,0.42303306727480045,0.8403648802736602,0.8432155074116305,,,-0.002850627137970352,0.4201824401368301,0.41733181299885974,,,C-post-confirmatory-evidence-preserving
natural-scarcity,108,play-late,airpush,own-domain,53,335,7,0,3.7756086161073785,3.5270685725504314,0.5055555555555555,0.5352112676056338,4.967075287068495,fedavg,0.6981132075471698,0.8113207547169812,0.2641509433962264,,,0.5471698113207548,-0.43396226415094336,0.1132075471698114,,,C-post-confirmatory-evidence-preserving
natural-scarcity,108,play-late,airpush,federation-wide,2098,335,7,0,3.7756086161073785,3.5270685725504314,0.5055555555555555,0.5352112676056338,4.967075287068495,fedavg,0.8693994280266921,0.9389895138226882,0.8303145853193518,,,0.10867492850333649,-0.03908484270734036,0.06959008579599613,,,C-post-confirmatory-evidence-preserving
natural-scarcity,108,play-late,leadbolt,own-domain,25,113,5,0,3.8519984190220677,3.5214908593756764,0.5225806451612903,0.5514018691588785,5.030374777081079,fedavg,0.96,0.96,0.24,,,0.72,-0.72,0.0,,,C-post-confirmatory-evidence-preserving
natural-scarcity,108,play-late,leadbolt,federation-wide,770,113,5,0,3.8519984190220677,3.5214908593756764,0.5225806451612903,0.5514018691588785,5.030374777081079,fedavg,0.9064935064935065,0.9558441558441558,0.5077922077922078,,,0.44805194805194803,-0.39870129870129867,0.04935064935064937,,,C-post-confirmatory-evidence-preserving
natural-scarcity,108,anzhi,airpush,own-domain,65,323,19,0,3.4390709485,2.778610146997106,0.3902439024390244,0.34507042253521125,3.2266370598971488,fedavg,0.9846153846153847,1.0,0.9846153846153847,,,0.01538461538461533,0.0,0.01538461538461533,,,C-post-confirmatory-evidence-preserving
natural-scarcity,108,anzhi,airpush,federation-wide,2098,323,19,0,3.4390709485,2.778610146997106,0.3902439024390244,0.34507042253521125,3.2266370598971488,fedavg,0.5886558627264061,0.7316491897044805,0.5910390848427073,,,0.14061010486177317,0.0023832221163011535,0.14299332697807432,,,C-post-confirmatory-evidence-preserving
natural-scarcity,108,anzhi,hiddad,own-domain,15,33,4,0,4.768250035217831,4.729756294841854,0.2655086848635236,0.2195945945945946,4.723471115131625,fedavg,0.6666666666666666,0.6666666666666666,0.7333333333333333,,,-0.06666666666666665,0.06666666666666665,0.0,,,C-post-confirmatory-evidence-preserving
natural-scarcity,108,anzhi,hiddad,federation-wide,270,33,4,0,4.768250035217831,4.729756294841854,0.2655086848635236,0.2195945945945946,4.723471115131625,fedavg,0.34814814814814815,0.15185185185185185,0.12962962962962962,,,0.022222222222222227,-0.21851851851851853,-0.1962962962962963,,,C-post-confirmatory-evidence-preserving
natural-scarcity,108,anzhi,leadbolt,own-domain,18,110,8,0,3.3786706091099146,2.772364320783517,0.5833333333333334,0.4807692307692308,3.391396098155503,fedavg,0.5555555555555556,0.5555555555555556,0.4444444444444444,,,0.11111111111111116,-0.11111111111111116,0.0,,,C-post-confirmatory-evidence-preserving
natural-scarcity,108,anzhi,leadbolt,federation-wide,770,110,8,0,3.3786706091099146,2.772364320783517,0.5833333333333334,0.4807692307692308,3.391396098155503,fedavg,0.36883116883116884,0.5142857142857142,0.12467532467532468,,,0.3896103896103896,-0.24415584415584418,0.1454545454545454,,,C-post-confirmatory-evidence-preserving
natural-scarcity,108,appchina,dowgin,own-domain,224,1650,112,0,2.727539460734239,2.0571446514179352,0.5151515151515151,0.5844155844155844,2.27253826526532,fedavg,0.5044642857142857,0.4375,0.5223214285714286,,,-0.0848214285714286,0.017857142857142905,-0.0669642857142857,,,C-post-confirmatory-evidence-preserving
natural-scarcity,108,appchina,dowgin,federation-wide,5256,1650,112,0,2.727539460734239,2.0571446514179352,0.5151515151515151,0.5844155844155844,2.27253826526532,fedavg,0.6478310502283106,0.7410578386605784,0.7747336377473364,,,-0.033675799086757996,0.12690258751902583,0.09322678843226784,,,C-post-confirmatory-evidence-preserving
natural-scarcity,108,appchina,revmob,own-domain,20,51,5,0,5.1977197558605015,3.575255044817998,0.5,0.2733812949640288,4.107857405453726,fedavg,0.25,0.25,0.05,,,0.2,-0.2,0.0,,,C-post-confirmatory-evidence-preserving
natural-scarcity,108,appchina,revmob,federation-wide,594,51,5,0,5.1977197558605015,3.575255044817998,0.5,0.2733812949640288,4.107857405453726,fedavg,0.13804713804713806,0.2222222222222222,0.058922558922558925,,,0.16329966329966328,-0.07912457912457913,0.08417508417508415,,,C-post-confirmatory-evidence-preserving
natural-scarcity,109,play-early,adwo,own-domain,17,327,3,0,3.9412159793888435,2.9253101032407587,0.48031496062992124,0.5730337078651685,4.03248150222727,fedavg,0.8823529411764706,1.0,0.9411764705882353,,,0.05882352941176472,0.05882352941176472,0.11764705882352944,,,C-post-confirmatory-evidence-preserving
natural-scarcity,109,play-early,adwo,federation-wide,886,327,3,0,3.9412159793888435,2.9253101032407587,0.48031496062992124,0.5730337078651685,4.03248150222727,fedavg,0.8148984198645598,0.9367945823927766,0.9018058690744921,,,0.03498871331828446,0.08690744920993232,0.12189616252821678,,,C-post-confirmatory-evidence-preserving
natural-scarcity,109,play-early,dowgin,own-domain,22,1640,3,0,3.664474494091998,2.031975109429163,0.48360655737704916,0.6103896103896104,3.5269841610892656,fedavg,0.6818181818181818,0.6818181818181818,0.6818181818181818,,,0.0,0.0,0.0,,,C-post-confirmatory-evidence-preserving
natural-scarcity,109,play-early,dowgin,federation-wide,5854,1640,3,0,3.664474494091998,2.031975109429163,0.48360655737704916,0.6103896103896104,3.5269841610892656,fedavg,0.6414417492312948,0.9400409976084728,0.9267167748548001,,,0.013324222753672732,0.28527502562350526,0.298599248377178,,,C-post-confirmatory-evidence-preserving
natural-scarcity,109,play-early,gappusin,own-domain,29,501,2,0,3.360705645630588,2.175254383023839,0.5363636363636364,0.6428571428571429,3.3667265441643783,fedavg,0.8620689655172413,0.8620689655172413,0.7241379310344828,,,0.13793103448275856,-0.13793103448275856,0.0,,,C-post-confirmatory-evidence-preserving
natural-scarcity,109,play-early,gappusin,federation-wide,1269,501,2,0,3.360705645630588,2.175254383023839,0.5363636363636364,0.6428571428571429,3.3667265441643783,fedavg,0.5713159968479118,0.851063829787234,0.7368006304176516,,,0.1142631993695824,0.16548463356973986,0.27974783293932226,,,C-post-confirmatory-evidence-preserving
natural-scarcity,109,play-late,airpush,own-domain,38,311,2,0,3.98616600423671,3.529816324689799,0.3987341772151899,0.5769230769230769,5.080364828832805,fedavg,0.6842105263157895,0.7894736842105263,0.5263157894736842,,,0.26315789473684215,-0.1578947368421053,0.10526315789473684,,,C-post-confirmatory-evidence-preserving
natural-scarcity,109,play-late,airpush,federation-wide,2241,311,2,0,3.98616600423671,3.529816324689799,0.3987341772151899,0.5769230769230769,5.080364828832805,fedavg,0.7041499330655957,0.962070504239179,0.8862115127175368,,,0.0758589915216421,0.18206157965194114,0.25792057117358325,,,C-post-confirmatory-evidence-preserving
natural-scarcity,109,play-late,leadbolt,own-domain,17,86,4,0,4.086910314178141,3.456469418277132,0.37267080745341613,0.5576923076923077,5.104498376615295,fedavg,0.8235294117647058,0.9411764705882353,0.4117647058823529,,,0.5294117647058824,-0.4117647058823529,0.11764705882352944,,,C-post-confirmatory-evidence-preserving
natural-scarcity,109,play-late,leadbolt,federation-wide,751,86,4,0,4.086910314178141,3.456469418277132,0.37267080745341613,0.5576923076923077,5.104498376615295,fedavg,0.6005326231691078,0.8868175765645806,0.6950732356857523,,,0.1917443408788283,0.09454061251664447,0.2862849533954728,,,C-post-confirmatory-evidence-preserving
natural-scarcity,109,play-late,revmob,own-domain,21,44,1,0,4.591788834122513,3.8504293784231716,0.43915343915343913,0.5032258064516129,5.439069946059045,fedavg,0.5238095238095238,0.8095238095238095,0.14285714285714285,,,0.6666666666666667,-0.380952380952381,0.2857142857142857,,,C-post-confirmatory-evidence-preserving
natural-scarcity,109,play-late,revmob,federation-wide,665,44,1,0,4.591788834122513,3.8504293784231716,0.43915343915343913,0.5032258064516129,5.439069946059045,fedavg,0.3007518796992481,0.8406015037593985,0.38345864661654133,,,0.45714285714285713,0.08270676691729323,0.5398496240601504,,,C-post-confirmatory-evidence-preserving
natural-scarcity,109,anzhi,airpush,own-domain,49,289,24,0,3.2875163602666326,2.5130429536304257,0.5,0.45794392523364486,3.1471922617015164,fedavg,0.8571428571428571,0.9795918367346939,0.9591836734693877,,,0.020408163265306145,0.10204081632653061,0.12244897959183676,,,C-post-confirmatory-evidence-preserving
natural-scarcity,109,anzhi,airpush,federation-wide,2241,289,24,0,3.2875163602666326,2.5130429536304257,0.5,0.45794392523364486,3.1471922617015164,fedavg,0.536813922356091,0.7304774654172245,0.6242748772869254,,,0.10620258813029904,0.08746095493083439,0.19366354306113343,,,C-post-confirmatory-evidence-preserving
natural-scarcity,109,appchina,dowgin,own-domain,275,1559,84,0,2.8561878927743636,2.00652973923491,0.53125,0.5822784810126582,2.2919982570817248,fedavg,0.5236363636363637,0.46545454545454545,0.5527272727272727,,,-0.08727272727272728,0.029090909090909056,-0.05818181818181822,,,C-post-confirmatory-evidence-preserving
natural-scarcity,109,appchina,dowgin,federation-wide,5854,1559,84,0,2.8561878927743636,2.00652973923491,0.53125,0.5822784810126582,2.2919982570817248,fedavg,0.5809702767338571,0.7230953194396994,0.7318073112401776,,,-0.008711991800478214,0.15083703450632047,0.14212504270584225,,,C-post-confirmatory-evidence-preserving
natural-scarcity,109,appchina,revmob,own-domain,16,44,1,0,4.642245122699054,2.566454745345386,0.5675675675675675,0.2802547770700637,3.3502372454360487,fedavg,0.1875,0.125,0.0625,,,0.0625,-0.125,-0.0625,,,C-post-confirmatory-evidence-preserving
natural-scarcity,109,appchina,revmob,federation-wide,665,44,1,0,4.642245122699054,2.566454745345386,0.5675675675675675,0.2802547770700637,3.3502372454360487,fedavg,0.11879699248120301,0.15338345864661654,0.07518796992481203,,,0.07819548872180451,-0.043609022556390986,0.034586466165413526,,,C-post-confirmatory-evidence-preserving
model-family-replication-linear,100,play-early,airpush,own-domain,2012,193,0,179,3.4851187591887043,2.0991970287522332,0.6842105263157895,0.7291666666666666,3.5695988211341505,fedavg,0.21222664015904572,0.558648111332008,0.43737574552683894,0.6366799204771372,0.661530815109344,0.12127236580516904,0.22514910536779323,0.3464214711729623,0.4244532803180915,0.0780318091451292,C-post-confirmatory-evidence-preserving
model-family-replication-linear,100,play-early,airpush,federation-wide,2433,193,0,179,3.4851187591887043,2.0991970287522332,0.6842105263157895,0.7291666666666666,3.5695988211341505,fedavg,0.27209206740649405,0.6235100698725853,0.5150020550760378,0.689272503082614,0.7090012330456227,0.10850801479654748,0.24290998766954375,0.35141800246609123,0.41718043567611995,0.06576243321002873,C-post-confirmatory-evidence-preserving
model-family-replication-linear,100,play-late,revmob,own-domain,18,60,0,0,5.150450689927201,3.7406211281164725,0.45145631067961167,0.49295774647887325,5.838510013955065,fedavg,0.16666666666666666,0.6666666666666666,0.6111111111111112,0.7222222222222222,0.7222222222222222,0.05555555555555547,0.44444444444444453,0.5,0.5555555555555556,0.05555555555555558,C-post-confirmatory-evidence-preserving
model-family-replication-linear,100,play-late,revmob,federation-wide,600,60,0,0,5.150450689927201,3.7406211281164725,0.45145631067961167,0.49295774647887325,5.838510013955065,fedavg,0.14,0.7083333333333334,0.46,0.7533333333333333,0.8116666666666666,0.24833333333333335,0.32,0.5683333333333334,0.6133333333333333,0.04499999999999993,C-post-confirmatory-evidence-preserving
model-family-replication-linear,100,anzhi,dowgin,own-domain,6190,107,0,1590,2.08556945685487,1.3005105720572308,0.7654320987654321,0.7464788732394366,2.0183812589522474,fedavg,0.578513731825525,0.6077544426494346,0.5138933764135702,0.6567043618739903,0.7315024232633279,0.09386106623586432,-0.06462035541195477,0.029240710823909555,0.07819063004846527,0.048949919224555716,C-post-confirmatory-evidence-preserving
model-family-replication-linear,100,anzhi,dowgin,federation-wide,6428,107,0,1590,2.08556945685487,1.3005105720572308,0.7654320987654321,0.7464788732394366,2.0183812589522474,fedavg,0.5662725575606721,0.5975420037336652,0.5060672059738643,0.6462352209085253,0.7190416925948974,0.09147479775980083,-0.06020535158680773,0.0312694461729931,0.07996266334785318,0.04869321717486008,C-post-confirmatory-evidence-preserving
model-family-replication-linear,100,anzhi,adwo,own-domain,152,296,0,30,3.813113461888963,1.883897404966985,0.7572815533980582,0.5402298850574713,3.411052194722788,fedavg,0.35526315789473684,0.46710526315789475,0.40789473684210525,0.4934210526315789,0.4605263157894737,0.05921052631578949,0.05263157894736842,0.11184210526315791,0.1381578947368421,0.02631578947368418,C-post-confirmatory-evidence-preserving
model-family-replication-linear,100,anzhi,adwo,federation-wide,846,296,0,30,3.813113461888963,1.883897404966985,0.7572815533980582,0.5402298850574713,3.411052194722788,fedavg,0.32269503546099293,0.5401891252955082,0.408983451536643,0.5200945626477541,0.475177304964539,0.13120567375886522,0.08628841607565008,0.2174940898345153,0.19739952718676118,-0.02009456264775411,C-post-confirmatory-evidence-preserving
model-family-replication-linear,100,appchina,gappusin,own-domain,1080,113,0,368,2.652702759539863,1.306466877398803,0.6904761904761905,0.7323943661971831,1.6813163749483737,fedavg,0.20925925925925926,0.21851851851851853,0.20092592592592592,0.25833333333333336,0.4064814814814815,0.017592592592592604,-0.008333333333333331,0.009259259259259273,0.0490740740740741,0.03981481481481483,C-post-confirmatory-evidence-preserving
model-family-replication-linear,100,appchina,gappusin,federation-wide,1429,113,0,368,2.652702759539863,1.306466877398803,0.6904761904761905,0.7323943661971831,1.6813163749483737,fedavg,0.20713785864240727,0.25262421273617913,0.23163051084674596,0.28621413575927224,0.42197340797760674,0.02099370188943317,0.02449265220433869,0.04548635409377186,0.07907627711686496,0.033589923023093105,C-post-confirmatory-evidence-preserving
model-family-replication-linear,100,appchina,leadbolt,own-domain,91,78,0,23,3.981286916447268,2.0182842283527456,0.704225352112676,0.36936936936936937,2.6161230405295353,fedavg,0.10989010989010989,0.17582417582417584,0.07692307692307693,0.2857142857142857,0.23076923076923078,0.09890109890109891,-0.03296703296703296,0.06593406593406595,0.1758241758241758,0.10989010989010986,C-post-confirmatory-evidence-preserving
model-family-replication-linear,100,appchina,leadbolt,federation-wide,842,78,0,23,3.981286916447268,2.0182842283527456,0.704225352112676,0.36936936936936937,2.6161230405295353,fedavg,0.015439429928741092,0.047505938242280284,0.014251781472684086,0.0855106888361045,0.08907363420427554,0.0332541567695962,-0.0011876484560570059,0.03206650831353919,0.07007125890736342,0.03800475059382422,C-post-confirmatory-evidence-preserving
model-family-replication-linear,100,appchina,hiddad,own-domain,10,45,0,5,5.729453977641854,4.820659845493026,0.4078014184397163,0.20233463035019456,5.056905652441987,fedavg,0.5,0.4,0.4,0.4,0.6,0.0,-0.09999999999999998,-0.09999999999999998,-0.09999999999999998,0.0,C-post-confirmatory-evidence-preserving
model-family-replication-linear,100,appchina,hiddad,federation-wide,337,45,0,5,5.729453977641854,4.820659845493026,0.4078014184397163,0.20233463035019456,5.056905652441987,fedavg,0.12462908011869436,0.10089020771513353,0.10682492581602374,0.11869436201780416,0.09792284866468842,-0.0059347181008902045,-0.017804154302670627,-0.02373887240356083,-0.0059347181008902045,0.017804154302670627,C-post-confirmatory-evidence-preserving
model-family-replication-linear,101,play-early,airpush,own-domain,1351,170,0,210,3.6107089350448907,2.4148124748939077,0.6065573770491803,0.7010309278350515,3.5512908551086424,fedavg,0.2938564026646928,0.6291635825314582,0.4085862324204293,0.7083641746854182,0.7453737971872687,0.2205773501110289,0.11472982975573648,0.3353071798667654,0.4145077720207254,0.07920059215396003,C-post-confirmatory-evidence-preserving
model-family-replication-linear,101,play-early,airpush,federation-wide,1864,170,0,210,3.6107089350448907,2.4148124748939077,0.6065573770491803,0.7010309278350515,3.5512908551086424,fedavg,0.4130901287553648,0.7043991416309013,0.5160944206008584,0.7639484978540773,0.7913090128755365,0.18830472103004292,0.10300429184549359,0.2913090128755365,0.35085836909871243,0.05954935622317592,C-post-confirmatory-evidence-preserving
model-family-replication-linear,101,play-early,adwo,own-domain,9,354,0,3,4.109313286596289,2.3644355221296895,0.6458333333333334,0.6777777777777778,4.017826368614283,fedavg,0.8888888888888888,1.0,1.0,1.0,1.0,0.0,0.11111111111111116,0.11111111111111116,0.11111111111111116,0.0,C-post-confirmatory-evidence-preserving
model-family-replication-linear,101,play-early,adwo,federation-wide,913,354,0,3,4.109313286596289,2.3644355221296895,0.6458333333333334,0.6777777777777778,4.017826368614283,fedavg,0.6779846659364732,0.9496166484118291,0.9233296823658269,0.9507119386637459,0.9474260679079957,0.026286966046002225,0.2453450164293537,0.2716319824753559,0.2727272727272727,0.0010952902519167917,C-post-confirmatory-evidence-preserving
model-family-replication-linear,101,play-late,leadbolt,own-domain,20,112,0,1,3.9232248103375995,3.275301705074222,0.41139240506329117,0.5392156862745098,5.068889159191522,fedavg,0.1,0.55,0.4,0.65,0.9,0.15000000000000002,0.30000000000000004,0.45000000000000007,0.55,0.09999999999999998,C-post-confirmatory-evidence-preserving
model-family-replication-linear,101,play-late,leadbolt,federation-wide,885,112,0,1,3.9232248103375995,3.275301705074222,0.41139240506329117,0.5392156862745098,5.068889159191522,fedavg,0.28361581920903955,0.8542372881355932,0.7627118644067796,0.8598870056497175,0.903954802259887,0.09152542372881356,0.4790960451977401,0.5706214689265536,0.576271186440678,0.005649717514124353,C-post-confirmatory-evidence-preserving
model-family-replication-linear,101,play-late,revmob,own-domain,15,65,0,2,4.938966106603984,3.870402736901703,0.4782608695652174,0.4105960264900662,5.74174572139714,fedavg,0.06666666666666667,0.7333333333333333,0.7333333333333333,0.7333333333333333,0.7333333333333333,0.0,0.6666666666666666,0.6666666666666666,0.6666666666666666,0.0,C-post-confirmatory-evidence-preserving
model-family-replication-linear,101,play-late,revmob,federation-wide,654,65,0,2,4.938966106603984,3.870402736901703,0.4782608695652174,0.4105960264900662,5.74174572139714,fedavg,0.14831804281345565,0.8685015290519877,0.4648318042813456,0.8807339449541285,0.900611620795107,0.40366972477064217,0.3165137614678899,0.7201834862385321,0.7324159021406729,0.012232415902140747,C-post-confirmatory-evidence-preserving
model-family-replication-linear,101,play-late,hiddad,own-domain,376,21,0,20,2.9649486494307045,2.6721930932744447,0.5019157088122606,0.5784313725490197,4.125983466437819,fedavg,0.07712765957446809,0.17553191489361702,0.1595744680851064,0.21010638297872342,0.2127659574468085,0.015957446808510634,0.0824468085106383,0.09840425531914894,0.13297872340425532,0.03457446808510639,C-post-confirmatory-evidence-preserving
model-family-replication-linear,101,play-late,hiddad,federation-wide,486,21,0,20,2.9649486494307045,2.6721930932744447,0.5019157088122606,0.5784313725490197,4.125983466437819,fedavg,0.12757201646090535,0.29835390946502055,0.2777777777777778,0.3271604938271605,0.33127572016460904,0.02057613168724276,0.15020576131687244,0.1707818930041152,0.19958847736625515,0.028806584362139953,C-post-confirmatory-evidence-preserving
model-family-replication-linear,101,appchina,dowgin,own-domain,241,1648,0,107,2.951322946828574,2.047622625162184,0.5544554455445545,0.5844155844155844,2.2541032833582855,fedavg,0.34439834024896265,0.43568464730290457,0.43983402489626555,0.43983402489626555,0.6058091286307054,-0.004149377593360981,0.0954356846473029,0.09128630705394192,0.0954356846473029,0.004149377593360981,C-post-confirmatory-evidence-preserving
model-family-replication-linear,101,appchina,dowgin,federation-wide,5745,1648,0,107,2.951322946828574,2.047622625162184,0.5544554455445545,0.5844155844155844,2.2541032833582855,fedavg,0.261792863359443,0.6153176675369887,0.5730200174064404,0.6328981723237598,0.8128807658833769,0.042297650130548314,0.31122715404699736,0.35352480417754567,0.37110530896431676,0.01758050478677109,C-post-confirmatory-evidence-preserving
model-family-replication-linear,101,appchina,gappusin,own-domain,1312,108,0,304,2.7346381548085414,1.4893694917137508,0.7037037037037037,0.7183098591549296,1.6977573991927424,fedavg,0.3353658536585366,0.3094512195121951,0.2225609756097561,0.3231707317073171,0.39939024390243905,0.08689024390243902,-0.1128048780487805,-0.025914634146341486,-0.012195121951219523,0.013719512195121963,C-post-confirmatory-evidence-preserving
model-family-replication-linear,101,appchina,gappusin,federation-wide,1624,108,0,304,2.7346381548085414,1.4893694917137508,0.7037037037037037,0.7183098591549296,1.6977573991927424,fedavg,0.3208128078817734,0.3146551724137931,0.23522167487684728,0.3171182266009852,0.39716748768472904,0.07943349753694581,-0.08559113300492613,-0.006157635467980316,-0.0036945812807882006,0.0024630541871921152,C-post-confirmatory-evidence-preserving
model-family-replication-linear,102,play-early,airpush,own-domain,1718,168,0,161,3.6839100903277524,2.1883670377063194,0.6101694915254238,0.6276595744680851,3.5711539155687047,fedavg,0.3678696158323632,0.6117578579743889,0.5250291036088475,0.6862630966239813,0.7037252619324796,0.0867287543655414,0.15715948777648425,0.24388824214202565,0.3183934807916181,0.07450523864959246,C-post-confirmatory-evidence-preserving
model-family-replication-linear,102,play-early,airpush,federation-wide,2173,168,0,161,3.6839100903277524,2.1883670377063194,0.6101694915254238,0.6276595744680851,3.5711539155687047,fedavg,0.39392544868844914,0.6682006442705937,0.5821445006902899,0.728485964104924,0.7445927289461574,0.08605614358030378,0.18821905200184075,0.2742751955821445,0.3345605154164749,0.060285319834330386,C-post-confirmatory-evidence-preserving
model-family-replication-linear,102,play-late,leadbolt,own-domain,17,98,0,0,3.8826380211670006,2.85415909632965,0.48554913294797686,0.5855855855855856,4.943091454128165,fedavg,0.058823529411764705,0.8235294117647058,0.7058823529411765,0.8823529411764706,0.8823529411764706,0.11764705882352933,0.6470588235294118,0.7647058823529411,0.8235294117647058,0.05882352941176472,C-post-confirmatory-evidence-preserving
model-family-replication-linear,102,play-late,leadbolt,federation-wide,738,98,0,0,3.8826380211670006,2.85415909632965,0.48554913294797686,0.5855855855855856,4.943091454128165,fedavg,0.45663956639566394,0.9281842818428184,0.8008130081300813,0.9566395663956639,0.9742547425474255,0.12737127371273715,0.34417344173441733,0.4715447154471545,0.5,0.028455284552845517,C-post-confirmatory-evidence-preserving
model-family-replication-linear,102,anzhi,dowgin,own-domain,4891,99,0,1549,2.152754001084323,1.2112050233989897,0.7534246575342466,0.78125,2.008933258936978,fedavg,0.4005315886321816,0.34757718258024944,0.26150071560008176,0.4416274790431405,0.6215497853199755,0.08607646698016769,-0.13903087303209982,-0.052954406051932135,0.0410958904109589,0.09405029646289104,C-post-confirmatory-evidence-preserving
model-family-replication-linear,102,anzhi,dowgin,federation-wide,5125,99,0,1549,2.152754001084323,1.2112050233989897,0.7534246575342466,0.78125,2.008933258936978,fedavg,0.39434146341463416,0.3463414634146341,0.26126829268292684,0.43726829268292683,0.6115121951219512,0.08507317073170728,-0.13307317073170732,-0.04800000000000004,0.042926829268292666,0.09092682926829271,C-post-confirmatory-evidence-preserving
model-family-replication-linear,102,anzhi,gappusin,own-domain,286,363,0,80,2.8981241462928384,1.4121065479788315,0.6862745098039216,0.5945945945945946,2.38767404950206,fedavg,0.16433566433566432,0.10139860139860139,0.08391608391608392,0.21678321678321677,0.3146853146853147,0.017482517482517473,-0.0804195804195804,-0.06293706293706293,0.05244755244755245,0.11538461538461538,C-post-confirmatory-evidence-preserving
model-family-replication-linear,102,anzhi,gappusin,federation-wide,1369,363,0,80,2.8981241462928384,1.4121065479788315,0.6862745098039216,0.5945945945945946,2.38767404950206,fedavg,0.09349890430971512,0.1643535427319211,0.13075237399561723,0.20160701241782322,0.24178232286340395,0.033601168736303866,0.03725346968590211,0.07085463842220598,0.1081081081081081,0.037253469685902124,C-post-confirmatory-evidence-preserving
model-family-replication-linear,102,anzhi,adwo,own-domain,99,291,0,37,3.8548309982774875,1.7953493970585166,0.7403846153846154,0.5348837209302325,3.3735648497755863,fedavg,0.25252525252525254,0.41414141414141414,0.3333333333333333,0.4444444444444444,0.45454545454545453,0.08080808080808083,0.08080808080808077,0.1616161616161616,0.19191919191919188,0.030303030303030276,C-post-confirmatory-evidence-preserving
model-family-replication-linear,102,anzhi,adwo,federation-wide,834,291,0,37,3.8548309982774875,1.7953493970585166,0.7403846153846154,0.5348837209302325,3.3735648497755863,fedavg,0.2170263788968825,0.3908872901678657,0.29376498800959233,0.4028776978417266,0.407673860911271,0.09712230215827339,0.07673860911270983,0.17386091127098321,0.1858513189448441,0.011990407673860892,C-post-confirmatory-evidence-preserving
model-family-replication-linear,102,anzhi,hiddad,own-domain,8,39,0,4,5.872342581643335,5.5882110841122685,0.22413793103448276,0.20622568093385213,5.676284384631803,fedavg,0.75,0.75,0.75,0.75,0.875,0.0,0.0,0.0,0.0,0.0,C-post-confirmatory-evidence-preserving
model-family-replication-linear,102,anzhi,hiddad,federation-wide,258,39,0,4,5.872342581643335,5.5882110841122685,0.22413793103448276,0.20622568093385213,5.676284384631803,fedavg,0.06976744186046512,0.2131782945736434,0.2131782945736434,0.2131782945736434,0.07364341085271318,0.0,0.14341085271317827,0.14341085271317827,0.14341085271317827,0.0,C-post-confirmatory-evidence-preserving
model-family-replication-linear,102,appchina,revmob,own-domain,16,66,0,4,5.136740134856688,3.4412326628859993,0.49390243902439024,0.2605633802816901,4.025907369461369,fedavg,0.0,0.0,0.0,0.0,0.0,0.0,0.0,0.0,0.0,0.0,C-post-confirmatory-evidence-preserving
model-family-replication-linear,102,appchina,revmob,federation-wide,432,66,0,4,5.136740134856688,3.4412326628859993,0.49390243902439024,0.2605633802816901,4.025907369461369,fedavg,0.0023148148148148147,0.041666666666666664,0.023148148148148147,0.041666666666666664,0.05555555555555555,0.018518518518518517,0.020833333333333332,0.039351851851851846,0.039351851851851846,0.0,C-post-confirmatory-evidence-preserving
model-family-replication-linear,103,play-early,dowgin,own-domain,18,1775,0,0,3.8041273025528803,1.98864549209988,0.48148148148148145,0.6025641025641025,3.5334382283962453,fedavg,0.2777777777777778,0.8333333333333334,0.8333333333333334,0.8333333333333334,0.8888888888888888,0.0,0.5555555555555556,0.5555555555555556,0.5555555555555556,0.0,C-post-confirmatory-evidence-preserving
model-family-replication-linear,103,play-early,dowgin,federation-wide,5418,1775,0,0,3.8041273025528803,1.98864549209988,0.48148148148148145,0.6025641025641025,3.5334382283962453,fedavg,0.3588039867109635,0.9529346622369879,0.9274640088593576,0.9529346622369879,0.9660391288298265,0.025470653377630215,0.5686600221483942,0.5941306755260244,0.5941306755260244,0.0,C-post-confirmatory-evidence-preserving
model-family-replication-linear,103,play-early,leadbolt,own-domain,744,33,0,67,2.5964333920376172,1.8748948030139825,0.6587301587301587,0.7087378640776699,2.5338378445992,fedavg,0.10080645161290322,0.4879032258064516,0.32526881720430106,0.5981182795698925,0.5954301075268817,0.16263440860215056,0.22446236559139784,0.3870967741935484,0.49731182795698925,0.11021505376344087,C-post-confirmatory-evidence-preserving
model-family-replication-linear,103,play-early,leadbolt,federation-wide,909,33,0,67,2.5964333920376172,1.8748948030139825,0.6587301587301587,0.7087378640776699,2.5338378445992,fedavg,0.13861386138613863,0.48734873487348734,0.33663366336633666,0.5841584158415841,0.5808580858085809,0.1507150715071507,0.19801980198019803,0.3487348734873487,0.4455445544554455,0.09680968096809678,C-post-confirmatory-evidence-preserving
model-family-replication-linear,103,anzhi,adwo,own-domain,130,314,0,36,3.6022754440995732,1.9478803385713612,0.7272727272727273,0.5227272727272727,3.4354561177608662,fedavg,0.46923076923076923,0.7230769230769231,0.6923076923076923,0.7230769230769231,0.7076923076923077,0.03076923076923077,0.22307692307692306,0.25384615384615383,0.25384615384615383,0.0,C-post-confirmatory-evidence-preserving
model-family-replication-linear,103,anzhi,adwo,federation-wide,808,314,0,36,3.6022754440995732,1.9478803385713612,0.7272727272727273,0.5227272727272727,3.4354561177608662,fedavg,0.4282178217821782,0.7599009900990099,0.6683168316831684,0.7858910891089109,0.7512376237623762,0.09158415841584155,0.24009900990099015,0.3316831683168317,0.3576732673267327,0.025990099009901013,C-post-confirmatory-evidence-preserving
model-family-replication-linear,103,appchina,airpush,own-domain,417,172,0,137,3.7882547414294767,2.023658234833949,0.6446280991735537,0.3888888888888889,2.4177388064639636,fedavg,0.35731414868105515,0.5971223021582733,0.40047961630695444,0.762589928057554,0.8561151079136691,0.1966426858513189,0.04316546762589929,0.23980815347721818,0.40527577937649883,0.16546762589928066,C-post-confirmatory-evidence-preserving
model-family-replication-linear,103,appchina,airpush,federation-wide,3033,172,0,137,3.7882547414294767,2.023658234833949,0.6446280991735537,0.3888888888888889,2.4177388064639636,fedavg,0.09495548961424333,0.24695021430926475,0.10484668644906034,0.3653148697659083,0.38707550280250574,0.14210352786020441,0.009891196834817012,0.15199472469502143,0.270359380151665,0.11836465545664357,C-post-confirmatory-evidence-preserving
model-family-replication-linear,103,appchina,gappusin,own-domain,1372,108,0,315,2.706353908518728,1.3213861446626298,0.7435897435897436,0.6911764705882353,1.7028369208145242,fedavg,0.18877551020408162,0.18731778425655976,0.15962099125364432,0.2055393586005831,0.2696793002915452,0.027696793002915443,-0.029154518950437303,-0.0014577259475218596,0.01676384839650147,0.018221574344023328,C-post-confirmatory-evidence-preserving
model-family-replication-linear,103,appchina,gappusin,federation-wide,1705,108,0,315,2.706353908518728,1.3213861446626298,0.7435897435897436,0.6911764705882353,1.7028369208145242,fedavg,0.18475073313782991,0.20469208211143694,0.17829912023460412,0.22346041055718474,0.2920821114369501,0.02639296187683282,-0.006451612903225795,0.019941348973607026,0.03870967741935483,0.0187683284457478,C-post-confirmatory-evidence-preserving
model-family-replication-linear,103,appchina,revmob,own-domain,18,59,0,4,5.375202641253769,3.5754285862434068,0.5055555555555555,0.2589928057553957,4.150689673214761,fedavg,0.05555555555555555,0.05555555555555555,0.05555555555555555,0.05555555555555555,0.1111111111111111,0.0,0.0,0.0,0.0,0.0,C-post-confirmatory-evidence-preserving
model-family-replication-linear,103,appchina,revmob,federation-wide,560,59,0,4,5.375202641253769,3.5754285862434068,0.5055555555555555,0.2589928057553957,4.150689673214761,fedavg,0.0017857142857142857,0.06428571428571428,0.008928571428571428,0.06785714285714285,0.019642857142857142,0.055357142857142855,0.007142857142857143,0.06249999999999999,0.06607142857142857,0.0035714285714285726,C-post-confirmatory-evidence-preserving
model-family-replication-linear,103,appchina,hiddad,own-domain,8,25,0,4,4.9911104136291975,4.025805892242939,0.45321637426900585,0.1893687707641196,4.2428332222769525,fedavg,0.5,0.5,0.5,0.5,0.5,0.0,0.0,0.0,0.0,0.0,C-post-confirmatory-evidence-preserving
model-family-replication-linear,103,appchina,hiddad,federation-wide,327,25,0,4,4.9911104136291975,4.025805892242939,0.45321637426900585,0.1893687707641196,4.2428332222769525,fedavg,0.07033639143730887,0.11926605504587157,0.13761467889908258,0.1162079510703364,0.10703363914373089,-0.01834862385321101,0.06727828746177371,0.0489296636085627,0.045871559633027525,-0.003058103975535173,C-post-confirmatory-evidence-preserving
model-family-replication-linear,104,play-early,airpush,own-domain,1744,191,0,148,3.7493103014545297,2.241236129794068,0.628099173553719,0.6039603960396039,3.600398990467054,fedavg,0.22362385321100917,0.5458715596330275,0.39965596330275227,0.6089449541284404,0.6049311926605505,0.1462155963302752,0.1760321100917431,0.3222477064220183,0.3853211009174312,0.06307339449541294,C-post-confirmatory-evidence-preserving
model-family-replication-linear,104,play-early,airpush,federation-wide,2316,191,0,148,3.7493103014545297,2.241236129794068,0.628099173553719,0.6039603960396039,3.600398990467054,fedavg,0.2918825561312608,0.6217616580310881,0.4835924006908463,0.6718480138169257,0.6718480138169257,0.13816925734024177,0.1917098445595855,0.3298791018998273,0.3799654576856649,0.050086355785837644,C-post-confirmatory-evidence-preserving
model-family-replication-linear,104,play-early,adwo,own-domain,31,353,0,5,4.109929942677416,2.3535712314597914,0.6526315789473685,0.5393258426966292,4.0108563361087475,fedavg,0.12903225806451613,0.8709677419354839,0.8709677419354839,0.8709677419354839,0.9032258064516129,0.0,0.7419354838709677,0.7419354838709677,0.7419354838709677,0.0,C-post-confirmatory-evidence-preserving
model-family-replication-linear,104,play-early,adwo,federation-wide,871,353,0,5,4.109929942677416,2.3535712314597914,0.6526315789473685,0.5393258426966292,4.0108563361087475,fedavg,0.36280137772675086,0.9322617680826636,0.8805970149253731,0.9357060849598163,0.9517795637198623,0.051664753157290466,0.5177956371986223,0.5694603903559128,0.5729047072330655,0.003444316877152742,C-post-confirmatory-evidence-preserving
model-family-replication-linear,104,play-early,hiddad,own-domain,136,32,0,14,4.6659544508935875,4.13905551491588,0.43333333333333335,0.24838709677419354,4.242900129096811,fedavg,0.17647058823529413,0.2426470588235294,0.33088235294117646,0.3382352941176471,0.33088235294117646,-0.08823529411764705,0.15441176470588233,0.06617647058823528,0.16176470588235295,0.09558823529411767,C-post-confirmatory-evidence-preserving
model-family-replication-linear,104,play-early,hiddad,federation-wide,568,32,0,14,4.6659544508935875,4.13905551491588,0.43333333333333335,0.24838709677419354,4.242900129096811,fedavg,0.09154929577464789,0.16725352112676056,0.1813380281690141,0.198943661971831,0.18838028169014084,-0.01408450704225353,0.0897887323943662,0.07570422535211267,0.10739436619718311,0.031690140845070436,C-post-confirmatory-evidence-preserving
model-family-replication-linear,104,anzhi,leadbolt,own-domain,15,91,0,6,3.3967712421433456,2.7419227348830546,0.5658914728682171,0.4766355140186916,3.195453427419076,fedavg,0.2,0.13333333333333333,0.06666666666666667,0.13333333333333333,0.26666666666666666,0.06666666666666667,-0.13333333333333336,-0.06666666666666668,-0.06666666666666668,0.0,C-post-confirmatory-evidence-preserving
model-family-replication-linear,104,anzhi,leadbolt,federation-wide,875,91,0,6,3.3967712421433456,2.7419227348830546,0.5658914728682171,0.4766355140186916,3.195453427419076,fedavg,0.04114285714285714,0.024,0.013714285714285714,0.037714285714285714,0.036571428571428574,0.010285714285714287,-0.027428571428571427,-0.01714285714285714,-0.0034285714285714267,0.013714285714285714,C-post-confirmatory-evidence-preserving
model-family-replication-linear,104,appchina,dowgin,own-domain,297,1558,0,81,2.862305910177519,2.0179177711483276,0.53,0.6052631578947368,2.25963881803825,fedavg,0.35353535353535354,0.5824915824915825,0.5622895622895623,0.5892255892255892,0.6801346801346801,0.02020202020202022,0.20875420875420875,0.22895622895622897,0.23569023569023567,0.006734006734006703,C-post-confirmatory-evidence-preserving
model-family-replication-linear,104,appchina,dowgin,federation-wide,6892,1558,0,81,2.862305910177519,2.0179177711483276,0.53,0.6052631578947368,2.25963881803825,fedavg,0.1506094022054556,0.6388566453859548,0.5565873476494486,0.6506094022054556,0.8197910621009866,0.08226929773650615,0.405977945443993,0.48824724318049917,0.5,0.011752756819500831,C-post-confirmatory-evidence-preserving
model-family-replication-linear,104,appchina,gappusin,own-domain,1150,81,0,329,2.5983188699117292,1.3957622954332451,0.6931818181818182,0.7361111111111112,1.6227378860692006,fedavg,0.3443478260869565,0.3869565217391304,0.3243478260869565,0.44869565217391305,0.49217391304347824,0.06260869565217392,-0.020000000000000018,0.0426086956521739,0.10434782608695653,0.06173913043478263,C-post-confirmatory-evidence-preserving
model-family-replication-linear,104,appchina,gappusin,federation-wide,1505,81,0,329,2.5983188699117292,1.3957622954332451,0.6931818181818182,0.7361111111111112,1.6227378860692006,fedavg,0.3009966777408638,0.37209302325581395,0.3176079734219269,0.4225913621262459,0.47308970099667774,0.05448504983388702,0.01661129568106312,0.07109634551495014,0.12159468438538207,0.050498338870431925,C-post-confirmatory-evidence-preserving
model-family-replication-linear,104,appchina,revmob,own-domain,23,46,0,4,4.633267890303643,2.517907382573409,0.5277777777777778,0.271523178807947,3.3137832016755757,fedavg,0.0,0.0,0.0,0.0,0.0,0.0,0.0,0.0,0.0,0.0,C-post-confirmatory-evidence-preserving
model-family-replication-linear,104,appchina,revmob,federation-wide,620,46,0,4,4.633267890303643,2.517907382573409,0.5277777777777778,0.271523178807947,3.3137832016755757,fedavg,0.008064516129032258,0.056451612903225805,0.016129032258064516,0.06129032258064516,0.027419354838709678,0.04032258064516129,0.008064516129032258,0.04838709677419355,0.0532258064516129,0.004838709677419353,C-post-confirmatory-evidence-preserving
model-family-replication-linear,105,play-early,gappusin,own-domain,44,496,0,3,3.381154180431505,2.0752116733448007,0.5,0.6197183098591549,3.35721108975858,fedavg,0.4772727272727273,0.8409090909090909,0.6818181818181818,0.8409090909090909,0.8181818181818182,0.15909090909090917,0.20454545454545447,0.36363636363636365,0.36363636363636365,0.0,C-post-confirmatory-evidence-preserving
model-family-replication-linear,105,play-early,gappusin,federation-wide,1572,496,0,3,3.381154180431505,2.0752116733448007,0.5,0.6197183098591549,3.35721108975858,fedavg,0.44974554707379133,0.9255725190839694,0.8231552162849872,0.9243002544529262,0.9395674300254453,0.1024173027989822,0.3734096692111959,0.4758269720101781,0.47455470737913485,-0.0012722646310432406,C-post-confirmatory-evidence-preserving
model-family-replication-linear,105,play-late,leadbolt,own-domain,57,96,0,3,3.8853568017431064,3.176738578054425,0.3577586206896552,0.5673076923076923,5.05584849910753,fedavg,0.05263157894736842,0.9298245614035088,0.8771929824561403,0.9473684210526315,0.9298245614035088,0.052631578947368474,0.8245614035087718,0.8771929824561404,0.894736842105263,0.01754385964912275,C-post-confirmatory-evidence-preserving
model-family-replication-linear,105,play-late,leadbolt,federation-wide,905,96,0,3,3.8853568017431064,3.176738578054425,0.3577586206896552,0.5673076923076923,5.05584849910753,fedavg,0.37900552486187844,0.8475138121546961,0.7602209944751381,0.8861878453038674,0.861878453038674,0.08729281767955799,0.3812154696132597,0.4685082872928177,0.507182320441989,0.03867403314917128,C-post-confirmatory-evidence-preserving
model-family-replication-linear,105,play-late,revmob,own-domain,15,60,0,3,4.350887824887627,3.1075381681568355,0.4979253112033195,0.47333333333333333,5.341344042528846,fedavg,0.2,0.6666666666666666,0.6666666666666666,0.7333333333333333,0.7333333333333333,0.0,0.4666666666666666,0.4666666666666666,0.5333333333333332,0.06666666666666665,C-post-confirmatory-evidence-preserving
model-family-replication-linear,105,play-late,revmob,federation-wide,944,60,0,3,4.350887824887627,3.1075381681568355,0.4979253112033195,0.47333333333333333,5.341344042528846,fedavg,0.08898305084745763,0.3273305084745763,0.2478813559322034,0.3559322033898305,0.3622881355932203,0.07944915254237289,0.15889830508474578,0.23834745762711868,0.2669491525423729,0.028601694915254217,C-post-confirmatory-evidence-preserving
model-family-replication-linear,105,anzhi,dowgin,own-domain,6165,80,0,1593,2.2311985397026333,1.3130135699321448,0.6976744186046512,0.7142857142857143,2.152547605159694,fedavg,0.6074614760746148,0.6940794809407949,0.6314679643146797,0.7493917274939172,0.8120032441200324,0.0626115166261152,0.024006488240064905,0.0866180048661801,0.1419302514193025,0.05531224655312239,C-post-confirmatory-evidence-preserving
model-family-replication-linear,105,anzhi,dowgin,federation-wide,6444,80,0,1593,2.2311985397026333,1.3130135699321448,0.6976744186046512,0.7142857142857143,2.152547605159694,fedavg,0.5988516449410304,0.6887026691495965,0.6270949720670391,0.7430167597765364,0.8052451893234016,0.06160769708255742,0.028243327126008744,0.08985102420856617,0.14416511483550598,0.054314090626939815,C-post-confirmatory-evidence-preserving
model-family-replication-linear,105,anzhi,adwo,own-domain,136,269,0,25,3.8627936540008085,1.9849666709944866,0.7352941176470589,0.5287356321839081,3.4507439837236333,fedavg,0.47058823529411764,0.7205882352941176,0.6764705882352942,0.7132352941176471,0.6323529411764706,0.044117647058823484,0.20588235294117652,0.25,0.24264705882352944,-0.007352941176470562,C-post-confirmatory-evidence-preserving
model-family-replication-linear,105,anzhi,adwo,federation-wide,1105,269,0,25,3.8627936540008085,1.9849666709944866,0.7352941176470589,0.5287356321839081,3.4507439837236333,fedavg,0.4434389140271493,0.7402714932126697,0.6054298642533936,0.7393665158371041,0.6633484162895927,0.1348416289592761,0.16199095022624432,0.2968325791855204,0.2959276018099548,-0.0009049773755656076,C-post-confirmatory-evidence-preserving
model-family-replication-linear,105,anzhi,hiddad,own-domain,20,35,0,8,4.81946873042181,4.525167333252926,0.25333333333333335,0.2114695340501792,4.6294081615930684,fedavg,0.55,0.65,0.8,0.65,0.65,-0.15000000000000002,0.25,0.09999999999999998,0.09999999999999998,0.0,C-post-confirmatory-evidence-preserving
model-family-replication-linear,105,anzhi,hiddad,federation-wide,598,35,0,8,4.81946873042181,4.525167333252926,0.25333333333333335,0.2114695340501792,4.6294081615930684,fedavg,0.05351170568561873,0.13879598662207357,0.14381270903010032,0.1354515050167224,0.07859531772575251,-0.0050167224080267525,0.0903010033444816,0.08528428093645485,0.08193979933110368,-0.0033444816053511683,C-post-confirmatory-evidence-preserving
model-family-replication-linear,105,appchina,airpush,own-domain,446,192,0,176,3.8712580507857774,2.414979170539053,0.5351351351351351,0.3103448275862069,2.7179832994710713,fedavg,0.5044843049327354,0.7533632286995515,0.3991031390134529,0.7757847533632287,0.8026905829596412,0.3542600896860986,-0.10538116591928254,0.24887892376681608,0.2713004484304933,0.022421524663677195,C-post-confirmatory-evidence-preserving
model-family-replication-linear,105,appchina,airpush,federation-wide,2397,192,0,176,3.8712580507857774,2.414979170539053,0.5351351351351351,0.3103448275862069,2.7179832994710713,fedavg,0.13308302044221945,0.3316645807259074,0.10972048393825615,0.36545682102628285,0.4021693783896537,0.22194409678765123,-0.023362536503963305,0.19858156028368792,0.2323738005840634,0.033792240300375476,C-post-confirmatory-evidence-preserving
model-family-replication-linear,106,play-early,airpush,own-domain,2032,185,0,138,3.7197674488783905,2.2117594272894445,0.6271186440677966,0.6129032258064516,3.6358809292489016,fedavg,0.19980314960629922,0.4478346456692913,0.359744094488189,0.500492125984252,0.53001968503937,0.08809055118110232,0.15994094488188978,0.2480314960629921,0.3006889763779528,0.05265748031496065,C-post-confirmatory-evidence-preserving
model-family-replication-linear,106,play-early,airpush,federation-wide,2618,185,0,138,3.7197674488783905,2.2117594272894445,0.6271186440677966,0.6129032258064516,3.6358809292489016,fedavg,0.2647058823529412,0.5328495034377387,0.45187165775401067,0.5767761650114591,0.6000763941940412,0.08097784568372807,0.1871657754010695,0.26814362108479756,0.31207028265851794,0.04392666157372038,C-post-confirmatory-evidence-preserving
model-family-replication-linear,106,anzhi,adwo,own-domain,136,296,0,28,3.600484644805414,2.025218450603937,0.7070707070707071,0.5348837209302325,3.3358397887596984,fedavg,0.2867647058823529,0.3235294117647059,0.2426470588235294,0.34558823529411764,0.3088235294117647,0.08088235294117649,-0.04411764705882351,0.03676470588235298,0.05882352941176472,0.022058823529411742,C-post-confirmatory-evidence-preserving
model-family-replication-linear,106,anzhi,adwo,federation-wide,1076,296,0,28,3.600484644805414,2.025218450603937,0.7070707070707071,0.5348837209302325,3.3358397887596984,fedavg,0.2620817843866171,0.45817843866171004,0.23327137546468402,0.48420074349442377,0.4117100371747212,0.22490706319702602,-0.028810408921933095,0.19609665427509293,0.22211895910780666,0.026022304832713727,C-post-confirmatory-evidence-preserving
model-family-replication-linear,106,anzhi,leadbolt,own-domain,16,105,0,5,3.4366612171572064,2.8070121886899573,0.576,0.4537037037037037,3.2005698718007696,fedavg,0.5625,0.4375,0.0625,0.5,0.5625,0.375,-0.5,-0.125,-0.0625,0.0625,C-post-confirmatory-evidence-preserving
model-family-replication-linear,106,anzhi,leadbolt,federation-wide,745,105,0,5,3.4366612171572064,2.8070121886899573,0.576,0.4537037037037037,3.2005698718007696,fedavg,0.053691275167785234,0.0348993288590604,0.006711409395973154,0.040268456375838924,0.04832214765100671,0.028187919463087244,-0.04697986577181208,-0.018791946308724834,-0.01342281879194631,0.005369127516778524,C-post-confirmatory-evidence-preserving
model-family-replication-linear,106,appchina,dowgin,own-domain,294,1557,0,80,2.963900593546649,1.9756299517842257,0.5855855855855856,0.5789473684210527,2.2641837367737616,fedavg,0.2585034013605442,0.5,0.4897959183673469,0.5034013605442177,0.608843537414966,0.010204081632653073,0.2312925170068027,0.24149659863945577,0.24489795918367346,0.003401360544217691,C-post-confirmatory-evidence-preserving
model-family-replication-linear,106,appchina,dowgin,federation-wide,6190,1557,0,80,2.963900593546649,1.9756299517842257,0.5855855855855856,0.5789473684210527,2.2641837367737616,fedavg,0.16882067851373184,0.5768982229402262,0.47576736672051695,0.5865912762520193,0.762843295638126,0.10113085621970924,0.3069466882067851,0.40807754442649435,0.4177705977382875,0.009693053311793154,C-post-confirmatory-evidence-preserving
model-family-replication-linear,106,appchina,gappusin,own-domain,1143,96,0,395,2.757440299350274,1.4144800625290253,0.6595744680851063,0.704225352112676,1.6916326696238444,fedavg,0.21084864391951005,0.24234470691163604,0.2099737532808399,0.25809273840769903,0.28346456692913385,0.032370953630796145,-0.0008748906386701616,0.031496062992125984,0.047244094488188976,0.015748031496062992,C-post-confirmatory-evidence-preserving
model-family-replication-linear,106,appchina,gappusin,federation-wide,1509,96,0,395,2.757440299350274,1.4144800625290253,0.6595744680851063,0.704225352112676,1.6916326696238444,fedavg,0.1954937044400265,0.24188204108681247,0.21139827700463884,0.2504970178926441,0.2935719019218025,0.030483764082173626,0.015904572564612335,0.04638833664678596,0.05500331345261761,0.008614976805831648,C-post-confirmatory-evidence-preserving
model-family-replication-linear,106,appchina,revmob,own-domain,19,49,0,6,4.95227379357265,2.794751629754864,0.5806451612903226,0.23648648648648649,3.5531588039550406,fedavg,0.0,0.05263157894736842,0.0,0.0,0.0,0.05263157894736842,0.0,0.05263157894736842,0.0,-0.05263157894736842,C-post-confirmatory-evidence-preserving
model-family-replication-linear,106,appchina,revmob,federation-wide,540,49,0,6,4.95227379357265,2.794751629754864,0.5806451612903226,0.23648648648648649,3.5531588039550406,fedavg,0.001851851851851852,0.05925925925925926,0.011111111111111112,0.025925925925925925,0.011111111111111112,0.04814814814814815,0.009259259259259259,0.05740740740740741,0.024074074074074074,-0.03333333333333334,C-post-confirmatory-evidence-preserving
model-family-replication-linear,106,appchina,hiddad,own-domain,17,32,0,2,5.873925294948878,4.834028059154069,0.35986159169550175,0.18796992481203006,5.211489646757708,fedavg,0.7058823529411765,0.6470588235294118,0.6470588235294118,0.6470588235294118,0.6470588235294118,0.0,-0.05882352941176472,-0.05882352941176472,-0.05882352941176472,0.0,C-post-confirmatory-evidence-preserving
model-family-replication-linear,106,appchina,hiddad,federation-wide,313,32,0,2,5.873925294948878,4.834028059154069,0.35986159169550175,0.18796992481203006,5.211489646757708,fedavg,0.15335463258785942,0.2268370607028754,0.2364217252396166,0.21405750798722045,0.11501597444089456,-0.0095846645367412,0.08306709265175719,0.07348242811501599,0.060702875399361034,-0.012779552715654952,C-post-confirmatory-evidence-preserving
model-family-replication-linear,107,play-early,dowgin,own-domain,14,1698,0,2,3.7990690479748586,2.006122221578444,0.5196850393700787,0.6363636363636364,3.5087675251094006,fedavg,0.8571428571428571,0.8571428571428571,0.8571428571428571,0.8571428571428571,0.8571428571428571,0.0,0.0,0.0,0.0,0.0,C-post-confirmatory-evidence-preserving
model-family-replication-linear,107,play-early,dowgin,federation-wide,5755,1698,0,2,3.7990690479748586,2.006122221578444,0.5196850393700787,0.6363636363636364,3.5087675251094006,fedavg,0.2474370112945265,0.9520417028670721,0.9310165073848827,0.9496090356211989,0.9673327541268463,0.021025195482189396,0.6835794960903563,0.7046046915725457,0.7021720243266725,-0.00243266724587321,C-post-confirmatory-evidence-preserving
model-family-replication-linear,107,play-early,airpush,own-domain,2463,155,0,163,3.5089207879910416,2.116957706174709,0.6785714285714286,0.6875,3.321195631708033,fedavg,0.3743402354851807,0.703613479496549,0.5542021924482339,0.7170117742590337,0.6999593991067804,0.14941128704831508,0.17986195696305318,0.32927324401136826,0.34267153877385303,0.013398294762484775,C-post-confirmatory-evidence-preserving
model-family-replication-linear,107,play-early,airpush,federation-wide,3019,155,0,163,3.5089207879910416,2.116957706174709,0.6785714285714286,0.6875,3.321195631708033,fedavg,0.4014574362371646,0.7419675389201722,0.6005299768135144,0.7562106657833719,0.7429612454455118,0.1414375621066578,0.19907254057634977,0.3405101026830076,0.3547532295462073,0.014243126863199729,C-post-confirmatory-evidence-preserving
model-family-replication-linear,107,play-early,adwo,own-domain,25,346,0,0,4.059671381333424,2.4151592546462863,0.5565217391304348,0.5862068965517241,3.972222254958133,fedavg,0.32,0.96,0.96,0.96,0.96,0.0,0.6399999999999999,0.6399999999999999,0.6399999999999999,0.0,C-post-confirmatory-evidence-preserving
model-family-replication-linear,107,play-early,adwo,federation-wide,955,346,0,0,4.059671381333424,2.4151592546462863,0.5565217391304348,0.5862068965517241,3.972222254958133,fedavg,0.2806282722513089,0.9204188481675393,0.9026178010471204,0.9267015706806283,0.9340314136125655,0.017801047120418856,0.6219895287958115,0.6397905759162303,0.6460732984293194,0.006282722513089034,C-post-confirmatory-evidence-preserving
model-family-replication-linear,107,play-early,hiddad,own-domain,94,26,0,8,4.356709244538861,3.9091998957365584,0.41641337386018235,0.3024054982817869,3.9814147967842852,fedavg,0.26595744680851063,0.3617021276595745,0.35106382978723405,0.3404255319148936,0.3723404255319149,0.010638297872340441,0.08510638297872342,0.09574468085106386,0.07446808510638298,-0.021276595744680882,C-post-confirmatory-evidence-preserving
model-family-replication-linear,107,play-early,hiddad,federation-wide,551,26,0,8,4.356709244538861,3.9091998957365584,0.41641337386018235,0.3024054982817869,3.9814147967842852,fedavg,0.0852994555353902,0.14156079854809436,0.14337568058076225,0.13793103448275862,0.14156079854809436,-0.001814882032667886,0.05807622504537205,0.05626134301270416,0.05263157894736842,-0.0036297640653357444,C-post-confirmatory-evidence-preserving
model-family-replication-linear,107,appchina,gappusin,own-domain,937,80,0,383,2.717967272919073,1.350476371274089,0.7195121951219512,0.7222222222222222,1.6433452660183616,fedavg,0.21878335112059766,0.25933831376734257,0.21344717182497333,0.3447171824973319,0.384204909284952,0.045891141942369235,-0.005336179295624327,0.04055496264674491,0.12593383137673425,0.08537886872998934,C-post-confirmatory-evidence-preserving
model-family-replication-linear,107,appchina,gappusin,federation-wide,1272,80,0,383,2.717967272919073,1.350476371274089,0.7195121951219512,0.7222222222222222,1.6433452660183616,fedavg,0.21147798742138366,0.2775157232704403,0.23427672955974843,0.345125786163522,0.4033018867924528,0.04323899371069184,0.022798742138364775,0.06603773584905662,0.13364779874213836,0.06761006289308175,C-post-confirmatory-evidence-preserving
model-family-replication-linear,107,appchina,leadbolt,own-domain,74,89,0,26,4.092039368032953,2.357676480540393,0.5769230769230769,0.3684210526315789,2.6616160404351756,fedavg,0.12162162162162163,0.20270270270270271,0.10810810810810811,0.2972972972972973,0.36486486486486486,0.0945945945945946,-0.013513513513513514,0.08108108108108109,0.17567567567567569,0.0945945945945946,C-post-confirmatory-evidence-preserving
model-family-replication-linear,107,appchina,leadbolt,federation-wide,759,89,0,26,4.092039368032953,2.357676480540393,0.5769230769230769,0.3684210526315789,2.6616160404351756,fedavg,0.026350461133069828,0.05401844532279315,0.025032938076416336,0.11594202898550725,0.14361001317523056,0.028985507246376815,-0.001317523056653492,0.027667984189723323,0.08959156785243742,0.061923583662714096,C-post-confirmatory-evidence-preserving
model-family-replication-linear,107,appchina,revmob,own-domain,23,47,0,11,5.070039915232185,3.2911416290267845,0.5081081081081081,0.272108843537415,3.78885646342401,fedavg,0.0,0.0,0.0,0.0,0.0,0.0,0.0,0.0,0.0,0.0,C-post-confirmatory-evidence-preserving
model-family-replication-linear,107,appchina,revmob,federation-wide,483,47,0,11,5.070039915232185,3.2911416290267845,0.5081081081081081,0.272108843537415,3.78885646342401,fedavg,0.0,0.057971014492753624,0.033126293995859216,0.06625258799171843,0.045548654244306416,0.024844720496894408,0.033126293995859216,0.057971014492753624,0.06625258799171843,0.008281573498964807,C-post-confirmatory-evidence-preserving
model-family-replication-linear,108,play-early,leadbolt,own-domain,651,50,0,68,2.5858657651653605,2.377152594055778,0.6410256410256411,0.7010309278350515,2.539099669040938,fedavg,0.06758832565284179,0.5192012288786483,0.26574500768049153,0.6021505376344086,0.6221198156682027,0.25345622119815675,0.19815668202764974,0.4516129032258065,0.5345622119815668,0.08294930875576034,C-post-confirmatory-evidence-preserving
model-family-replication-linear,108,play-early,leadbolt,federation-wide,770,50,0,68,2.5858657651653605,2.377152594055778,0.6410256410256411,0.7010309278350515,2.539099669040938,fedavg,0.09480519480519481,0.5428571428571428,0.3,0.6207792207792208,0.6441558441558441,0.24285714285714283,0.20519480519480518,0.44805194805194803,0.525974025974026,0.07792207792207795,C-post-confirmatory-evidence-preserving
model-family-replication-linear,108,play-late,airpush,own-domain,53,338,0,7,3.768201120504965,3.5270685725504314,0.4519774011299435,0.528169014084507,4.967075287068495,fedavg,0.16981132075471697,0.33962264150943394,0.3018867924528302,0.33962264150943394,0.7358490566037735,0.037735849056603765,0.1320754716981132,0.16981132075471697,0.16981132075471697,0.0,C-post-confirmatory-evidence-preserving
model-family-replication-linear,108,play-late,airpush,federation-wide,2098,338,0,7,3.768201120504965,3.5270685725504314,0.4519774011299435,0.528169014084507,4.967075287068495,fedavg,0.7025738798856054,0.9227836034318398,0.8083889418493804,0.9299332697807435,0.9394661582459485,0.11439466158245948,0.10581506196377499,0.22020972354623447,0.22735938989513815,0.007149666348903683,C-post-confirmatory-evidence-preserving
model-family-replication-linear,108,play-late,revmob,own-domain,12,56,0,1,5.077365605417123,4.167422828856588,0.4155844155844156,0.4626865671641791,5.887166282061966,fedavg,0.16666666666666666,0.8333333333333334,0.6666666666666666,0.8333333333333334,0.75,0.16666666666666674,0.5,0.6666666666666667,0.6666666666666667,0.0,C-post-confirmatory-evidence-preserving
model-family-replication-linear,108,play-late,revmob,federation-wide,594,56,0,1,5.077365605417123,4.167422828856588,0.4155844155844156,0.4626865671641791,5.887166282061966,fedavg,0.4562289562289562,0.9006734006734006,0.7794612794612794,0.9074074074074074,0.8821548821548821,0.12121212121212122,0.3232323232323232,0.4444444444444444,0.45117845117845123,0.006734006734006814,C-post-confirmatory-evidence-preserving
model-family-replication-linear,108,anzhi,gappusin,own-domain,427,329,0,89,2.5080381045037523,1.375208525852091,0.6792452830188679,0.5769230769230769,2.503352458514653,fedavg,0.34192037470725994,0.33489461358313816,0.2693208430913349,0.34660421545667447,0.3442622950819672,0.06557377049180324,-0.07259953161592503,-0.007025761124121788,0.004683840749414525,0.011709601873536313,C-post-confirmatory-evidence-preserving
model-family-replication-linear,108,anzhi,gappusin,federation-wide,1754,329,0,89,2.5080381045037523,1.375208525852091,0.6792452830188679,0.5769230769230769,2.503352458514653,fedavg,0.26738882554161914,0.33751425313568983,0.2554161915621437,0.3443557582668187,0.33181299885974913,0.08209806157354615,-0.011972633979475455,0.0701254275940707,0.07696693272519955,0.0068415051311288555,C-post-confirmatory-evidence-preserving
model-family-replication-linear,108,anzhi,adwo,own-domain,150,306,0,38,3.5930646454953004,2.0169920040708975,0.7623762376237624,0.5340909090909091,3.413599568794635,fedavg,0.38,0.52,0.44,0.58,0.4866666666666667,0.08000000000000002,0.06,0.14,0.19999999999999996,0.05999999999999994,C-post-confirmatory-evidence-preserving
model-family-replication-linear,108,anzhi,adwo,federation-wide,909,306,0,38,3.5930646454953004,2.0169920040708975,0.7623762376237624,0.5340909090909091,3.413599568794635,fedavg,0.4213421342134213,0.5654565456545655,0.385038503850385,0.6094609460946094,0.5104510451045104,0.18041804180418047,-0.0363036303630363,0.14411441144114417,0.18811881188118812,0.044004400440043945,C-post-confirmatory-evidence-preserving
model-family-replication-linear,108,appchina,dowgin,own-domain,224,1694,0,112,2.7248998081938742,2.0571446514179352,0.5151515151515151,0.5844155844155844,2.27253826526532,fedavg,0.3080357142857143,0.5089285714285714,0.46875,0.5089285714285714,0.5669642857142857,0.0401785714285714,0.1607142857142857,0.2008928571428571,0.2008928571428571,0.0,C-post-confirmatory-evidence-preserving
model-family-replication-linear,108,appchina,dowgin,federation-wide,5256,1694,0,112,2.7248998081938742,2.0571446514179352,0.5151515151515151,0.5844155844155844,2.27253826526532,fedavg,0.23401826484018265,0.6550608828006088,0.6035007610350076,0.6864535768645358,0.7939497716894978,0.05156012176560121,0.369482496194825,0.4210426179604262,0.45243531202435316,0.031392694063926974,C-post-confirmatory-evidence-preserving
model-family-replication-linear,108,appchina,hiddad,own-domain,5,33,0,4,4.8638804813682395,3.9175423203869566,0.38271604938271603,0.2048611111111111,4.220062439581715,fedavg,0.6,0.8,0.8,0.8,0.6,0.0,0.20000000000000007,0.20000000000000007,0.20000000000000007,0.0,C-post-confirmatory-evidence-preserving
model-family-replication-linear,108,appchina,hiddad,federation-wide,270,33,0,4,4.8638804813682395,3.9175423203869566,0.38271604938271603,0.2048611111111111,4.220062439581715,fedavg,0.1037037037037037,0.10740740740740741,0.11481481481481481,0.10740740740740741,0.0962962962962963,-0.007407407407407404,0.011111111111111113,0.003703703703703709,0.003703703703703709,0.0,C-post-confirmatory-evidence-preserving
model-family-replication-linear,109,play-early,dowgin,own-domain,22,1666,0,3,3.6621217717657735,2.031975109429163,0.48360655737704916,0.6103896103896104,3.5269841610892656,fedavg,0.45454545454545453,0.6818181818181818,0.6818181818181818,0.6818181818181818,0.7727272727272727,0.0,0.22727272727272724,0.22727272727272724,0.22727272727272724,0.0,C-post-confirmatory-evidence-preserving
model-family-replication-linear,109,play-early,dowgin,federation-wide,5854,1666,0,3,3.6621217717657735,2.031975109429163,0.48360655737704916,0.6103896103896104,3.5269841610892656,fedavg,0.46634779637854457,0.9642979159549027,0.9518278100444141,0.9641270925862658,0.9733515544926546,0.012470105910488583,0.4854800136658695,0.4979501195763581,0.49777929620772127,-0.0001708233686368299,C-post-confirmatory-evidence-preserving
model-family-replication-linear,109,play-early,hiddad,own-domain,108,27,0,12,5.777483555693132,5.052752081984161,0.38953488372093026,0.25357142857142856,5.41441975731226,fedavg,0.21296296296296297,0.3611111111111111,0.32407407407407407,0.35185185185185186,0.3611111111111111,0.037037037037037035,0.1111111111111111,0.14814814814814814,0.1388888888888889,-0.009259259259259245,C-post-confirmatory-evidence-preserving
model-family-replication-linear,109,play-early,hiddad,federation-wide,336,27,0,12,5.777483555693132,5.052752081984161,0.38953488372093026,0.25357142857142856,5.41441975731226,fedavg,0.12202380952380952,0.3125,0.2857142857142857,0.30952380952380953,0.30654761904761907,0.0267857142857143,0.16369047619047616,0.19047619047619047,0.1875,-0.0029761904761904656,C-post-confirmatory-evidence-preserving
model-family-replication-linear,109,play-late,airpush,own-domain,38,315,0,2,3.956657764753107,3.529816324689799,0.4523809523809524,0.5769230769230769,5.080364828832805,fedavg,0.05263157894736842,0.7105263157894737,0.34210526315789475,0.631578947368421,0.7368421052631579,0.3684210526315789,0.2894736842105263,0.6578947368421053,0.5789473684210527,-0.07894736842105265,C-post-confirmatory-evidence-preserving
model-family-replication-linear,109,play-late,airpush,federation-wide,2241,315,0,2,3.956657764753107,3.529816324689799,0.4523809523809524,0.5769230769230769,5.080364828832805,fedavg,0.5600178491744757,0.9379741186970103,0.8719321731369924,0.9361892012494422,0.9352967425256582,0.06604194556001786,0.3119143239625167,0.3779562695225346,0.37617135207496644,-0.0017849174475681462,C-post-confirmatory-evidence-preserving
model-family-replication-linear,109,play-late,revmob,own-domain,21,45,0,1,4.555851990487254,3.1279084901414325,0.43915343915343913,0.5032258064516129,5.439069946059045,fedavg,0.09523809523809523,0.7142857142857143,0.5714285714285714,0.7142857142857143,0.6666666666666666,0.1428571428571429,0.47619047619047616,0.6190476190476191,0.6190476190476191,0.0,C-post-confirmatory-evidence-preserving
model-family-replication-linear,109,play-late,revmob,federation-wide,665,45,0,1,4.555851990487254,3.1279084901414325,0.43915343915343913,0.5032258064516129,5.439069946059045,fedavg,0.14285714285714285,0.8827067669172932,0.45263157894736844,0.843609022556391,0.8781954887218045,0.4300751879699248,0.3097744360902256,0.7398496240601504,0.7007518796992482,-0.03909774436090219,C-post-confirmatory-evidence-preserving
model-family-replication-linear,109,anzhi,gappusin,own-domain,312,419,0,102,2.5522430219659897,1.3723199714297345,0.6881720430107527,0.6266666666666667,2.599702548257585,fedavg,0.2403846153846154,0.22756410256410256,0.15064102564102563,0.21153846153846154,0.21153846153846154,0.07692307692307693,-0.08974358974358976,-0.01282051282051283,-0.028846153846153855,-0.016025641025641024,C-post-confirmatory-evidence-preserving
model-family-replication-linear,109,anzhi,gappusin,federation-wide,1269,419,0,102,2.5522430219659897,1.3723199714297345,0.6881720430107527,0.6266666666666667,2.599702548257585,fedavg,0.28841607565011823,0.3112687155240347,0.20015760441292357,0.31678486997635935,0.3199369582348306,0.1111111111111111,-0.08825847123719466,0.022852639873916447,0.02836879432624112,0.005516154452324673,C-post-confirmatory-evidence-preserving
model-family-replication-linear,109,anzhi,leadbolt,own-domain,11,91,0,5,3.4773268075559916,2.8444070616955477,0.5772357723577236,0.5,3.5487874467902714,fedavg,0.36363636363636365,0.36363636363636365,0.09090909090909091,0.36363636363636365,0.36363636363636365,0.2727272727272727,-0.2727272727272727,0.0,0.0,0.0,C-post-confirmatory-evidence-preserving
model-family-replication-linear,109,anzhi,leadbolt,federation-wide,751,91,0,5,3.4773268075559916,2.8444070616955477,0.5772357723577236,0.5,3.5487874467902714,fedavg,0.04660452729693742,0.05193075898801598,0.011984021304926764,0.05326231691078562,0.04660452729693742,0.03994673768308922,-0.03462050599201066,0.005326231691078563,0.006657789613848199,0.0013315579227696356,C-post-confirmatory-evidence-preserving
model-family-replication-linear,109,appchina,adwo,own-domain,742,43,0,287,3.473074985695662,1.5754464343634103,0.7619047619047619,0.4954954954954955,2.580803706987302,fedavg,0.44609164420485176,0.48247978436657685,0.35444743935309975,0.545822102425876,0.6428571428571429,0.1280323450134771,-0.09164420485175201,0.03638814016172509,0.09973045822102428,0.06334231805929919,C-post-confirmatory-evidence-preserving
model-family-replication-linear,109,appchina,adwo,federation-wide,886,43,0,287,3.473074985695662,1.5754464343634103,0.7619047619047619,0.4954954954954955,2.580803706987302,fedavg,0.44130925507900676,0.45936794582392776,0.345372460496614,0.5135440180586908,0.6196388261851016,0.11399548532731374,-0.09593679458239274,0.018058690744921002,0.07223476297968401,0.054176072234763006,C-post-confirmatory-evidence-preserving
controlled-exposure,100,play-early,airpush,own-domain,2012,193,0,179,3.4851187591887043,2.0991970287522332,0.6842105263157895,0.7291666666666666,3.5695988211341505,central,0.6714711729622267,0.8066600397614314,0.6177932405566601,0.908051689860835,0.908051689860835,0.18886679920477134,-0.05367793240556662,0.13518886679920472,0.23658051689860826,0.10139165009940354,C-post-confirmatory-evidence-preserving
controlled-exposure,100,play-early,airpush,federation-wide,2433,193,0,179,3.4851187591887043,2.0991970287522332,0.6842105263157895,0.7291666666666666,3.5695988211341505,central,0.7106452938758734,0.8318947801068639,0.6715988491574189,0.917796958487464,0.917796958487464,0.16029593094944505,-0.03904644471845453,0.12124948623099052,0.20715166461159062,0.0859021783806001,C-post-confirmatory-evidence-preserving
controlled-exposure,100,play-late,revmob,own-domain,18,60,0,0,5.150450689927201,3.7406211281164725,0.45145631067961167,0.49295774647887325,5.838510013955065,central,0.3888888888888889,0.8333333333333334,0.2222222222222222,0.7777777777777778,0.7777777777777778,0.6111111111111112,-0.16666666666666669,0.4444444444444445,0.3888888888888889,-0.05555555555555558,C-post-confirmatory-evidence-preserving
controlled-exposure,100,play-late,revmob,federation-wide,600,60,0,0,5.150450689927201,3.7406211281164725,0.45145631067961167,0.49295774647887325,5.838510013955065,central,0.5766666666666667,0.875,0.35,0.8416666666666667,0.8416666666666667,0.525,-0.22666666666666668,0.29833333333333334,0.265,-0.033333333333333326,C-post-confirmatory-evidence-preserving
controlled-exposure,100,anzhi,dowgin,own-domain,6190,107,0,1590,2.08556945685487,1.3005105720572308,0.7654320987654321,0.7464788732394366,2.0183812589522474,central,0.8294022617124395,0.694184168012924,0.7576736672051696,0.7453957996768982,0.7453957996768982,-0.06348949919224556,-0.07172859450726987,-0.13521809369951543,-0.0840064620355413,0.05121163166397413,C-post-confirmatory-evidence-preserving
controlled-exposure,100,anzhi,dowgin,federation-wide,6428,107,0,1590,2.08556945685487,1.3005105720572308,0.7654320987654321,0.7464788732394366,2.0183812589522474,central,0.8167392657125078,0.6795270690728065,0.7412881144990666,0.7286869943995021,0.7286869943995021,-0.06176104542626015,-0.07545115121344115,-0.1372121966397013,-0.08805227131300564,0.049159925326695664,C-post-confirmatory-evidence-preserving
controlled-exposure,100,anzhi,adwo,own-domain,152,296,0,30,3.813113461888963,1.883897404966985,0.7572815533980582,0.5402298850574713,3.411052194722788,central,0.5328947368421053,0.42105263157894735,0.40131578947368424,0.4342105263157895,0.4342105263157895,0.019736842105263108,-0.13157894736842107,-0.11184210526315796,-0.09868421052631582,0.013157894736842146,C-post-confirmatory-evidence-preserving
controlled-exposure,100,anzhi,adwo,federation-wide,846,296,0,30,3.813113461888963,1.883897404966985,0.7572815533980582,0.5402298850574713,3.411052194722788,central,0.6666666666666666,0.32742316784869974,0.23877068557919623,0.367612293144208,0.367612293144208,0.08865248226950351,-0.4278959810874704,-0.3392434988179669,-0.2990543735224586,0.04018912529550828,C-post-confirmatory-evidence-preserving
controlled-exposure,100,appchina,gappusin,own-domain,1080,113,0,368,2.652702759539863,1.306466877398803,0.6904761904761905,0.7323943661971831,1.6813163749483737,central,0.21944444444444444,0.1574074074074074,0.17037037037037037,0.4361111111111111,0.4361111111111111,-0.012962962962962954,-0.049074074074074076,-0.06203703703703703,0.21666666666666667,0.2787037037037037,C-post-confirmatory-evidence-preserving
controlled-exposure,100,appchina,gappusin,federation-wide,1429,113,0,368,2.652702759539863,1.306466877398803,0.6904761904761905,0.7323943661971831,1.6813163749483737,central,0.2554233729881036,0.19454163750874737,0.19454163750874737,0.4079776067179846,0.4079776067179846,0.0,-0.060881735479356214,-0.060881735479356214,0.15255423372988103,0.21343596920923724,C-post-confirmatory-evidence-preserving
controlled-exposure,100,appchina,leadbolt,own-domain,91,78,0,23,3.981286916447268,2.0182842283527456,0.704225352112676,0.36936936936936937,2.6161230405295353,central,0.4065934065934066,0.45054945054945056,0.3516483516483517,0.6373626373626373,0.6373626373626373,0.09890109890109888,-0.054945054945054916,0.043956043956043966,0.23076923076923073,0.18681318681318676,C-post-confirmatory-evidence-preserving
controlled-exposure,100,appchina,leadbolt,federation-wide,842,78,0,23,3.981286916447268,2.0182842283527456,0.704225352112676,0.36936936936936937,2.6161230405295353,central,0.18052256532066507,0.33847980997624705,0.10688836104513064,0.5344418052256532,0.5344418052256532,0.2315914489311164,-0.07363420427553444,0.15795724465558197,0.35391923990498814,0.19596199524940616,C-post-confirmatory-evidence-preserving
controlled-exposure,100,appchina,hiddad,own-domain,10,45,0,5,5.729453977641854,4.820659845493026,0.4078014184397163,0.20233463035019456,5.056905652441987,central,0.6,0.6,0.7,0.6,0.6,-0.09999999999999998,0.09999999999999998,0.0,0.0,0.0,C-post-confirmatory-evidence-preserving
controlled-exposure,100,appchina,hiddad,federation-wide,337,45,0,5,5.729453977641854,4.820659845493026,0.4078014184397163,0.20233463035019456,5.056905652441987,central,0.4332344213649852,0.18100890207715134,0.1394658753709199,0.1572700296735905,0.1572700296735905,0.041543026706231445,-0.2937685459940653,-0.2522255192878339,-0.2759643916913947,-0.023738872403560846,C-post-confirmatory-evidence-preserving
controlled-exposure,101,play-early,airpush,own-domain,1351,170,0,210,3.6107089350448907,2.4148124748939077,0.6065573770491803,0.7010309278350515,3.5512908551086424,central,0.689859363434493,0.7083641746854182,0.6410066617320503,0.8860103626943006,0.8860103626943006,0.06735751295336789,-0.0488527017024426,0.01850481125092529,0.1961509992598076,0.17764618800888232,C-post-confirmatory-evidence-preserving
controlled-exposure,101,play-early,airpush,federation-wide,1864,170,0,210,3.6107089350448907,2.4148124748939077,0.6065573770491803,0.7010309278350515,3.5512908551086424,central,0.7483905579399142,0.773068669527897,0.7054721030042919,0.903969957081545,0.903969957081545,0.06759656652360513,-0.0429184549356223,0.02467811158798283,0.15557939914163088,0.13090128755364805,C-post-confirmatory-evidence-preserving
controlled-exposure,101,play-early,adwo,own-domain,9,354,0,3,4.109313286596289,2.3644355221296895,0.6458333333333334,0.6777777777777778,4.017826368614283,central,1.0,1.0,0.8888888888888888,1.0,1.0,0.11111111111111116,-0.11111111111111116,0.0,0.0,0.0,C-post-confirmatory-evidence-preserving
controlled-exposure,101,play-early,adwo,federation-wide,913,354,0,3,4.109313286596289,2.3644355221296895,0.6458333333333334,0.6777777777777778,4.017826368614283,central,0.8948521358159912,0.9737130339539978,0.9331872946330778,0.9780941949616648,0.9780941949616648,0.04052573932091996,0.0383351588170866,0.07886089813800656,0.08324205914567362,0.004381161007667056,C-post-confirmatory-evidence-preserving
controlled-exposure,101,play-late,leadbolt,own-domain,20,112,0,1,3.9232248103375995,3.275301705074222,0.41139240506329117,0.5392156862745098,5.068889159191522,central,0.0,0.7,0.4,0.8,0.8,0.29999999999999993,0.4,0.7,0.8,0.10000000000000009,C-post-confirmatory-evidence-preserving
controlled-exposure,101,play-late,leadbolt,federation-wide,885,112,0,1,3.9232248103375995,3.275301705074222,0.41139240506329117,0.5392156862745098,5.068889159191522,central,0.3016949152542373,0.8587570621468926,0.5163841807909605,0.847457627118644,0.847457627118644,0.34237288135593213,0.21468926553672318,0.5570621468926553,0.5457627118644067,-0.011299435028248594,C-post-confirmatory-evidence-preserving
controlled-exposure,101,play-late,revmob,own-domain,15,65,0,2,4.938966106603984,3.870402736901703,0.4782608695652174,0.4105960264900662,5.74174572139714,central,0.26666666666666666,0.8,0.13333333333333333,0.6666666666666666,0.6666666666666666,0.6666666666666667,-0.13333333333333333,0.5333333333333334,0.39999999999999997,-0.13333333333333341,C-post-confirmatory-evidence-preserving
controlled-exposure,101,play-late,revmob,federation-wide,654,65,0,2,4.938966106603984,3.870402736901703,0.4782608695652174,0.4105960264900662,5.74174572139714,central,0.5428134556574924,0.8929663608562691,0.36850152905198774,0.8944954128440367,0.8944954128440367,0.5244648318042814,-0.17431192660550465,0.35015290519877673,0.35168195718654427,0.001529051987767538,C-post-confirmatory-evidence-preserving
controlled-exposure,101,play-late,hiddad,own-domain,376,21,0,20,2.9649486494307045,2.6721930932744447,0.5019157088122606,0.5784313725490197,4.125983466437819,central,0.1675531914893617,0.17819148936170212,0.2047872340425532,0.8404255319148937,0.8404255319148937,-0.026595744680851074,0.03723404255319149,0.010638297872340413,0.6728723404255319,0.6622340425531915,C-post-confirmatory-evidence-preserving
controlled-exposure,101,play-late,hiddad,federation-wide,486,21,0,20,2.9649486494307045,2.6721930932744447,0.5019157088122606,0.5784313725490197,4.125983466437819,central,0.2654320987654321,0.3004115226337449,0.3168724279835391,0.7962962962962963,0.7962962962962963,-0.01646090534979422,0.051440329218106984,0.034979423868312765,0.5308641975308641,0.4958847736625514,C-post-confirmatory-evidence-preserving
controlled-exposure,101,appchina,dowgin,own-domain,241,1648,0,107,2.951322946828574,2.047622625162184,0.5544554455445545,0.5844155844155844,2.2541032833582855,central,0.5518672199170125,0.6514522821576764,0.5684647302904564,0.7302904564315352,0.7302904564315352,0.08298755186721996,0.016597510373443924,0.09958506224066388,0.17842323651452274,0.07883817427385886,C-post-confirmatory-evidence-preserving
controlled-exposure,101,appchina,dowgin,federation-wide,5745,1648,0,107,2.951322946828574,2.047622625162184,0.5544554455445545,0.5844155844155844,2.2541032833582855,central,0.6762402088772846,0.8828546562228025,0.8208877284595301,0.8814621409921671,0.8814621409921671,0.061966927763272395,0.14464751958224542,0.20661444734551782,0.2052219321148825,-0.0013925152306353272,C-post-confirmatory-evidence-preserving
controlled-exposure,101,appchina,gappusin,own-domain,1312,108,0,304,2.7346381548085414,1.4893694917137508,0.7037037037037037,0.7183098591549296,1.6977573991927424,central,0.3978658536585366,0.39710365853658536,0.16692073170731708,0.5403963414634146,0.5403963414634146,0.23018292682926828,-0.23094512195121952,-0.0007621951219512479,0.14253048780487804,0.14329268292682928,C-post-confirmatory-evidence-preserving
controlled-exposure,101,appchina,gappusin,federation-wide,1624,108,0,304,2.7346381548085414,1.4893694917137508,0.7037037037037037,0.7183098591549296,1.6977573991927424,central,0.38485221674876846,0.4027093596059113,0.17610837438423646,0.5258620689655172,0.5258620689655172,0.22660098522167485,-0.208743842364532,0.01785714285714285,0.14100985221674878,0.12315270935960593,C-post-confirmatory-evidence-preserving
controlled-exposure,102,play-early,airpush,own-domain,1718,168,0,161,3.6839100903277524,2.1883670377063194,0.6101694915254238,0.6276595744680851,3.5711539155687047,central,0.7485448195576252,0.8230500582072177,0.6915017462165308,0.9318975552968568,0.9318975552968568,0.13154831199068684,-0.057043073341094375,0.07450523864959246,0.1833527357392316,0.10884749708963914,C-post-confirmatory-evidence-preserving
controlled-exposure,102,play-early,airpush,federation-wide,2173,168,0,161,3.6839100903277524,2.1883670377063194,0.6101694915254238,0.6276595744680851,3.5711539155687047,central,0.7758858720662678,0.8504371836171192,0.7363092498849517,0.9383341003221353,0.9383341003221353,0.11412793373216745,-0.03957662218131608,0.07455131155085137,0.16244822825586747,0.08789691670501609,C-post-confirmatory-evidence-preserving
controlled-exposure,102,play-late,leadbolt,own-domain,17,98,0,0,3.8826380211670006,2.85415909632965,0.48554913294797686,0.5855855855855856,4.943091454128165,central,0.5882352941176471,0.7647058823529411,0.11764705882352941,0.8235294117647058,0.8235294117647058,0.6470588235294117,-0.47058823529411764,0.17647058823529405,0.23529411764705876,0.05882352941176472,C-post-confirmatory-evidence-preserving
controlled-exposure,102,play-late,leadbolt,federation-wide,738,98,0,0,3.8826380211670006,2.85415909632965,0.48554913294797686,0.5855855855855856,4.943091454128165,central,0.45121951219512196,0.9566395663956639,0.6449864498644986,0.9607046070460704,0.9607046070460704,0.31165311653116534,0.19376693766937664,0.505420054200542,0.5094850948509484,0.004065040650406471,C-post-confirmatory-evidence-preserving
controlled-exposure,102,anzhi,dowgin,own-domain,4891,99,0,1549,2.152754001084323,1.2112050233989897,0.7534246575342466,0.78125,2.008933258936978,central,0.7309343692496422,0.6902473931711306,0.7319566550807606,0.7111020241259456,0.7111020241259456,-0.04170926190962998,0.001022285831118408,-0.04068697607851157,-0.019832345123696582,0.02085463095481499,C-post-confirmatory-evidence-preserving
controlled-exposure,102,anzhi,dowgin,federation-wide,5125,99,0,1549,2.152754001084323,1.2112050233989897,0.7534246575342466,0.78125,2.008933258936978,central,0.720780487804878,0.678829268292683,0.7235121951219512,0.696,0.696,-0.04468292682926822,0.002731707317073173,-0.04195121951219505,-0.02478048780487807,0.017170731707316977,C-post-confirmatory-evidence-preserving
controlled-exposure,102,anzhi,gappusin,own-domain,286,363,0,80,2.8981241462928384,1.4121065479788315,0.6862745098039216,0.5945945945945946,2.38767404950206,central,0.2902097902097902,0.36713286713286714,0.34265734265734266,0.34265734265734266,0.34265734265734266,0.02447552447552448,0.05244755244755245,0.07692307692307693,0.05244755244755245,-0.02447552447552448,C-post-confirmatory-evidence-preserving
controlled-exposure,102,anzhi,gappusin,federation-wide,1369,363,0,80,2.8981241462928384,1.4121065479788315,0.6862745098039216,0.5945945945945946,2.38767404950206,central,0.24032140248356465,0.26442658875091307,0.2731921110299489,0.24616508400292184,0.24616508400292184,-0.00876552227903582,0.03287070854638424,0.024105186267348422,0.005843681519357186,-0.018261504747991236,C-post-confirmatory-evidence-preserving
controlled-exposure,102,anzhi,adwo,own-domain,99,291,0,37,3.8548309982774875,1.7953493970585166,0.7403846153846154,0.5348837209302325,3.3735648497755863,central,0.5656565656565656,0.47474747474747475,0.5555555555555556,0.494949494949495,0.494949494949495,-0.08080808080808083,-0.010101010101010055,-0.09090909090909088,-0.07070707070707066,0.02020202020202022,C-post-confirmatory-evidence-preserving
controlled-exposure,102,anzhi,adwo,federation-wide,834,291,0,37,3.8548309982774875,1.7953493970585166,0.7403846153846154,0.5348837209302325,3.3735648497755863,central,0.5695443645083933,0.354916067146283,0.47002398081534774,0.3345323741007194,0.3345323741007194,-0.11510791366906475,-0.09952038369304556,-0.2146282973621103,-0.2350119904076739,-0.02038369304556359,C-post-confirmatory-evidence-preserving
controlled-exposure,102,anzhi,hiddad,own-domain,8,39,0,4,5.872342581643335,5.5882110841122685,0.22413793103448276,0.20622568093385213,5.676284384631803,central,0.75,0.875,0.75,0.875,0.875,0.125,0.0,0.125,0.125,0.0,C-post-confirmatory-evidence-preserving
controlled-exposure,102,anzhi,hiddad,federation-wide,258,39,0,4,5.872342581643335,5.5882110841122685,0.22413793103448276,0.20622568093385213,5.676284384631803,central,0.2713178294573643,0.2248062015503876,0.2558139534883721,0.2558139534883721,0.2558139534883721,-0.031007751937984496,-0.01550387596899222,-0.046511627906976716,-0.01550387596899222,0.031007751937984496,C-post-confirmatory-evidence-preserving
controlled-exposure,102,appchina,revmob,own-domain,16,66,0,4,5.136740134856688,3.4412326628859993,0.49390243902439024,0.2605633802816901,4.025907369461369,central,0.125,0.125,0.0,0.125,0.125,0.125,-0.125,0.0,0.0,0.0,C-post-confirmatory-evidence-preserving
controlled-exposure,102,appchina,revmob,federation-wide,432,66,0,4,5.136740134856688,3.4412326628859993,0.49390243902439024,0.2605633802816901,4.025907369461369,central,0.08333333333333333,0.1527777777777778,0.04861111111111111,0.23148148148148148,0.23148148148148148,0.10416666666666669,-0.03472222222222222,0.06944444444444446,0.14814814814814814,0.07870370370370369,C-post-confirmatory-evidence-preserving
controlled-exposure,103,play-early,dowgin,own-domain,18,1775,0,0,3.8041273025528803,1.98864549209988,0.48148148148148145,0.6025641025641025,3.5334382283962453,central,0.5,0.6111111111111112,0.7222222222222222,0.6666666666666666,0.6666666666666666,-0.11111111111111105,0.2222222222222222,0.11111111111111116,0.16666666666666663,0.05555555555555547,C-post-confirmatory-evidence-preserving
controlled-exposure,103,play-early,dowgin,federation-wide,5418,1775,0,0,3.8041273025528803,1.98864549209988,0.48148148148148145,0.6025641025641025,3.5334382283962453,central,0.5441122185308231,0.9844961240310077,0.9671465485418974,0.9868955334071613,0.9868955334071613,0.017349575489110314,0.42303433001107427,0.4403839055001846,0.44278331487633815,0.0023994093761535717,C-post-confirmatory-evidence-preserving
controlled-exposure,103,play-early,leadbolt,own-domain,744,33,0,67,2.5964333920376172,1.8748948030139825,0.6587301587301587,0.7087378640776699,2.5338378445992,central,0.5658602150537635,0.5766129032258065,0.4368279569892473,0.7916666666666666,0.7916666666666666,0.13978494623655918,-0.12903225806451618,0.010752688172043001,0.22580645161290314,0.21505376344086014,C-post-confirmatory-evidence-preserving
controlled-exposure,103,play-early,leadbolt,federation-wide,909,33,0,67,2.5964333920376172,1.8748948030139825,0.6587301587301587,0.7087378640776699,2.5338378445992,central,0.5379537953795379,0.6226622662266227,0.44224422442244227,0.8195819581958196,0.8195819581958196,0.18041804180418042,-0.09570957095709565,0.08470847084708477,0.28162816281628167,0.1969196919691969,C-post-confirmatory-evidence-preserving
controlled-exposure,103,anzhi,adwo,own-domain,130,314,0,36,3.6022754440995732,1.9478803385713612,0.7272727272727273,0.5227272727272727,3.4354561177608662,central,0.676923076923077,0.5923076923076923,0.6153846153846154,0.7538461538461538,0.7538461538461538,-0.023076923076923106,-0.06153846153846154,-0.08461538461538465,0.07692307692307687,0.16153846153846152,C-post-confirmatory-evidence-preserving
controlled-exposure,103,anzhi,adwo,federation-wide,808,314,0,36,3.6022754440995732,1.9478803385713612,0.7272727272727273,0.5227272727272727,3.4354561177608662,central,0.693069306930693,0.568069306930693,0.4876237623762376,0.7797029702970297,0.7797029702970297,0.0804455445544554,-0.2054455445544554,-0.125,0.08663366336633671,0.2116336633663367,C-post-confirmatory-evidence-preserving
controlled-exposure,103,appchina,airpush,own-domain,417,172,0,137,3.7882547414294767,2.023658234833949,0.6446280991735537,0.3888888888888889,2.4177388064639636,central,0.8201438848920863,0.9784172661870504,0.9328537170263789,0.9832134292565947,0.9832134292565947,0.04556354916067151,0.11270983213429253,0.15827338129496404,0.16306954436450838,0.004796163069544335,C-post-confirmatory-evidence-preserving
controlled-exposure,103,appchina,airpush,federation-wide,3033,172,0,137,3.7882547414294767,2.023658234833949,0.6446280991735537,0.3888888888888889,2.4177388064639636,central,0.4599406528189911,0.6551269370260469,0.4566435872073854,0.6617210682492581,0.6617210682492581,0.19848334981866145,-0.0032970656116056984,0.19518628420705575,0.20178041543026703,0.006594131223211286,C-post-confirmatory-evidence-preserving
controlled-exposure,103,appchina,gappusin,own-domain,1372,108,0,315,2.706353908518728,1.3213861446626298,0.7435897435897436,0.6911764705882353,1.7028369208145242,central,0.25801749271137026,0.24416909620991253,0.23833819241982507,0.2922740524781341,0.2922740524781341,0.005830903790087466,-0.019679300291545188,-0.013848396501457721,0.03425655976676384,0.04810495626822156,C-post-confirmatory-evidence-preserving
controlled-exposure,103,appchina,gappusin,federation-wide,1705,108,0,315,2.706353908518728,1.3213861446626298,0.7435897435897436,0.6911764705882353,1.7028369208145242,central,0.2785923753665689,0.23870967741935484,0.2287390029325513,0.2961876832844575,0.2961876832844575,0.009970674486803527,-0.04985337243401758,-0.03988269794721405,0.017595307917888603,0.057478005865102655,C-post-confirmatory-evidence-preserving
controlled-exposure,103,appchina,revmob,own-domain,18,59,0,4,5.375202641253769,3.5754285862434068,0.5055555555555555,0.2589928057553957,4.150689673214761,central,0.2777777777777778,0.16666666666666666,0.05555555555555555,0.2777777777777778,0.2777777777777778,0.1111111111111111,-0.22222222222222224,-0.11111111111111113,0.0,0.11111111111111113,C-post-confirmatory-evidence-preserving
controlled-exposure,103,appchina,revmob,federation-wide,560,59,0,4,5.375202641253769,3.5754285862434068,0.5055555555555555,0.2589928057553957,4.150689673214761,central,0.10714285714285714,0.19464285714285715,0.0125,0.29642857142857143,0.29642857142857143,0.18214285714285713,-0.09464285714285714,0.08750000000000001,0.18928571428571428,0.10178571428571428,C-post-confirmatory-evidence-preserving
controlled-exposure,103,appchina,hiddad,own-domain,8,25,0,4,4.9911104136291975,4.025805892242939,0.45321637426900585,0.1893687707641196,4.2428332222769525,central,0.5,0.5,0.5,0.5,0.5,0.0,0.0,0.0,0.0,0.0,C-post-confirmatory-evidence-preserving
controlled-exposure,103,appchina,hiddad,federation-wide,327,25,0,4,4.9911104136291975,4.025805892242939,0.45321637426900585,0.1893687707641196,4.2428332222769525,central,0.17737003058103976,0.2324159021406728,0.1743119266055046,0.16819571865443425,0.16819571865443425,0.05810397553516819,-0.003058103975535159,0.05504587155963303,-0.009174311926605505,-0.06422018348623854,C-post-confirmatory-evidence-preserving
controlled-exposure,104,play-early,airpush,own-domain,1744,191,0,148,3.7493103014545297,2.241236129794068,0.628099173553719,0.6039603960396039,3.600398990467054,central,0.5275229357798165,0.5705275229357798,0.5470183486238532,0.8629587155963303,0.8629587155963303,0.02350917431192656,0.019495412844036775,0.043004587155963336,0.33543577981651385,0.2924311926605505,C-post-confirmatory-evidence-preserving
controlled-exposure,104,play-early,airpush,federation-wide,2316,191,0,148,3.7493103014545297,2.241236129794068,0.628099173553719,0.6039603960396039,3.600398990467054,central,0.6049222797927462,0.6476683937823834,0.6329879101899827,0.8734887737478411,0.8734887737478411,0.014680483592400706,0.02806563039723653,0.042746113989637236,0.2685664939550949,0.22582037996545767,C-post-confirmatory-evidence-preserving
controlled-exposure,104,play-early,adwo,own-domain,31,353,0,5,4.109929942677416,2.3535712314597914,0.6526315789473685,0.5393258426966292,4.0108563361087475,central,0.7741935483870968,0.9354838709677419,0.9032258064516129,0.9032258064516129,0.9032258064516129,0.032258064516129004,0.12903225806451613,0.16129032258064513,0.12903225806451613,-0.032258064516129004,C-post-confirmatory-evidence-preserving
controlled-exposure,104,play-early,adwo,federation-wide,871,353,0,5,4.109929942677416,2.3535712314597914,0.6526315789473685,0.5393258426966292,4.0108563361087475,central,0.7577497129735936,0.9690011481056258,0.9242250287026407,0.9506314580941446,0.9506314580941446,0.04477611940298509,0.16647531572904706,0.21125143513203215,0.192881745120551,-0.018369690011481143,C-post-confirmatory-evidence-preserving
controlled-exposure,104,play-early,hiddad,own-domain,136,32,0,14,4.6659544508935875,4.13905551491588,0.43333333333333335,0.24838709677419354,4.242900129096811,central,0.19117647058823528,0.3382352941176471,0.3014705882352941,0.49264705882352944,0.49264705882352944,0.03676470588235298,0.11029411764705882,0.1470588235294118,0.30147058823529416,0.15441176470588236,C-post-confirmatory-evidence-preserving
controlled-exposure,104,play-early,hiddad,federation-wide,568,32,0,14,4.6659544508935875,4.13905551491588,0.43333333333333335,0.24838709677419354,4.242900129096811,central,0.10211267605633803,0.2323943661971831,0.17781690140845072,0.2517605633802817,0.2517605633802817,0.05457746478873238,0.07570422535211269,0.13028169014084506,0.14964788732394366,0.019366197183098594,C-post-confirmatory-evidence-preserving
controlled-exposure,104,anzhi,leadbolt,own-domain,15,91,0,6,3.3967712421433456,2.7419227348830546,0.5658914728682171,0.4766355140186916,3.195453427419076,central,0.13333333333333333,0.3333333333333333,0.26666666666666666,0.3333333333333333,0.3333333333333333,0.06666666666666665,0.13333333333333333,0.19999999999999998,0.19999999999999998,0.0,C-post-confirmatory-evidence-preserving
controlled-exposure,104,anzhi,leadbolt,federation-wide,875,91,0,6,3.3967712421433456,2.7419227348830546,0.5658914728682171,0.4766355140186916,3.195453427419076,central,0.07542857142857143,0.22514285714285714,0.07657142857142857,0.25942857142857145,0.25942857142857145,0.14857142857142858,0.00114285714285714,0.14971428571428572,0.18400000000000002,0.03428571428571431,C-post-confirmatory-evidence-preserving
controlled-exposure,104,appchina,dowgin,own-domain,297,1558,0,81,2.862305910177519,2.0179177711483276,0.53,0.6052631578947368,2.25963881803825,central,0.6565656565656566,0.6498316498316499,0.6127946127946128,0.6195286195286195,0.6195286195286195,0.03703703703703709,-0.043771043771043794,-0.006734006734006703,-0.03703703703703709,-0.030303030303030387,C-post-confirmatory-evidence-preserving
controlled-exposure,104,appchina,dowgin,federation-wide,6892,1558,0,81,2.862305910177519,2.0179177711483276,0.53,0.6052631578947368,2.25963881803825,central,0.5311955890887986,0.8280615206035984,0.7706035983749274,0.7948345908299478,0.7948345908299478,0.057457922228670966,0.23940800928612882,0.2968659315147998,0.2636390017411492,-0.033226929773650604,C-post-confirmatory-evidence-preserving
controlled-exposure,104,appchina,gappusin,own-domain,1150,81,0,329,2.5983188699117292,1.3957622954332451,0.6931818181818182,0.7361111111111112,1.6227378860692006,central,0.49478260869565216,0.3982608695652174,0.32869565217391306,0.42869565217391303,0.42869565217391303,0.06956521739130433,-0.1660869565217391,-0.09652173913043477,-0.06608695652173913,0.030434782608695643,C-post-confirmatory-evidence-preserving
controlled-exposure,104,appchina,gappusin,federation-wide,1505,81,0,329,2.5983188699117292,1.3957622954332451,0.6931818181818182,0.7361111111111112,1.6227378860692006,central,0.4611295681063123,0.3760797342192691,0.3122923588039867,0.3946843853820598,0.3946843853820598,0.0637873754152824,-0.14883720930232558,-0.08504983388704318,-0.06644518272425248,0.018604651162790697,C-post-confirmatory-evidence-preserving
controlled-exposure,104,appchina,revmob,own-domain,23,46,0,4,4.633267890303643,2.517907382573409,0.5277777777777778,0.271523178807947,3.3137832016755757,central,0.13043478260869565,0.30434782608695654,0.043478260869565216,0.34782608695652173,0.34782608695652173,0.26086956521739135,-0.08695652173913043,0.1739130434782609,0.21739130434782608,0.04347826086956519,C-post-confirmatory-evidence-preserving
controlled-exposure,104,appchina,revmob,federation-wide,620,46,0,4,4.633267890303643,2.517907382573409,0.5277777777777778,0.271523178807947,3.3137832016755757,central,0.07580645161290323,0.4032258064516129,0.03870967741935484,0.2435483870967742,0.2435483870967742,0.36451612903225805,-0.037096774193548385,0.32741935483870965,0.16774193548387098,-0.15967741935483867,C-post-confirmatory-evidence-preserving
controlled-exposure,105,play-early,gappusin,own-domain,44,496,0,3,3.381154180431505,2.0752116733448007,0.5,0.6197183098591549,3.35721108975858,central,0.7045454545454546,0.8636363636363636,0.8409090909090909,0.7954545454545454,0.7954545454545454,0.022727272727272707,0.13636363636363635,0.15909090909090906,0.09090909090909083,-0.06818181818181823,C-post-confirmatory-evidence-preserving
controlled-exposure,105,play-early,gappusin,federation-wide,1572,496,0,3,3.381154180431505,2.0752116733448007,0.5,0.6197183098591549,3.35721108975858,central,0.44592875318066155,0.8479643765903307,0.7391857506361323,0.8912213740458015,0.8912213740458015,0.1087786259541984,0.2932569974554708,0.4020356234096692,0.44529262086513993,0.043256997455470736,C-post-confirmatory-evidence-preserving
controlled-exposure,105,play-late,leadbolt,own-domain,57,96,0,3,3.8853568017431064,3.176738578054425,0.3577586206896552,0.5673076923076923,5.05584849910753,central,0.8596491228070176,0.9649122807017544,0.03508771929824561,0.9649122807017544,0.9649122807017544,0.9298245614035088,-0.8245614035087719,0.10526315789473684,0.10526315789473684,0.0,C-post-confirmatory-evidence-preserving
controlled-exposure,105,play-late,leadbolt,federation-wide,905,96,0,3,3.8853568017431064,3.176738578054425,0.3577586206896552,0.5673076923076923,5.05584849910753,central,0.5414364640883977,0.8066298342541437,0.3392265193370166,0.8740331491712707,0.8740331491712707,0.4674033149171271,-0.20220994475138115,0.26519337016574596,0.332596685082873,0.06740331491712703,C-post-confirmatory-evidence-preserving
controlled-exposure,105,play-late,revmob,own-domain,15,60,0,3,4.350887824887627,3.1075381681568355,0.4979253112033195,0.47333333333333333,5.341344042528846,central,0.8666666666666667,0.8,0.0,1.0,1.0,0.8,-0.8666666666666667,-0.06666666666666665,0.1333333333333333,0.19999999999999996,C-post-confirmatory-evidence-preserving
controlled-exposure,105,play-late,revmob,federation-wide,944,60,0,3,4.350887824887627,3.1075381681568355,0.4979253112033195,0.47333333333333333,5.341344042528846,central,0.20127118644067796,0.7648305084745762,0.11334745762711865,0.8188559322033898,0.8188559322033898,0.6514830508474576,-0.08792372881355931,0.5635593220338982,0.6175847457627118,0.05402542372881358,C-post-confirmatory-evidence-preserving
controlled-exposure,105,anzhi,dowgin,own-domain,6165,80,0,1593,2.2311985397026333,1.3130135699321448,0.6976744186046512,0.7142857142857143,2.152547605159694,central,0.8668288726682887,0.8673154906731549,0.8835360908353609,0.8908353609083536,0.8908353609083536,-0.016220600162205945,0.016707218167072213,0.00048661800486626827,0.024006488240064905,0.023519870235198637,C-post-confirmatory-evidence-preserving
controlled-exposure,105,anzhi,dowgin,federation-wide,6444,80,0,1593,2.2311985397026333,1.3130135699321448,0.6976744186046512,0.7142857142857143,2.152547605159694,central,0.861421477343265,0.8604903786468032,0.8758535071384234,0.883302296710118,0.883302296710118,-0.015363128491620137,0.014432029795158341,-0.0009310986964617962,0.021880819366852933,0.02281191806331473,C-post-confirmatory-evidence-preserving
controlled-exposure,105,anzhi,adwo,own-domain,136,269,0,25,3.8627936540008085,1.9849666709944866,0.7352941176470589,0.5287356321839081,3.4507439837236333,central,0.5661764705882353,0.5661764705882353,0.5735294117647058,0.5588235294117647,0.5588235294117647,-0.007352941176470562,0.007352941176470562,0.0,-0.007352941176470562,-0.007352941176470562,C-post-confirmatory-evidence-preserving
controlled-exposure,105,anzhi,adwo,federation-wide,1105,269,0,25,3.8627936540008085,1.9849666709944866,0.7352941176470589,0.5287356321839081,3.4507439837236333,central,0.5619909502262443,0.4678733031674208,0.3891402714932127,0.465158371040724,0.465158371040724,0.07873303167420814,-0.17285067873303167,-0.09411764705882353,-0.09683257918552035,-0.002714932126696823,C-post-confirmatory-evidence-preserving
controlled-exposure,105,anzhi,hiddad,own-domain,20,35,0,8,4.81946873042181,4.525167333252926,0.25333333333333335,0.2114695340501792,4.6294081615930684,central,0.75,0.75,0.8,0.6,0.6,-0.050000000000000044,0.050000000000000044,0.0,-0.15000000000000002,-0.15000000000000002,C-post-confirmatory-evidence-preserving
controlled-exposure,105,anzhi,hiddad,federation-wide,598,35,0,8,4.81946873042181,4.525167333252926,0.25333333333333335,0.2114695340501792,4.6294081615930684,central,0.6254180602006689,0.16555183946488294,0.1705685618729097,0.14715719063545152,0.14715719063545152,-0.0050167224080267525,-0.4548494983277592,-0.459866220735786,-0.4782608695652174,-0.018394648829431426,C-post-confirmatory-evidence-preserving
controlled-exposure,105,appchina,airpush,own-domain,446,192,0,176,3.8712580507857774,2.414979170539053,0.5351351351351351,0.3103448275862069,2.7179832994710713,central,0.9327354260089686,0.9910313901345291,0.92152466367713,0.9932735426008968,0.9932735426008968,0.06950672645739908,-0.011210762331838597,0.058295964125560484,0.060538116591928204,0.0022421524663677195,C-post-confirmatory-evidence-preserving
controlled-exposure,105,appchina,airpush,federation-wide,2397,192,0,176,3.8712580507857774,2.414979170539053,0.5351351351351351,0.3103448275862069,2.7179832994710713,central,0.5415102211097205,0.7592824363788069,0.5139758030871924,0.7179808093450146,0.7179808093450146,0.2453066332916145,-0.027534418022528095,0.2177722152690864,0.17647058823529416,-0.041301627033792254,C-post-confirmatory-evidence-preserving
controlled-exposure,106,play-early,airpush,own-domain,2032,185,0,138,3.7197674488783905,2.2117594272894445,0.6271186440677966,0.6129032258064516,3.6358809292489016,central,0.5718503937007874,0.5433070866141733,0.5123031496062992,0.8134842519685039,0.8134842519685039,0.03100393700787407,-0.059547244094488194,-0.028543307086614123,0.24163385826771655,0.2701771653543307,C-post-confirmatory-evidence-preserving
controlled-exposure,106,play-early,airpush,federation-wide,2618,185,0,138,3.7197674488783905,2.2117594272894445,0.6271186440677966,0.6129032258064516,3.6358809292489016,central,0.6226126814362108,0.6138273491214667,0.5886172650878533,0.8304048892284186,0.8304048892284186,0.025210084033613467,-0.033995416348357566,-0.008785332314744099,0.20779220779220775,0.21657754010695185,C-post-confirmatory-evidence-preserving
controlled-exposure,106,anzhi,adwo,own-domain,136,296,0,28,3.600484644805414,2.025218450603937,0.7070707070707071,0.5348837209302325,3.3358397887596984,central,0.5220588235294118,0.41911764705882354,0.33088235294117646,0.29411764705882354,0.29411764705882354,0.08823529411764708,-0.19117647058823534,-0.10294117647058826,-0.22794117647058826,-0.125,C-post-confirmatory-evidence-preserving
controlled-exposure,106,anzhi,adwo,federation-wide,1076,296,0,28,3.600484644805414,2.025218450603937,0.7070707070707071,0.5348837209302325,3.3358397887596984,central,0.7815985130111525,0.3308550185873606,0.17007434944237917,0.23234200743494424,0.23234200743494424,0.16078066914498143,-0.6115241635687733,-0.45074349442379186,-0.5492565055762082,-0.09851301115241637,C-post-confirmatory-evidence-preserving
controlled-exposure,106,anzhi,leadbolt,own-domain,16,105,0,5,3.4366612171572064,2.8070121886899573,0.576,0.4537037037037037,3.2005698718007696,central,0.3125,0.6875,0.625,0.6875,0.6875,0.0625,0.3125,0.375,0.375,0.0,C-post-confirmatory-evidence-preserving
controlled-exposure,106,anzhi,leadbolt,federation-wide,745,105,0,5,3.4366612171572064,2.8070121886899573,0.576,0.4537037037037037,3.2005698718007696,central,0.10738255033557047,0.3597315436241611,0.16241610738255033,0.42416107382550333,0.42416107382550333,0.19731543624161077,0.05503355704697986,0.2523489932885906,0.31677852348993285,0.06442953020134223,C-post-confirmatory-evidence-preserving
controlled-exposure,106,appchina,dowgin,own-domain,294,1557,0,80,2.963900593546649,1.9756299517842257,0.5855855855855856,0.5789473684210527,2.2641837367737616,central,0.5952380952380952,0.6428571428571429,0.564625850340136,0.6020408163265306,0.6020408163265306,0.07823129251700689,-0.030612244897959218,0.04761904761904767,0.006802721088435382,-0.04081632653061229,C-post-confirmatory-evidence-preserving
controlled-exposure,106,appchina,dowgin,federation-wide,6190,1557,0,80,2.963900593546649,1.9756299517842257,0.5855855855855856,0.5789473684210527,2.2641837367737616,central,0.6095315024232634,0.8103392568659128,0.7815831987075929,0.7907915993537964,0.7907915993537964,0.02875605815831994,0.17205169628432948,0.20080775444264942,0.18126009693053302,-0.0195476575121164,C-post-confirmatory-evidence-preserving
controlled-exposure,106,appchina,gappusin,own-domain,1143,96,0,395,2.757440299350274,1.4144800625290253,0.6595744680851063,0.704225352112676,1.6916326696238444,central,0.2484689413823272,0.35870516185476814,0.21347331583552057,0.3219597550306212,0.3219597550306212,0.14523184601924757,-0.03499562554680663,0.11023622047244094,0.07349081364829399,-0.03674540682414695,C-post-confirmatory-evidence-preserving
controlled-exposure,106,appchina,gappusin,federation-wide,1509,96,0,395,2.757440299350274,1.4144800625290253,0.6595744680851063,0.704225352112676,1.6916326696238444,central,0.24453280318091453,0.3353214049039099,0.20344599072233266,0.3074884029158383,0.3074884029158383,0.13187541418157722,-0.04108681245858187,0.09078860172299535,0.06295559973492376,-0.027833001988071593,C-post-confirmatory-evidence-preserving
controlled-exposure,106,appchina,revmob,own-domain,19,49,0,6,4.95227379357265,2.794751629754864,0.5806451612903226,0.23648648648648649,3.5531588039550406,central,0.15789473684210525,0.10526315789473684,0.05263157894736842,0.15789473684210525,0.15789473684210525,0.05263157894736842,-0.10526315789473684,-0.05263157894736842,0.0,0.05263157894736842,C-post-confirmatory-evidence-preserving
controlled-exposure,106,appchina,revmob,federation-wide,540,49,0,6,4.95227379357265,2.794751629754864,0.5806451612903226,0.23648648648648649,3.5531588039550406,central,0.07222222222222222,0.12407407407407407,0.037037037037037035,0.18333333333333332,0.18333333333333332,0.08703703703703704,-0.03518518518518518,0.05185185185185186,0.1111111111111111,0.05925925925925925,C-post-confirmatory-evidence-preserving
controlled-exposure,106,appchina,hiddad,own-domain,17,32,0,2,5.873925294948878,4.834028059154069,0.35986159169550175,0.18796992481203006,5.211489646757708,central,0.8235294117647058,0.7058823529411765,0.7058823529411765,0.7058823529411765,0.7058823529411765,0.0,-0.11764705882352933,-0.11764705882352933,-0.11764705882352933,0.0,C-post-confirmatory-evidence-preserving
controlled-exposure,106,appchina,hiddad,federation-wide,313,32,0,2,5.873925294948878,4.834028059154069,0.35986159169550175,0.18796992481203006,5.211489646757708,central,0.4504792332268371,0.34185303514376997,0.24281150159744408,0.3003194888178914,0.3003194888178914,0.09904153354632589,-0.207667731629393,-0.10862619808306712,-0.1501597444089457,-0.04153354632587858,C-post-confirmatory-evidence-preserving
controlled-exposure,107,play-early,dowgin,own-domain,14,1698,0,2,3.7990690479748586,2.006122221578444,0.5196850393700787,0.6363636363636364,3.5087675251094006,central,0.7857142857142857,0.9285714285714286,0.9285714285714286,0.9285714285714286,0.9285714285714286,0.0,0.1428571428571429,0.1428571428571429,0.1428571428571429,0.0,C-post-confirmatory-evidence-preserving
controlled-exposure,107,play-early,dowgin,federation-wide,5755,1698,0,2,3.7990690479748586,2.006122221578444,0.5196850393700787,0.6363636363636364,3.5087675251094006,central,0.7450912250217202,0.9916594265855777,0.9697654213727194,0.9894005212858384,0.9894005212858384,0.021894005212858336,0.22467419635099917,0.2465682015638575,0.24430929626411824,-0.0022589052997392667,C-post-confirmatory-evidence-preserving
controlled-exposure,107,play-early,airpush,own-domain,2463,155,0,163,3.5089207879910416,2.116957706174709,0.6785714285714286,0.6875,3.321195631708033,central,0.8022736500203005,0.781161185546082,0.7937474624441738,0.8006496142915144,0.8006496142915144,-0.012586276898091775,-0.008526187576126665,-0.02111246447421844,-0.0016240357287861107,0.01948842874543233,C-post-confirmatory-evidence-preserving
controlled-exposure,107,play-early,airpush,federation-wide,3019,155,0,163,3.5089207879910416,2.116957706174709,0.6785714285714286,0.6875,3.321195631708033,central,0.8261013580655846,0.8115269956939384,0.8227890029811196,0.8294137131500496,0.8294137131500496,-0.011262007287181186,-0.003312355084465035,-0.014574362371646221,0.003312355084465035,0.017886717456111256,C-post-confirmatory-evidence-preserving
controlled-exposure,107,play-early,adwo,own-domain,25,346,0,0,4.059671381333424,2.4151592546462863,0.5565217391304348,0.5862068965517241,3.972222254958133,central,0.96,0.92,0.92,0.92,0.92,0.0,-0.039999999999999925,-0.039999999999999925,-0.039999999999999925,0.0,C-post-confirmatory-evidence-preserving
controlled-exposure,107,play-early,adwo,federation-wide,955,346,0,0,4.059671381333424,2.4151592546462863,0.5565217391304348,0.5862068965517241,3.972222254958133,central,0.8764397905759163,0.9507853403141361,0.8952879581151832,0.956020942408377,0.956020942408377,0.05549738219895284,0.01884816753926699,0.07434554973821983,0.07958115183246073,0.005235602094240899,C-post-confirmatory-evidence-preserving
controlled-exposure,107,play-early,hiddad,own-domain,94,26,0,8,4.356709244538861,3.9091998957365584,0.41641337386018235,0.3024054982817869,3.9814147967842852,central,0.425531914893617,0.4574468085106383,0.5,0.4787234042553192,0.4787234042553192,-0.04255319148936171,0.07446808510638298,0.03191489361702127,0.05319148936170215,0.021276595744680882,C-post-confirmatory-evidence-preserving
controlled-exposure,107,play-early,hiddad,federation-wide,551,26,0,8,4.356709244538861,3.9091998957365584,0.41641337386018235,0.3024054982817869,3.9814147967842852,central,0.13793103448275862,0.19419237749546278,0.22686025408348456,0.21960072595281308,0.21960072595281308,-0.03266787658802178,0.08892921960072595,0.05626134301270416,0.08166969147005446,0.025408348457350294,C-post-confirmatory-evidence-preserving
controlled-exposure,107,appchina,gappusin,own-domain,937,80,0,383,2.717967272919073,1.350476371274089,0.7195121951219512,0.7222222222222222,1.6433452660183616,central,0.3329775880469584,0.4066168623265742,0.26147278548559233,0.503735325506937,0.503735325506937,0.14514407684098185,-0.07150480256136604,0.07363927427961581,0.17075773745997863,0.09711846318036282,C-post-confirmatory-evidence-preserving
controlled-exposure,107,appchina,gappusin,federation-wide,1272,80,0,383,2.717967272919073,1.350476371274089,0.7195121951219512,0.7222222222222222,1.6433452660183616,central,0.3584905660377358,0.419811320754717,0.2460691823899371,0.4803459119496855,0.4803459119496855,0.1737421383647799,-0.11242138364779872,0.061320754716981174,0.12185534591194969,0.06053459119496851,C-post-confirmatory-evidence-preserving
controlled-exposure,107,appchina,leadbolt,own-domain,74,89,0,26,4.092039368032953,2.357676480540393,0.5769230769230769,0.3684210526315789,2.6616160404351756,central,0.4594594594594595,0.527027027027027,0.47297297297297297,0.7027027027027027,0.7027027027027027,0.054054054054054,0.013513513513513487,0.06756756756756749,0.24324324324324326,0.17567567567567577,C-post-confirmatory-evidence-preserving
controlled-exposure,107,appchina,leadbolt,federation-wide,759,89,0,26,4.092039368032953,2.357676480540393,0.5769230769230769,0.3684210526315789,2.6616160404351756,central,0.23715415019762845,0.48089591567852435,0.2134387351778656,0.5836627140974967,0.5836627140974967,0.26745718050065875,-0.023715415019762848,0.2437417654808959,0.3465085638998683,0.10276679841897235,C-post-confirmatory-evidence-preserving
controlled-exposure,107,appchina,revmob,own-domain,23,47,0,11,5.070039915232185,3.2911416290267845,0.5081081081081081,0.272108843537415,3.78885646342401,central,0.08695652173913043,0.13043478260869565,0.043478260869565216,0.34782608695652173,0.34782608695652173,0.08695652173913043,-0.043478260869565216,0.043478260869565216,0.2608695652173913,0.21739130434782608,C-post-confirmatory-evidence-preserving
controlled-exposure,107,appchina,revmob,federation-wide,483,47,0,11,5.070039915232185,3.2911416290267845,0.5081081081081081,0.272108843537415,3.78885646342401,central,0.11387163561076605,0.2691511387163561,0.07867494824016563,0.28778467908902694,0.28778467908902694,0.19047619047619047,-0.035196687370600416,0.15527950310559005,0.1739130434782609,0.018633540372670843,C-post-confirmatory-evidence-preserving
controlled-exposure,108,play-early,leadbolt,own-domain,651,50,0,68,2.5858657651653605,2.377152594055778,0.6410256410256411,0.7010309278350515,2.539099669040938,central,0.49001536098310294,0.6712749615975423,0.32565284178187404,0.8755760368663594,0.8755760368663594,0.34562211981566826,-0.1643625192012289,0.18125960061443935,0.3855606758832565,0.20430107526881713,C-post-confirmatory-evidence-preserving
controlled-exposure,108,play-early,leadbolt,federation-wide,770,50,0,68,2.5858657651653605,2.377152594055778,0.6410256410256411,0.7010309278350515,2.539099669040938,central,0.5012987012987012,0.6896103896103896,0.36753246753246754,0.8792207792207792,0.8792207792207792,0.322077922077922,-0.1337662337662337,0.18831168831168832,0.377922077922078,0.18961038961038967,C-post-confirmatory-evidence-preserving
controlled-exposure,108,play-late,airpush,own-domain,53,338,0,7,3.768201120504965,3.5270685725504314,0.4519774011299435,0.528169014084507,4.967075287068495,central,0.2641509433962264,0.5471698113207547,0.33962264150943394,0.7924528301886793,0.7924528301886793,0.20754716981132076,0.07547169811320753,0.2830188679245283,0.5283018867924529,0.24528301886792458,C-post-confirmatory-evidence-preserving
controlled-exposure,108,play-late,airpush,federation-wide,2098,338,0,7,3.768201120504965,3.5270685725504314,0.4519774011299435,0.528169014084507,4.967075287068495,central,0.7530981887511916,0.9408960915157293,0.8574833174451859,0.955672068636797,0.955672068636797,0.08341277407054337,0.1043851286939943,0.18779790276453767,0.20257387988560538,0.014775977121067707,C-post-confirmatory-evidence-preserving
controlled-exposure,108,play-late,revmob,own-domain,12,56,0,1,5.077365605417123,4.167422828856588,0.4155844155844156,0.4626865671641791,5.887166282061966,central,0.4166666666666667,0.9166666666666666,0.3333333333333333,0.9166666666666666,0.9166666666666666,0.5833333333333333,-0.08333333333333337,0.49999999999999994,0.49999999999999994,0.0,C-post-confirmatory-evidence-preserving
controlled-exposure,108,play-late,revmob,federation-wide,594,56,0,1,5.077365605417123,4.167422828856588,0.4155844155844156,0.4626865671641791,5.887166282061966,central,0.6565656565656566,0.8973063973063973,0.4276094276094276,0.9292929292929293,0.9292929292929293,0.46969696969696967,-0.22895622895622897,0.2407407407407407,0.2727272727272727,0.03198653198653201,C-post-confirmatory-evidence-preserving
controlled-exposure,108,anzhi,gappusin,own-domain,427,329,0,89,2.5080381045037523,1.375208525852091,0.6792452830188679,0.5769230769230769,2.503352458514653,central,0.24824355971896955,0.23185011709601874,0.18969555035128804,0.23653395784543327,0.23653395784543327,0.0421545667447307,-0.05854800936768151,-0.01639344262295081,-0.011709601873536285,0.004683840749414525,C-post-confirmatory-evidence-preserving
controlled-exposure,108,anzhi,gappusin,federation-wide,1754,329,0,89,2.5080381045037523,1.375208525852091,0.6792452830188679,0.5769230769230769,2.503352458514653,central,0.28335233751425315,0.5421892816419612,0.3506271379703535,0.4652223489167617,0.4652223489167617,0.19156214367160773,0.06727480045610035,0.2588369441277081,0.18187001140250852,-0.07696693272519955,C-post-confirmatory-evidence-preserving
controlled-exposure,108,anzhi,adwo,own-domain,150,306,0,38,3.5930646454953004,2.0169920040708975,0.7623762376237624,0.5340909090909091,3.413599568794635,central,0.58,0.58,0.4,0.6133333333333333,0.6133333333333333,0.17999999999999994,-0.17999999999999994,0.0,0.033333333333333326,0.033333333333333326,C-post-confirmatory-evidence-preserving
controlled-exposure,108,anzhi,adwo,federation-wide,909,306,0,38,3.5930646454953004,2.0169920040708975,0.7623762376237624,0.5340909090909091,3.413599568794635,central,0.5742574257425742,0.49284928492849284,0.28602860286028603,0.47854785478547857,0.47854785478547857,0.2068206820682068,-0.2882288228822882,-0.08140814081408138,-0.09570957095709565,-0.014301430143014271,C-post-confirmatory-evidence-preserving
controlled-exposure,108,appchina,dowgin,own-domain,224,1694,0,112,2.7248998081938742,2.0571446514179352,0.5151515151515151,0.5844155844155844,2.27253826526532,central,0.48660714285714285,0.6205357142857143,0.5401785714285714,0.5,0.5,0.0803571428571429,0.05357142857142855,0.13392857142857145,0.01339285714285715,-0.1205357142857143,C-post-confirmatory-evidence-preserving
controlled-exposure,108,appchina,dowgin,federation-wide,5256,1694,0,112,2.7248998081938742,2.0571446514179352,0.5151515151515151,0.5844155844155844,2.27253826526532,central,0.5504185692541856,0.851027397260274,0.7890030441400304,0.7867199391171994,0.7867199391171994,0.06202435312024357,0.23858447488584478,0.30060882800608835,0.23630136986301375,-0.06430745814307459,C-post-confirmatory-evidence-preserving
controlled-exposure,108,appchina,hiddad,own-domain,5,33,0,4,4.8638804813682395,3.9175423203869566,0.38271604938271603,0.2048611111111111,4.220062439581715,central,0.6,0.6,0.6,0.6,0.6,0.0,0.0,0.0,0.0,0.0,C-post-confirmatory-evidence-preserving
controlled-exposure,108,appchina,hiddad,federation-wide,270,33,0,4,4.8638804813682395,3.9175423203869566,0.38271604938271603,0.2048611111111111,4.220062439581715,central,0.18888888888888888,0.10740740740740741,0.09259259259259259,0.07407407407407407,0.07407407407407407,0.014814814814814822,-0.0962962962962963,-0.08148148148148147,-0.11481481481481481,-0.03333333333333334,C-post-confirmatory-evidence-preserving
controlled-exposure,109,play-early,dowgin,own-domain,22,1666,0,3,3.6621217717657735,2.031975109429163,0.48360655737704916,0.6103896103896104,3.5269841610892656,central,0.6818181818181818,0.5,0.5454545454545454,0.6818181818181818,0.6818181818181818,-0.045454545454545414,-0.13636363636363635,-0.18181818181818177,0.0,0.18181818181818177,C-post-confirmatory-evidence-preserving
controlled-exposure,109,play-early,dowgin,federation-wide,5854,1666,0,3,3.6621217717657735,2.031975109429163,0.48360655737704916,0.6103896103896104,3.5269841610892656,central,0.4892381277758797,0.98599248377178,0.9697642637512812,0.9836009566108643,0.9836009566108643,0.01622822002049873,0.4805261359754015,0.49675435599590023,0.4943628288349846,-0.0023915271609156186,C-post-confirmatory-evidence-preserving
controlled-exposure,109,play-early,hiddad,own-domain,108,27,0,12,5.777483555693132,5.052752081984161,0.38953488372093026,0.25357142857142856,5.41441975731226,central,0.3333333333333333,0.4166666666666667,0.3888888888888889,0.4444444444444444,0.4444444444444444,0.02777777777777779,0.05555555555555558,0.08333333333333337,0.1111111111111111,0.027777777777777735,C-post-confirmatory-evidence-preserving
controlled-exposure,109,play-early,hiddad,federation-wide,336,27,0,12,5.777483555693132,5.052752081984161,0.38953488372093026,0.25357142857142856,5.41441975731226,central,0.24107142857142858,0.42857142857142855,0.3244047619047619,0.49702380952380953,0.49702380952380953,0.10416666666666663,0.08333333333333334,0.18749999999999997,0.25595238095238093,0.06845238095238099,C-post-confirmatory-evidence-preserving
controlled-exposure,109,play-late,airpush,own-domain,38,315,0,2,3.956657764753107,3.529816324689799,0.4523809523809524,0.5769230769230769,5.080364828832805,central,0.5789473684210527,0.8157894736842105,0.34210526315789475,0.7631578947368421,0.7631578947368421,0.47368421052631576,-0.2368421052631579,0.23684210526315785,0.1842105263157895,-0.05263157894736836,C-post-confirmatory-evidence-preserving
controlled-exposure,109,play-late,airpush,federation-wide,2241,315,0,2,3.956657764753107,3.529816324689799,0.4523809523809524,0.5769230769230769,5.080364828832805,central,0.5899152164212406,0.9687639446675591,0.8777331548415885,0.9544846050870147,0.9544846050870147,0.09103078982597057,0.287817938420348,0.37884872824631854,0.36456938866577415,-0.014279339580544392,C-post-confirmatory-evidence-preserving
controlled-exposure,109,play-late,revmob,own-domain,21,45,0,1,4.555851990487254,3.1279084901414325,0.43915343915343913,0.5032258064516129,5.439069946059045,central,0.42857142857142855,0.8571428571428571,0.2857142857142857,0.8095238095238095,0.8095238095238095,0.5714285714285714,-0.14285714285714285,0.42857142857142855,0.380952380952381,-0.04761904761904756,C-post-confirmatory-evidence-preserving
controlled-exposure,109,play-late,revmob,federation-wide,665,45,0,1,4.555851990487254,3.1279084901414325,0.43915343915343913,0.5032258064516129,5.439069946059045,central,0.29022556390977444,0.9097744360902256,0.681203007518797,0.8781954887218045,0.8781954887218045,0.22857142857142854,0.3909774436090226,0.6195488721804512,0.58796992481203,-0.03157894736842104,C-post-confirmatory-evidence-preserving
controlled-exposure,109,anzhi,gappusin,own-domain,312,419,0,102,2.5522430219659897,1.3723199714297345,0.6881720430107527,0.6266666666666667,2.599702548257585,central,0.21153846153846154,0.16025641025641027,0.125,0.14423076923076922,0.14423076923076922,0.03525641025641027,-0.08653846153846154,-0.051282051282051266,-0.06730769230769232,-0.016025641025641052,C-post-confirmatory-evidence-preserving
controlled-exposure,109,anzhi,gappusin,federation-wide,1269,419,0,102,2.5522430219659897,1.3723199714297345,0.6881720430107527,0.6266666666666667,2.599702548257585,central,0.3033884948778566,0.2631993695823483,0.2293144208037825,0.22301024428684002,0.22301024428684002,0.03388494877856579,-0.07407407407407407,-0.04018912529550828,-0.08037825059101655,-0.04018912529550828,C-post-confirmatory-evidence-preserving
controlled-exposure,109,anzhi,leadbolt,own-domain,11,91,0,5,3.4773268075559916,2.8444070616955477,0.5772357723577236,0.5,3.5487874467902714,central,0.36363636363636365,0.6363636363636364,0.2727272727272727,0.6363636363636364,0.6363636363636364,0.36363636363636365,-0.09090909090909094,0.2727272727272727,0.2727272727272727,0.0,C-post-confirmatory-evidence-preserving
controlled-exposure,109,anzhi,leadbolt,federation-wide,751,91,0,5,3.4773268075559916,2.8444070616955477,0.5772357723577236,0.5,3.5487874467902714,central,0.08921438082556592,0.35419440745672437,0.08255659121171771,0.2529960053262317,0.2529960053262317,0.27163781624500666,-0.006657789613848206,0.26498002663115844,0.16378162450066575,-0.10119840213049269,C-post-confirmatory-evidence-preserving
controlled-exposure,109,appchina,adwo,own-domain,742,43,0,287,3.473074985695662,1.5754464343634103,0.7619047619047619,0.4954954954954955,2.580803706987302,central,0.3463611859838275,0.33557951482479786,0.29649595687331537,0.2223719676549865,0.2223719676549865,0.039083557951482495,-0.04986522911051211,-0.010781671159029615,-0.12398921832884097,-0.11320754716981135,C-post-confirmatory-evidence-preserving
controlled-exposure,109,appchina,adwo,federation-wide,886,43,0,287,3.473074985695662,1.5754464343634103,0.7619047619047619,0.4954954954954955,2.580803706987302,central,0.3577878103837472,0.35327313769751695,0.327313769751693,0.24040632054176073,0.24040632054176073,0.02595936794582393,-0.030474040632054167,-0.004514672686230237,-0.11738148984198646,-0.11286681715575622,C-post-confirmatory-evidence-preserving
replication-family-set,100,play-early,dnotua,own-domain,57,6,0,18,2.6601457091095293,2.526888010224912,0.4810126582278481,0.7529411764705882,2.199696760121675,central,0.9122807017543859,0.9298245614035088,0.9122807017543859,0.8947368421052632,0.8947368421052632,0.01754385964912286,0.0,0.01754385964912286,-0.01754385964912275,-0.03508771929824561,C-post-confirmatory-evidence-preserving
replication-family-set,100,play-early,dnotua,federation-wide,69,6,0,18,2.6601457091095293,2.526888010224912,0.4810126582278481,0.7529411764705882,2.199696760121675,central,0.8405797101449275,0.8840579710144928,0.8840579710144928,0.8840579710144928,0.8840579710144928,0.0,0.0434782608695653,0.0434782608695653,0.0434782608695653,0.0,C-post-confirmatory-evidence-preserving
replication-family-set,100,play-early,inmobi,own-domain,577,16,0,98,5.1166351121677955,3.6051502066937218,0.6286919831223629,0.7433155080213903,5.6478825739961565,central,0.755632582322357,0.8336221837088388,0.7244367417677643,0.8648180242634316,0.8648180242634316,0.10918544194107449,-0.03119584055459268,0.07798960138648181,0.1091854419410746,0.03119584055459279,C-post-confirmatory-evidence-preserving
replication-family-set,100,play-early,inmobi,federation-wide,632,16,0,98,5.1166351121677955,3.6051502066937218,0.6286919831223629,0.7433155080213903,5.6478825739961565,central,0.7357594936708861,0.8291139240506329,0.7136075949367089,0.865506329113924,0.865506329113924,0.115506329113924,-0.022151898734177222,0.09335443037974678,0.1297468354430379,0.03639240506329111,C-post-confirmatory-evidence-preserving
replication-family-set,100,play-late,smsreg,own-domain,13,442,0,0,4.0524178496290375,3.7512055053039366,0.34980988593155893,0.5259259259259259,5.585660194171303,central,0.5384615384615384,0.6923076923076923,0.15384615384615385,0.7692307692307693,0.7692307692307693,0.5384615384615384,-0.3846153846153846,0.15384615384615385,0.23076923076923084,0.07692307692307698,C-post-confirmatory-evidence-preserving
replication-family-set,100,play-late,smsreg,federation-wide,1440,442,0,0,4.0524178496290375,3.7512055053039366,0.34980988593155893,0.5259259259259259,5.585660194171303,central,0.5215277777777778,0.9333333333333333,0.85625,0.94375,0.94375,0.07708333333333339,0.33472222222222214,0.41180555555555554,0.42222222222222217,0.01041666666666663,C-post-confirmatory-evidence-preserving
replication-family-set,100,anzhi,kuguo,own-domain,3164,292,0,802,2.5102228989975526,1.6540646424889922,0.6086956521739131,0.7142857142857143,2.6123951119216677,central,0.6558154235145386,0.4646017699115044,0.5609987357774968,0.5037926675094817,0.5037926675094817,-0.09639696586599239,-0.09481668773704177,-0.19121365360303416,-0.15202275600505688,0.03919089759797728,C-post-confirmatory-evidence-preserving
replication-family-set,100,anzhi,kuguo,federation-wide,3913,292,0,802,2.5102228989975526,1.6540646424889922,0.6086956521739131,0.7142857142857143,2.6123951119216677,central,0.6399182213135701,0.43521594684385384,0.5213391259902888,0.461027344748275,0.461027344748275,-0.08612317914643491,-0.11857909532328137,-0.20470227446971628,-0.17889087656529512,0.025811397904421163,C-post-confirmatory-evidence-preserving
replication-family-set,100,appchina,youmi,own-domain,500,29,0,166,2.8196198415511953,1.6033416705639287,0.6744186046511628,0.5142857142857142,1.5714154536753144,central,0.214,0.192,0.24,0.218,0.218,-0.04799999999999999,0.025999999999999995,-0.021999999999999992,0.0040000000000000036,0.025999999999999995,C-post-confirmatory-evidence-preserving
replication-family-set,100,appchina,youmi,federation-wide,648,29,0,166,2.8196198415511953,1.6033416705639287,0.6744186046511628,0.5142857142857142,1.5714154536753144,central,0.25308641975308643,0.21604938271604937,0.26851851851851855,0.24691358024691357,0.24691358024691357,-0.052469135802469175,0.015432098765432112,-0.03703703703703706,-0.006172839506172867,0.030864197530864196,C-post-confirmatory-evidence-preserving
replication-family-set,100,appchina,zdtad,own-domain,3,165,0,1,2.809985179428694,2.043031460099185,0.5188679245283019,0.6081081081081081,2.628005925876342,central,1.0,0.3333333333333333,0.3333333333333333,0.3333333333333333,0.3333333333333333,0.0,-0.6666666666666667,-0.6666666666666667,-0.6666666666666667,0.0,C-post-confirmatory-evidence-preserving
replication-family-set,100,appchina,zdtad,federation-wide,518,165,0,1,2.809985179428694,2.043031460099185,0.5188679245283019,0.6081081081081081,2.628005925876342,central,0.747104247104247,0.9247104247104247,0.8976833976833977,0.8918918918918919,0.8918918918918919,0.027027027027027084,0.1505791505791506,0.1776061776061777,0.14478764478764483,-0.032818532818532864,C-post-confirmatory-evidence-preserving
replication-family-set,100,appchina,domob,own-domain,305,31,0,81,3.4320308274540996,1.9584126175131857,0.6716417910447762,0.5471698113207547,2.5421031153697133,central,0.22950819672131148,0.2721311475409836,0.35081967213114756,0.31475409836065577,0.31475409836065577,-0.07868852459016396,0.12131147540983608,0.04262295081967213,0.08524590163934428,0.042622950819672156,C-post-confirmatory-evidence-preserving
replication-family-set,100,appchina,domob,federation-wide,404,31,0,81,3.4320308274540996,1.9584126175131857,0.6716417910447762,0.5471698113207547,2.5421031153697133,central,0.22524752475247525,0.2722772277227723,0.3465346534653465,0.32425742574257427,0.32425742574257427,-0.07425742574257421,0.12128712871287126,0.047029702970297044,0.09900990099009901,0.05198019801980197,C-post-confirmatory-evidence-preserving
replication-family-set,100,appchina,utchi,own-domain,196,45,0,84,4.1263067183388396,3.280204274471151,0.4166666666666667,0.8333333333333334,3.5209716134327675,central,0.0,0.0,0.23469387755102042,0.23469387755102042,0.23469387755102042,-0.23469387755102042,0.23469387755102042,0.0,0.23469387755102042,0.23469387755102042,C-post-confirmatory-evidence-preserving
replication-family-set,100,appchina,utchi,federation-wide,227,45,0,84,4.1263067183388396,3.280204274471151,0.4166666666666667,0.8333333333333334,3.5209716134327675,central,0.0,0.0,0.2026431718061674,0.2026431718061674,0.2026431718061674,-0.2026431718061674,0.2026431718061674,0.0,0.2026431718061674,0.2026431718061674,C-post-confirmatory-evidence-preserving
replication-family-set,101,play-early,youmi,own-domain,30,232,0,1,3.267514250430884,1.583851632963797,0.7009345794392523,0.7228915662650602,3.1697487777546454,central,0.7,0.8333333333333334,0.7333333333333333,0.9,0.9,0.10000000000000009,0.033333333333333326,0.13333333333333341,0.20000000000000007,0.06666666666666665,C-post-confirmatory-evidence-preserving
replication-family-set,101,play-early,youmi,federation-wide,645,232,0,1,3.267514250430884,1.583851632963797,0.7009345794392523,0.7228915662650602,3.1697487777546454,central,0.7209302325581395,0.931782945736434,0.7085271317829457,0.9271317829457364,0.9271317829457364,0.22325581395348837,-0.012403100775193798,0.21085271317829457,0.2062015503875969,-0.0046511627906976605,C-post-confirmatory-evidence-preserving
replication-family-set,101,play-late,dnotua,own-domain,7,21,0,6,4.14120539771989,3.820109399388561,0.2948717948717949,0.7857142857142857,5.578726826556025,central,0.14285714285714285,0.42857142857142855,0.42857142857142855,0.2857142857142857,0.2857142857142857,0.0,0.2857142857142857,0.2857142857142857,0.14285714285714285,-0.14285714285714285,C-post-confirmatory-evidence-preserving
replication-family-set,101,play-late,dnotua,federation-wide,57,21,0,6,4.14120539771989,3.820109399388561,0.2948717948717949,0.7857142857142857,5.578726826556025,central,0.7543859649122807,0.7192982456140351,0.7368421052631579,0.7017543859649122,0.7017543859649122,-0.01754385964912275,-0.01754385964912286,-0.03508771929824561,-0.052631578947368474,-0.01754385964912286,C-post-confirmatory-evidence-preserving
replication-family-set,101,play-late,inmobi,own-domain,16,116,0,1,6.959898091917431,5.613455883359607,0.5692307692307692,0.4233128834355828,7.19089420623893,central,1.0,0.9375,0.9375,1.0,1.0,0.0,-0.0625,-0.0625,0.0,0.0625,C-post-confirmatory-evidence-preserving
replication-family-set,101,play-late,inmobi,federation-wide,528,116,0,1,6.959898091917431,5.613455883359607,0.5692307692307692,0.4233128834355828,7.19089420623893,central,0.9185606060606061,0.9109848484848485,0.7803030303030303,0.9659090909090909,0.9659090909090909,0.13068181818181823,-0.1382575757575758,-0.007575757575757569,0.04734848484848486,0.05492424242424243,C-post-confirmatory-evidence-preserving
replication-family-set,101,anzhi,utchi,own-domain,81,40,0,43,3.7421806898621077,3.1340324224780947,0.45652173913043476,0.8064516129032258,3.992382508338149,central,0.012345679012345678,0.0,0.012345679012345678,0.012345679012345678,0.012345679012345678,-0.012345679012345678,0.0,-0.012345679012345678,0.0,0.012345679012345678,C-post-confirmatory-evidence-preserving
replication-family-set,101,anzhi,utchi,federation-wide,595,40,0,43,3.7421806898621077,3.1340324224780947,0.45652173913043476,0.8064516129032258,3.992382508338149,central,0.0016806722689075631,0.0,0.05042016806722689,0.0016806722689075631,0.0016806722689075631,-0.05042016806722689,0.04873949579831933,-0.0016806722689075631,0.0,0.0016806722689075631,C-post-confirmatory-evidence-preserving
replication-family-set,101,appchina,kuguo,own-domain,966,796,0,266,2.8826493433977607,1.2549428712009045,0.5357142857142857,0.6125,2.051793739359338,central,0.5351966873706004,0.37163561076604557,0.4730848861283644,0.5476190476190477,0.5476190476190477,-0.10144927536231885,-0.06211180124223603,-0.16356107660455488,0.012422360248447228,0.1759834368530021,C-post-confirmatory-evidence-preserving
replication-family-set,101,appchina,kuguo,federation-wide,3903,796,0,266,2.8826493433977607,1.2549428712009045,0.5357142857142857,0.6125,2.051793739359338,central,0.6079938508839354,0.649500384319754,0.6182423776582117,0.7076607737637715,0.7076607737637715,0.031258006661542326,0.010248526774276234,0.04150653343581856,0.09966692287983603,0.05816038944401747,C-post-confirmatory-evidence-preserving
replication-family-set,101,appchina,smsreg,own-domain,597,197,0,193,2.629613235808197,1.761516876493216,0.6030534351145038,0.5779816513761468,1.881240980282227,central,0.25125628140703515,0.542713567839196,0.4271356783919598,0.6365159128978225,0.6365159128978225,0.11557788944723618,0.17587939698492466,0.29145728643216084,0.38525963149078735,0.0938023450586265,C-post-confirmatory-evidence-preserving
replication-family-set,101,appchina,smsreg,federation-wide,1263,197,0,193,2.629613235808197,1.761516876493216,0.6030534351145038,0.5779816513761468,1.881240980282227,central,0.32779097387173395,0.5890736342042755,0.5043547110055424,0.6452889944576405,0.6452889944576405,0.08471892319873309,0.17656373713380846,0.26128266033254155,0.3174980205859066,0.05621536025336504,C-post-confirmatory-evidence-preserving
replication-family-set,101,appchina,domob,own-domain,234,25,0,90,3.502033475741189,1.9313133173617378,0.6972477064220184,0.5480769230769231,2.5533268507654983,central,0.358974358974359,0.3418803418803419,0.32905982905982906,0.49572649572649574,0.49572649572649574,0.01282051282051283,-0.02991452991452992,-0.01709401709401709,0.13675213675213677,0.15384615384615385,C-post-confirmatory-evidence-preserving
replication-family-set,101,appchina,domob,federation-wide,327,25,0,90,3.502033475741189,1.9313133173617378,0.6972477064220184,0.5480769230769231,2.5533268507654983,central,0.3119266055045872,0.3425076452599388,0.3363914373088685,0.5076452599388379,0.5076452599388379,0.006116207951070318,0.02446483180428133,0.030581039755351647,0.19571865443425074,0.1651376146788991,C-post-confirmatory-evidence-preserving
replication-family-set,102,play-early,dnotua,own-domain,604,24,0,243,2.5525487788969548,0.9806747133561668,0.5205479452054794,0.8113207547169812,2.9278706111790336,central,0.9933774834437086,0.9950331125827815,0.9933774834437086,0.9917218543046358,0.9917218543046358,0.0016556291390729116,0.0,0.0016556291390729116,-0.0016556291390728006,-0.0033112582781457123,C-post-confirmatory-evidence-preserving
replication-family-set,102,play-early,dnotua,federation-wide,644,24,0,243,2.5525487788969548,0.9806747133561668,0.5205479452054794,0.8113207547169812,2.9278706111790336,central,0.9875776397515528,0.9922360248447205,0.9906832298136646,0.9891304347826086,0.9891304347826086,0.0015527950310558758,0.0031055900621118626,0.004658385093167738,0.0015527950310558758,-0.0031055900621118626,C-post-confirmatory-evidence-preserving
replication-family-set,102,anzhi,kuguo,own-domain,2699,265,0,768,2.573701099817186,1.8096195304126792,0.5631067961165048,0.7142857142857143,2.5909128435728888,central,0.5235272323082624,0.37161911819192295,0.3327158206743238,0.41311596887736196,0.41311596887736196,0.038903297517599134,-0.19081141163393855,-0.15190811411633942,-0.11041126343090041,0.04149685068543901,C-post-confirmatory-evidence-preserving
replication-family-set,102,anzhi,kuguo,federation-wide,3477,265,0,768,2.573701099817186,1.8096195304126792,0.5631067961165048,0.7142857142857143,2.5909128435728888,central,0.5539257981018119,0.41242450388265744,0.35001438021282716,0.42996836353178025,0.42996836353178025,0.062410123669830286,-0.2039114178889847,-0.14150129421915442,-0.12395743457003161,0.017543859649122806,C-post-confirmatory-evidence-preserving
replication-family-set,102,anzhi,smsreg,own-domain,532,226,0,180,2.638805876152219,1.6411627457984768,0.624390243902439,0.48,2.068310162862956,central,0.5131578947368421,0.5093984962406015,0.3815789473684211,0.5770676691729323,0.5770676691729323,0.12781954887218044,-0.13157894736842107,-0.003759398496240629,0.06390977443609014,0.06766917293233077,C-post-confirmatory-evidence-preserving
replication-family-set,102,anzhi,smsreg,federation-wide,1140,226,0,180,2.638805876152219,1.6411627457984768,0.624390243902439,0.48,2.068310162862956,central,0.3780701754385965,0.43508771929824563,0.28771929824561404,0.49298245614035086,0.49298245614035086,0.1473684210526316,-0.09035087719298246,0.057017543859649134,0.11491228070175435,0.05789473684210522,C-post-confirmatory-evidence-preserving
replication-family-set,102,anzhi,youmi,own-domain,72,188,0,26,2.6275162950313233,1.4901217150532076,0.6818181818181818,0.6190476190476191,2.197549995316792,central,0.2916666666666667,0.125,0.18055555555555555,0.125,0.125,-0.05555555555555555,-0.11111111111111113,-0.16666666666666669,-0.16666666666666669,0.0,C-post-confirmatory-evidence-preserving
replication-family-set,102,anzhi,youmi,federation-wide,648,188,0,26,2.6275162950313233,1.4901217150532076,0.6818181818181818,0.6190476190476191,2.197549995316792,central,0.30709876543209874,0.1527777777777778,0.11265432098765432,0.16820987654320987,0.16820987654320987,0.04012345679012347,-0.19444444444444442,-0.15432098765432095,-0.13888888888888887,0.015432098765432084,C-post-confirmatory-evidence-preserving
replication-family-set,102,anzhi,domob,own-domain,109,87,0,19,3.424805642125503,1.6675430140178955,0.7767857142857143,0.5777777777777777,3.022717755906383,central,0.29357798165137616,0.09174311926605505,0.10091743119266056,0.10091743119266056,0.10091743119266056,-0.009174311926605505,-0.1926605504587156,-0.2018348623853211,-0.1926605504587156,0.009174311926605505,C-post-confirmatory-evidence-preserving
replication-family-set,102,anzhi,domob,federation-wide,406,87,0,19,3.424805642125503,1.6675430140178955,0.7767857142857143,0.5777777777777777,3.022717755906383,central,0.3522167487684729,0.15270935960591134,0.14285714285714285,0.14532019704433496,0.14532019704433496,0.009852216748768489,-0.20935960591133007,-0.19950738916256158,-0.20689655172413796,-0.007389162561576373,C-post-confirmatory-evidence-preserving
replication-family-set,102,anzhi,utchi,own-domain,129,40,0,29,3.774058788065424,3.004807879197262,0.46808510638297873,0.8064516129032258,3.574937202892381,central,0.0,0.0,0.0,0.0,0.0,0.0,0.0,0.0,0.0,0.0,C-post-confirmatory-evidence-preserving
replication-family-set,102,anzhi,utchi,federation-wide,760,40,0,29,3.774058788065424,3.004807879197262,0.46808510638297873,0.8064516129032258,3.574937202892381,central,0.0,0.0,0.0,0.0,0.0,0.0,0.0,0.0,0.0,0.0,C-post-confirmatory-evidence-preserving
replication-family-set,102,appchina,inmobi,own-domain,39,107,0,10,7.726011562981036,6.376686640807095,0.45320197044334976,0.2608695652173913,6.986911419785452,central,0.6923076923076923,0.8717948717948718,0.3076923076923077,0.8205128205128205,0.8205128205128205,0.5641025641025641,-0.3846153846153846,0.17948717948717952,0.1282051282051282,-0.05128205128205132,C-post-confirmatory-evidence-preserving
replication-family-set,102,appchina,inmobi,federation-wide,541,107,0,10,7.726011562981036,6.376686640807095,0.45320197044334976,0.2608695652173913,6.986911419785452,central,0.4066543438077634,0.6062846580406654,0.3345656192236599,0.49722735674676527,0.49722735674676527,0.27171903881700554,-0.07208872458410348,0.19963031423290206,0.09057301293900188,-0.10905730129390018,C-post-confirmatory-evidence-preserving
replication-family-set,102,appchina,zdtad,own-domain,1,185,0,7,2.7667013025950347,2.0319681262487403,0.550561797752809,0.6351351351351351,2.634174656251184,central,1.0,0.0,0.0,0.0,0.0,0.0,-1.0,-1.0,-1.0,0.0,C-post-confirmatory-evidence-preserving
replication-family-set,102,appchina,zdtad,federation-wide,407,185,0,7,2.7667013025950347,2.0319681262487403,0.550561797752809,0.6351351351351351,2.634174656251184,central,0.742014742014742,0.8820638820638821,0.9090909090909091,0.85995085995086,0.85995085995086,-0.027027027027026973,0.16707616707616701,0.14004914004914004,0.11793611793611791,-0.02211302211302213,C-post-confirmatory-evidence-preserving
replication-family-set,103,play-early,kuguo,own-domain,14,1100,0,2,3.6499363389719495,2.0511084527628514,0.47244094488188976,0.6103896103896104,3.437172033775028,central,0.6428571428571429,0.9285714285714286,0.9285714285714286,0.9285714285714286,0.9285714285714286,0.0,0.2857142857142857,0.2857142857142857,0.2857142857142857,0.0,C-post-confirmatory-evidence-preserving
replication-family-set,103,play-early,kuguo,federation-wide,3474,1100,0,2,3.6499363389719495,2.0511084527628514,0.47244094488188976,0.6103896103896104,3.437172033775028,central,0.5739781232009211,0.9830166954519286,0.9075993091537133,0.9781232009211284,0.9781232009211284,0.07541738629821526,0.3336211859527922,0.4090385722510075,0.40414507772020725,-0.004893494530800235,C-post-confirmatory-evidence-preserving
replication-family-set,103,play-early,youmi,own-domain,31,198,0,4,3.1771391373977953,1.7140119967990761,0.6422018348623854,0.6428571428571429,3.1377107450383974,central,0.5483870967741935,0.7741935483870968,0.6774193548387096,0.8064516129032258,0.8064516129032258,0.09677419354838712,0.12903225806451613,0.22580645161290325,0.25806451612903225,0.032258064516129004,C-post-confirmatory-evidence-preserving
replication-family-set,103,play-early,youmi,federation-wide,703,198,0,4,3.1771391373977953,1.7140119967990761,0.6422018348623854,0.6428571428571429,3.1377107450383974,central,0.5590327169274538,0.9231863442389758,0.6856330014224751,0.9345661450924608,0.9345661450924608,0.23755334281650076,0.12660028449502125,0.364153627311522,0.375533428165007,0.011379800853485,C-post-confirmatory-evidence-preserving
replication-family-set,103,play-late,smsreg,own-domain,16,408,0,2,4.079506928264243,3.71916057984067,0.34615384615384615,0.5144927536231884,5.619614715276916,central,0.125,0.3125,0.3125,0.3125,0.3125,0.0,0.1875,0.1875,0.1875,0.0,C-post-confirmatory-evidence-preserving
replication-family-set,103,play-late,smsreg,federation-wide,1328,408,0,2,4.079506928264243,3.71916057984067,0.34615384615384615,0.5144927536231884,5.619614715276916,central,0.7740963855421686,0.9593373493975904,0.9096385542168675,0.9578313253012049,0.9578313253012049,0.049698795180722954,0.13554216867469882,0.18524096385542177,0.1837349397590362,-0.001506024096385561,C-post-confirmatory-evidence-preserving
replication-family-set,103,anzhi,domob,own-domain,121,95,0,22,3.182718706837439,1.68910603403019,0.7857142857142857,0.5888888888888889,3.0336520846721093,central,0.19008264462809918,0.512396694214876,0.23140495867768596,0.5702479338842975,0.5702479338842975,0.28099173553719003,0.04132231404958678,0.3223140495867768,0.3801652892561983,0.05785123966942152,C-post-confirmatory-evidence-preserving
replication-family-set,103,anzhi,domob,federation-wide,432,95,0,22,3.182718706837439,1.68910603403019,0.7857142857142857,0.5888888888888889,3.0336520846721093,central,0.25925925925925924,0.3680555555555556,0.2152777777777778,0.49074074074074076,0.49074074074074076,0.1527777777777778,-0.043981481481481455,0.10879629629629634,0.2314814814814815,0.12268518518518517,C-post-confirmatory-evidence-preserving
replication-family-set,103,appchina,dnotua,own-domain,4,237,0,2,5.021001799865017,4.4546289130379115,0.21,0.30434782608695654,4.273964494813426,central,0.75,0.75,0.5,0.75,0.75,0.25,-0.25,0.0,0.0,0.0,C-post-confirmatory-evidence-preserving
replication-family-set,103,appchina,dnotua,federation-wide,89,237,0,2,5.021001799865017,4.4546289130379115,0.21,0.30434782608695654,4.273964494813426,central,0.1348314606741573,0.15730337078651685,0.1797752808988764,0.14606741573033707,0.14606741573033707,-0.02247191011235955,0.0449438202247191,0.02247191011235955,0.011235955056179775,-0.011235955056179775,C-post-confirmatory-evidence-preserving
replication-family-set,103,appchina,inmobi,own-domain,21,96,0,12,7.641551108252443,6.294968159792891,0.4577114427860697,0.2597402597402597,6.879771181852549,central,0.42857142857142855,0.5714285714285714,0.38095238095238093,0.6666666666666666,0.6666666666666666,0.19047619047619047,-0.047619047619047616,0.14285714285714285,0.23809523809523808,0.09523809523809523,C-post-confirmatory-evidence-preserving
replication-family-set,103,appchina,inmobi,federation-wide,535,96,0,12,7.641551108252443,6.294968159792891,0.4577114427860697,0.2597402597402597,6.879771181852549,central,0.41495327102803736,0.7682242990654206,0.6467289719626168,0.7813084112149533,0.7813084112149533,0.12149532710280375,0.23177570093457944,0.3532710280373832,0.36635514018691595,0.013084112149532756,C-post-confirmatory-evidence-preserving
replication-family-set,103,appchina,zdtad,own-domain,6,161,0,4,2.7385666232928516,1.9366770537142972,0.5576923076923077,0.5974025974025974,2.61408966670953,central,0.5,0.5,0.5,0.5,0.5,0.0,0.0,0.0,0.0,0.0,C-post-confirmatory-evidence-preserving
replication-family-set,103,appchina,zdtad,federation-wide,587,161,0,4,2.7385666232928516,1.9366770537142972,0.5576923076923077,0.5974025974025974,2.61408966670953,central,0.8364565587734242,0.8415672913117547,0.8449744463373083,0.8347529812606473,0.8347529812606473,-0.0034071550255536653,0.008517887563884163,0.005110732538330498,-0.0017035775127768327,-0.006814310051107331,C-post-confirmatory-evidence-preserving
replication-family-set,104,play-early,dnotua,own-domain,20,23,0,250,2.641162273055526,0.7445594673493441,0.75,1.0,3.212114567150064,central,0.65,0.65,0.7,0.7,0.7,-0.04999999999999993,0.04999999999999993,0.0,0.04999999999999993,0.04999999999999993,C-post-confirmatory-evidence-preserving
replication-family-set,104,play-early,dnotua,federation-wide,92,23,0,250,2.641162273055526,0.7445594673493441,0.75,1.0,3.212114567150064,central,0.32608695652173914,0.34782608695652173,0.358695652173913,0.34782608695652173,0.34782608695652173,-0.010869565217391297,0.03260869565217389,0.021739130434782594,0.021739130434782594,0.0,C-post-confirmatory-evidence-preserving
replication-family-set,104,play-early,domob,own-domain,17,155,0,1,3.637661244633531,2.33575319864663,0.67,0.654320987654321,3.76191206213624,central,0.47058823529411764,0.8235294117647058,0.47058823529411764,0.8235294117647058,0.8235294117647058,0.3529411764705882,0.0,0.3529411764705882,0.3529411764705882,0.0,C-post-confirmatory-evidence-preserving
replication-family-set,104,play-early,domob,federation-wide,404,155,0,1,3.637661244633531,2.33575319864663,0.67,0.654320987654321,3.76191206213624,central,0.8935643564356436,0.9801980198019802,0.7103960396039604,0.9257425742574258,0.9257425742574258,0.2698019801980198,-0.18316831683168322,0.0866336633663366,0.03217821782178221,-0.05445544554455439,C-post-confirmatory-evidence-preserving
replication-family-set,104,play-late,inmobi,own-domain,28,97,0,1,7.206480614278623,5.87235594310807,0.5989304812834224,0.47058823529411764,7.406288833658654,central,0.17857142857142858,1.0,0.8928571428571429,1.0,1.0,0.1071428571428571,0.7142857142857143,0.8214285714285714,0.8214285714285714,0.0,C-post-confirmatory-evidence-preserving
replication-family-set,104,play-late,inmobi,federation-wide,1089,97,0,1,7.206480614278623,5.87235594310807,0.5989304812834224,0.47058823529411764,7.406288833658654,central,0.10927456382001836,0.9963269054178145,0.8640955004591369,0.992653810835629,0.992653810835629,0.1322314049586777,0.7548209366391185,0.8870523415977962,0.8833792470156107,-0.0036730945821855654,C-post-confirmatory-evidence-preserving
replication-family-set,104,anzhi,smsreg,own-domain,572,214,0,174,2.4678613237142137,1.5463763744172334,0.6792452830188679,0.5067567567567568,1.8982644692553374,central,0.3356643356643357,0.40034965034965037,0.3409090909090909,0.42132867132867136,0.42132867132867136,0.05944055944055948,0.005244755244755206,0.06468531468531469,0.08566433566433568,0.02097902097902099,C-post-confirmatory-evidence-preserving
replication-family-set,104,anzhi,smsreg,federation-wide,1368,214,0,174,2.4678613237142137,1.5463763744172334,0.6792452830188679,0.5067567567567568,1.8982644692553374,central,0.2046783625730994,0.3172514619883041,0.3369883040935672,0.4466374269005848,0.4466374269005848,-0.019736842105263108,0.13230994152046782,0.11257309941520471,0.24195906432748537,0.12938596491228066,C-post-confirmatory-evidence-preserving
replication-family-set,104,anzhi,youmi,own-domain,110,186,0,39,2.4398527276152997,1.6071617571810064,0.6923076923076923,0.6190476190476191,2.17292347767861,central,0.22727272727272727,0.2,0.19090909090909092,0.20909090909090908,0.20909090909090908,0.009090909090909094,-0.03636363636363635,-0.027272727272727254,-0.018181818181818188,0.009090909090909066,C-post-confirmatory-evidence-preserving
replication-family-set,104,anzhi,youmi,federation-wide,714,186,0,39,2.4398527276152997,1.6071617571810064,0.6923076923076923,0.6190476190476191,2.17292347767861,central,0.24369747899159663,0.20728291316526612,0.17647058823529413,0.20028011204481794,0.20028011204481794,0.03081232492997199,-0.0672268907563025,-0.036414565826330514,-0.043417366946778696,-0.007002801120448182,C-post-confirmatory-evidence-preserving
replication-family-set,104,appchina,kuguo,own-domain,601,794,0,289,2.6938254439089784,1.195997696128466,0.5483870967741935,0.6375,2.055246035431259,central,0.6023294509151415,0.6855241264559068,0.6372712146422629,0.502495840266223,0.502495840266223,0.048252911813643884,0.03494176372712143,0.08319467554076532,-0.09983361064891849,-0.1830282861896838,C-post-confirmatory-evidence-preserving
replication-family-set,104,appchina,kuguo,federation-wide,3624,794,0,289,2.6938254439089784,1.195997696128466,0.5483870967741935,0.6375,2.055246035431259,central,0.5057947019867549,0.7003311258278145,0.5943708609271523,0.5317328918322296,0.5317328918322296,0.10596026490066224,0.08857615894039739,0.19453642384105962,0.02593818984547469,-0.16859823399558493,C-post-confirmatory-evidence-preserving
replication-family-set,105,play-early,smsreg,own-domain,64,435,0,5,4.188066247357669,2.5286015156710127,0.47115384615384615,0.363013698630137,3.9895065060433548,central,0.328125,0.390625,0.421875,0.375,0.375,-0.03125,0.09375,0.0625,0.046875,-0.015625,C-post-confirmatory-evidence-preserving
replication-family-set,105,play-early,smsreg,federation-wide,1357,435,0,5,4.188066247357669,2.5286015156710127,0.47115384615384615,0.363013698630137,3.9895065060433548,central,0.5880619012527635,0.8835666912306559,0.8098747236551216,0.8577745025792188,0.8577745025792188,0.07369196757553431,0.2218128224023581,0.2955047899778924,0.26971260132645536,-0.025792188651437065,C-post-confirmatory-evidence-preserving
replication-family-set,105,play-early,domob,own-domain,11,134,0,2,3.7811014732738495,2.184904892795592,0.7264150943396226,0.6022727272727273,3.7780915058124247,central,1.0,1.0,0.9090909090909091,0.9090909090909091,0.9090909090909091,0.09090909090909094,-0.09090909090909094,0.0,-0.09090909090909094,-0.09090909090909094,C-post-confirmatory-evidence-preserving
replication-family-set,105,play-early,domob,federation-wide,375,134,0,2,3.7811014732738495,2.184904892795592,0.7264150943396226,0.6022727272727273,3.7780915058124247,central,0.9386666666666666,0.9706666666666667,0.688,0.928,0.928,0.28266666666666673,-0.2506666666666667,0.03200000000000003,-0.010666666666666602,-0.04266666666666663,C-post-confirmatory-evidence-preserving
replication-family-set,105,play-late,inmobi,own-domain,19,104,0,4,6.9994124525827415,5.60718484907298,0.5358851674641149,0.4807692307692308,7.30304817306299,central,0.8421052631578947,1.0,0.8947368421052632,0.8947368421052632,0.8947368421052632,0.10526315789473684,0.052631578947368474,0.1578947368421053,0.052631578947368474,-0.10526315789473684,C-post-confirmatory-evidence-preserving
replication-family-set,105,play-late,inmobi,federation-wide,629,104,0,4,6.9994124525827415,5.60718484907298,0.5358851674641149,0.4807692307692308,7.30304817306299,central,0.7011128775834659,0.9841017488076311,0.8664546899841018,0.9809220985691574,0.9809220985691574,0.11764705882352933,0.16534181240063595,0.2829888712241653,0.2798092209856915,-0.0031796502384737746,C-post-confirmatory-evidence-preserving
replication-family-set,105,anzhi,kuguo,own-domain,2879,284,0,817,2.601839478218345,1.8658384383873563,0.6105263157894737,0.7301587301587301,2.638418873569413,central,0.671761028134769,0.6255644320944772,0.5682528655783258,0.7130948245918721,0.7130948245918721,0.057311566516151435,-0.10350816255644324,-0.046196596040291804,0.04133379645710311,0.08753039249739492,C-post-confirmatory-evidence-preserving
replication-family-set,105,anzhi,kuguo,federation-wide,3848,284,0,817,2.601839478218345,1.8658384383873563,0.6105263157894737,0.7301587301587301,2.638418873569413,central,0.6632016632016632,0.6421517671517671,0.5498960498960499,0.7182952182952183,0.7182952182952183,0.09225571725571724,-0.11330561330561328,-0.021049896049896044,0.05509355509355507,0.07614345114345111,C-post-confirmatory-evidence-preserving
replication-family-set,105,anzhi,youmi,own-domain,109,173,0,23,2.5949112304379622,1.5159586657769728,0.6952380952380952,0.6024096385542169,2.389260534661219,central,0.3486238532110092,0.3486238532110092,0.28440366972477066,0.29357798165137616,0.29357798165137616,0.06422018348623854,-0.06422018348623854,0.0,-0.05504587155963303,-0.05504587155963303,C-post-confirmatory-evidence-preserving
replication-family-set,105,anzhi,youmi,federation-wide,757,173,0,23,2.5949112304379622,1.5159586657769728,0.6952380952380952,0.6024096385542169,2.389260534661219,central,0.34346103038309117,0.28401585204755614,0.23910171730515192,0.29590488771466317,0.29590488771466317,0.044914134742404216,-0.10435931307793925,-0.05944517833553503,-0.047556142668428,0.011889035667107029,C-post-confirmatory-evidence-preserving
replication-family-set,105,anzhi,utchi,own-domain,306,62,0,15,3.7958076592345757,3.037259316638986,0.4594594594594595,0.8214285714285714,3.945792517114488,central,0.006535947712418301,0.006535947712418301,0.006535947712418301,0.8790849673202614,0.8790849673202614,0.0,0.0,0.0,0.8725490196078431,0.8725490196078431,C-post-confirmatory-evidence-preserving
replication-family-set,105,anzhi,utchi,federation-wide,584,62,0,15,3.7958076592345757,3.037259316638986,0.4594594594594595,0.8214285714285714,3.945792517114488,central,0.003424657534246575,0.1095890410958904,0.1095890410958904,0.6455479452054794,0.6455479452054794,0.0,0.10616438356164383,0.10616438356164383,0.6421232876712328,0.535958904109589,C-post-confirmatory-evidence-preserving
replication-family-set,105,appchina,dnotua,own-domain,2,270,0,1,4.97233532841229,4.3693601068703565,0.1827956989247312,0.30434782608695654,4.188168255982031,central,1.0,0.5,0.5,0.5,0.5,0.0,-0.5,-0.5,-0.5,0.0,C-post-confirmatory-evidence-preserving
replication-family-set,105,appchina,dnotua,federation-wide,50,270,0,1,4.97233532841229,4.3693601068703565,0.1827956989247312,0.30434782608695654,4.188168255982031,central,0.3,0.44,0.32,0.44,0.44,0.12,0.020000000000000018,0.14,0.14,0.0,C-post-confirmatory-evidence-preserving
replication-family-set,105,appchina,zdtad,own-domain,6,174,0,3,2.75389497607444,2.018912435668336,0.5285714285714286,0.5949367088607594,2.6016824465398924,central,0.5,0.8333333333333334,0.8333333333333334,0.8333333333333334,0.8333333333333334,0.0,0.33333333333333337,0.33333333333333337,0.33333333333333337,0.0,C-post-confirmatory-evidence-preserving
replication-family-set,105,appchina,zdtad,federation-wide,678,174,0,3,2.75389497607444,2.018912435668336,0.5285714285714286,0.5949367088607594,2.6016824465398924,central,0.855457227138643,0.915929203539823,0.8820058997050148,0.9380530973451328,0.9380530973451328,0.03392330383480824,0.026548672566371723,0.06047197640117996,0.08259587020648973,0.02212389380530977,C-post-confirmatory-evidence-preserving
replication-family-set,106,play-early,dnotua,own-domain,29,14,0,260,2.7534074467055185,0.8118476196691168,0.7333333333333333,1.0,3.2399303885770925,central,0.6896551724137931,0.6896551724137931,0.6206896551724138,0.7241379310344828,0.7241379310344828,0.06896551724137934,-0.06896551724137934,0.0,0.03448275862068961,0.03448275862068961,C-post-confirmatory-evidence-preserving
replication-family-set,106,play-early,dnotua,federation-wide,53,14,0,260,2.7534074467055185,0.8118476196691168,0.7333333333333333,1.0,3.2399303885770925,central,0.6415094339622641,0.6415094339622641,0.6037735849056604,0.660377358490566,0.660377358490566,0.037735849056603765,-0.037735849056603765,0.0,0.018867924528301883,0.018867924528301883,C-post-confirmatory-evidence-preserving
replication-family-set,106,play-late,smsreg,own-domain,17,365,0,0,4.151588100064416,3.941903043894378,0.2992957746478873,0.49242424242424243,5.612593534135643,central,0.4117647058823529,0.4117647058823529,0.4117647058823529,0.5294117647058824,0.5294117647058824,0.0,0.0,0.0,0.11764705882352944,0.11764705882352944,C-post-confirmatory-evidence-preserving
replication-family-set,106,play-late,smsreg,federation-wide,1193,365,0,0,4.151588100064416,3.941903043894378,0.2992957746478873,0.49242424242424243,5.612593534135643,central,0.7845766974015088,0.9463537300922046,0.9455155071248952,0.950544844928751,0.950544844928751,0.0008382229673093988,0.16093880972338637,0.16177703269069577,0.1659681475272422,0.004191114836546439,C-post-confirmatory-evidence-preserving
replication-family-set,106,anzhi,youmi,own-domain,87,184,0,28,2.382273522794909,1.3810562165066627,0.7037037037037037,0.6547619047619048,2.080505579016208,central,0.22988505747126436,0.14942528735632185,0.1839080459770115,0.14942528735632185,0.14942528735632185,-0.03448275862068964,-0.04597701149425287,-0.08045977011494251,-0.08045977011494251,0.0,C-post-confirmatory-evidence-preserving
replication-family-set,106,anzhi,youmi,federation-wide,683,184,0,28,2.382273522794909,1.3810562165066627,0.7037037037037037,0.6547619047619048,2.080505579016208,central,0.2635431918008785,0.13030746705710103,0.1595900439238653,0.13323572474377746,0.13323572474377746,-0.029282576866764276,-0.10395314787701318,-0.13323572474377746,-0.13030746705710103,0.0029282576866764276,C-post-confirmatory-evidence-preserving
replication-family-set,106,anzhi,domob,own-domain,87,91,0,40,3.170898308607723,1.6312190957790247,0.7410714285714286,0.6153846153846154,2.8413783593506836,central,0.2413793103448276,0.28735632183908044,0.26436781609195403,0.27586206896551724,0.27586206896551724,0.02298850574712641,0.022988505747126436,0.045977011494252845,0.03448275862068964,-0.011494252873563204,C-post-confirmatory-evidence-preserving
replication-family-set,106,anzhi,domob,federation-wide,401,91,0,40,3.170898308607723,1.6312190957790247,0.7410714285714286,0.6153846153846154,2.8413783593506836,central,0.2892768079800499,0.19201995012468828,0.24937655860349128,0.18204488778054864,0.18204488778054864,-0.057356608478803,-0.039900249376558616,-0.09725685785536162,-0.10723192019950126,-0.00997506234413964,C-post-confirmatory-evidence-preserving
replication-family-set,106,appchina,kuguo,own-domain,1023,821,0,223,2.8060198885066554,1.2805757140100635,0.5288461538461539,0.620253164556962,2.0582439830780497,central,0.3734115347018573,0.40762463343108507,0.39296187683284456,0.38025415444770283,0.38025415444770283,0.014662756598240512,0.019550342130987275,0.03421309872922779,0.006842619745845546,-0.02737047898338224,C-post-confirmatory-evidence-preserving
replication-family-set,106,appchina,kuguo,federation-wide,4138,821,0,223,2.8060198885066554,1.2805757140100635,0.5288461538461539,0.620253164556962,2.0582439830780497,central,0.4598840019333011,0.625664572257129,0.48985016916384727,0.5785403576607057,0.5785403576607057,0.13581440309328174,0.02996616723054618,0.16578057032382792,0.11865635572740457,-0.04712421459642335,C-post-confirmatory-evidence-preserving
replication-family-set,106,appchina,inmobi,own-domain,23,46,0,6,7.0806474297226485,5.439742244848056,0.4765957446808511,0.21890547263681592,6.2165581554124865,central,0.13043478260869565,0.6086956521739131,0.13043478260869565,0.4782608695652174,0.4782608695652174,0.4782608695652174,0.0,0.4782608695652174,0.34782608695652173,-0.13043478260869568,C-post-confirmatory-evidence-preserving
replication-family-set,106,appchina,inmobi,federation-wide,511,46,0,6,7.0806474297226485,5.439742244848056,0.4765957446808511,0.21890547263681592,6.2165581554124865,central,0.48140900195694714,0.7201565557729941,0.37573385518590996,0.7103718199608611,0.7103718199608611,0.34442270058708413,-0.10567514677103718,0.23874755381604695,0.22896281800391394,-0.009784735812133016,C-post-confirmatory-evidence-preserving
replication-family-set,106,appchina,zdtad,own-domain,2,149,0,3,2.8517117112403403,2.03722477456301,0.55,0.6,2.6119558314715787,central,1.0,0.0,0.0,1.0,1.0,0.0,-1.0,-1.0,0.0,1.0,C-post-confirmatory-evidence-preserving
replication-family-set,106,appchina,zdtad,federation-wide,495,149,0,3,2.8517117112403403,2.03722477456301,0.55,0.6,2.6119558314715787,central,0.7575757575757576,0.8343434343434344,0.804040404040404,0.7858585858585858,0.7858585858585858,0.030303030303030387,0.04646464646464643,0.07676767676767682,0.028282828282828243,-0.048484848484848575,C-post-confirmatory-evidence-preserving
replication-family-set,106,appchina,utchi,own-domain,82,12,0,69,4.070927597062206,3.1755179081706135,0.4166666666666667,0.8333333333333334,3.405775264204841,central,0.1951219512195122,0.1951219512195122,0.1951219512195122,0.7560975609756098,0.7560975609756098,0.0,0.0,0.0,0.5609756097560976,0.5609756097560976,C-post-confirmatory-evidence-preserving
replication-family-set,106,appchina,utchi,federation-wide,354,12,0,69,4.070927597062206,3.1755179081706135,0.4166666666666667,0.8333333333333334,3.405775264204841,central,0.04519774011299435,0.04519774011299435,0.04519774011299435,0.9293785310734464,0.9293785310734464,0.0,0.0,0.0,0.884180790960452,0.884180790960452,C-post-confirmatory-evidence-preserving
replication-family-set,107,play-early,kuguo,own-domain,15,1072,0,1,3.358539632957161,2.300923877835163,0.48091603053435117,0.6410256410256411,3.382549598366596,central,0.9333333333333333,0.9333333333333333,0.9333333333333333,0.9333333333333333,0.9333333333333333,0.0,0.0,0.0,0.0,0.0,C-post-confirmatory-evidence-preserving
replication-family-set,107,play-early,kuguo,federation-wide,3302,1072,0,1,3.358539632957161,2.300923877835163,0.48091603053435117,0.6410256410256411,3.382549598366596,central,0.696244700181708,0.9900060569351908,0.9597213809812235,0.9936402180496668,0.9936402180496668,0.030284675953967333,0.2634766807995155,0.2937613567534828,0.2973955178679588,0.003634161114476009,C-post-confirmatory-evidence-preserving
replication-family-set,107,play-early,dnotua,own-domain,610,11,0,272,2.5255749949512354,0.9579702318308215,0.578125,0.8,3.020331923997043,central,0.9131147540983606,0.9737704918032787,0.9672131147540983,0.9852459016393442,0.9852459016393442,0.006557377049180357,0.0540983606557377,0.060655737704918056,0.0721311475409836,0.011475409836065542,C-post-confirmatory-evidence-preserving
replication-family-set,107,play-early,dnotua,federation-wide,650,11,0,272,2.5255749949512354,0.9579702318308215,0.578125,0.8,3.020331923997043,central,0.9,0.9569230769230769,0.9615384615384616,0.98,0.98,-0.004615384615384688,0.06153846153846154,0.056923076923076854,0.07999999999999996,0.023076923076923106,C-post-confirmatory-evidence-preserving
replication-family-set,107,play-early,inmobi,own-domain,378,13,0,77,5.394316789702376,3.4838285857596656,0.6,0.5755813953488372,5.503678803301722,central,0.6640211640211641,0.8783068783068783,0.7513227513227513,0.9206349206349206,0.9206349206349206,0.12698412698412698,0.08730158730158721,0.2142857142857142,0.2566137566137565,0.042328042328042326,C-post-confirmatory-evidence-preserving
replication-family-set,107,play-early,inmobi,federation-wide,428,13,0,77,5.394316789702376,3.4838285857596656,0.6,0.5755813953488372,5.503678803301722,central,0.6448598130841121,0.8738317757009346,0.7383177570093458,0.9182242990654206,0.9182242990654206,0.13551401869158886,0.09345794392523366,0.2289719626168225,0.27336448598130847,0.04439252336448596,C-post-confirmatory-evidence-preserving
replication-family-set,107,play-early,domob,own-domain,16,128,0,2,3.5964438252749713,2.1893568696726096,0.6857142857142857,0.6705882352941176,3.774603777342803,central,0.75,0.5625,0.625,0.8125,0.8125,-0.0625,-0.125,-0.1875,0.0625,0.25,C-post-confirmatory-evidence-preserving
replication-family-set,107,play-early,domob,federation-wide,421,128,0,2,3.5964438252749713,2.1893568696726096,0.6857142857142857,0.6705882352941176,3.774603777342803,central,0.9382422802850356,0.8978622327790974,0.6745843230403801,0.9501187648456056,0.9501187648456056,0.2232779097387173,-0.26365795724465557,-0.040380047505938266,0.01187648456057,0.052256532066508266,C-post-confirmatory-evidence-preserving
replication-family-set,107,play-late,smsreg,own-domain,16,330,0,3,3.867309750163968,3.8703441665791014,0.3511450381679389,0.49264705882352944,5.603643628200814,central,0.6875,0.3125,0.4375,0.375,0.375,-0.125,-0.25,-0.375,-0.3125,0.0625,C-post-confirmatory-evidence-preserving
replication-family-set,107,play-late,smsreg,federation-wide,1164,330,0,3,3.867309750163968,3.8703441665791014,0.3511450381679389,0.49264705882352944,5.603643628200814,central,0.9347079037800687,0.936426116838488,0.9029209621993127,0.9458762886597938,0.9458762886597938,0.03350515463917525,-0.03178694158075601,0.0017182130584192379,0.011168384879725046,0.009450171821305808,C-post-confirmatory-evidence-preserving
replication-family-set,107,appchina,youmi,own-domain,492,28,0,150,2.71739105497095,1.5950373927943473,0.7053571428571429,0.5673076923076923,1.5187104292703901,central,0.3353658536585366,0.2032520325203252,0.18902439024390244,0.31097560975609756,0.31097560975609756,0.014227642276422758,-0.14634146341463417,-0.1321138211382114,-0.024390243902439046,0.10772357723577236,C-post-confirmatory-evidence-preserving
replication-family-set,107,appchina,youmi,federation-wide,635,28,0,150,2.71739105497095,1.5950373927943473,0.7053571428571429,0.5673076923076923,1.5187104292703901,central,0.33858267716535434,0.2220472440944882,0.2015748031496063,0.32598425196850395,0.32598425196850395,0.020472440944881903,-0.13700787401574804,-0.11653543307086614,-0.012598425196850394,0.10393700787401575,C-post-confirmatory-evidence-preserving
replication-family-set,107,appchina,zdtad,own-domain,6,153,0,2,2.8275685879639805,2.0194725607319195,0.5212765957446809,0.6216216216216216,2.637779089325536,central,0.8333333333333334,0.5,0.6666666666666666,0.5,0.5,-0.16666666666666663,-0.16666666666666674,-0.33333333333333337,-0.33333333333333337,0.0,C-post-confirmatory-evidence-preserving
replication-family-set,107,appchina,zdtad,federation-wide,461,153,0,2,2.8275685879639805,2.0194725607319195,0.5212765957446809,0.6216216216216216,2.637779089325536,central,0.720173535791757,0.8893709327548807,0.8134490238611713,0.9240780911062907,0.9240780911062907,0.07592190889370931,0.09327548806941433,0.16919739696312364,0.20390455531453366,0.03470715835141003,C-post-confirmatory-evidence-preserving
replication-family-set,108,play-early,domob,own-domain,16,123,0,0,3.778316115790302,2.200072704805804,0.6981132075471698,0.6375,3.7837778377096636,central,0.75,0.9375,0.75,0.875,0.875,0.1875,0.0,0.1875,0.125,-0.0625,C-post-confirmatory-evidence-preserving
replication-family-set,108,play-early,domob,federation-wide,451,123,0,0,3.778316115790302,2.200072704805804,0.6981132075471698,0.6375,3.7837778377096636,central,0.9312638580931264,0.9135254988913526,0.647450110864745,0.8580931263858093,0.8580931263858093,0.2660753880266076,-0.2838137472283814,-0.0177383592017738,-0.07317073170731714,-0.05543237250554334,C-post-confirmatory-evidence-preserving
replication-family-set,108,play-late,smsreg,own-domain,16,409,0,2,3.9209381274304524,3.9657716892399675,0.3181818181818182,0.5038167938931297,5.559748062510746,central,0.4375,0.625,0.375,0.5,0.5,0.25,-0.0625,0.1875,0.0625,-0.125,C-post-confirmatory-evidence-preserving
replication-family-set,108,play-late,smsreg,federation-wide,1263,409,0,2,3.9209381274304524,3.9657716892399675,0.3181818181818182,0.5038167938931297,5.559748062510746,central,0.889944576405384,0.9770387965162312,0.9445764053840063,0.9675376088677752,0.9675376088677752,0.03246239113222482,0.05463182897862229,0.08709422011084711,0.07759303246239113,-0.009501187648455978,C-post-confirmatory-evidence-preserving
replication-family-set,108,anzhi,dnotua,own-domain,16,283,0,1,4.971660635822575,4.6269243207223605,0.14893617021276595,0.30434782608695654,5.232713921820939,central,0.3125,0.375,0.375,0.375,0.375,0.0,0.0625,0.0625,0.0625,0.0,C-post-confirmatory-evidence-preserving
replication-family-set,108,anzhi,dnotua,federation-wide,101,283,0,1,4.971660635822575,4.6269243207223605,0.14893617021276595,0.30434782608695654,5.232713921820939,central,0.16831683168316833,0.19801980198019803,0.18811881188118812,0.1782178217821782,0.1782178217821782,0.00990099009900991,0.019801980198019792,0.0297029702970297,0.009900990099009882,-0.01980198019801982,C-post-confirmatory-evidence-preserving
replication-family-set,108,anzhi,youmi,own-domain,104,191,0,24,2.4011964866180042,1.424342029685442,0.8202247191011236,0.6219512195121951,2.3667493125703722,central,0.4423076923076923,0.2980769230769231,0.27884615384615385,0.3269230769230769,0.3269230769230769,0.019230769230769218,-0.16346153846153844,-0.14423076923076922,-0.11538461538461536,0.028846153846153855,C-post-confirmatory-evidence-preserving
replication-family-set,108,anzhi,youmi,federation-wide,624,191,0,24,2.4011964866180042,1.424342029685442,0.8202247191011236,0.6219512195121951,2.3667493125703722,central,0.36538461538461536,0.2724358974358974,0.21794871794871795,0.27724358974358976,0.27724358974358976,0.05448717948717946,-0.1474358974358974,-0.09294871794871795,-0.0881410256410256,0.004807692307692346,C-post-confirmatory-evidence-preserving
replication-family-set,108,anzhi,utchi,own-domain,321,90,0,12,3.708831646421228,2.95303622678315,0.5384615384615384,0.7931034482758621,3.953793226649357,central,0.0,1.0,0.0,1.0,1.0,1.0,0.0,1.0,1.0,0.0,C-post-confirmatory-evidence-preserving
replication-family-set,108,anzhi,utchi,federation-wide,592,90,0,12,3.708831646421228,2.95303622678315,0.5384615384615384,0.7931034482758621,3.953793226649357,central,0.0,1.0,0.10472972972972973,1.0,1.0,0.8952702702702703,0.10472972972972973,1.0,1.0,0.0,C-post-confirmatory-evidence-preserving
replication-family-set,108,appchina,kuguo,own-domain,732,899,0,316,2.6938507803031504,1.2648330625943276,0.5408163265306123,0.6075949367088608,2.0629875396773243,central,0.7459016393442623,0.5983606557377049,0.6666666666666666,0.6762295081967213,0.6762295081967213,-0.06830601092896171,-0.07923497267759572,-0.14754098360655743,-0.069672131147541,0.07786885245901642,C-post-confirmatory-evidence-preserving
replication-family-set,108,appchina,kuguo,federation-wide,3319,899,0,316,2.6938507803031504,1.2648330625943276,0.5408163265306123,0.6075949367088608,2.0629875396773243,central,0.6559204579692679,0.6670683940946068,0.6297077432961735,0.6833383549261826,0.6833383549261826,0.037360650798433315,-0.026212714673094384,0.01114793612533893,0.027417896956914656,0.016269960831575725,C-post-confirmatory-evidence-preserving
replication-family-set,108,appchina,inmobi,own-domain,34,92,0,13,7.914840393859018,6.455751330008939,0.5263157894736842,0.2582781456953642,7.155587021721393,central,0.2647058823529412,0.5294117647058824,0.3235294117647059,0.5,0.5,0.20588235294117646,0.05882352941176472,0.2647058823529412,0.23529411764705882,-0.02941176470588236,C-post-confirmatory-evidence-preserving
replication-family-set,108,appchina,inmobi,federation-wide,446,92,0,13,7.914840393859018,6.455751330008939,0.5263157894736842,0.2582781456953642,7.155587021721393,central,0.19506726457399104,0.6524663677130045,0.3991031390134529,0.647982062780269,0.647982062780269,0.2533632286995516,0.20403587443946186,0.45739910313901344,0.452914798206278,-0.004484304932735439,C-post-confirmatory-evidence-preserving
replication-family-set,109,play-early,kuguo,own-domain,22,1048,0,0,3.528567031826888,2.33408530673434,0.49586776859504134,0.6233766233766234,3.412249110334701,central,0.7727272727272727,0.9545454545454546,0.9545454545454546,1.0,1.0,0.0,0.18181818181818188,0.18181818181818188,0.2272727272727273,0.045454545454545414,C-post-confirmatory-evidence-preserving
replication-family-set,109,play-early,kuguo,federation-wide,3309,1048,0,0,3.528567031826888,2.33408530673434,0.49586776859504134,0.6233766233766234,3.412249110334701,central,0.6101541251133273,0.9830764581444545,0.9712904200664854,0.9851919008763977,0.9851919008763977,0.011786038077969185,0.361136294953158,0.3729223330311272,0.3750377757630704,0.0021154427319431957,C-post-confirmatory-evidence-preserving
replication-family-set,109,play-late,dnotua,own-domain,84,246,0,9,4.940810912036928,0.9012911947493208,0.9565217391304348,0.6086956521739131,6.050016077465109,central,0.3333333333333333,0.36904761904761907,0.35714285714285715,0.35714285714285715,0.35714285714285715,0.011904761904761918,0.023809523809523836,0.035714285714285754,0.023809523809523836,-0.011904761904761918,C-post-confirmatory-evidence-preserving
replication-family-set,109,play-late,dnotua,federation-wide,705,246,0,9,4.940810912036928,0.9012911947493208,0.9565217391304348,0.6086956521739131,6.050016077465109,central,0.9078014184397163,0.9163120567375886,0.9134751773049645,0.9163120567375886,0.9163120567375886,0.0028368794326241176,0.005673758865248235,0.008510638297872353,0.008510638297872353,0.0,C-post-confirmatory-evidence-preserving
replication-family-set,109,anzhi,youmi,own-domain,93,192,0,33,2.436620607141673,1.5047634456407042,0.7,0.6341463414634146,2.452793866582849,central,0.27956989247311825,0.1935483870967742,0.22580645161290322,0.15053763440860216,0.15053763440860216,-0.03225806451612903,-0.053763440860215034,-0.08602150537634407,-0.1290322580645161,-0.04301075268817203,C-post-confirmatory-evidence-preserving
replication-family-set,109,anzhi,youmi,federation-wide,611,192,0,33,2.436620607141673,1.5047634456407042,0.7,0.6341463414634146,2.452793866582849,central,0.23404255319148937,0.14238952536824878,0.1751227495908347,0.10965630114566285,0.10965630114566285,-0.03273322422258593,-0.05891980360065466,-0.09165302782324058,-0.12438625204582651,-0.03273322422258593,C-post-confirmatory-evidence-preserving
replication-family-set,109,anzhi,domob,own-domain,69,95,0,29,3.2292559513596224,1.6954719025284202,0.8090909090909091,0.5851063829787234,3.0905009841096813,central,0.2753623188405797,0.15942028985507245,0.2028985507246377,0.11594202898550725,0.11594202898550725,-0.043478260869565244,-0.07246376811594202,-0.11594202898550726,-0.15942028985507245,-0.0434782608695652,C-post-confirmatory-evidence-preserving
replication-family-set,109,anzhi,domob,federation-wide,373,95,0,29,3.2292559513596224,1.6954719025284202,0.8090909090909091,0.5851063829787234,3.0905009841096813,central,0.2975871313672922,0.1876675603217158,0.2359249329758713,0.15281501340482573,0.15281501340482573,-0.0482573726541555,-0.0616621983914209,-0.1099195710455764,-0.14477211796246647,-0.034852546916890076,C-post-confirmatory-evidence-preserving
replication-family-set,109,appchina,smsreg,own-domain,571,182,0,218,2.4153757861485965,1.7800767902009689,0.6222222222222222,0.5794392523364486,1.8519712632015048,central,0.0893169877408056,0.37653239929947463,0.31523642732049034,0.38353765323992994,0.38353765323992994,0.06129597197898429,0.22591943957968474,0.28721541155866903,0.29422066549912435,0.007005253940455314,C-post-confirmatory-evidence-preserving
replication-family-set,109,appchina,smsreg,federation-wide,1233,182,0,218,2.4153757861485965,1.7800767902009689,0.6222222222222222,0.5794392523364486,1.8519712632015048,central,0.19140308191403083,0.4793187347931874,0.3909164639091646,0.44525547445255476,0.44525547445255476,0.08840227088402275,0.1995133819951338,0.28791565287915655,0.25385239253852393,-0.03406326034063262,C-post-confirmatory-evidence-preserving
replication-family-set,109,appchina,inmobi,own-domain,22,51,0,8,6.997420335119285,5.549138842680269,0.484304932735426,0.21505376344086022,6.150398464209625,central,0.5909090909090909,0.7727272727272727,0.36363636363636365,0.6363636363636364,0.6363636363636364,0.40909090909090906,-0.2272727272727273,0.18181818181818177,0.045454545454545414,-0.13636363636363635,C-post-confirmatory-evidence-preserving
replication-family-set,109,appchina,inmobi,federation-wide,480,51,0,8,6.997420335119285,5.549138842680269,0.484304932735426,0.21505376344086022,6.150398464209625,central,0.45625,0.7770833333333333,0.30625,0.69375,0.69375,0.4708333333333333,-0.14999999999999997,0.32083333333333336,0.2375,-0.08333333333333337,C-post-confirmatory-evidence-preserving
natural-scarcity,100,play-early,adwo,own-domain,30,305,1,0,3.84076363395206,2.765525506921162,0.504424778761062,0.6629213483146067,4.039883767396629,central,0.9333333333333333,1.0,0.9333333333333333,,,0.06666666666666665,0.0,0.06666666666666665,,,C-post-confirmatory-evidence-preserving
natural-scarcity,100,play-early,adwo,federation-wide,846,305,1,0,3.84076363395206,2.765525506921162,0.504424778761062,0.6629213483146067,4.039883767396629,central,0.7966903073286052,0.9550827423167849,0.8770685579196218,,,0.07801418439716312,0.08037825059101655,0.15839243498817968,,,C-post-confirmatory-evidence-preserving
natural-scarcity,100,play-early,dowgin,own-domain,25,1686,3,0,3.458574951808519,1.9188927296908627,0.49523809523809526,0.7105263157894737,3.5254218947865374,central,0.32,0.6,0.8,,,-0.20000000000000007,0.48000000000000004,0.27999999999999997,,,C-post-confirmatory-evidence-preserving
natural-scarcity,100,play-early,dowgin,federation-wide,6428,1686,3,0,3.458574951808519,1.9188927296908627,0.49523809523809526,0.7105263157894737,3.5254218947865374,central,0.4671748599875544,0.9827317983820784,0.9548848786558806,,,0.027846919726197794,0.48771001866832614,0.515556938394524,,,C-post-confirmatory-evidence-preserving
natural-scarcity,100,play-early,gappusin,own-domain,22,451,1,0,3.3092306507062212,1.9608886738646778,0.6947368421052632,0.6625,3.3938392253711376,central,0.7727272727272727,1.0,0.9090909090909091,,,0.09090909090909094,0.13636363636363635,0.2272727272727273,,,C-post-confirmatory-evidence-preserving
natural-scarcity,100,play-early,gappusin,federation-wide,1429,451,1,0,3.3092306507062212,1.9608886738646778,0.6947368421052632,0.6625,3.3938392253711376,central,0.46116165150454863,0.9517144856543037,0.7718684394681595,,,0.1798460461861442,0.3107067879636109,0.4905528341497551,,,C-post-confirmatory-evidence-preserving
natural-scarcity,100,play-late,airpush,own-domain,36,352,5,0,3.963727860702299,3.2999465094926137,0.4659090909090909,0.5104895104895105,4.975176058230531,central,0.6666666666666666,0.7777777777777778,0.4444444444444444,,,0.33333333333333337,-0.2222222222222222,0.11111111111111116,,,C-post-confirmatory-evidence-preserving
natural-scarcity,100,play-late,airpush,federation-wide,2433,352,5,0,3.963727860702299,3.2999465094926137,0.4659090909090909,0.5104895104895105,4.975176058230531,central,0.8060008220304151,0.9531442663378545,0.7788738183312782,,,0.17427044800657632,-0.027127003699136898,0.14714344430743942,,,C-post-confirmatory-evidence-preserving
natural-scarcity,100,play-late,leadbolt,own-domain,18,95,1,0,4.013058363893768,3.3038367762752436,0.3961038961038961,0.5596330275229358,4.934783791327211,central,0.2222222222222222,0.9444444444444444,0.3888888888888889,,,0.5555555555555556,0.16666666666666669,0.7222222222222222,,,C-post-confirmatory-evidence-preserving
natural-scarcity,100,play-late,leadbolt,federation-wide,842,95,1,0,4.013058363893768,3.3038367762752436,0.3961038961038961,0.5596330275229358,4.934783791327211,central,0.6080760095011877,0.9358669833729216,0.6104513064133017,,,0.3254156769596199,0.002375296912114022,0.32779097387173395,,,C-post-confirmatory-evidence-preserving
natural-scarcity,100,play-late,revmob,own-domain,18,58,0,0,5.2369993023905455,4.380910499428514,0.39768339768339767,0.4859154929577465,5.838510013955065,central,0.3888888888888889,0.7777777777777778,0.2222222222222222,,,0.5555555555555556,-0.16666666666666669,0.3888888888888889,,,C-post-confirmatory-evidence-preserving
natural-scarcity,100,play-late,revmob,federation-wide,600,58,0,0,5.2369993023905455,4.380910499428514,0.39768339768339767,0.4859154929577465,5.838510013955065,central,0.5766666666666667,0.8416666666666667,0.35,,,0.4916666666666667,-0.22666666666666668,0.265,,,C-post-confirmatory-evidence-preserving
natural-scarcity,100,anzhi,airpush,own-domain,56,339,18,0,3.3184980204660794,2.6804630487138597,0.39634146341463417,0.3541666666666667,3.052815328770989,central,0.875,0.9821428571428571,0.9464285714285714,,,0.0357142857142857,0.0714285714285714,0.1071428571428571,,,C-post-confirmatory-evidence-preserving
natural-scarcity,100,anzhi,airpush,federation-wide,2433,339,18,0,3.3184980204660794,2.6804630487138597,0.39634146341463417,0.3541666666666667,3.052815328770989,central,0.3156596794081381,0.6391286477599671,0.42293464858199753,,,0.2161939991779696,0.10727496917385942,0.32346896835182903,,,C-post-confirmatory-evidence-preserving
natural-scarcity,100,anzhi,hiddad,own-domain,15,46,1,0,5.572717041405983,5.481187408201187,0.2766497461928934,0.2196969696969697,5.4576751284814815,central,0.4666666666666667,0.7333333333333333,0.5333333333333333,,,0.19999999999999996,0.06666666666666665,0.2666666666666666,,,C-post-confirmatory-evidence-preserving
natural-scarcity,100,anzhi,hiddad,federation-wide,337,46,1,0,5.572717041405983,5.481187408201187,0.2766497461928934,0.2196969696969697,5.4576751284814815,central,0.41543026706231456,0.13649851632047477,0.12462908011869436,,,0.011869436201780409,-0.2908011869436202,-0.2789317507418398,,,C-post-confirmatory-evidence-preserving
natural-scarcity,100,anzhi,leadbolt,own-domain,15,92,4,0,3.3880980081138214,2.8090234134915737,0.5772357723577236,0.46788990825688076,3.234390467674244,central,0.4,0.4666666666666667,0.4,,,0.06666666666666665,0.0,0.06666666666666665,,,C-post-confirmatory-evidence-preserving
natural-scarcity,100,anzhi,leadbolt,federation-wide,842,92,4,0,3.3880980081138214,2.8090234134915737,0.5772357723577236,0.46788990825688076,3.234390467674244,central,0.12114014251781473,0.35510688836104515,0.09738717339667459,,,0.25771971496437057,-0.02375296912114014,0.2339667458432304,,,C-post-confirmatory-evidence-preserving
natural-scarcity,100,appchina,dowgin,own-domain,212,1593,96,0,2.7505469197996057,2.0451366268614852,0.5523809523809524,0.5974025974025974,2.256564042556935,central,0.4669811320754717,0.4858490566037736,0.4481132075471698,,,0.037735849056603765,-0.018867924528301883,0.018867924528301883,,,C-post-confirmatory-evidence-preserving
natural-scarcity,100,appchina,dowgin,federation-wide,6428,1593,96,0,2.7505469197996057,2.0451366268614852,0.5523809523809524,0.5974025974025974,2.256564042556935,central,0.6555693839452396,0.8240510267579341,0.7868699439950217,,,0.03718108276291232,0.1313005600497822,0.1684816428126945,,,C-post-confirmatory-evidence-preserving
natural-scarcity,100,appchina,revmob,own-domain,20,53,5,0,5.165300359448906,3.535153087295487,0.46703296703296704,0.2765957446808511,4.0496577643459055,central,0.3,0.15,0.05,,,0.09999999999999999,-0.25,-0.15,,,C-post-confirmatory-evidence-preserving
natural-scarcity,100,appchina,revmob,federation-wide,600,53,5,0,5.165300359448906,3.535153087295487,0.46703296703296704,0.2765957446808511,4.0496577643459055,central,0.285,0.185,0.023333333333333334,,,0.16166666666666665,-0.26166666666666666,-0.09999999999999998,,,C-post-confirmatory-evidence-preserving
natural-scarcity,101,play-early,dowgin,own-domain,23,1753,2,0,3.6433005457703835,2.0890675971770216,0.48623853211009177,0.7066666666666667,3.5181787657459718,central,0.6956521739130435,0.7391304347826086,0.6956521739130435,,,0.04347826086956519,0.0,0.04347826086956519,,,C-post-confirmatory-evidence-preserving
natural-scarcity,101,play-early,dowgin,federation-wide,5745,1753,2,0,3.6433005457703835,2.0890675971770216,0.48623853211009177,0.7066666666666667,3.5181787657459718,central,0.7188859878154917,0.9836379460400348,0.9655352480417755,,,0.018102697998259365,0.24664926022628375,0.2647519582245431,,,C-post-confirmatory-evidence-preserving
natural-scarcity,101,play-early,gappusin,own-domain,37,402,10,0,3.468529908893136,2.095524338892044,0.5333333333333333,0.7162162162162162,3.367666098710668,central,0.918918918918919,0.9459459459459459,0.9459459459459459,,,0.0,0.027027027027026973,0.027027027027026973,,,C-post-confirmatory-evidence-preserving
natural-scarcity,101,play-early,gappusin,federation-wide,1624,402,10,0,3.468529908893136,2.095524338892044,0.5333333333333333,0.7162162162162162,3.367666098710668,central,0.7383004926108374,0.9599753694581281,0.8928571428571429,,,0.06711822660098521,0.1545566502463055,0.2216748768472907,,,C-post-confirmatory-evidence-preserving
natural-scarcity,101,play-late,airpush,own-domain,49,358,7,0,3.799495122945879,3.3826608875023916,0.49214659685863876,0.44366197183098594,4.950975148162195,central,0.5306122448979592,0.7551020408163265,0.4489795918367347,,,0.3061224489795918,-0.08163265306122452,0.22448979591836726,,,C-post-confirmatory-evidence-preserving
natural-scarcity,101,play-late,airpush,federation-wide,1864,358,7,0,3.799495122945879,3.3826608875023916,0.49214659685863876,0.44366197183098594,4.950975148162195,central,0.578862660944206,0.944206008583691,0.8658798283261803,,,0.0783261802575107,0.28701716738197425,0.36534334763948495,,,C-post-confirmatory-evidence-preserving
natural-scarcity,101,play-late,leadbolt,own-domain,20,108,1,0,3.96567983067396,3.4837185357591465,0.41139240506329117,0.5392156862745098,5.068889159191522,central,0.0,0.8,0.45,,,0.35000000000000003,0.45,0.8,,,C-post-confirmatory-evidence-preserving
natural-scarcity,101,play-late,leadbolt,federation-wide,885,108,1,0,3.96567983067396,3.4837185357591465,0.41139240506329117,0.5392156862745098,5.068889159191522,central,0.3254237288135593,0.847457627118644,0.6248587570621469,,,0.22259887005649714,0.2994350282485876,0.5220338983050847,,,C-post-confirmatory-evidence-preserving
natural-scarcity,101,play-late,revmob,own-domain,15,62,2,0,4.9735387163132,4.397160352882321,0.4782608695652174,0.4105960264900662,5.74174572139714,central,0.6666666666666666,0.6666666666666666,0.06666666666666667,,,0.6,-0.6,0.0,,,C-post-confirmatory-evidence-preserving
natural-scarcity,101,play-late,revmob,federation-wide,654,62,2,0,4.9735387163132,4.397160352882321,0.4782608695652174,0.4105960264900662,5.74174572139714,central,0.327217125382263,0.8944954128440367,0.6330275229357798,,,0.26146788990825687,0.3058103975535168,0.5672782874617737,,,C-post-confirmatory-evidence-preserving
natural-scarcity,101,anzhi,airpush,own-domain,69,348,17,0,3.4078246613861367,2.754109523730548,0.37777777777777777,0.3380281690140845,3.228910461763698,central,0.927536231884058,0.8695652173913043,0.782608695652174,,,0.08695652173913038,-0.14492753623188404,-0.05797101449275366,,,C-post-confirmatory-evidence-preserving
natural-scarcity,101,anzhi,airpush,federation-wide,1864,348,17,0,3.4078246613861367,2.754109523730548,0.37777777777777777,0.3380281690140845,3.228910461763698,central,0.3717811158798283,0.49946351931330474,0.30579399141630903,,,0.1936695278969957,-0.06598712446351929,0.12768240343347642,,,C-post-confirmatory-evidence-preserving
natural-scarcity,101,anzhi,hiddad,own-domain,15,36,4,0,4.771782697454277,4.693094055544765,0.24663677130044842,0.21016949152542372,4.729604651187583,central,0.8,0.7333333333333333,0.7333333333333333,,,0.0,-0.06666666666666676,-0.06666666666666676,,,C-post-confirmatory-evidence-preserving
natural-scarcity,101,anzhi,hiddad,federation-wide,486,36,4,0,4.771782697454277,4.693094055544765,0.24663677130044842,0.21016949152542372,4.729604651187583,central,0.4382716049382716,0.07407407407407407,0.10493827160493827,,,-0.030864197530864196,-0.33333333333333337,-0.36419753086419754,,,C-post-confirmatory-evidence-preserving
natural-scarcity,101,anzhi,leadbolt,own-domain,15,105,4,0,3.4440789392441133,2.844741887634449,0.5882352941176471,0.494949494949495,3.4894175733203583,central,0.26666666666666666,0.26666666666666666,0.3333333333333333,,,-0.06666666666666665,0.06666666666666665,0.0,,,C-post-confirmatory-evidence-preserving
natural-scarcity,101,anzhi,leadbolt,federation-wide,885,105,4,0,3.4440789392441133,2.844741887634449,0.5882352941176471,0.494949494949495,3.4894175733203583,central,0.09491525423728814,0.27005649717514124,0.0903954802259887,,,0.17966101694915254,-0.004519774011299438,0.1751412429378531,,,C-post-confirmatory-evidence-preserving
natural-scarcity,101,appchina,dowgin,own-domain,241,1648,107,0,2.8218644428191917,2.047622625162184,0.5544554455445545,0.5974025974025974,2.2541032833582855,central,0.6058091286307054,0.7302904564315352,0.6680497925311203,,,0.06224066390041494,0.06224066390041494,0.12448132780082988,,,C-post-confirmatory-evidence-preserving
natural-scarcity,101,appchina,dowgin,federation-wide,5745,1648,107,0,2.8218644428191917,2.047622625162184,0.5544554455445545,0.5974025974025974,2.2541032833582855,central,0.7672758920800696,0.8814621409921671,0.8431679721496954,,,0.03829416884247172,0.07589208006962578,0.1141862489120975,,,C-post-confirmatory-evidence-preserving
natural-scarcity,101,appchina,hiddad,own-domain,17,32,8,0,4.857178937377073,4.058466591132865,0.3730886850152905,0.20677966101694914,4.165386254078359,central,0.5294117647058824,0.47058823529411764,0.47058823529411764,,,0.0,-0.05882352941176472,-0.05882352941176472,,,C-post-confirmatory-evidence-preserving
natural-scarcity,101,appchina,hiddad,federation-wide,486,32,8,0,4.857178937377073,4.058466591132865,0.3730886850152905,0.20677966101694914,4.165386254078359,central,0.12962962962962962,0.10905349794238683,0.11522633744855967,,,-0.006172839506172839,-0.014403292181069949,-0.020576131687242788,,,C-post-confirmatory-evidence-preserving
natural-scarcity,101,appchina,revmob,own-domain,17,56,8,0,5.074313162457063,3.385541584654698,0.5287958115183246,0.25333333333333335,3.886374837754823,central,0.29411764705882354,0.4117647058823529,0.11764705882352941,,,0.2941176470588235,-0.17647058823529413,0.11764705882352938,,,C-post-confirmatory-evidence-preserving
natural-scarcity,101,appchina,revmob,federation-wide,654,56,8,0,5.074313162457063,3.385541584654698,0.5287958115183246,0.25333333333333335,3.886374837754823,central,0.10397553516819572,0.23853211009174313,0.0581039755351682,,,0.18042813455657494,-0.04587155963302752,0.13455657492354742,,,C-post-confirmatory-evidence-preserving
natural-scarcity,102,play-early,adwo,own-domain,37,326,0,0,3.9305555274323907,2.686618647463948,0.47580645161290325,0.5444444444444444,4.008743187649034,central,0.7027027027027027,1.0,1.0,,,0.0,0.29729729729729726,0.29729729729729726,,,C-post-confirmatory-evidence-preserving
natural-scarcity,102,play-early,adwo,federation-wide,834,326,0,0,3.9305555274323907,2.686618647463948,0.47580645161290325,0.5444444444444444,4.008743187649034,central,0.44844124700239807,0.9808153477218226,0.947242206235012,,,0.033573141486810565,0.4988009592326139,0.5323741007194245,,,C-post-confirmatory-evidence-preserving
natural-scarcity,102,play-early,gappusin,own-domain,20,439,4,0,3.3796926315491844,2.104483517043824,0.5370370370370371,0.6301369863013698,3.3517273465692123,central,0.55,0.95,0.95,,,0.0,0.3999999999999999,0.3999999999999999,,,C-post-confirmatory-evidence-preserving
natural-scarcity,102,play-early,gappusin,federation-wide,1369,439,4,0,3.3796926315491844,2.104483517043824,0.5370370370370371,0.6301369863013698,3.3517273465692123,central,0.3776479181884587,0.9766252739225713,0.8743608473338204,,,0.1022644265887509,0.49671292914536164,0.5989773557341125,,,C-post-confirmatory-evidence-preserving
natural-scarcity,102,play-late,airpush,own-domain,41,318,5,0,3.941573446736944,3.299050930343698,0.40764331210191085,0.5648148148148148,5.065545472933486,central,0.24390243902439024,0.7804878048780488,0.4878048780487805,,,0.29268292682926833,0.24390243902439024,0.5365853658536586,,,C-post-confirmatory-evidence-preserving
natural-scarcity,102,play-late,airpush,federation-wide,2173,318,5,0,3.941573446736944,3.299050930343698,0.40764331210191085,0.5648148148148148,5.065545472933486,central,0.5954901058444547,0.966405890473999,0.8196042337781868,,,0.14680165669581224,0.2241141279337321,0.37091578462954433,,,C-post-confirmatory-evidence-preserving
natural-scarcity,102,play-late,leadbolt,own-domain,17,93,0,0,3.931603430271893,3.1815421751526913,0.48554913294797686,0.5855855855855856,4.943091454128165,central,0.5882352941176471,0.8235294117647058,0.11764705882352941,,,0.7058823529411764,-0.47058823529411764,0.23529411764705876,,,C-post-confirmatory-evidence-preserving
natural-scarcity,102,play-late,leadbolt,federation-wide,738,93,0,0,3.931603430271893,3.1815421751526913,0.48554913294797686,0.5855855855855856,4.943091454128165,central,0.45121951219512196,0.9607046070460704,0.6111111111111112,,,0.34959349593495925,0.1598915989159892,0.5094850948509484,,,C-post-confirmatory-evidence-preserving
natural-scarcity,102,anzhi,airpush,own-domain,38,308,15,0,3.1646442592695436,2.4387656712048607,0.4965034965034965,0.44954128440366975,2.8782572449505377,central,0.8157894736842105,0.9736842105263158,0.9210526315789473,,,0.052631578947368474,0.10526315789473684,0.1578947368421053,,,C-post-confirmatory-evidence-preserving
natural-scarcity,102,anzhi,airpush,federation-wide,2173,308,15,0,3.1646442592695436,2.4387656712048607,0.4965034965034965,0.44954128440366975,2.8782572449505377,central,0.4081914404049701,0.7225034514496088,0.5977910722503451,,,0.1247123791992637,0.18959963184537504,0.31431201104463874,,,C-post-confirmatory-evidence-preserving
natural-scarcity,102,anzhi,leadbolt,own-domain,16,90,3,0,3.4858453752450482,2.936987304690667,0.5298507462686567,0.4594594594594595,3.308787724516604,central,0.75,0.75,0.75,,,0.0,0.0,0.0,,,C-post-confirmatory-evidence-preserving
natural-scarcity,102,anzhi,leadbolt,federation-wide,738,90,3,0,3.4858453752450482,2.936987304690667,0.5298507462686567,0.4594594594594595,3.308787724516604,central,0.13279132791327913,0.4186991869918699,0.12466124661246612,,,0.2940379403794038,-0.00813008130081301,0.2859078590785908,,,C-post-confirmatory-evidence-preserving
natural-scarcity,102,appchina,dowgin,own-domain,219,1552,96,0,2.7840436797055097,2.028478578563196,0.5855855855855856,0.5974025974025974,2.2511865300687086,central,0.5342465753424658,0.5981735159817352,0.6757990867579908,,,-0.07762557077625565,0.14155251141552505,0.0639269406392694,,,C-post-confirmatory-evidence-preserving
natural-scarcity,102,appchina,dowgin,federation-wide,5125,1552,96,0,2.7840436797055097,2.028478578563196,0.5855855855855856,0.5974025974025974,2.2511865300687086,central,0.6844878048780488,0.8113170731707318,0.8415609756097561,,,-0.030243902439024306,0.15707317073170723,0.12682926829268293,,,C-post-confirmatory-evidence-preserving
natural-scarcity,102,appchina,revmob,own-domain,16,63,4,0,5.154093328922038,3.4412326628859993,0.49390243902439024,0.2605633802816901,4.025907369461369,central,0.0625,0.125,0.0,,,0.125,-0.0625,0.0625,,,C-post-confirmatory-evidence-preserving
natural-scarcity,102,appchina,revmob,federation-wide,432,63,4,0,5.154093328922038,3.4412326628859993,0.49390243902439024,0.2605633802816901,4.025907369461369,central,0.08564814814814815,0.23148148148148148,0.07175925925925926,,,0.1597222222222222,-0.013888888888888895,0.14583333333333331,,,C-post-confirmatory-evidence-preserving
natural-scarcity,103,play-early,adwo,own-domain,19,328,1,0,3.9766767103941167,2.73524254983272,0.49122807017543857,0.5568181818181818,3.9759678258931173,central,0.8421052631578947,0.9473684210526315,0.9473684210526315,,,0.0,0.10526315789473684,0.10526315789473684,,,C-post-confirmatory-evidence-preserving
natural-scarcity,103,play-early,adwo,federation-wide,808,328,1,0,3.9766767103941167,2.73524254983272,0.49122807017543857,0.5568181818181818,3.9759678258931173,central,0.875,0.9764851485148515,0.9529702970297029,,,0.023514851485148536,0.07797029702970293,0.10148514851485146,,,C-post-confirmatory-evidence-preserving
natural-scarcity,103,play-early,dowgin,own-domain,18,1758,0,0,3.7692123449960926,1.98864549209988,0.48148148148148145,0.6025641025641025,3.5334382283962453,central,0.5,0.6666666666666666,0.6666666666666666,,,0.0,0.16666666666666663,0.16666666666666663,,,C-post-confirmatory-evidence-preserving
natural-scarcity,103,play-early,dowgin,federation-wide,5418,1758,0,0,3.7692123449960926,1.98864549209988,0.48148148148148145,0.6025641025641025,3.5334382283962453,central,0.5764119601328903,0.9868955334071613,0.9601328903654485,,,0.02676264304171283,0.38372093023255816,0.410483573274271,,,C-post-confirmatory-evidence-preserving
natural-scarcity,103,play-early,gappusin,own-domain,39,417,5,0,3.488281681457124,1.8944150975956813,0.6666666666666666,0.5753424657534246,3.3704861603580847,central,0.7435897435897436,0.9743589743589743,0.9487179487179487,,,0.02564102564102566,0.20512820512820507,0.23076923076923073,,,C-post-confirmatory-evidence-preserving
natural-scarcity,103,play-early,gappusin,federation-wide,1705,417,5,0,3.488281681457124,1.8944150975956813,0.6666666666666666,0.5753424657534246,3.3704861603580847,central,0.5595307917888563,0.9788856304985337,0.8504398826979472,,,0.12844574780058648,0.2909090909090909,0.4193548387096774,,,C-post-confirmatory-evidence-preserving
natural-scarcity,103,play-late,airpush,own-domain,109,295,11,0,3.8748030593562257,3.171949638560111,0.4079601990049751,0.5754716981132075,5.03133171817899,central,0.6605504587155964,0.30275229357798167,0.1834862385321101,,,0.11926605504587157,-0.47706422018348627,-0.3577981651376147,,,C-post-confirmatory-evidence-preserving
natural-scarcity,103,play-late,airpush,federation-wide,3033,295,11,0,3.8748030593562257,3.171949638560111,0.4079601990049751,0.5754716981132075,5.03133171817899,central,0.7863501483679525,0.8602044180679196,0.7035938015166502,,,0.1566106165512694,-0.08275634685130229,0.07385426969996711,,,C-post-confirmatory-evidence-preserving
natural-scarcity,103,play-late,leadbolt,own-domain,56,97,1,0,3.9753236692567464,3.163370759889078,0.42424242424242425,0.580952380952381,5.026686720929465,central,0.875,0.9642857142857143,0.75,,,0.2142857142857143,-0.125,0.0892857142857143,,,C-post-confirmatory-evidence-preserving
natural-scarcity,103,play-late,leadbolt,federation-wide,909,97,1,0,3.9753236692567464,3.163370759889078,0.42424242424242425,0.580952380952381,5.026686720929465,central,0.5731573157315731,0.8602860286028603,0.5159515951595159,,,0.34433443344334436,-0.057205720572057195,0.28712871287128716,,,C-post-confirmatory-evidence-preserving
natural-scarcity,103,play-late,revmob,own-domain,18,62,1,0,5.192528175294071,4.215732781892256,0.4189189189189189,0.5,5.924207053239671,central,0.6666666666666666,0.6666666666666666,0.2777777777777778,,,0.38888888888888884,-0.38888888888888884,0.0,,,C-post-confirmatory-evidence-preserving
natural-scarcity,103,play-late,revmob,federation-wide,560,62,1,0,5.192528175294071,4.215732781892256,0.4189189189189189,0.5,5.924207053239671,central,0.4875,0.8714285714285714,0.28035714285714286,,,0.5910714285714286,-0.20714285714285713,0.38392857142857145,,,C-post-confirmatory-evidence-preserving
natural-scarcity,103,anzhi,airpush,own-domain,74,291,15,0,3.2362288741329523,2.454285202965225,0.4732824427480916,0.44339622641509435,3.092446973757604,central,0.9324324324324325,0.9864864864864865,0.9459459459459459,,,0.04054054054054057,0.013513513513513487,0.05405405405405406,,,C-post-confirmatory-evidence-preserving
natural-scarcity,103,anzhi,airpush,federation-wide,3033,291,15,0,3.2362288741329523,2.454285202965225,0.4732824427480916,0.44339622641509435,3.092446973757604,central,0.38641608968018465,0.6765578635014837,0.47444774151005603,,,0.2021101219914277,0.08803165182987138,0.2901417738212991,,,C-post-confirmatory-evidence-preserving
natural-scarcity,103,anzhi,leadbolt,own-domain,19,94,4,0,3.4467629535199045,2.8376613229534082,0.5555555555555556,0.46226415094339623,3.475447092076771,central,0.631578947368421,0.8421052631578947,0.6842105263157895,,,0.1578947368421052,0.052631578947368474,0.21052631578947367,,,C-post-confirmatory-evidence-preserving
natural-scarcity,103,anzhi,leadbolt,federation-wide,909,94,4,0,3.4467629535199045,2.8376613229534082,0.5555555555555556,0.46226415094339623,3.475447092076771,central,0.36633663366336633,0.4752475247524752,0.16061606160616063,,,0.3146314631463146,-0.2057205720572057,0.1089108910891089,,,C-post-confirmatory-evidence-preserving
natural-scarcity,103,appchina,dowgin,own-domain,221,1665,93,0,2.8323642659713424,2.0647150840139887,0.5692307692307692,0.5897435897435898,2.29116901620393,central,0.7104072398190046,0.5203619909502263,0.5294117647058824,,,-0.009049773755656076,-0.1809954751131222,-0.19004524886877827,,,C-post-confirmatory-evidence-preserving
natural-scarcity,103,appchina,dowgin,federation-wide,5418,1665,93,0,2.8323642659713424,2.0647150840139887,0.5692307692307692,0.5897435897435898,2.29116901620393,central,0.7617201919527501,0.7648578811369509,0.7716869693613879,,,-0.006829088224437063,0.009966777408637828,0.003137689184200765,,,C-post-confirmatory-evidence-preserving
natural-scarcity,103,appchina,revmob,own-domain,18,59,4,0,5.271710174225373,3.5754285862434068,0.5055555555555555,0.2733812949640288,4.150689673214761,central,0.2777777777777778,0.2777777777777778,0.05555555555555555,,,0.22222222222222224,-0.22222222222222224,0.0,,,C-post-confirmatory-evidence-preserving
natural-scarcity,103,appchina,revmob,federation-wide,560,59,4,0,5.271710174225373,3.5754285862434068,0.5055555555555555,0.2733812949640288,4.150689673214761,central,0.175,0.29642857142857143,0.04107142857142857,,,0.25535714285714284,-0.13392857142857142,0.12142857142857144,,,C-post-confirmatory-evidence-preserving
natural-scarcity,104,play-early,adwo,own-domain,31,330,5,0,3.9873579124307854,2.572299112410201,0.6526315789473685,0.550561797752809,4.0108563361087475,central,0.8709677419354839,0.9032258064516129,0.9032258064516129,,,0.0,0.032258064516129004,0.032258064516129004,,,C-post-confirmatory-evidence-preserving
natural-scarcity,104,play-early,adwo,federation-wide,871,330,5,0,3.9873579124307854,2.572299112410201,0.6526315789473685,0.550561797752809,4.0108563361087475,central,0.8300803673938002,0.9506314580941446,0.9242250287026407,,,0.02640642939150395,0.09414466130884047,0.12055109070034442,,,C-post-confirmatory-evidence-preserving
natural-scarcity,104,play-early,dowgin,own-domain,41,1636,1,0,3.710847113620101,1.979765940077789,0.48,0.6103896103896104,3.533457178565113,central,0.7560975609756098,0.8292682926829268,0.926829268292683,,,-0.09756097560975618,0.1707317073170732,0.07317073170731703,,,C-post-confirmatory-evidence-preserving
natural-scarcity,104,play-early,dowgin,federation-wide,6892,1636,1,0,3.710847113620101,1.979765940077789,0.48,0.6103896103896104,3.533457178565113,central,0.3290771909460244,0.9804120719674986,0.9679338363319792,,,0.012478235635519419,0.6388566453859548,0.6513348810214742,,,C-post-confirmatory-evidence-preserving
natural-scarcity,104,play-early,gappusin,own-domain,43,405,5,0,3.414725477434504,1.9234913733739984,0.6039603960396039,0.6052631578947368,3.378005973571148,central,0.7209302325581395,0.9534883720930233,0.9767441860465116,,,-0.023255813953488302,0.2558139534883721,0.2325581395348838,,,C-post-confirmatory-evidence-preserving
natural-scarcity,104,play-early,gappusin,federation-wide,1505,405,5,0,3.414725477434504,1.9234913733739984,0.6039603960396039,0.6052631578947368,3.378005973571148,central,0.6312292358803987,0.9548172757475083,0.8538205980066446,,,0.10099667774086374,0.22259136212624586,0.3235880398671096,,,C-post-confirmatory-evidence-preserving
natural-scarcity,104,play-late,airpush,own-domain,68,323,7,0,3.8047553110853087,3.6864793163873726,0.4947916666666667,0.44755244755244755,4.935231133478014,central,0.3235294117647059,0.6176470588235294,0.4264705882352941,,,0.19117647058823534,0.1029411764705882,0.29411764705882354,,,C-post-confirmatory-evidence-preserving
natural-scarcity,104,play-late,airpush,federation-wide,2316,323,7,0,3.8047553110853087,3.6864793163873726,0.4947916666666667,0.44755244755244755,4.935231133478014,central,0.5898100172711571,0.9572538860103627,0.7258203799654577,,,0.23143350604490498,0.13601036269430056,0.36744386873920554,,,C-post-confirmatory-evidence-preserving
natural-scarcity,104,play-late,leadbolt,own-domain,70,95,1,0,3.8979731746473236,3.6806939361486073,0.509090909090909,0.5428571428571428,4.985718247293246,central,0.7142857142857143,0.8571428571428571,0.6571428571428571,,,0.19999999999999996,-0.05714285714285716,0.1428571428571428,,,C-post-confirmatory-evidence-preserving
natural-scarcity,104,play-late,leadbolt,federation-wide,875,95,1,0,3.8979731746473236,3.6806939361486073,0.509090909090909,0.5428571428571428,4.985718247293246,central,0.36457142857142855,0.8548571428571429,0.5302857142857142,,,0.3245714285714286,0.1657142857142857,0.4902857142857143,,,C-post-confirmatory-evidence-preserving
natural-scarcity,104,anzhi,airpush,own-domain,42,310,20,0,3.386545680288809,2.6710520347971243,0.3869047619047619,0.3472222222222222,3.062590531226897,central,0.6666666666666666,1.0,0.9523809523809523,,,0.04761904761904767,0.2857142857142857,0.33333333333333337,,,C-post-confirmatory-evidence-preserving
natural-scarcity,104,anzhi,airpush,federation-wide,2316,310,20,0,3.386545680288809,2.6710520347971243,0.3869047619047619,0.3472222222222222,3.062590531226897,central,0.4067357512953368,0.616580310880829,0.44905008635578586,,,0.16753022452504313,0.04231433506044907,0.2098445595854922,,,C-post-confirmatory-evidence-preserving
natural-scarcity,104,anzhi,leadbolt,own-domain,15,90,6,0,3.401842140946528,2.7419227348830546,0.5658914728682171,0.4766355140186916,3.195453427419076,central,0.13333333333333333,0.3333333333333333,0.26666666666666666,,,0.06666666666666665,0.13333333333333333,0.19999999999999998,,,C-post-confirmatory-evidence-preserving
natural-scarcity,104,anzhi,leadbolt,federation-wide,875,90,6,0,3.401842140946528,2.7419227348830546,0.5658914728682171,0.4766355140186916,3.195453427419076,central,0.08685714285714285,0.25942857142857145,0.07657142857142857,,,0.18285714285714288,-0.010285714285714287,0.1725714285714286,,,C-post-confirmatory-evidence-preserving
natural-scarcity,104,appchina,dowgin,own-domain,297,1556,81,0,2.728184140606838,2.0179177711483276,0.53,0.6052631578947368,2.25963881803825,central,0.632996632996633,0.6195286195286195,0.6127946127946128,,,0.006734006734006703,-0.02020202020202022,-0.013468013468013518,,,C-post-confirmatory-evidence-preserving
natural-scarcity,104,appchina,dowgin,federation-wide,6892,1556,81,0,2.728184140606838,2.0179177711483276,0.53,0.6052631578947368,2.25963881803825,central,0.6997968659315148,0.7948345908299478,0.7706035983749274,,,0.02423099245502036,0.07080673244341262,0.09503772489843298,,,C-post-confirmatory-evidence-preserving
natural-scarcity,104,appchina,hiddad,own-domain,25,39,6,0,4.804769520458836,3.7300858266576014,0.39171974522292996,0.2027491408934708,4.18563070815971,central,0.68,0.84,0.8,,,0.039999999999999925,0.12,0.15999999999999992,,,C-post-confirmatory-evidence-preserving
natural-scarcity,104,appchina,hiddad,federation-wide,568,39,6,0,4.804769520458836,3.7300858266576014,0.39171974522292996,0.2027491408934708,4.18563070815971,central,0.08274647887323944,0.0880281690140845,0.09683098591549295,,,-0.008802816901408453,0.014084507042253516,0.005281690140845063,,,C-post-confirmatory-evidence-preserving
natural-scarcity,104,appchina,revmob,own-domain,23,45,4,0,4.524958748393709,2.517907382573409,0.5277777777777778,0.26490066225165565,3.3137832016755757,central,0.17391304347826086,0.34782608695652173,0.043478260869565216,,,0.30434782608695654,-0.13043478260869565,0.17391304347826086,,,C-post-confirmatory-evidence-preserving
natural-scarcity,104,appchina,revmob,federation-wide,620,45,4,0,4.524958748393709,2.517907382573409,0.5277777777777778,0.26490066225165565,3.3137832016755757,central,0.1,0.2435483870967742,0.03870967741935484,,,0.20483870967741935,-0.061290322580645165,0.1435483870967742,,,C-post-confirmatory-evidence-preserving
natural-scarcity,105,play-early,adwo,own-domain,24,288,4,0,3.9622375116260793,2.808204127281425,0.47586206896551725,0.550561797752809,4.011764169429435,central,0.7916666666666666,0.875,0.8333333333333334,,,0.04166666666666663,0.04166666666666674,0.08333333333333337,,,C-post-confirmatory-evidence-preserving
natural-scarcity,105,play-early,adwo,federation-wide,1105,288,4,0,3.9622375116260793,2.808204127281425,0.47586206896551725,0.550561797752809,4.011764169429435,central,0.7420814479638009,0.9429864253393665,0.9330316742081448,,,0.009954751131221684,0.19095022624434388,0.20090497737556556,,,C-post-confirmatory-evidence-preserving
natural-scarcity,105,play-early,gappusin,own-domain,44,445,3,0,3.3845949536777873,2.0752116733448007,0.4957983193277311,0.6197183098591549,3.35721108975858,central,0.6363636363636364,0.7954545454545454,0.8409090909090909,,,-0.045454545454545525,0.20454545454545459,0.15909090909090906,,,C-post-confirmatory-evidence-preserving
natural-scarcity,105,play-early,gappusin,federation-wide,1572,445,3,0,3.3845949536777873,2.0752116733448007,0.4957983193277311,0.6197183098591549,3.35721108975858,central,0.4351145038167939,0.8912213740458015,0.7391857506361323,,,0.15203562340966914,0.30407124681933845,0.4561068702290076,,,C-post-confirmatory-evidence-preserving
natural-scarcity,105,play-late,airpush,own-domain,68,363,3,0,3.8298271619846593,3.7835916894727317,0.41954022988505746,0.45774647887323944,5.027772361261663,central,0.17647058823529413,0.5735294117647058,0.39705882352941174,,,0.1764705882352941,0.2205882352941176,0.3970588235294117,,,C-post-confirmatory-evidence-preserving
natural-scarcity,105,play-late,airpush,federation-wide,2397,363,3,0,3.8298271619846593,3.7835916894727317,0.41954022988505746,0.45774647887323944,5.027772361261663,central,0.43763037129745513,0.9561952440550688,0.7309136420525657,,,0.22528160200250313,0.29328327075511057,0.5185648727576138,,,C-post-confirmatory-evidence-preserving
natural-scarcity,105,play-late,leadbolt,own-domain,57,95,3,0,3.9124241995901867,3.7028331746881396,0.35714285714285715,0.5576923076923077,5.05584849910753,central,0.9122807017543859,0.9649122807017544,0.03508771929824561,,,0.9298245614035088,-0.8771929824561403,0.052631578947368474,,,C-post-confirmatory-evidence-preserving
natural-scarcity,105,play-late,leadbolt,federation-wide,905,95,3,0,3.9124241995901867,3.7028331746881396,0.35714285714285715,0.5576923076923077,5.05584849910753,central,0.5734806629834254,0.8740331491712707,0.3392265193370166,,,0.5348066298342542,-0.23425414364640879,0.30055248618784536,,,C-post-confirmatory-evidence-preserving
natural-scarcity,105,play-late,revmob,own-domain,15,60,3,0,4.380511409379359,3.9932342449393268,0.4166666666666667,0.4533333333333333,5.341344042528846,central,0.8666666666666667,1.0,0.0,,,1.0,-0.8666666666666667,0.1333333333333333,,,C-post-confirmatory-evidence-preserving
natural-scarcity,105,play-late,revmob,federation-wide,944,60,3,0,4.380511409379359,3.9932342449393268,0.4166666666666667,0.4533333333333333,5.341344042528846,central,0.1875,0.8188559322033898,0.11334745762711865,,,0.7055084745762712,-0.07415254237288135,0.6313559322033898,,,C-post-confirmatory-evidence-preserving
natural-scarcity,105,anzhi,airpush,own-domain,53,349,17,0,3.3866240643321075,2.6938072479518596,0.3872832369942196,0.35664335664335667,3.2085555901454654,central,0.8867924528301887,1.0,0.9245283018867925,,,0.07547169811320753,0.037735849056603765,0.1132075471698113,,,C-post-confirmatory-evidence-preserving
natural-scarcity,105,anzhi,airpush,federation-wide,2397,349,17,0,3.3866240643321075,2.6938072479518596,0.3872832369942196,0.35664335664335667,3.2085555901454654,central,0.39173967459324155,0.7204839382561535,0.5160617438464747,,,0.2044221944096788,0.12432206925323319,0.328744263662912,,,C-post-confirmatory-evidence-preserving
natural-scarcity,105,anzhi,hiddad,own-domain,20,35,8,0,4.6810134537787365,4.561360983798329,0.25333333333333335,0.21863799283154123,4.6294081615930684,central,0.75,0.6,0.8,,,-0.20000000000000007,0.050000000000000044,-0.15000000000000002,,,C-post-confirmatory-evidence-preserving
natural-scarcity,105,anzhi,hiddad,federation-wide,598,35,8,0,4.6810134537787365,4.561360983798329,0.25333333333333335,0.21863799283154123,4.6294081615930684,central,0.5769230769230769,0.14715719063545152,0.1705685618729097,,,-0.02341137123745818,-0.4063545150501672,-0.42976588628762535,,,C-post-confirmatory-evidence-preserving
natural-scarcity,105,anzhi,leadbolt,own-domain,17,90,8,0,3.449575321478912,2.8611854861848895,0.5932203389830508,0.49514563106796117,3.486313601348835,central,0.47058823529411764,0.5294117647058824,0.35294117647058826,,,0.1764705882352941,-0.11764705882352938,0.05882352941176472,,,C-post-confirmatory-evidence-preserving
natural-scarcity,105,anzhi,leadbolt,federation-wide,905,90,8,0,3.449575321478912,2.8611854861848895,0.5932203389830508,0.49514563106796117,3.486313601348835,central,0.1558011049723757,0.4154696132596685,0.11602209944751381,,,0.29944751381215473,-0.039779005524861896,0.2596685082872928,,,C-post-confirmatory-evidence-preserving
natural-scarcity,105,appchina,dowgin,own-domain,267,1593,76,0,2.7957748489819725,2.0956157516088187,0.6320754716981132,0.5822784810126582,2.2350507614607555,central,0.6217228464419475,0.7303370786516854,0.7228464419475655,,,0.0074906367041198685,0.101123595505618,0.10861423220973787,,,C-post-confirmatory-evidence-preserving
natural-scarcity,105,appchina,dowgin,federation-wide,6444,1593,76,0,2.7957748489819725,2.0956157516088187,0.6320754716981132,0.5822784810126582,2.2350507614607555,central,0.7276536312849162,0.8814400993171942,0.8707324643078833,,,0.010707635009310934,0.1430788330229671,0.15378646803227802,,,C-post-confirmatory-evidence-preserving
natural-scarcity,105,appchina,hiddad,own-domain,19,40,3,0,4.758214320441572,3.9547196338222257,0.391304347826087,0.20714285714285716,4.050076723944937,central,0.7894736842105263,0.7368421052631579,0.9473684210526315,,,-0.21052631578947367,0.1578947368421052,-0.052631578947368474,,,C-post-confirmatory-evidence-preserving
natural-scarcity,105,appchina,hiddad,federation-wide,598,40,3,0,4.758214320441572,3.9547196338222257,0.391304347826087,0.20714285714285716,4.050076723944937,central,0.14046822742474915,0.14715719063545152,0.1705685618729097,,,-0.02341137123745818,0.030100334448160543,0.0066889632107023644,,,C-post-confirmatory-evidence-preserving
natural-scarcity,105,appchina,revmob,own-domain,17,58,5,0,4.5496164880062135,2.552667256749836,0.5217391304347826,0.2565789473684211,3.252390698444515,central,0.058823529411764705,0.17647058823529413,0.058823529411764705,,,0.11764705882352942,0.0,0.11764705882352942,,,C-post-confirmatory-evidence-preserving
natural-scarcity,105,appchina,revmob,federation-wide,944,58,5,0,4.5496164880062135,2.552667256749836,0.5217391304347826,0.2565789473684211,3.252390698444515,central,0.05826271186440678,0.1260593220338983,0.020127118644067795,,,0.1059322033898305,-0.03813559322033898,0.06779661016949153,,,C-post-confirmatory-evidence-preserving
natural-scarcity,106,play-early,adwo,own-domain,21,305,2,0,3.903735387833555,2.6318152501384997,0.6382978723404256,0.5930232558139535,3.988559183452602,central,0.9047619047619048,0.9523809523809523,0.9047619047619048,,,0.04761904761904756,0.0,0.04761904761904756,,,C-post-confirmatory-evidence-preserving
natural-scarcity,106,play-early,adwo,federation-wide,1076,305,2,0,3.903735387833555,2.6318152501384997,0.6382978723404256,0.5930232558139535,3.988559183452602,central,0.8838289962825279,0.9646840148698885,0.9507434944237918,,,0.013940520446096727,0.06691449814126393,0.08085501858736066,,,C-post-confirmatory-evidence-preserving
natural-scarcity,106,play-early,dowgin,own-domain,19,1630,0,0,3.6705825842784656,2.1245599011554614,0.45038167938931295,0.6052631578947368,3.5121127171326023,central,0.7368421052631579,1.0,0.6842105263157895,,,0.3157894736842105,-0.05263157894736836,0.26315789473684215,,,C-post-confirmatory-evidence-preserving
natural-scarcity,106,play-early,dowgin,federation-wide,6190,1630,0,0,3.6705825842784656,2.1245599011554614,0.45038167938931295,0.6052631578947368,3.5121127171326023,central,0.5407108239095315,0.9823909531502423,0.9717285945072698,,,0.010662358642972491,0.43101777059773827,0.44168012924071076,,,C-post-confirmatory-evidence-preserving
natural-scarcity,106,play-early,gappusin,own-domain,39,486,4,0,3.4088946343306543,2.0984111062129496,0.4573643410852713,0.6027397260273972,3.387903484891316,central,0.7435897435897436,0.9230769230769231,0.9230769230769231,,,0.0,0.17948717948717952,0.17948717948717952,,,C-post-confirmatory-evidence-preserving
natural-scarcity,106,play-early,gappusin,federation-wide,1509,486,4,0,3.4088946343306543,2.0984111062129496,0.4573643410852713,0.6027397260273972,3.387903484891316,central,0.4532803180914513,0.9350563286944996,0.9105367793240556,,,0.024519549370443983,0.4572564612326043,0.4817760106030483,,,C-post-confirmatory-evidence-preserving
natural-scarcity,106,play-late,airpush,own-domain,91,310,1,0,3.947643948194436,3.485686029501185,0.4678362573099415,0.5607476635514018,5.072938538457431,central,0.16483516483516483,0.3626373626373626,0.24175824175824176,,,0.12087912087912087,0.07692307692307693,0.1978021978021978,,,C-post-confirmatory-evidence-preserving
natural-scarcity,106,play-late,airpush,federation-wide,2618,310,1,0,3.947643948194436,3.485686029501185,0.4678362573099415,0.5607476635514018,5.072938538457431,central,0.660427807486631,0.8666921313980137,0.7062643239113827,,,0.160427807486631,0.04583651642475173,0.20626432391138272,,,C-post-confirmatory-evidence-preserving
natural-scarcity,106,play-late,leadbolt,own-domain,18,100,5,0,3.946853533384819,3.2835814367006098,0.4682080924855491,0.5727272727272728,4.972925952623034,central,0.7222222222222222,0.8888888888888888,0.3888888888888889,,,0.49999999999999994,-0.3333333333333333,0.16666666666666663,,,C-post-confirmatory-evidence-preserving
natural-scarcity,106,play-late,leadbolt,federation-wide,745,100,5,0,3.946853533384819,3.2835814367006098,0.4682080924855491,0.5727272727272728,4.972925952623034,central,0.7557046979865771,0.9073825503355705,0.6389261744966444,,,0.2684563758389261,-0.11677852348993278,0.15167785234899334,,,C-post-confirmatory-evidence-preserving
natural-scarcity,106,play-late,revmob,own-domain,17,51,1,0,4.722235604831395,4.0017209810957,0.5,0.5208333333333334,5.527102434673108,central,0.7058823529411765,1.0,0.17647058823529413,,,0.8235294117647058,-0.5294117647058824,0.2941176470588235,,,C-post-confirmatory-evidence-preserving
natural-scarcity,106,play-late,revmob,federation-wide,540,51,1,0,4.722235604831395,4.0017209810957,0.5,0.5208333333333334,5.527102434673108,central,0.6240740740740741,0.8851851851851852,0.31296296296296294,,,0.5722222222222222,-0.31111111111111117,0.26111111111111107,,,C-post-confirmatory-evidence-preserving
natural-scarcity,106,anzhi,airpush,own-domain,76,293,18,0,3.212114998760204,2.405947436398242,0.5035460992907801,0.4351851851851852,2.865563551550423,central,0.8947368421052632,0.9868421052631579,0.9736842105263158,,,0.013157894736842035,0.07894736842105265,0.09210526315789469,,,C-post-confirmatory-evidence-preserving
natural-scarcity,106,anzhi,airpush,federation-wide,2618,293,18,0,3.212114998760204,2.405947436398242,0.5035460992907801,0.4351851851851852,2.865563551550423,central,0.35294117647058826,0.5905271199388846,0.4449961802902979,,,0.1455309396485867,0.09205500381970966,0.23758594346829637,,,C-post-confirmatory-evidence-preserving
natural-scarcity,106,anzhi,leadbolt,own-domain,16,100,5,0,3.430256519692081,2.8070121886899573,0.576,0.46296296296296297,3.2005698718007696,central,0.625,0.6875,0.625,,,0.0625,0.0,0.0625,,,C-post-confirmatory-evidence-preserving
natural-scarcity,106,anzhi,leadbolt,federation-wide,745,100,5,0,3.430256519692081,2.8070121886899573,0.576,0.46296296296296297,3.2005698718007696,central,0.13154362416107382,0.42416107382550333,0.16241610738255033,,,0.261744966442953,0.03087248322147651,0.2926174496644295,,,C-post-confirmatory-evidence-preserving
natural-scarcity,106,appchina,dowgin,own-domain,294,1550,80,0,2.799507018664249,1.9756299517842257,0.5855855855855856,0.6052631578947368,2.2641837367737616,central,0.6122448979591837,0.6020408163265306,0.564625850340136,,,0.0374149659863946,-0.04761904761904767,-0.010204081632653073,,,C-post-confirmatory-evidence-preserving
natural-scarcity,106,appchina,dowgin,federation-wide,6190,1550,80,0,2.799507018664249,1.9756299517842257,0.5855855855855856,0.6052631578947368,2.2641837367737616,central,0.7292407108239095,0.7907915993537964,0.7815831987075929,,,0.00920840064620354,0.05234248788368334,0.06155088852988688,,,C-post-confirmatory-evidence-preserving
natural-scarcity,106,appchina,hiddad,own-domain,17,32,2,0,5.816059409992411,4.834028059154069,0.35986159169550175,0.19172932330827067,5.211489646757708,central,0.8235294117647058,0.7058823529411765,0.7058823529411765,,,0.0,-0.11764705882352933,-0.11764705882352933,,,C-post-confirmatory-evidence-preserving
natural-scarcity,106,appchina,hiddad,federation-wide,313,32,2,0,5.816059409992411,4.834028059154069,0.35986159169550175,0.19172932330827067,5.211489646757708,central,0.4504792332268371,0.3003194888178914,0.24281150159744408,,,0.05750798722044731,-0.207667731629393,-0.1501597444089457,,,C-post-confirmatory-evidence-preserving
natural-scarcity,106,appchina,revmob,own-domain,19,46,6,0,4.827420354801401,2.794751629754864,0.5806451612903226,0.25,3.5531588039550406,central,0.15789473684210525,0.15789473684210525,0.05263157894736842,,,0.10526315789473684,-0.10526315789473684,0.0,,,C-post-confirmatory-evidence-preserving
natural-scarcity,106,appchina,revmob,federation-wide,540,46,6,0,4.827420354801401,2.794751629754864,0.5806451612903226,0.25,3.5531588039550406,central,0.07037037037037037,0.18333333333333332,0.037037037037037035,,,0.14629629629629629,-0.03333333333333334,0.11296296296296295,,,C-post-confirmatory-evidence-preserving
natural-scarcity,107,play-early,adwo,own-domain,25,323,0,0,3.9415474980725045,2.7918480298520834,0.4689655172413793,0.5977011494252874,3.972222254958133,central,0.96,0.92,0.92,,,0.0,-0.039999999999999925,-0.039999999999999925,,,C-post-confirmatory-evidence-preserving
natural-scarcity,107,play-early,adwo,federation-wide,955,323,0,0,3.9415474980725045,2.7918480298520834,0.4689655172413793,0.5977011494252874,3.972222254958133,central,0.8910994764397906,0.956020942408377,0.9026178010471204,,,0.05340314136125657,0.011518324607329822,0.06492146596858639,,,C-post-confirmatory-evidence-preserving
natural-scarcity,107,play-early,gappusin,own-domain,42,461,2,0,3.4057644333892925,2.1538773317003037,0.4666666666666667,0.6338028169014085,3.3515244363114522,central,0.7619047619047619,0.8571428571428571,0.9047619047619048,,,-0.04761904761904767,0.1428571428571429,0.09523809523809523,,,C-post-confirmatory-evidence-preserving
natural-scarcity,107,play-early,gappusin,federation-wide,1272,461,2,0,3.4057644333892925,2.1538773317003037,0.4666666666666667,0.6338028169014085,3.3515244363114522,central,0.5660377358490566,0.9591194968553459,0.8639937106918238,,,0.09512578616352207,0.29795597484276726,0.39308176100628933,,,C-post-confirmatory-evidence-preserving
natural-scarcity,107,play-late,airpush,own-domain,37,294,10,0,3.7466409884889287,3.430799967523902,0.3855421686746988,0.5754716981132075,5.012108468396904,central,0.43243243243243246,0.4594594594594595,0.43243243243243246,,,0.02702702702702703,0.0,0.02702702702702703,,,C-post-confirmatory-evidence-preserving
natural-scarcity,107,play-late,airpush,federation-wide,3019,294,10,0,3.7466409884889287,3.430799967523902,0.3855421686746988,0.5754716981132075,5.012108468396904,central,0.8896985756873137,0.906922822126532,0.8807552169592581,,,0.0261676051672739,-0.008943358728055628,0.01722424643921827,,,C-post-confirmatory-evidence-preserving
natural-scarcity,107,play-late,leadbolt,own-domain,27,106,6,0,3.815679993376209,3.310070659143962,0.4074074074074074,0.5663716814159292,4.984720916366384,central,0.7037037037037037,0.8518518518518519,0.1111111111111111,,,0.7407407407407407,-0.5925925925925926,0.14814814814814814,,,C-post-confirmatory-evidence-preserving
natural-scarcity,107,play-late,leadbolt,federation-wide,759,106,6,0,3.815679993376209,3.310070659143962,0.4074074074074074,0.5663716814159292,4.984720916366384,central,0.8735177865612648,0.9578392621870883,0.6324110671936759,,,0.32542819499341236,-0.24110671936758887,0.08432147562582348,,,C-post-confirmatory-evidence-preserving
natural-scarcity,107,play-late,revmob,own-domain,21,57,1,0,4.821862546734952,4.219233249070651,0.42391304347826086,0.43537414965986393,5.689866914198454,central,0.8095238095238095,1.0,0.19047619047619047,,,0.8095238095238095,-0.6190476190476191,0.19047619047619047,,,C-post-confirmatory-evidence-preserving
natural-scarcity,107,play-late,revmob,federation-wide,483,57,1,0,4.821862546734952,4.219233249070651,0.42391304347826086,0.43537414965986393,5.689866914198454,central,0.639751552795031,0.8405797101449275,0.34575569358178054,,,0.49482401656314695,-0.2939958592132505,0.20082815734989645,,,C-post-confirmatory-evidence-preserving
natural-scarcity,107,anzhi,airpush,own-domain,83,288,16,0,3.2927184454512823,2.547448572497638,0.4552238805970149,0.4485981308411215,2.953740711733043,central,0.9397590361445783,1.0,0.9879518072289156,,,0.012048192771084376,0.04819277108433728,0.06024096385542166,,,C-post-confirmatory-evidence-preserving
natural-scarcity,107,anzhi,airpush,federation-wide,3019,288,16,0,3.2927184454512823,2.547448572497638,0.4552238805970149,0.4485981308411215,2.953740711733043,central,0.6588274263000994,0.7098376946008612,0.6425968863862206,,,0.06724080821464062,-0.016230539913878794,0.05101026830076183,,,C-post-confirmatory-evidence-preserving
natural-scarcity,107,anzhi,leadbolt,own-domain,22,108,4,0,3.4915871000246486,2.911711283679886,0.5461538461538461,0.46017699115044247,3.2871274967602497,central,0.3181818181818182,0.6363636363636364,0.36363636363636365,,,0.2727272727272727,0.04545454545454547,0.3181818181818182,,,C-post-confirmatory-evidence-preserving
natural-scarcity,107,anzhi,leadbolt,federation-wide,759,108,4,0,3.4915871000246486,2.911711283679886,0.5461538461538461,0.46017699115044247,3.2871274967602497,central,0.15942028985507245,0.5059288537549407,0.17786561264822134,,,0.32806324110671936,0.018445322793148894,0.3465085638998682,,,C-post-confirmatory-evidence-preserving
natural-scarcity,107,appchina,dowgin,own-domain,297,1610,85,0,2.8130872238146187,2.0698789117775798,0.5353535353535354,0.5974025974025974,2.2683496944620907,central,0.5589225589225589,0.6531986531986532,0.531986531986532,,,0.12121212121212122,-0.026936026936026924,0.09427609427609429,,,C-post-confirmatory-evidence-preserving
natural-scarcity,107,appchina,dowgin,federation-wide,5755,1610,85,0,2.8130872238146187,2.0698789117775798,0.5353535353535354,0.5974025974025974,2.2683496944620907,central,0.717115551694179,0.8587315377932233,0.8201563857515204,,,0.03857515204170292,0.10304083405734143,0.14161598609904436,,,C-post-confirmatory-evidence-preserving
natural-scarcity,107,appchina,revmob,own-domain,23,47,11,0,4.95846460628579,3.2911416290267845,0.5081081081081081,0.2857142857142857,3.78885646342401,central,0.30434782608695654,0.34782608695652173,0.043478260869565216,,,0.30434782608695654,-0.26086956521739135,0.04347826086956519,,,C-post-confirmatory-evidence-preserving
natural-scarcity,107,appchina,revmob,federation-wide,483,47,11,0,4.95846460628579,3.2911416290267845,0.5081081081081081,0.2857142857142857,3.78885646342401,central,0.41200828157349895,0.28778467908902694,0.09523809523809523,,,0.1925465838509317,-0.3167701863354037,-0.124223602484472,,,C-post-confirmatory-evidence-preserving
natural-scarcity,108,play-early,dowgin,own-domain,25,1760,2,0,3.7395470353256175,1.8907344354833384,0.47706422018348627,0.5974025974025974,3.5403692862644496,central,0.56,0.84,0.92,,,-0.08000000000000007,0.36,0.2799999999999999,,,C-post-confirmatory-evidence-preserving
natural-scarcity,108,play-early,dowgin,federation-wide,5256,1760,2,0,3.7395470353256175,1.8907344354833384,0.47706422018348627,0.5974025974025974,3.5403692862644496,central,0.4655631659056317,0.9811643835616438,0.9729832572298326,,,0.008181126331811228,0.5074200913242009,0.5156012176560121,,,C-post-confirmatory-evidence-preserving
natural-scarcity,108,play-early,gappusin,own-domain,33,408,3,0,3.442945564854401,2.0328509554484198,0.5544554455445545,0.6301369863013698,3.3848008692433282,central,0.6666666666666666,0.9393939393939394,0.9393939393939394,,,0.0,0.2727272727272728,0.2727272727272728,,,C-post-confirmatory-evidence-preserving
natural-scarcity,108,play-early,gappusin,federation-wide,1754,408,3,0,3.442945564854401,2.0328509554484198,0.5544554455445545,0.6301369863013698,3.3848008692433282,central,0.42303306727480045,0.9310148232611174,0.9007981755986317,,,0.030216647662485663,0.4777651083238313,0.5079817559863169,,,C-post-confirmatory-evidence-preserving
natural-scarcity,108,play-late,airpush,own-domain,53,335,7,0,3.7756086161073785,3.5270685725504314,0.5055555555555555,0.5352112676056338,4.967075287068495,central,0.6981132075471698,0.7924528301886793,0.6792452830188679,,,0.1132075471698114,-0.018867924528301883,0.09433962264150952,,,C-post-confirmatory-evidence-preserving
natural-scarcity,108,play-late,airpush,federation-wide,2098,335,7,0,3.7756086161073785,3.5270685725504314,0.5055555555555555,0.5352112676056338,4.967075287068495,central,0.8693994280266921,0.955672068636797,0.8503336510962822,,,0.10533841754051476,-0.019065776930409895,0.08627264061010487,,,C-post-confirmatory-evidence-preserving
natural-scarcity,108,play-late,leadbolt,own-domain,25,113,5,0,3.8519984190220677,3.5214908593756764,0.5225806451612903,0.5514018691588785,5.030374777081079,central,0.96,0.92,0.08,,,0.8400000000000001,-0.88,-0.039999999999999925,,,C-post-confirmatory-evidence-preserving
natural-scarcity,108,play-late,leadbolt,federation-wide,770,113,5,0,3.8519984190220677,3.5214908593756764,0.5225806451612903,0.5514018691588785,5.030374777081079,central,0.9064935064935065,0.9597402597402598,0.5103896103896104,,,0.4493506493506494,-0.39610389610389607,0.05324675324675332,,,C-post-confirmatory-evidence-preserving
natural-scarcity,108,anzhi,airpush,own-domain,65,323,19,0,3.4390709485,2.778610146997106,0.3902439024390244,0.34507042253521125,3.2266370598971488,central,0.9846153846153847,1.0,0.9846153846153847,,,0.01538461538461533,0.0,0.01538461538461533,,,C-post-confirmatory-evidence-preserving
natural-scarcity,108,anzhi,airpush,federation-wide,2098,323,19,0,3.4390709485,2.778610146997106,0.3902439024390244,0.34507042253521125,3.2266370598971488,central,0.5886558627264061,0.7521448999046711,0.5414680648236415,,,0.21067683508102963,-0.04718779790276462,0.16348903717826502,,,C-post-confirmatory-evidence-preserving
natural-scarcity,108,anzhi,hiddad,own-domain,15,33,4,0,4.768250035217831,4.729756294841854,0.2655086848635236,0.2195945945945946,4.723471115131625,central,0.6666666666666666,0.4666666666666667,0.6666666666666666,,,-0.19999999999999996,0.0,-0.19999999999999996,,,C-post-confirmatory-evidence-preserving
natural-scarcity,108,anzhi,hiddad,federation-wide,270,33,4,0,4.768250035217831,4.729756294841854,0.2655086848635236,0.2195945945945946,4.723471115131625,central,0.34814814814814815,0.08148148148148149,0.09259259259259259,,,-0.0111111111111111,-0.25555555555555554,-0.26666666666666666,,,C-post-confirmatory-evidence-preserving
natural-scarcity,108,anzhi,leadbolt,own-domain,18,110,8,0,3.3786706091099146,2.772364320783517,0.5833333333333334,0.4807692307692308,3.391396098155503,central,0.5555555555555556,0.8333333333333334,0.6666666666666666,,,0.16666666666666674,0.11111111111111105,0.2777777777777778,,,C-post-confirmatory-evidence-preserving
natural-scarcity,108,anzhi,leadbolt,federation-wide,770,110,8,0,3.3786706091099146,2.772364320783517,0.5833333333333334,0.4807692307692308,3.391396098155503,central,0.36883116883116884,0.6233766233766234,0.11168831168831168,,,0.5116883116883116,-0.2571428571428572,0.2545454545454545,,,C-post-confirmatory-evidence-preserving
natural-scarcity,108,appchina,dowgin,own-domain,224,1650,112,0,2.727539460734239,2.0571446514179352,0.5151515151515151,0.5844155844155844,2.27253826526532,central,0.5044642857142857,0.5,0.4955357142857143,,,0.004464285714285698,-0.008928571428571397,-0.004464285714285698,,,C-post-confirmatory-evidence-preserving
natural-scarcity,108,appchina,dowgin,federation-wide,5256,1650,112,0,2.727539460734239,2.0571446514179352,0.5151515151515151,0.5844155844155844,2.27253826526532,central,0.6478310502283106,0.7867199391171994,0.7937595129375952,,,-0.0070395738203957725,0.1459284627092846,0.13888888888888884,,,C-post-confirmatory-evidence-preserving
natural-scarcity,108,appchina,revmob,own-domain,20,51,5,0,5.1977197558605015,3.575255044817998,0.5,0.2733812949640288,4.107857405453726,central,0.25,0.35,0.15,,,0.19999999999999998,-0.1,0.09999999999999998,,,C-post-confirmatory-evidence-preserving
natural-scarcity,108,appchina,revmob,federation-wide,594,51,5,0,5.1977197558605015,3.575255044817998,0.5,0.2733812949640288,4.107857405453726,central,0.13804713804713806,0.2946127946127946,0.04377104377104377,,,0.2508417508417508,-0.09427609427609429,0.15656565656565655,,,C-post-confirmatory-evidence-preserving
natural-scarcity,109,play-early,adwo,own-domain,17,327,3,0,3.9412159793888435,2.9253101032407587,0.48031496062992124,0.5730337078651685,4.03248150222727,central,0.8823529411764706,1.0,1.0,,,0.0,0.11764705882352944,0.11764705882352944,,,C-post-confirmatory-evidence-preserving
natural-scarcity,109,play-early,adwo,federation-wide,886,327,3,0,3.9412159793888435,2.9253101032407587,0.48031496062992124,0.5730337078651685,4.03248150222727,central,0.8148984198645598,0.9729119638826185,0.9627539503386005,,,0.010158013544018019,0.14785553047404065,0.15801354401805867,,,C-post-confirmatory-evidence-preserving
natural-scarcity,109,play-early,dowgin,own-domain,22,1640,3,0,3.664474494091998,2.031975109429163,0.48360655737704916,0.6103896103896104,3.5269841610892656,central,0.6818181818181818,0.6818181818181818,0.7727272727272727,,,-0.09090909090909094,0.09090909090909094,0.0,,,C-post-confirmatory-evidence-preserving
natural-scarcity,109,play-early,dowgin,federation-wide,5854,1640,3,0,3.664474494091998,2.031975109429163,0.48360655737704916,0.6103896103896104,3.5269841610892656,central,0.6414417492312948,0.9836009566108643,0.9765971984967543,,,0.007003758114110026,0.3351554492654595,0.3421592073795695,,,C-post-confirmatory-evidence-preserving
natural-scarcity,109,play-early,gappusin,own-domain,29,501,2,0,3.360705645630588,2.175254383023839,0.5363636363636364,0.6428571428571429,3.3667265441643783,central,0.8620689655172413,0.8620689655172413,0.8620689655172413,,,0.0,0.0,0.0,,,C-post-confirmatory-evidence-preserving
natural-scarcity,109,play-early,gappusin,federation-wide,1269,501,2,0,3.360705645630588,2.175254383023839,0.5363636363636364,0.6428571428571429,3.3667265441643783,central,0.5713159968479118,0.9448384554767534,0.8849487785657998,,,0.05988967691095359,0.313632781717888,0.3735224586288416,,,C-post-confirmatory-evidence-preserving
natural-scarcity,109,play-late,airpush,own-domain,38,311,2,0,3.98616600423671,3.529816324689799,0.3987341772151899,0.5769230769230769,5.080364828832805,central,0.6842105263157895,0.7631578947368421,0.2894736842105263,,,0.4736842105263158,-0.39473684210526316,0.07894736842105265,,,C-post-confirmatory-evidence-preserving
natural-scarcity,109,play-late,airpush,federation-wide,2241,311,2,0,3.98616600423671,3.529816324689799,0.3987341772151899,0.5769230769230769,5.080364828832805,central,0.7041499330655957,0.9544846050870147,0.7960731816153503,,,0.15841142347166437,0.09192324854975464,0.250334672021419,,,C-post-confirmatory-evidence-preserving
natural-scarcity,109,play-late,leadbolt,own-domain,17,86,4,0,4.086910314178141,3.456469418277132,0.37267080745341613,0.5576923076923077,5.104498376615295,central,0.8235294117647058,0.9411764705882353,0.6470588235294118,,,0.2941176470588235,-0.17647058823529405,0.11764705882352944,,,C-post-confirmatory-evidence-preserving
natural-scarcity,109,play-late,leadbolt,federation-wide,751,86,4,0,4.086910314178141,3.456469418277132,0.37267080745341613,0.5576923076923077,5.104498376615295,central,0.6005326231691078,0.8628495339547271,0.7243675099866844,,,0.13848202396804266,0.1238348868175766,0.26231691078561925,,,C-post-confirmatory-evidence-preserving
natural-scarcity,109,play-late,revmob,own-domain,21,44,1,0,4.591788834122513,3.8504293784231716,0.43915343915343913,0.5032258064516129,5.439069946059045,central,0.5238095238095238,0.8095238095238095,0.5238095238095238,,,0.2857142857142857,0.0,0.2857142857142857,,,C-post-confirmatory-evidence-preserving
natural-scarcity,109,play-late,revmob,federation-wide,665,44,1,0,4.591788834122513,3.8504293784231716,0.43915343915343913,0.5032258064516129,5.439069946059045,central,0.3007518796992481,0.8781954887218045,0.44511278195488724,,,0.4330827067669173,0.14436090225563913,0.5774436090225564,,,C-post-confirmatory-evidence-preserving
natural-scarcity,109,anzhi,airpush,own-domain,49,289,24,0,3.2875163602666326,2.5130429536304257,0.5,0.45794392523364486,3.1471922617015164,central,0.8571428571428571,0.9591836734693877,0.9387755102040817,,,0.020408163265306034,0.08163265306122458,0.10204081632653061,,,C-post-confirmatory-evidence-preserving
natural-scarcity,109,anzhi,airpush,federation-wide,2241,289,24,0,3.2875163602666326,2.5130429536304257,0.5,0.45794392523364486,3.1471922617015164,central,0.536813922356091,0.6501561802766622,0.571619812583668,,,0.07853636769299421,0.03480589022757696,0.11334225792057118,,,C-post-confirmatory-evidence-preserving
natural-scarcity,109,appchina,dowgin,own-domain,275,1559,84,0,2.8561878927743636,2.00652973923491,0.53125,0.5822784810126582,2.2919982570817248,central,0.5236363636363637,0.4036363636363636,0.5381818181818182,,,-0.13454545454545458,0.014545454545454528,-0.12000000000000005,,,C-post-confirmatory-evidence-preserving
natural-scarcity,109,appchina,dowgin,federation-wide,5854,1559,84,0,2.8561878927743636,2.00652973923491,0.53125,0.5822784810126582,2.2919982570817248,central,0.5809702767338571,0.7700717458148275,0.8025281858558251,,,-0.03245644004099757,0.22155790912196793,0.18910146908097036,,,C-post-confirmatory-evidence-preserving
natural-scarcity,109,appchina,revmob,own-domain,16,44,1,0,4.642245122699054,2.566454745345386,0.5675675675675675,0.2802547770700637,3.3502372454360487,central,0.1875,0.25,0.0625,,,0.1875,-0.125,0.0625,,,C-post-confirmatory-evidence-preserving
natural-scarcity,109,appchina,revmob,federation-wide,665,44,1,0,4.642245122699054,2.566454745345386,0.5675675675675675,0.2802547770700637,3.3502372454360487,central,0.11879699248120301,0.10676691729323308,0.05413533834586466,,,0.05263157894736842,-0.06466165413533835,-0.012030075187969932,,,C-post-confirmatory-evidence-preserving
model-family-replication-linear,100,play-early,airpush,own-domain,2012,193,0,179,3.4851187591887043,2.0991970287522332,0.6842105263157895,0.7291666666666666,3.5695988211341505,central,0.21222664015904572,0.577037773359841,0.4398608349900596,0.661530815109344,0.661530815109344,0.13717693836978134,0.2276341948310139,0.3648111332007953,0.4493041749502983,0.084493041749503,C-post-confirmatory-evidence-preserving
model-family-replication-linear,100,play-early,airpush,federation-wide,2433,193,0,179,3.4851187591887043,2.0991970287522332,0.6842105263157895,0.7291666666666666,3.5695988211341505,central,0.27209206740649405,0.6387176325524044,0.5145910398684751,0.7090012330456227,0.7090012330456227,0.12412659268392934,0.24249897246198104,0.3666255651459104,0.4369091656391286,0.07028360049321825,C-post-confirmatory-evidence-preserving
model-family-replication-linear,100,play-late,revmob,own-domain,18,60,0,0,5.150450689927201,3.7406211281164725,0.45145631067961167,0.49295774647887325,5.838510013955065,central,0.16666666666666666,0.6666666666666666,0.6666666666666666,0.7222222222222222,0.7222222222222222,0.0,0.5,0.5,0.5555555555555556,0.05555555555555558,C-post-confirmatory-evidence-preserving
model-family-replication-linear,100,play-late,revmob,federation-wide,600,60,0,0,5.150450689927201,3.7406211281164725,0.45145631067961167,0.49295774647887325,5.838510013955065,central,0.14,0.7733333333333333,0.58,0.8116666666666666,0.8116666666666666,0.19333333333333336,0.43999999999999995,0.6333333333333333,0.6716666666666666,0.03833333333333333,C-post-confirmatory-evidence-preserving
model-family-replication-linear,100,anzhi,dowgin,own-domain,6190,107,0,1590,2.08556945685487,1.3005105720572308,0.7654320987654321,0.7464788732394366,2.0183812589522474,central,0.578513731825525,0.6584814216478191,0.665751211631664,0.7315024232633279,0.7315024232633279,-0.007269789983844865,0.08723747980613894,0.07996768982229407,0.15298869143780292,0.07302100161550884,C-post-confirmatory-evidence-preserving
model-family-replication-linear,100,anzhi,dowgin,federation-wide,6428,107,0,1590,2.08556945685487,1.3005105720572308,0.7654320987654321,0.7464788732394366,2.0183812589522474,central,0.5662725575606721,0.6468574984443062,0.6538581207218419,0.7190416925948974,0.7190416925948974,-0.0070006222775357285,0.08758556316116983,0.0805849408836341,0.1527691350342253,0.07218419415059119,C-post-confirmatory-evidence-preserving
model-family-replication-linear,100,anzhi,adwo,own-domain,152,296,0,30,3.813113461888963,1.883897404966985,0.7572815533980582,0.5402298850574713,3.411052194722788,central,0.35526315789473684,0.47368421052631576,0.4473684210526316,0.4605263157894737,0.4605263157894737,0.02631578947368418,0.09210526315789475,0.11842105263157893,0.10526315789473684,-0.01315789473684209,C-post-confirmatory-evidence-preserving
model-family-replication-linear,100,anzhi,adwo,federation-wide,846,296,0,30,3.813113461888963,1.883897404966985,0.7572815533980582,0.5402298850574713,3.411052194722788,central,0.32269503546099293,0.5141843971631206,0.4101654846335697,0.475177304964539,0.475177304964539,0.10401891252955087,0.08747044917257679,0.19148936170212766,0.1524822695035461,-0.03900709219858156,C-post-confirmatory-evidence-preserving
model-family-replication-linear,100,appchina,gappusin,own-domain,1080,113,0,368,2.652702759539863,1.306466877398803,0.6904761904761905,0.7323943661971831,1.6813163749483737,central,0.20925925925925926,0.25277777777777777,0.22314814814814815,0.4064814814814815,0.4064814814814815,0.029629629629629617,0.013888888888888895,0.04351851851851851,0.19722222222222224,0.15370370370370373,C-post-confirmatory-evidence-preserving
model-family-replication-linear,100,appchina,gappusin,federation-wide,1429,113,0,368,2.652702759539863,1.306466877398803,0.6904761904761905,0.7323943661971831,1.6813163749483737,central,0.20713785864240727,0.2960111966410077,0.2701189643107068,0.42197340797760674,0.42197340797760674,0.025892232330300913,0.06298110566829954,0.08887333799860045,0.21483554933519947,0.12596221133659902,C-post-confirmatory-evidence-preserving
model-family-replication-linear,100,appchina,leadbolt,own-domain,91,78,0,23,3.981286916447268,2.0182842283527456,0.704225352112676,0.36936936936936937,2.6161230405295353,central,0.10989010989010989,0.1978021978021978,0.06593406593406594,0.23076923076923078,0.23076923076923078,0.13186813186813184,-0.04395604395604395,0.0879120879120879,0.1208791208791209,0.03296703296703299,C-post-confirmatory-evidence-preserving
model-family-replication-linear,100,appchina,leadbolt,federation-wide,842,78,0,23,3.981286916447268,2.0182842283527456,0.704225352112676,0.36936936936936937,2.6161230405295353,central,0.015439429928741092,0.057007125890736345,0.019002375296912115,0.08907363420427554,0.08907363420427554,0.03800475059382423,0.003562945368171023,0.04156769596199525,0.07363420427553445,0.032066508313539195,C-post-confirmatory-evidence-preserving
model-family-replication-linear,100,appchina,hiddad,own-domain,10,45,0,5,5.729453977641854,4.820659845493026,0.4078014184397163,0.20233463035019456,5.056905652441987,central,0.5,0.6,0.7,0.6,0.6,-0.09999999999999998,0.19999999999999996,0.09999999999999998,0.09999999999999998,0.0,C-post-confirmatory-evidence-preserving
model-family-replication-linear,100,appchina,hiddad,federation-wide,337,45,0,5,5.729453977641854,4.820659845493026,0.4078014184397163,0.20233463035019456,5.056905652441987,central,0.12462908011869436,0.09495548961424333,0.10979228486646884,0.09792284866468842,0.09792284866468842,-0.014836795252225518,-0.014836795252225518,-0.029673590504451036,-0.02670623145400594,0.0029673590504450953,C-post-confirmatory-evidence-preserving
model-family-replication-linear,101,play-early,airpush,own-domain,1351,170,0,210,3.6107089350448907,2.4148124748939077,0.6065573770491803,0.7010309278350515,3.5512908551086424,central,0.2938564026646928,0.6284233900814211,0.40932642487046633,0.7453737971872687,0.7453737971872687,0.21909696521095479,0.11547002220577351,0.3345669874167283,0.4515173945225759,0.11695040710584759,C-post-confirmatory-evidence-preserving
model-family-replication-linear,101,play-early,airpush,federation-wide,1864,170,0,210,3.6107089350448907,2.4148124748939077,0.6065573770491803,0.7010309278350515,3.5512908551086424,central,0.4130901287553648,0.7054721030042919,0.5069742489270386,0.7913090128755365,0.7913090128755365,0.1984978540772533,0.09388412017167375,0.29238197424892703,0.37821888412017163,0.0858369098712446,C-post-confirmatory-evidence-preserving
model-family-replication-linear,101,play-early,adwo,own-domain,9,354,0,3,4.109313286596289,2.3644355221296895,0.6458333333333334,0.6777777777777778,4.017826368614283,central,0.8888888888888888,1.0,1.0,1.0,1.0,0.0,0.11111111111111116,0.11111111111111116,0.11111111111111116,0.0,C-post-confirmatory-evidence-preserving
model-family-replication-linear,101,play-early,adwo,federation-wide,913,354,0,3,4.109313286596289,2.3644355221296895,0.6458333333333334,0.6777777777777778,4.017826368614283,central,0.6779846659364732,0.9441401971522454,0.9244249726177437,0.9474260679079957,0.9474260679079957,0.019715224534501696,0.24644030668127048,0.2661555312157722,0.26944140197152244,0.003285870755750264,C-post-confirmatory-evidence-preserving
model-family-replication-linear,101,play-late,leadbolt,own-domain,20,112,0,1,3.9232248103375995,3.275301705074222,0.41139240506329117,0.5392156862745098,5.068889159191522,central,0.1,0.85,0.65,0.9,0.9,0.19999999999999996,0.55,0.75,0.8,0.050000000000000044,C-post-confirmatory-evidence-preserving
model-family-replication-linear,101,play-late,leadbolt,federation-wide,885,112,0,1,3.9232248103375995,3.275301705074222,0.41139240506329117,0.5392156862745098,5.068889159191522,central,0.28361581920903955,0.8836158192090395,0.7774011299435029,0.903954802259887,0.903954802259887,0.10621468926553668,0.4937853107344633,0.6,0.6203389830508474,0.02033898305084747,C-post-confirmatory-evidence-preserving
model-family-replication-linear,101,play-late,revmob,own-domain,15,65,0,2,4.938966106603984,3.870402736901703,0.4782608695652174,0.4105960264900662,5.74174572139714,central,0.06666666666666667,0.8,0.6666666666666666,0.7333333333333333,0.7333333333333333,0.13333333333333341,0.6,0.7333333333333334,0.6666666666666666,-0.06666666666666676,C-post-confirmatory-evidence-preserving
model-family-replication-linear,101,play-late,revmob,federation-wide,654,65,0,2,4.938966106603984,3.870402736901703,0.4782608695652174,0.4105960264900662,5.74174572139714,central,0.14831804281345565,0.8899082568807339,0.44954128440366975,0.900611620795107,0.900611620795107,0.4403669724770642,0.3012232415902141,0.7415902140672783,0.7522935779816514,0.010703363914373099,C-post-confirmatory-evidence-preserving
model-family-replication-linear,101,play-late,hiddad,own-domain,376,21,0,20,2.9649486494307045,2.6721930932744447,0.5019157088122606,0.5784313725490197,4.125983466437819,central,0.07712765957446809,0.19680851063829788,0.18882978723404256,0.2127659574468085,0.2127659574468085,0.007978723404255317,0.11170212765957448,0.1196808510638298,0.13563829787234044,0.015957446808510634,C-post-confirmatory-evidence-preserving
model-family-replication-linear,101,play-late,hiddad,federation-wide,486,21,0,20,2.9649486494307045,2.6721930932744447,0.5019157088122606,0.5784313725490197,4.125983466437819,central,0.12757201646090535,0.3148148148148148,0.3004115226337449,0.33127572016460904,0.33127572016460904,0.014403292181069949,0.17283950617283952,0.18724279835390947,0.2037037037037037,0.01646090534979422,C-post-confirmatory-evidence-preserving
model-family-replication-linear,101,appchina,dowgin,own-domain,241,1648,0,107,2.951322946828574,2.047622625162184,0.5544554455445545,0.5844155844155844,2.2541032833582855,central,0.34439834024896265,0.5767634854771784,0.5518672199170125,0.6058091286307054,0.6058091286307054,0.024896265560165887,0.20746887966804983,0.23236514522821572,0.2614107883817427,0.02904564315352698,C-post-confirmatory-evidence-preserving
model-family-replication-linear,101,appchina,dowgin,federation-wide,5745,1648,0,107,2.951322946828574,2.047622625162184,0.5544554455445545,0.5844155844155844,2.2541032833582855,central,0.261792863359443,0.8245430809399478,0.7604873803307224,0.8128807658833769,0.8128807658833769,0.06405570060922539,0.49869451697127937,0.5627502175805048,0.5510879025239339,-0.011662315056570893,C-post-confirmatory-evidence-preserving
model-family-replication-linear,101,appchina,gappusin,own-domain,1312,108,0,304,2.7346381548085414,1.4893694917137508,0.7037037037037037,0.7183098591549296,1.6977573991927424,central,0.3353658536585366,0.3277439024390244,0.26448170731707316,0.39939024390243905,0.39939024390243905,0.06326219512195125,-0.07088414634146345,-0.007621951219512202,0.06402439024390244,0.07164634146341464,C-post-confirmatory-evidence-preserving
model-family-replication-linear,101,appchina,gappusin,federation-wide,1624,108,0,304,2.7346381548085414,1.4893694917137508,0.7037037037037037,0.7183098591549296,1.6977573991927424,central,0.3208128078817734,0.34236453201970446,0.28078817733990147,0.39716748768472904,0.39716748768472904,0.06157635467980299,-0.04002463054187194,0.02155172413793105,0.07635467980295563,0.05480295566502458,C-post-confirmatory-evidence-preserving
model-family-replication-linear,102,play-early,airpush,own-domain,1718,168,0,161,3.6839100903277524,2.1883670377063194,0.6101694915254238,0.6276595744680851,3.5711539155687047,central,0.3678696158323632,0.6356228172293364,0.569848661233993,0.7037252619324796,0.7037252619324796,0.06577415599534342,0.2019790454016298,0.26775320139697323,0.3358556461001164,0.0681024447031432,C-post-confirmatory-evidence-preserving
model-family-replication-linear,102,play-early,airpush,federation-wide,2173,168,0,161,3.6839100903277524,2.1883670377063194,0.6101694915254238,0.6276595744680851,3.5711539155687047,central,0.39392544868844914,0.6889093419236079,0.6290842153704556,0.7445927289461574,0.7445927289461574,0.05982512655315231,0.23515876668200641,0.2949838932351587,0.3506672802577082,0.05568338702254949,C-post-confirmatory-evidence-preserving
model-family-replication-linear,102,play-late,leadbolt,own-domain,17,98,0,0,3.8826380211670006,2.85415909632965,0.48554913294797686,0.5855855855855856,4.943091454128165,central,0.058823529411764705,0.8235294117647058,0.6470588235294118,0.8823529411764706,0.8823529411764706,0.17647058823529405,0.5882352941176471,0.7647058823529411,0.8235294117647058,0.05882352941176472,C-post-confirmatory-evidence-preserving
model-family-replication-linear,102,play-late,leadbolt,federation-wide,738,98,0,0,3.8826380211670006,2.85415909632965,0.48554913294797686,0.5855855855855856,4.943091454128165,central,0.45663956639566394,0.9525745257452575,0.8224932249322493,0.9742547425474255,0.9742547425474255,0.13008130081300817,0.36585365853658536,0.49593495934959353,0.5176151761517616,0.02168021680216803,C-post-confirmatory-evidence-preserving
model-family-replication-linear,102,anzhi,dowgin,own-domain,4891,99,0,1549,2.152754001084323,1.2112050233989897,0.7534246575342466,0.78125,2.008933258936978,central,0.4005315886321816,0.5135964015538744,0.5095072582294009,0.6215497853199755,0.6215497853199755,0.004089143324473521,0.10897566959721933,0.11306481292169285,0.22101819668779393,0.10795338376610109,C-post-confirmatory-evidence-preserving
model-family-replication-linear,102,anzhi,dowgin,federation-wide,5125,99,0,1549,2.152754001084323,1.2112050233989897,0.7534246575342466,0.78125,2.008933258936978,central,0.39434146341463416,0.5069268292682927,0.5012682926829268,0.6115121951219512,0.6115121951219512,0.005658536585365859,0.10692682926829267,0.11258536585365853,0.21717073170731704,0.10458536585365852,C-post-confirmatory-evidence-preserving
model-family-replication-linear,102,anzhi,gappusin,own-domain,286,363,0,80,2.8981241462928384,1.4121065479788315,0.6862745098039216,0.5945945945945946,2.38767404950206,central,0.16433566433566432,0.2867132867132867,0.24125874125874125,0.3146853146853147,0.3146853146853147,0.04545454545454547,0.07692307692307693,0.1223776223776224,0.15034965034965037,0.02797202797202797,C-post-confirmatory-evidence-preserving
model-family-replication-linear,102,anzhi,gappusin,federation-wide,1369,363,0,80,2.8981241462928384,1.4121065479788315,0.6862745098039216,0.5945945945945946,2.38767404950206,central,0.09349890430971512,0.2308254200146092,0.183345507669832,0.24178232286340395,0.24178232286340395,0.04747991234477722,0.08984660336011686,0.13732651570489407,0.14828341855368882,0.010956902848794747,C-post-confirmatory-evidence-preserving
model-family-replication-linear,102,anzhi,adwo,own-domain,99,291,0,37,3.8548309982774875,1.7953493970585166,0.7403846153846154,0.5348837209302325,3.3735648497755863,central,0.25252525252525254,0.47474747474747475,0.43434343434343436,0.45454545454545453,0.45454545454545453,0.04040404040404039,0.18181818181818182,0.2222222222222222,0.202020202020202,-0.02020202020202022,C-post-confirmatory-evidence-preserving
model-family-replication-linear,102,anzhi,adwo,federation-wide,834,291,0,37,3.8548309982774875,1.7953493970585166,0.7403846153846154,0.5348837209302325,3.3735648497755863,central,0.2170263788968825,0.434052757793765,0.3261390887290168,0.407673860911271,0.407673860911271,0.1079136690647482,0.10911270983213431,0.2170263788968825,0.1906474820143885,-0.026378896882494007,C-post-confirmatory-evidence-preserving
model-family-replication-linear,102,anzhi,hiddad,own-domain,8,39,0,4,5.872342581643335,5.5882110841122685,0.22413793103448276,0.20622568093385213,5.676284384631803,central,0.75,0.875,0.875,0.875,0.875,0.0,0.125,0.125,0.125,0.0,C-post-confirmatory-evidence-preserving
model-family-replication-linear,102,anzhi,hiddad,federation-wide,258,39,0,4,5.872342581643335,5.5882110841122685,0.22413793103448276,0.20622568093385213,5.676284384631803,central,0.06976744186046512,0.07364341085271318,0.06976744186046512,0.07364341085271318,0.07364341085271318,0.003875968992248069,0.0,0.003875968992248069,0.003875968992248069,0.0,C-post-confirmatory-evidence-preserving
model-family-replication-linear,102,appchina,revmob,own-domain,16,66,0,4,5.136740134856688,3.4412326628859993,0.49390243902439024,0.2605633802816901,4.025907369461369,central,0.0,0.0,0.0,0.0,0.0,0.0,0.0,0.0,0.0,0.0,C-post-confirmatory-evidence-preserving
model-family-replication-linear,102,appchina,revmob,federation-wide,432,66,0,4,5.136740134856688,3.4412326628859993,0.49390243902439024,0.2605633802816901,4.025907369461369,central,0.0023148148148148147,0.05324074074074074,0.027777777777777776,0.05555555555555555,0.05555555555555555,0.025462962962962965,0.02546296296296296,0.05092592592592593,0.05324074074074074,0.0023148148148148112,C-post-confirmatory-evidence-preserving
model-family-replication-linear,103,play-early,dowgin,own-domain,18,1775,0,0,3.8041273025528803,1.98864549209988,0.48148148148148145,0.6025641025641025,3.5334382283962453,central,0.2777777777777778,0.8333333333333334,0.8333333333333334,0.8888888888888888,0.8888888888888888,0.0,0.5555555555555556,0.5555555555555556,0.611111111111111,0.05555555555555547,C-post-confirmatory-evidence-preserving
model-family-replication-linear,103,play-early,dowgin,federation-wide,5418,1775,0,0,3.8041273025528803,1.98864549209988,0.48148148148148145,0.6025641025641025,3.5334382283962453,central,0.3588039867109635,0.9662236987818383,0.9551495016611296,0.9660391288298265,0.9660391288298265,0.011074197120708784,0.5963455149501661,0.6074197120708749,0.607235142118863,-0.00018456995201188153,C-post-confirmatory-evidence-preserving
model-family-replication-linear,103,play-early,leadbolt,own-domain,744,33,0,67,2.5964333920376172,1.8748948030139825,0.6587301587301587,0.7087378640776699,2.5338378445992,central,0.10080645161290322,0.4166666666666667,0.28897849462365593,0.5954301075268817,0.5954301075268817,0.12768817204301075,0.18817204301075272,0.3158602150537635,0.4946236559139785,0.17876344086021506,C-post-confirmatory-evidence-preserving
model-family-replication-linear,103,play-early,leadbolt,federation-wide,909,33,0,67,2.5964333920376172,1.8748948030139825,0.6587301587301587,0.7087378640776699,2.5338378445992,central,0.13861386138613863,0.41804180418041803,0.3047304730473047,0.5808580858085809,0.5808580858085809,0.11331133113311331,0.1661166116611661,0.2794279427942794,0.44224422442244227,0.16281628162816286,C-post-confirmatory-evidence-preserving
model-family-replication-linear,103,anzhi,adwo,own-domain,130,314,0,36,3.6022754440995732,1.9478803385713612,0.7272727272727273,0.5227272727272727,3.4354561177608662,central,0.46923076923076923,0.6923076923076923,0.6846153846153846,0.7076923076923077,0.7076923076923077,0.007692307692307665,0.2153846153846154,0.22307692307692306,0.2384615384615385,0.015384615384615441,C-post-confirmatory-evidence-preserving
model-family-replication-linear,103,anzhi,adwo,federation-wide,808,314,0,36,3.6022754440995732,1.9478803385713612,0.7272727272727273,0.5227272727272727,3.4354561177608662,central,0.4282178217821782,0.724009900990099,0.6794554455445545,0.7512376237623762,0.7512376237623762,0.04455445544554448,0.2512376237623763,0.2957920792079208,0.32301980198019803,0.027227722772277252,C-post-confirmatory-evidence-preserving
model-family-replication-linear,103,appchina,airpush,own-domain,417,172,0,137,3.7882547414294767,2.023658234833949,0.6446280991735537,0.3888888888888889,2.4177388064639636,central,0.35731414868105515,0.7649880095923262,0.38848920863309355,0.8561151079136691,0.8561151079136691,0.3764988009592326,0.031175059952038398,0.407673860911271,0.4988009592326139,0.09112709832134291,C-post-confirmatory-evidence-preserving
model-family-replication-linear,103,appchina,airpush,federation-wide,3033,172,0,137,3.7882547414294767,2.023658234833949,0.6446280991735537,0.3888888888888889,2.4177388064639636,central,0.09495548961424333,0.3580613254203759,0.08770194526871085,0.38707550280250574,0.38707550280250574,0.27035938015166505,-0.007253544345532478,0.26310583580613256,0.2921200131882624,0.029014177382129858,C-post-confirmatory-evidence-preserving
model-family-replication-linear,103,appchina,gappusin,own-domain,1372,108,0,315,2.706353908518728,1.3213861446626298,0.7435897435897436,0.6911764705882353,1.7028369208145242,central,0.18877551020408162,0.22740524781341107,0.19169096209912537,0.2696793002915452,0.2696793002915452,0.0357142857142857,0.002915451895043747,0.038629737609329445,0.08090379008746357,0.04227405247813412,C-post-confirmatory-evidence-preserving
model-family-replication-linear,103,appchina,gappusin,federation-wide,1705,108,0,315,2.706353908518728,1.3213861446626298,0.7435897435897436,0.6911764705882353,1.7028369208145242,central,0.18475073313782991,0.2557184750733138,0.21994134897360704,0.2920821114369501,0.2920821114369501,0.03577712609970676,0.03519061583577712,0.07096774193548389,0.1073313782991202,0.03636363636363632,C-post-confirmatory-evidence-preserving
model-family-replication-linear,103,appchina,revmob,own-domain,18,59,0,4,5.375202641253769,3.5754285862434068,0.5055555555555555,0.2589928057553957,4.150689673214761,central,0.05555555555555555,0.0,0.0,0.1111111111111111,0.1111111111111111,0.0,-0.05555555555555555,-0.05555555555555555,0.05555555555555555,0.1111111111111111,C-post-confirmatory-evidence-preserving
model-family-replication-linear,103,appchina,revmob,federation-wide,560,59,0,4,5.375202641253769,3.5754285862434068,0.5055555555555555,0.2589928057553957,4.150689673214761,central,0.0017857142857142857,0.017857142857142856,0.005357142857142857,0.019642857142857142,0.019642857142857142,0.012499999999999999,0.0035714285714285718,0.01607142857142857,0.017857142857142856,0.0017857142857142863,C-post-confirmatory-evidence-preserving
model-family-replication-linear,103,appchina,hiddad,own-domain,8,25,0,4,4.9911104136291975,4.025805892242939,0.45321637426900585,0.1893687707641196,4.2428332222769525,central,0.5,0.5,0.5,0.5,0.5,0.0,0.0,0.0,0.0,0.0,C-post-confirmatory-evidence-preserving
model-family-replication-linear,103,appchina,hiddad,federation-wide,327,25,0,4,4.9911104136291975,4.025805892242939,0.45321637426900585,0.1893687707641196,4.2428332222769525,central,0.07033639143730887,0.11314984709480122,0.11009174311926606,0.10703363914373089,0.10703363914373089,0.003058103975535159,0.03975535168195719,0.04281345565749235,0.03669724770642202,-0.006116207951070332,C-post-confirmatory-evidence-preserving
model-family-replication-linear,104,play-early,airpush,own-domain,1744,191,0,148,3.7493103014545297,2.241236129794068,0.628099173553719,0.6039603960396039,3.600398990467054,central,0.22362385321100917,0.5229357798165137,0.3881880733944954,0.6049311926605505,0.6049311926605505,0.13474770642201833,0.16456422018348624,0.29931192660550454,0.3813073394495413,0.08199541284403677,C-post-confirmatory-evidence-preserving
model-family-replication-linear,104,play-early,airpush,federation-wide,2316,191,0,148,3.7493103014545297,2.241236129794068,0.628099173553719,0.6039603960396039,3.600398990467054,central,0.2918825561312608,0.6083765112262521,0.4892055267702936,0.6718480138169257,0.6718480138169257,0.11917098445595853,0.1973229706390328,0.31649395509499134,0.3799654576856649,0.06347150259067358,C-post-confirmatory-evidence-preserving
model-family-replication-linear,104,play-early,adwo,own-domain,31,353,0,5,4.109929942677416,2.3535712314597914,0.6526315789473685,0.5393258426966292,4.0108563361087475,central,0.12903225806451613,0.9032258064516129,0.9032258064516129,0.9032258064516129,0.9032258064516129,0.0,0.7741935483870968,0.7741935483870968,0.7741935483870968,0.0,C-post-confirmatory-evidence-preserving
model-family-replication-linear,104,play-early,adwo,federation-wide,871,353,0,5,4.109929942677416,2.3535712314597914,0.6526315789473685,0.5393258426966292,4.0108563361087475,central,0.36280137772675086,0.9529276693455798,0.9253731343283582,0.9517795637198623,0.9517795637198623,0.027554535017221604,0.5625717566016073,0.590126291618829,0.5889781859931114,-0.0011481056257175437,C-post-confirmatory-evidence-preserving
model-family-replication-linear,104,play-early,hiddad,own-domain,136,32,0,14,4.6659544508935875,4.13905551491588,0.43333333333333335,0.24838709677419354,4.242900129096811,central,0.17647058823529413,0.36764705882352944,0.36764705882352944,0.33088235294117646,0.33088235294117646,0.0,0.1911764705882353,0.1911764705882353,0.15441176470588233,-0.03676470588235298,C-post-confirmatory-evidence-preserving
model-family-replication-linear,104,play-early,hiddad,federation-wide,568,32,0,14,4.6659544508935875,4.13905551491588,0.43333333333333335,0.24838709677419354,4.242900129096811,central,0.09154929577464789,0.20598591549295775,0.20422535211267606,0.18838028169014084,0.18838028169014084,0.0017605633802816878,0.11267605633802817,0.11443661971830986,0.09683098591549295,-0.017605633802816906,C-post-confirmatory-evidence-preserving
model-family-replication-linear,104,anzhi,leadbolt,own-domain,15,91,0,6,3.3967712421433456,2.7419227348830546,0.5658914728682171,0.4766355140186916,3.195453427419076,central,0.2,0.26666666666666666,0.13333333333333333,0.26666666666666666,0.26666666666666666,0.13333333333333333,-0.06666666666666668,0.06666666666666665,0.06666666666666665,0.0,C-post-confirmatory-evidence-preserving
model-family-replication-linear,104,anzhi,leadbolt,federation-wide,875,91,0,6,3.3967712421433456,2.7419227348830546,0.5658914728682171,0.4766355140186916,3.195453427419076,central,0.04114285714285714,0.03428571428571429,0.017142857142857144,0.036571428571428574,0.036571428571428574,0.017142857142857144,-0.023999999999999997,-0.006857142857142853,-0.004571428571428567,0.0022857142857142868,C-post-confirmatory-evidence-preserving
model-family-replication-linear,104,appchina,dowgin,own-domain,297,1558,0,81,2.862305910177519,2.0179177711483276,0.53,0.6052631578947368,2.25963881803825,central,0.35353535353535354,0.6599326599326599,0.632996632996633,0.6801346801346801,0.6801346801346801,0.026936026936026924,0.27946127946127947,0.3063973063973064,0.3265993265993266,0.02020202020202022,C-post-confirmatory-evidence-preserving
model-family-replication-linear,104,appchina,dowgin,federation-wide,6892,1558,0,81,2.862305910177519,2.0179177711483276,0.53,0.6052631578947368,2.25963881803825,central,0.1506094022054556,0.8212420197330238,0.7376668601276842,0.8197910621009866,0.8197910621009866,0.08357515960533957,0.5870574579222286,0.6706326175275682,0.669181659895531,-0.0014509576320371753,C-post-confirmatory-evidence-preserving
model-family-replication-linear,104,appchina,gappusin,own-domain,1150,81,0,329,2.5983188699117292,1.3957622954332451,0.6931818181818182,0.7361111111111112,1.6227378860692006,central,0.3443478260869565,0.39043478260869563,0.3591304347826087,0.49217391304347824,0.49217391304347824,0.03130434782608693,0.014782608695652177,0.04608695652173911,0.14782608695652172,0.10173913043478261,C-post-confirmatory-evidence-preserving
model-family-replication-linear,104,appchina,gappusin,federation-wide,1505,81,0,329,2.5983188699117292,1.3957622954332451,0.6931818181818182,0.7361111111111112,1.6227378860692006,central,0.3009966777408638,0.3847176079734219,0.3581395348837209,0.47308970099667774,0.47308970099667774,0.026578073089701004,0.057142857142857106,0.08372093023255811,0.17209302325581394,0.08837209302325583,C-post-confirmatory-evidence-preserving
model-family-replication-linear,104,appchina,revmob,own-domain,23,46,0,4,4.633267890303643,2.517907382573409,0.5277777777777778,0.271523178807947,3.3137832016755757,central,0.0,0.0,0.0,0.0,0.0,0.0,0.0,0.0,0.0,0.0,C-post-confirmatory-evidence-preserving
model-family-replication-linear,104,appchina,revmob,federation-wide,620,46,0,4,4.633267890303643,2.517907382573409,0.5277777777777778,0.271523178807947,3.3137832016755757,central,0.008064516129032258,0.016129032258064516,0.016129032258064516,0.027419354838709678,0.027419354838709678,0.0,0.008064516129032258,0.008064516129032258,0.01935483870967742,0.011290322580645162,C-post-confirmatory-evidence-preserving
model-family-replication-linear,105,play-early,gappusin,own-domain,44,496,0,3,3.381154180431505,2.0752116733448007,0.5,0.6197183098591549,3.35721108975858,central,0.4772727272727273,0.8863636363636364,0.8636363636363636,0.8181818181818182,0.8181818181818182,0.022727272727272707,0.38636363636363635,0.40909090909090906,0.34090909090909094,-0.06818181818181812,C-post-confirmatory-evidence-preserving
model-family-replication-linear,105,play-early,gappusin,federation-wide,1572,496,0,3,3.381154180431505,2.0752116733448007,0.5,0.6197183098591549,3.35721108975858,central,0.44974554707379133,0.9198473282442748,0.8460559796437659,0.9395674300254453,0.9395674300254453,0.07379134860050895,0.39631043256997456,0.4701017811704835,0.48982188295165396,0.01972010178117045,C-post-confirmatory-evidence-preserving
model-family-replication-linear,105,play-late,leadbolt,own-domain,57,96,0,3,3.8853568017431064,3.176738578054425,0.3577586206896552,0.5673076923076923,5.05584849910753,central,0.05263157894736842,0.9473684210526315,0.8421052631578947,0.9298245614035088,0.9298245614035088,0.10526315789473684,0.7894736842105263,0.894736842105263,0.8771929824561404,-0.01754385964912275,C-post-confirmatory-evidence-preserving
model-family-replication-linear,105,play-late,leadbolt,federation-wide,905,96,0,3,3.8853568017431064,3.176738578054425,0.3577586206896552,0.5673076923076923,5.05584849910753,central,0.37900552486187844,0.8629834254143647,0.7447513812154696,0.861878453038674,0.861878453038674,0.1182320441988951,0.36574585635359114,0.48397790055248624,0.4828729281767956,-0.0011049723756906271,C-post-confirmatory-evidence-preserving
model-family-replication-linear,105,play-late,revmob,own-domain,15,60,0,3,4.350887824887627,3.1075381681568355,0.4979253112033195,0.47333333333333333,5.341344042528846,central,0.2,0.6666666666666666,0.6666666666666666,0.7333333333333333,0.7333333333333333,0.0,0.4666666666666666,0.4666666666666666,0.5333333333333332,0.06666666666666665,C-post-confirmatory-evidence-preserving
model-family-replication-linear,105,play-late,revmob,federation-wide,944,60,0,3,4.350887824887627,3.1075381681568355,0.4979253112033195,0.47333333333333333,5.341344042528846,central,0.08898305084745763,0.3379237288135593,0.2478813559322034,0.3622881355932203,0.3622881355932203,0.09004237288135591,0.15889830508474578,0.2489406779661017,0.2733050847457627,0.024364406779661008,C-post-confirmatory-evidence-preserving
model-family-replication-linear,105,anzhi,dowgin,own-domain,6165,80,0,1593,2.2311985397026333,1.3130135699321448,0.6976744186046512,0.7142857142857143,2.152547605159694,central,0.6074614760746148,0.7399837793998378,0.7490673154906732,0.8120032441200324,0.8120032441200324,-0.009083536090835342,0.14160583941605842,0.13252230332522308,0.20454176804541768,0.0720194647201946,C-post-confirmatory-evidence-preserving
model-family-replication-linear,105,anzhi,dowgin,federation-wide,6444,80,0,1593,2.2311985397026333,1.3130135699321448,0.6976744186046512,0.7142857142857143,2.152547605159694,central,0.5988516449410304,0.7346368715083799,0.7416201117318436,0.8052451893234016,0.8052451893234016,-0.006983240223463749,0.14276846679081323,0.13578522656734948,0.20639354438237123,0.07060831781502175,C-post-confirmatory-evidence-preserving
model-family-replication-linear,105,anzhi,adwo,own-domain,136,269,0,25,3.8627936540008085,1.9849666709944866,0.7352941176470589,0.5287356321839081,3.4507439837236333,central,0.47058823529411764,0.6544117647058824,0.5441176470588235,0.6323529411764706,0.6323529411764706,0.11029411764705888,0.07352941176470584,0.18382352941176472,0.16176470588235292,-0.022058823529411797,C-post-confirmatory-evidence-preserving
model-family-replication-linear,105,anzhi,adwo,federation-wide,1105,269,0,25,3.8627936540008085,1.9849666709944866,0.7352941176470589,0.5287356321839081,3.4507439837236333,central,0.4434389140271493,0.7040723981900453,0.5366515837104072,0.6633484162895927,0.6633484162895927,0.16742081447963808,0.09321266968325792,0.260633484162896,0.21990950226244343,-0.040723981900452566,C-post-confirmatory-evidence-preserving
model-family-replication-linear,105,anzhi,hiddad,own-domain,20,35,0,8,4.81946873042181,4.525167333252926,0.25333333333333335,0.2114695340501792,4.6294081615930684,central,0.55,0.65,0.7,0.65,0.65,-0.04999999999999993,0.1499999999999999,0.09999999999999998,0.09999999999999998,0.0,C-post-confirmatory-evidence-preserving
model-family-replication-linear,105,anzhi,hiddad,federation-wide,598,35,0,8,4.81946873042181,4.525167333252926,0.25333333333333335,0.2114695340501792,4.6294081615930684,central,0.05351170568561873,0.07692307692307693,0.09364548494983277,0.07859531772575251,0.07859531772575251,-0.01672240802675584,0.04013377926421404,0.0234113712374582,0.025083612040133783,0.0016722408026755842,C-post-confirmatory-evidence-preserving
model-family-replication-linear,105,appchina,airpush,own-domain,446,192,0,176,3.8712580507857774,2.414979170539053,0.5351351351351351,0.3103448275862069,2.7179832994710713,central,0.5044843049327354,0.7713004484304933,0.5426008968609866,0.8026905829596412,0.8026905829596412,0.22869955156950672,0.03811659192825112,0.26681614349775784,0.2982062780269058,0.03139013452914796,C-post-confirmatory-evidence-preserving
model-family-replication-linear,105,appchina,airpush,federation-wide,2397,192,0,176,3.8712580507857774,2.414979170539053,0.5351351351351351,0.3103448275862069,2.7179832994710713,central,0.13308302044221945,0.3708802670004172,0.14726741760534,0.4021693783896537,0.4021693783896537,0.2236128493950772,0.01418439716312056,0.23779724655819776,0.2690863579474343,0.03128911138923651,C-post-confirmatory-evidence-preserving
model-family-replication-linear,106,play-early,airpush,own-domain,2032,185,0,138,3.7197674488783905,2.2117594272894445,0.6271186440677966,0.6129032258064516,3.6358809292489016,central,0.19980314960629922,0.4512795275590551,0.3499015748031496,0.53001968503937,0.53001968503937,0.1013779527559055,0.15009842519685038,0.2514763779527559,0.33021653543307083,0.07874015748031493,C-post-confirmatory-evidence-preserving
model-family-replication-linear,106,play-early,airpush,federation-wide,2618,185,0,138,3.7197674488783905,2.2117594272894445,0.6271186440677966,0.6129032258064516,3.6358809292489016,central,0.2647058823529412,0.5381970970206265,0.4495798319327731,0.6000763941940412,0.6000763941940412,0.08861726508785334,0.18487394957983194,0.2734912146676853,0.33537051184110006,0.06187929717341478,C-post-confirmatory-evidence-preserving
model-family-replication-linear,106,anzhi,adwo,own-domain,136,296,0,28,3.600484644805414,2.025218450603937,0.7070707070707071,0.5348837209302325,3.3358397887596984,central,0.2867647058823529,0.33088235294117646,0.27205882352941174,0.3088235294117647,0.3088235294117647,0.05882352941176472,-0.01470588235294118,0.04411764705882354,0.022058823529411797,-0.022058823529411742,C-post-confirmatory-evidence-preserving
model-family-replication-linear,106,anzhi,adwo,federation-wide,1076,296,0,28,3.600484644805414,2.025218450603937,0.7070707070707071,0.5348837209302325,3.3358397887596984,central,0.2620817843866171,0.3912639405204461,0.26022304832713755,0.4117100371747212,0.4117100371747212,0.13104089219330856,-0.0018587360594795599,0.129182156133829,0.1496282527881041,0.020446096654275103,C-post-confirmatory-evidence-preserving
model-family-replication-linear,106,anzhi,leadbolt,own-domain,16,105,0,5,3.4366612171572064,2.8070121886899573,0.576,0.4537037037037037,3.2005698718007696,central,0.5625,0.5,0.1875,0.5625,0.5625,0.3125,-0.375,-0.0625,0.0,0.0625,C-post-confirmatory-evidence-preserving
model-family-replication-linear,106,anzhi,leadbolt,federation-wide,745,105,0,5,3.4366612171572064,2.8070121886899573,0.576,0.4537037037037037,3.2005698718007696,central,0.053691275167785234,0.03355704697986577,0.01476510067114094,0.04832214765100671,0.04832214765100671,0.018791946308724834,-0.038926174496644296,-0.020134228187919462,-0.005369127516778524,0.014765100671140938,C-post-confirmatory-evidence-preserving
model-family-replication-linear,106,appchina,dowgin,own-domain,294,1557,0,80,2.963900593546649,1.9756299517842257,0.5855855855855856,0.5789473684210527,2.2641837367737616,central,0.2585034013605442,0.6054421768707483,0.54421768707483,0.608843537414966,0.608843537414966,0.061224489795918324,0.28571428571428575,0.3469387755102041,0.35034013605442177,0.003401360544217691,C-post-confirmatory-evidence-preserving
model-family-replication-linear,106,appchina,dowgin,federation-wide,6190,1557,0,80,2.963900593546649,1.9756299517842257,0.5855855855855856,0.5789473684210527,2.2641837367737616,central,0.16882067851373184,0.7765751211631664,0.665751211631664,0.762843295638126,0.762843295638126,0.11082390953150245,0.4969305331179321,0.6077544426494346,0.5940226171243942,-0.013731825525040375,C-post-confirmatory-evidence-preserving
model-family-replication-linear,106,appchina,gappusin,own-domain,1143,96,0,395,2.757440299350274,1.4144800625290253,0.6595744680851063,0.704225352112676,1.6916326696238444,central,0.21084864391951005,0.2510936132983377,0.2327209098862642,0.28346456692913385,0.28346456692913385,0.018372703412073477,0.02187226596675415,0.04024496937882763,0.0726159230096238,0.03237095363079617,C-post-confirmatory-evidence-preserving
model-family-replication-linear,106,appchina,gappusin,federation-wide,1509,96,0,395,2.757440299350274,1.4144800625290253,0.6595744680851063,0.704225352112676,1.6916326696238444,central,0.1954937044400265,0.2664015904572565,0.24718356527501656,0.2935719019218025,0.2935719019218025,0.019218025182239917,0.05168986083499005,0.07090788601722997,0.09807819748177599,0.027170311464546015,C-post-confirmatory-evidence-preserving
model-family-replication-linear,106,appchina,revmob,own-domain,19,49,0,6,4.95227379357265,2.794751629754864,0.5806451612903226,0.23648648648648649,3.5531588039550406,central,0.0,0.10526315789473684,0.0,0.0,0.0,0.10526315789473684,0.0,0.10526315789473684,0.0,-0.10526315789473684,C-post-confirmatory-evidence-preserving
model-family-replication-linear,106,appchina,revmob,federation-wide,540,49,0,6,4.95227379357265,2.794751629754864,0.5806451612903226,0.23648648648648649,3.5531588039550406,central,0.001851851851851852,0.014814814814814815,0.003703703703703704,0.011111111111111112,0.011111111111111112,0.011111111111111112,0.001851851851851852,0.012962962962962964,0.009259259259259259,-0.003703703703703704,C-post-confirmatory-evidence-preserving
model-family-replication-linear,106,appchina,hiddad,own-domain,17,32,0,2,5.873925294948878,4.834028059154069,0.35986159169550175,0.18796992481203006,5.211489646757708,central,0.7058823529411765,0.6470588235294118,0.6470588235294118,0.6470588235294118,0.6470588235294118,0.0,-0.05882352941176472,-0.05882352941176472,-0.05882352941176472,0.0,C-post-confirmatory-evidence-preserving
model-family-replication-linear,106,appchina,hiddad,federation-wide,313,32,0,2,5.873925294948878,4.834028059154069,0.35986159169550175,0.18796992481203006,5.211489646757708,central,0.15335463258785942,0.1182108626198083,0.12140575079872204,0.11501597444089456,0.11501597444089456,-0.003194888178913738,-0.03194888178913738,-0.03514376996805112,-0.038338658146964855,-0.003194888178913738,C-post-confirmatory-evidence-preserving
model-family-replication-linear,107,play-early,dowgin,own-domain,14,1698,0,2,3.7990690479748586,2.006122221578444,0.5196850393700787,0.6363636363636364,3.5087675251094006,central,0.8571428571428571,0.8571428571428571,0.8571428571428571,0.8571428571428571,0.8571428571428571,0.0,0.0,0.0,0.0,0.0,C-post-confirmatory-evidence-preserving
model-family-replication-linear,107,play-early,dowgin,federation-wide,5755,1698,0,2,3.7990690479748586,2.006122221578444,0.5196850393700787,0.6363636363636364,3.5087675251094006,central,0.2474370112945265,0.9704604691572546,0.9584708948740226,0.9673327541268463,0.9673327541268463,0.011989574283231996,0.711033883579496,0.7230234578627281,0.7198957428323198,-0.003127715030408318,C-post-confirmatory-evidence-preserving
model-family-replication-linear,107,play-early,airpush,own-domain,2463,155,0,163,3.5089207879910416,2.116957706174709,0.6785714285714286,0.6875,3.321195631708033,central,0.3743402354851807,0.6305318717011774,0.5217214778725132,0.6999593991067804,0.6999593991067804,0.1088103938286642,0.14738124238733252,0.2561916362159967,0.3256191636215997,0.06942752740560298,C-post-confirmatory-evidence-preserving
model-family-replication-linear,107,play-early,airpush,federation-wide,3019,155,0,163,3.5089207879910416,2.116957706174709,0.6785714285714286,0.6875,3.321195631708033,central,0.4014574362371646,0.6849950314673733,0.5806558463067241,0.7429612454455118,0.7429612454455118,0.10433918516064922,0.17919841006955944,0.28353759523020866,0.34150380920834716,0.0579662139781385,C-post-confirmatory-evidence-preserving
model-family-replication-linear,107,play-early,adwo,own-domain,25,346,0,0,4.059671381333424,2.4151592546462863,0.5565217391304348,0.5862068965517241,3.972222254958133,central,0.32,0.96,0.96,0.96,0.96,0.0,0.6399999999999999,0.6399999999999999,0.6399999999999999,0.0,C-post-confirmatory-evidence-preserving
model-family-replication-linear,107,play-early,adwo,federation-wide,955,346,0,0,4.059671381333424,2.4151592546462863,0.5565217391304348,0.5862068965517241,3.972222254958133,central,0.2806282722513089,0.930890052356021,0.9099476439790576,0.9340314136125655,0.9340314136125655,0.020942408376963373,0.6293193717277488,0.6502617801047121,0.6534031413612567,0.003141361256544517,C-post-confirmatory-evidence-preserving
model-family-replication-linear,107,play-early,hiddad,own-domain,94,26,0,8,4.356709244538861,3.9091998957365584,0.41641337386018235,0.3024054982817869,3.9814147967842852,central,0.26595744680851063,0.3829787234042553,0.3723404255319149,0.3723404255319149,0.3723404255319149,0.010638297872340441,0.10638297872340424,0.11702127659574468,0.10638297872340424,-0.010638297872340441,C-post-confirmatory-evidence-preserving
model-family-replication-linear,107,play-early,hiddad,federation-wide,551,26,0,8,4.356709244538861,3.9091998957365584,0.41641337386018235,0.3024054982817869,3.9814147967842852,central,0.0852994555353902,0.15245009074410162,0.15789473684210525,0.14156079854809436,0.14156079854809436,-0.00544464609800363,0.07259528130671505,0.06715063520871142,0.05626134301270416,-0.01088929219600726,C-post-confirmatory-evidence-preserving
model-family-replication-linear,107,appchina,gappusin,own-domain,937,80,0,383,2.717967272919073,1.350476371274089,0.7195121951219512,0.7222222222222222,1.6433452660183616,central,0.21878335112059766,0.3255069370330843,0.27641408751334046,0.384204909284952,0.384204909284952,0.04909284951974385,0.0576307363927428,0.10672358591248665,0.16542155816435433,0.05869797225186768,C-post-confirmatory-evidence-preserving
model-family-replication-linear,107,appchina,gappusin,federation-wide,1272,80,0,383,2.717967272919073,1.350476371274089,0.7195121951219512,0.7222222222222222,1.6433452660183616,central,0.21147798742138366,0.3577044025157233,0.30974842767295596,0.4033018867924528,0.4033018867924528,0.04795597484276731,0.0982704402515723,0.14622641509433962,0.19182389937106917,0.04559748427672955,C-post-confirmatory-evidence-preserving
model-family-replication-linear,107,appchina,leadbolt,own-domain,74,89,0,26,4.092039368032953,2.357676480540393,0.5769230769230769,0.3684210526315789,2.6616160404351756,central,0.12162162162162163,0.28378378378378377,0.13513513513513514,0.36486486486486486,0.36486486486486486,0.14864864864864863,0.013513513513513514,0.16216216216216214,0.24324324324324323,0.08108108108108109,C-post-confirmatory-evidence-preserving
model-family-replication-linear,107,appchina,leadbolt,federation-wide,759,89,0,26,4.092039368032953,2.357676480540393,0.5769230769230769,0.3684210526315789,2.6616160404351756,central,0.026350461133069828,0.08168642951251646,0.034255599472990776,0.14361001317523056,0.14361001317523056,0.04743083003952569,0.007905138339920948,0.05533596837944664,0.11725955204216074,0.061923583662714096,C-post-confirmatory-evidence-preserving
model-family-replication-linear,107,appchina,revmob,own-domain,23,47,0,11,5.070039915232185,3.2911416290267845,0.5081081081081081,0.272108843537415,3.78885646342401,central,0.0,0.0,0.0,0.0,0.0,0.0,0.0,0.0,0.0,0.0,C-post-confirmatory-evidence-preserving
model-family-replication-linear,107,appchina,revmob,federation-wide,483,47,0,11,5.070039915232185,3.2911416290267845,0.5081081081081081,0.272108843537415,3.78885646342401,central,0.0,0.045548654244306416,0.037267080745341616,0.045548654244306416,0.045548654244306416,0.0082815734989648,0.037267080745341616,0.045548654244306416,0.045548654244306416,0.0,C-post-confirmatory-evidence-preserving
model-family-replication-linear,108,play-early,leadbolt,own-domain,651,50,0,68,2.5858657651653605,2.377152594055778,0.6410256410256411,0.7010309278350515,2.539099669040938,central,0.06758832565284179,0.4423963133640553,0.22119815668202766,0.6221198156682027,0.6221198156682027,0.22119815668202766,0.15360983102918588,0.37480798771121354,0.554531490015361,0.1797235023041474,C-post-confirmatory-evidence-preserving
model-family-replication-linear,108,play-early,leadbolt,federation-wide,770,50,0,68,2.5858657651653605,2.377152594055778,0.6410256410256411,0.7010309278350515,2.539099669040938,central,0.09480519480519481,0.4779220779220779,0.2558441558441558,0.6441558441558441,0.6441558441558441,0.2220779220779221,0.161038961038961,0.3831168831168831,0.5493506493506494,0.16623376623376623,C-post-confirmatory-evidence-preserving
model-family-replication-linear,108,play-late,airpush,own-domain,53,338,0,7,3.768201120504965,3.5270685725504314,0.4519774011299435,0.528169014084507,4.967075287068495,central,0.16981132075471697,0.37735849056603776,0.2830188679245283,0.7358490566037735,0.7358490566037735,0.09433962264150947,0.11320754716981132,0.2075471698113208,0.5660377358490566,0.35849056603773577,C-post-confirmatory-evidence-preserving
model-family-replication-linear,108,play-late,airpush,federation-wide,2098,338,0,7,3.768201120504965,3.5270685725504314,0.4519774011299435,0.528169014084507,4.967075287068495,central,0.7025738798856054,0.9227836034318398,0.7940896091515729,0.9394661582459485,0.9394661582459485,0.12869399428026695,0.09151572926596752,0.22020972354623447,0.2368922783603431,0.01668255481410863,C-post-confirmatory-evidence-preserving
model-family-replication-linear,108,play-late,revmob,own-domain,12,56,0,1,5.077365605417123,4.167422828856588,0.4155844155844156,0.4626865671641791,5.887166282061966,central,0.16666666666666666,0.8333333333333334,0.5,0.75,0.75,0.33333333333333337,0.33333333333333337,0.6666666666666667,0.5833333333333334,-0.08333333333333337,C-post-confirmatory-evidence-preserving
model-family-replication-linear,108,play-late,revmob,federation-wide,594,56,0,1,5.077365605417123,4.167422828856588,0.4155844155844156,0.4626865671641791,5.887166282061966,central,0.4562289562289562,0.8737373737373737,0.5656565656565656,0.8821548821548821,0.8821548821548821,0.30808080808080807,0.10942760942760943,0.4175084175084175,0.42592592592592593,0.008417508417508435,C-post-confirmatory-evidence-preserving
model-family-replication-linear,108,anzhi,gappusin,own-domain,427,329,0,89,2.5080381045037523,1.375208525852091,0.6792452830188679,0.5769230769230769,2.503352458514653,central,0.34192037470725994,0.3372365339578454,0.3231850117096019,0.3442622950819672,0.3442622950819672,0.01405152224824352,-0.018735362997658045,-0.004683840749414525,0.0023419203747072626,0.007025761124121788,C-post-confirmatory-evidence-preserving
model-family-replication-linear,108,anzhi,gappusin,federation-wide,1754,329,0,89,2.5080381045037523,1.375208525852091,0.6792452830188679,0.5769230769230769,2.503352458514653,central,0.26738882554161914,0.3278221208665906,0.28335233751425315,0.33181299885974913,0.33181299885974913,0.04446978335233748,0.015963511972634015,0.06043329532497149,0.06442417331813,0.003990877993158504,C-post-confirmatory-evidence-preserving
model-family-replication-linear,108,anzhi,adwo,own-domain,150,306,0,38,3.5930646454953004,2.0169920040708975,0.7623762376237624,0.5340909090909091,3.413599568794635,central,0.38,0.4866666666666667,0.44666666666666666,0.4866666666666667,0.4866666666666667,0.040000000000000036,0.06666666666666665,0.10666666666666669,0.10666666666666669,0.0,C-post-confirmatory-evidence-preserving
model-family-replication-linear,108,anzhi,adwo,federation-wide,909,306,0,38,3.5930646454953004,2.0169920040708975,0.7623762376237624,0.5340909090909091,3.413599568794635,central,0.4213421342134213,0.5247524752475248,0.3927392739273927,0.5104510451045104,0.5104510451045104,0.13201320132013206,-0.028602860286028597,0.10341034103410346,0.08910891089108913,-0.014301430143014326,C-post-confirmatory-evidence-preserving
model-family-replication-linear,108,appchina,dowgin,own-domain,224,1694,0,112,2.7248998081938742,2.0571446514179352,0.5151515151515151,0.5844155844155844,2.27253826526532,central,0.3080357142857143,0.5669642857142857,0.5223214285714286,0.5669642857142857,0.5669642857142857,0.044642857142857095,0.2142857142857143,0.2589285714285714,0.2589285714285714,0.0,C-post-confirmatory-evidence-preserving
model-family-replication-linear,108,appchina,dowgin,federation-wide,5256,1694,0,112,2.7248998081938742,2.0571446514179352,0.5151515151515151,0.5844155844155844,2.27253826526532,central,0.23401826484018265,0.7985159817351598,0.7480974124809742,0.7939497716894978,0.7939497716894978,0.05041856925418564,0.5140791476407915,0.5644977168949772,0.5599315068493151,-0.004566210045662045,C-post-confirmatory-evidence-preserving
model-family-replication-linear,108,appchina,hiddad,own-domain,5,33,0,4,4.8638804813682395,3.9175423203869566,0.38271604938271603,0.2048611111111111,4.220062439581715,central,0.6,0.6,0.6,0.6,0.6,0.0,0.0,0.0,0.0,0.0,C-post-confirmatory-evidence-preserving
model-family-replication-linear,108,appchina,hiddad,federation-wide,270,33,0,4,4.8638804813682395,3.9175423203869566,0.38271604938271603,0.2048611111111111,4.220062439581715,central,0.1037037037037037,0.10740740740740741,0.10740740740740741,0.0962962962962963,0.0962962962962963,0.0,0.003703703703703709,0.003703703703703709,-0.007407407407407404,-0.011111111111111113,C-post-confirmatory-evidence-preserving
model-family-replication-linear,109,play-early,dowgin,own-domain,22,1666,0,3,3.6621217717657735,2.031975109429163,0.48360655737704916,0.6103896103896104,3.5269841610892656,central,0.45454545454545453,0.7727272727272727,0.8181818181818182,0.7727272727272727,0.7727272727272727,-0.045454545454545525,0.3636363636363637,0.3181818181818182,0.3181818181818182,0.0,C-post-confirmatory-evidence-preserving
model-family-replication-linear,109,play-early,dowgin,federation-wide,5854,1666,0,3,3.6621217717657735,2.031975109429163,0.48360655737704916,0.6103896103896104,3.5269841610892656,central,0.46634779637854457,0.9743764947044756,0.9682268534335498,0.9733515544926546,0.9733515544926546,0.006149641270925876,0.5018790570550051,0.508028698325931,0.50700375811411,-0.0010249402118209794,C-post-confirmatory-evidence-preserving
model-family-replication-linear,109,play-early,hiddad,own-domain,108,27,0,12,5.777483555693132,5.052752081984161,0.38953488372093026,0.25357142857142856,5.41441975731226,central,0.21296296296296297,0.3611111111111111,0.35185185185185186,0.3611111111111111,0.3611111111111111,0.009259259259259245,0.1388888888888889,0.14814814814814814,0.14814814814814814,0.0,C-post-confirmatory-evidence-preserving
model-family-replication-linear,109,play-early,hiddad,federation-wide,336,27,0,12,5.777483555693132,5.052752081984161,0.38953488372093026,0.25357142857142856,5.41441975731226,central,0.12202380952380952,0.30357142857142855,0.2916666666666667,0.30654761904761907,0.30654761904761907,0.011904761904761862,0.16964285714285715,0.181547619047619,0.18452380952380953,0.002976190476190521,C-post-confirmatory-evidence-preserving
model-family-replication-linear,109,play-late,airpush,own-domain,38,315,0,2,3.956657764753107,3.529816324689799,0.4523809523809524,0.5769230769230769,5.080364828832805,central,0.05263157894736842,0.7368421052631579,0.631578947368421,0.7368421052631579,0.7368421052631579,0.10526315789473684,0.5789473684210527,0.6842105263157894,0.6842105263157894,0.0,C-post-confirmatory-evidence-preserving
model-family-replication-linear,109,play-late,airpush,federation-wide,2241,315,0,2,3.956657764753107,3.529816324689799,0.4523809523809524,0.5769230769230769,5.080364828832805,central,0.5600178491744757,0.9348505131637662,0.8264167782240072,0.9352967425256582,0.9352967425256582,0.10843373493975905,0.26639892904953144,0.3748326639892905,0.3752788933511825,0.00044622936189198104,C-post-confirmatory-evidence-preserving
model-family-replication-linear,109,play-late,revmob,own-domain,21,45,0,1,4.555851990487254,3.1279084901414325,0.43915343915343913,0.5032258064516129,5.439069946059045,central,0.09523809523809523,0.6666666666666666,0.5714285714285714,0.6666666666666666,0.6666666666666666,0.09523809523809523,0.47619047619047616,0.5714285714285714,0.5714285714285714,0.0,C-post-confirmatory-evidence-preserving
model-family-replication-linear,109,play-late,revmob,federation-wide,665,45,0,1,4.555851990487254,3.1279084901414325,0.43915343915343913,0.5032258064516129,5.439069946059045,central,0.14285714285714285,0.8842105263157894,0.37293233082706767,0.8781954887218045,0.8781954887218045,0.5112781954887218,0.23007518796992482,0.7413533834586465,0.7353383458646616,-0.006015037593984918,C-post-confirmatory-evidence-preserving
model-family-replication-linear,109,anzhi,gappusin,own-domain,312,419,0,102,2.5522430219659897,1.3723199714297345,0.6881720430107527,0.6266666666666667,2.599702548257585,central,0.2403846153846154,0.20833333333333334,0.20833333333333334,0.21153846153846154,0.21153846153846154,0.0,-0.03205128205128205,-0.03205128205128205,-0.028846153846153855,0.0032051282051281937,C-post-confirmatory-evidence-preserving
model-family-replication-linear,109,anzhi,gappusin,federation-wide,1269,419,0,102,2.5522430219659897,1.3723199714297345,0.6881720430107527,0.6266666666666667,2.599702548257585,central,0.28841607565011823,0.30890464933018125,0.27423167848699764,0.3199369582348306,0.3199369582348306,0.034672970843183604,-0.014184397163120588,0.020488573680063016,0.03152088258471236,0.011032308904649346,C-post-confirmatory-evidence-preserving
model-family-replication-linear,109,anzhi,leadbolt,own-domain,11,91,0,5,3.4773268075559916,2.8444070616955477,0.5772357723577236,0.5,3.5487874467902714,central,0.36363636363636365,0.36363636363636365,0.2727272727272727,0.36363636363636365,0.36363636363636365,0.09090909090909094,-0.09090909090909094,0.0,0.0,0.0,C-post-confirmatory-evidence-preserving
model-family-replication-linear,109,anzhi,leadbolt,federation-wide,751,91,0,5,3.4773268075559916,2.8444070616955477,0.5772357723577236,0.5,3.5487874467902714,central,0.04660452729693742,0.05193075898801598,0.014647137150466045,0.04660452729693742,0.04660452729693742,0.037283621837549935,-0.03195739014647137,0.005326231691078563,0.0,-0.005326231691078563,C-post-confirmatory-evidence-preserving
model-family-replication-linear,109,appchina,adwo,own-domain,742,43,0,287,3.473074985695662,1.5754464343634103,0.7619047619047619,0.4954954954954955,2.580803706987302,central,0.44609164420485176,0.4973045822102426,0.5431266846361186,0.6428571428571429,0.6428571428571429,-0.04582210242587598,0.09703504043126682,0.05121293800539084,0.19676549865229115,0.1455525606469003,C-post-confirmatory-evidence-preserving
model-family-replication-linear,109,appchina,adwo,federation-wide,886,43,0,287,3.473074985695662,1.5754464343634103,0.7619047619047619,0.4954954954954955,2.580803706987302,central,0.44130925507900676,0.4853273137697517,0.5270880361173815,0.6196388261851016,0.6196388261851016,-0.04176072234762984,0.08577878103837477,0.04401805869074493,0.17832957110609482,0.1343115124153499,C-post-confirmatory-evidence-preserving
model-family-replication-trees,100,play-early,airpush,own-domain,2012,193,0,179,3.4851187591887043,2.0991970287522332,0.6842105263157895,0.7291666666666666,3.5695988211341505,central,0.6018886679920478,0.6436381709741551,0.4105367793240557,0.8424453280318092,0.8424453280318092,0.2331013916500994,-0.19135188866799208,0.041749502982107334,0.2405566600397614,0.19880715705765406,C-post-confirmatory-evidence-preserving
model-family-replication-trees,100,play-early,airpush,federation-wide,2433,193,0,179,3.4851187591887043,2.0991970287522332,0.6842105263157895,0.7291666666666666,3.5695988211341505,central,0.6259761611179614,0.6954377311960542,0.46773530620632964,0.8602548294286889,0.8602548294286889,0.2277024249897246,-0.15824085491163176,0.06946157007809284,0.23427866831072752,0.16481709823263468,C-post-confirmatory-evidence-preserving
model-family-replication-trees,100,play-late,revmob,own-domain,18,60,0,0,5.150450689927201,3.7406211281164725,0.45145631067961167,0.49295774647887325,5.838510013955065,central,0.4444444444444444,0.8888888888888888,0.7222222222222222,0.8888888888888888,0.8888888888888888,0.16666666666666663,0.2777777777777778,0.4444444444444444,0.4444444444444444,0.0,C-post-confirmatory-evidence-preserving
model-family-replication-trees,100,play-late,revmob,federation-wide,600,60,0,0,5.150450689927201,3.7406211281164725,0.45145631067961167,0.49295774647887325,5.838510013955065,central,0.7566666666666667,0.8916666666666667,0.5866666666666667,0.9266666666666666,0.9266666666666666,0.30500000000000005,-0.17000000000000004,0.135,0.16999999999999993,0.03499999999999992,C-post-confirmatory-evidence-preserving
model-family-replication-trees,100,anzhi,dowgin,own-domain,6190,107,0,1590,2.08556945685487,1.3005105720572308,0.7654320987654321,0.7464788732394366,2.0183812589522474,central,0.8878836833602585,0.8738287560581584,0.8707592891760905,0.8888529886914378,0.8888529886914378,0.003069466882067884,-0.017124394184168,-0.014054927302100118,0.0009693053311793376,0.015024232633279455,C-post-confirmatory-evidence-preserving
model-family-replication-trees,100,anzhi,dowgin,federation-wide,6428,107,0,1590,2.08556945685487,1.3005105720572308,0.7654320987654321,0.7464788732394366,2.0183812589522474,central,0.8744555071561917,0.8624766645924082,0.8595208462974486,0.8769446172993155,0.8769446172993155,0.0029558182949596112,-0.014934660858743065,-0.011978842563783454,0.002489110143123807,0.014467952706907261,C-post-confirmatory-evidence-preserving
model-family-replication-trees,100,anzhi,adwo,own-domain,152,296,0,30,3.813113461888963,1.883897404966985,0.7572815533980582,0.5402298850574713,3.411052194722788,central,0.5131578947368421,0.6447368421052632,0.5921052631578947,0.5986842105263158,0.5986842105263158,0.052631578947368474,0.07894736842105254,0.13157894736842102,0.08552631578947367,-0.046052631578947345,C-post-confirmatory-evidence-preserving
model-family-replication-trees,100,anzhi,adwo,federation-wide,846,296,0,30,3.813113461888963,1.883897404966985,0.7572815533980582,0.5402298850574713,3.411052194722788,central,0.5390070921985816,0.7044917257683215,0.48817966903073284,0.5460992907801419,0.5460992907801419,0.2163120567375887,-0.05082742316784872,0.16548463356973997,0.007092198581560294,-0.15839243498817968,C-post-confirmatory-evidence-preserving
model-family-replication-trees,100,appchina,gappusin,own-domain,1080,113,0,368,2.652702759539863,1.306466877398803,0.6904761904761905,0.7323943661971831,1.6813163749483737,central,0.3074074074074074,0.5074074074074074,0.35,0.5555555555555556,0.5555555555555556,0.15740740740740744,0.04259259259259257,0.2,0.24814814814814817,0.04814814814814816,C-post-confirmatory-evidence-preserving
model-family-replication-trees,100,appchina,gappusin,federation-wide,1429,113,0,368,2.652702759539863,1.306466877398803,0.6904761904761905,0.7323943661971831,1.6813163749483737,central,0.311406578026592,0.503149055283415,0.3736878936319104,0.5535339398180545,0.5535339398180545,0.12946116165150462,0.06228131560531841,0.19174247725682303,0.24212736179146255,0.05038488453463952,C-post-confirmatory-evidence-preserving
model-family-replication-trees,100,appchina,leadbolt,own-domain,91,78,0,23,3.981286916447268,2.0182842283527456,0.704225352112676,0.36936936936936937,2.6161230405295353,central,0.3626373626373626,0.3516483516483517,0.06593406593406594,0.32967032967032966,0.32967032967032966,0.28571428571428575,-0.2967032967032967,-0.01098901098901095,-0.03296703296703296,-0.02197802197802201,C-post-confirmatory-evidence-preserving
model-family-replication-trees,100,appchina,leadbolt,federation-wide,842,78,0,23,3.981286916447268,2.0182842283527456,0.704225352112676,0.36936936936936937,2.6161230405295353,central,0.12945368171021376,0.1876484560570071,0.022565320665083134,0.18052256532066507,0.18052256532066507,0.16508313539192399,-0.10688836104513064,0.05819477434679335,0.05106888361045131,-0.007125890736342039,C-post-confirmatory-evidence-preserving
model-family-replication-trees,100,appchina,hiddad,own-domain,10,45,0,5,5.729453977641854,4.820659845493026,0.4078014184397163,0.20233463035019456,5.056905652441987,central,0.6,0.6,0.6,0.6,0.6,0.0,0.0,0.0,0.0,0.0,C-post-confirmatory-evidence-preserving
model-family-replication-trees,100,appchina,hiddad,federation-wide,337,45,0,5,5.729453977641854,4.820659845493026,0.4078014184397163,0.20233463035019456,5.056905652441987,central,0.1572700296735905,0.12166172106824925,0.11572700296735905,0.08902077151335312,0.08902077151335312,0.0059347181008902045,-0.041543026706231445,-0.03560830860534124,-0.06824925816023737,-0.03264094955489613,C-post-confirmatory-evidence-preserving
model-family-replication-trees,101,play-early,airpush,own-domain,1351,170,0,210,3.6107089350448907,2.4148124748939077,0.6065573770491803,0.7010309278350515,3.5512908551086424,central,0.540340488527017,0.6750555144337528,0.5566247224278312,0.84159881569208,0.84159881569208,0.11843079200592155,0.016284233900814238,0.13471502590673579,0.30125832716506296,0.16654330125832717,C-post-confirmatory-evidence-preserving
model-family-replication-trees,101,play-early,airpush,federation-wide,1864,170,0,210,3.6107089350448907,2.4148124748939077,0.6065573770491803,0.7010309278350515,3.5512908551086424,central,0.6089055793991416,0.7483905579399142,0.6427038626609443,0.8792918454935622,0.8792918454935622,0.1056866952789699,0.033798283261802675,0.13948497854077258,0.2703862660944206,0.13090128755364805,C-post-confirmatory-evidence-preserving
model-family-replication-trees,101,play-early,adwo,own-domain,9,354,0,3,4.109313286596289,2.3644355221296895,0.6458333333333334,0.6777777777777778,4.017826368614283,central,1.0,1.0,1.0,1.0,1.0,0.0,0.0,0.0,0.0,0.0,C-post-confirmatory-evidence-preserving
model-family-replication-trees,101,play-early,adwo,federation-wide,913,354,0,3,4.109313286596289,2.3644355221296895,0.6458333333333334,0.6777777777777778,4.017826368614283,central,0.9222343921139102,0.9846659364731654,0.9496166484118291,0.9824753559693319,0.9824753559693319,0.035049288061336226,0.027382256297918905,0.06243154435925513,0.06024096385542166,-0.0021905805038334725,C-post-confirmatory-evidence-preserving
model-family-replication-trees,101,play-late,leadbolt,own-domain,20,112,0,1,3.9232248103375995,3.275301705074222,0.41139240506329117,0.5392156862745098,5.068889159191522,central,0.35,0.85,0.65,0.8,0.8,0.19999999999999996,0.30000000000000004,0.5,0.45000000000000007,-0.04999999999999993,C-post-confirmatory-evidence-preserving
model-family-replication-trees,101,play-late,leadbolt,federation-wide,885,112,0,1,3.9232248103375995,3.275301705074222,0.41139240506329117,0.5392156862745098,5.068889159191522,central,0.45875706214689266,0.9050847457627119,0.8011299435028248,0.9864406779661017,0.9864406779661017,0.10395480225988707,0.3423728813559322,0.44632768361581926,0.5276836158192091,0.08135593220338977,C-post-confirmatory-evidence-preserving
model-family-replication-trees,101,play-late,revmob,own-domain,15,65,0,2,4.938966106603984,3.870402736901703,0.4782608695652174,0.4105960264900662,5.74174572139714,central,0.7333333333333333,0.9333333333333333,0.7333333333333333,0.9333333333333333,0.9333333333333333,0.20000000000000007,0.0,0.20000000000000007,0.20000000000000007,0.0,C-post-confirmatory-evidence-preserving
model-family-replication-trees,101,play-late,revmob,federation-wide,654,65,0,2,4.938966106603984,3.870402736901703,0.4782608695652174,0.4105960264900662,5.74174572139714,central,0.7171253822629969,0.9510703363914373,0.7706422018348624,0.9510703363914373,0.9510703363914373,0.18042813455657492,0.05351681957186549,0.2339449541284404,0.2339449541284404,0.0,C-post-confirmatory-evidence-preserving
model-family-replication-trees,101,play-late,hiddad,own-domain,376,21,0,20,2.9649486494307045,2.6721930932744447,0.5019157088122606,0.5784313725490197,4.125983466437819,central,0.14893617021276595,0.20212765957446807,0.2047872340425532,0.26063829787234044,0.26063829787234044,-0.002659574468085124,0.055851063829787245,0.05319148936170212,0.11170212765957449,0.05851063829787237,C-post-confirmatory-evidence-preserving
model-family-replication-trees,101,play-late,hiddad,federation-wide,486,21,0,20,2.9649486494307045,2.6721930932744447,0.5019157088122606,0.5784313725490197,4.125983466437819,central,0.25308641975308643,0.3395061728395062,0.3292181069958848,0.38271604938271603,0.38271604938271603,0.010288065843621408,0.07613168724279834,0.08641975308641975,0.1296296296296296,0.043209876543209846,C-post-confirmatory-evidence-preserving
model-family-replication-trees,101,appchina,dowgin,own-domain,241,1648,0,107,2.951322946828574,2.047622625162184,0.5544554455445545,0.5844155844155844,2.2541032833582855,central,0.5933609958506224,0.7468879668049793,0.7800829875518672,0.7717842323651453,0.7717842323651453,-0.03319502074688796,0.18672199170124482,0.15352697095435686,0.17842323651452285,0.024896265560165998,C-post-confirmatory-evidence-preserving
model-family-replication-trees,101,appchina,dowgin,federation-wide,5745,1648,0,107,2.951322946828574,2.047622625162184,0.5544554455445545,0.5844155844155844,2.2541032833582855,central,0.6370757180156658,0.9039164490861619,0.9086161879895561,0.9063533507397737,0.9063533507397737,-0.004699738903394257,0.27154046997389036,0.2668407310704961,0.269277632724108,0.002436901653611878,C-post-confirmatory-evidence-preserving
model-family-replication-trees,101,appchina,gappusin,own-domain,1312,108,0,304,2.7346381548085414,1.4893694917137508,0.7037037037037037,0.7183098591549296,1.6977573991927424,central,0.4108231707317073,0.46646341463414637,0.3201219512195122,0.6783536585365854,0.6783536585365854,0.14634146341463417,-0.09070121951219512,0.055640243902439046,0.26753048780487804,0.211890243902439,C-post-confirmatory-evidence-preserving
model-family-replication-trees,101,appchina,gappusin,federation-wide,1624,108,0,304,2.7346381548085414,1.4893694917137508,0.7037037037037037,0.7183098591549296,1.6977573991927424,central,0.39408866995073893,0.4747536945812808,0.3448275862068966,0.6545566502463054,0.6545566502463054,0.12992610837438423,-0.04926108374384236,0.08066502463054187,0.26046798029556645,0.17980295566502458,C-post-confirmatory-evidence-preserving
model-family-replication-trees,102,play-early,airpush,own-domain,1718,168,0,161,3.6839100903277524,2.1883670377063194,0.6101694915254238,0.6276595744680851,3.5711539155687047,central,0.7206053550640279,0.6577415599534342,0.6501746216530849,0.8009313154831199,0.8009313154831199,0.0075669383003492685,-0.07043073341094297,-0.0628637951105937,0.08032596041909201,0.1431897555296857,C-post-confirmatory-evidence-preserving
model-family-replication-trees,102,play-early,airpush,federation-wide,2173,168,0,161,3.6839100903277524,2.1883670377063194,0.6101694915254238,0.6276595744680851,3.5711539155687047,central,0.7372296364473079,0.7114588127013346,0.7017947537965946,0.8278877128393926,0.8278877128393926,0.00966405890473998,-0.03543488265071326,-0.02577082374597328,0.09065807639208467,0.11642890013805796,C-post-confirmatory-evidence-preserving
model-family-replication-trees,102,play-late,leadbolt,own-domain,17,98,0,0,3.8826380211670006,2.85415909632965,0.48554913294797686,0.5855855855855856,4.943091454128165,central,0.6470588235294118,0.8823529411764706,0.35294117647058826,0.9411764705882353,0.9411764705882353,0.5294117647058822,-0.29411764705882354,0.23529411764705876,0.2941176470588235,0.05882352941176472,C-post-confirmatory-evidence-preserving
model-family-replication-trees,102,play-late,leadbolt,federation-wide,738,98,0,0,3.8826380211670006,2.85415909632965,0.48554913294797686,0.5855855855855856,4.943091454128165,central,0.6151761517615176,0.989159891598916,0.8102981029810298,0.989159891598916,0.989159891598916,0.17886178861788626,0.19512195121951215,0.3739837398373984,0.3739837398373984,0.0,C-post-confirmatory-evidence-preserving
model-family-replication-trees,102,anzhi,dowgin,own-domain,4891,99,0,1549,2.152754001084323,1.2112050233989897,0.7534246575342466,0.78125,2.008933258936978,central,0.8280515232058884,0.7928848906154161,0.7454508280515232,0.855448783479861,0.855448783479861,0.04743406256389293,-0.08260069515436519,-0.03516663259047226,0.0273972602739726,0.06256389286444486,C-post-confirmatory-evidence-preserving
model-family-replication-trees,102,anzhi,dowgin,federation-wide,5125,99,0,1549,2.152754001084323,1.2112050233989897,0.7534246575342466,0.78125,2.008933258936978,central,0.8111219512195122,0.7795121951219512,0.7320975609756097,0.8413658536585366,0.8413658536585366,0.047414634146341506,-0.07902439024390251,-0.031609756097561004,0.030243902439024306,0.06185365853658531,C-post-confirmatory-evidence-preserving
model-family-replication-trees,102,anzhi,gappusin,own-domain,286,363,0,80,2.8981241462928384,1.4121065479788315,0.6862745098039216,0.5945945945945946,2.38767404950206,central,0.21328671328671328,0.36713286713286714,0.2867132867132867,0.34615384615384615,0.34615384615384615,0.08041958041958042,0.07342657342657344,0.15384615384615385,0.13286713286713286,-0.02097902097902099,C-post-confirmatory-evidence-preserving
model-family-replication-trees,102,anzhi,gappusin,federation-wide,1369,363,0,80,2.8981241462928384,1.4121065479788315,0.6862745098039216,0.5945945945945946,2.38767404950206,central,0.33966398831263694,0.3126369612856099,0.20964207450693936,0.2505478451424397,0.2505478451424397,0.10299488677867055,-0.13002191380569758,-0.02702702702702703,-0.08911614317019723,-0.0620891161431702,C-post-confirmatory-evidence-preserving
model-family-replication-trees,102,anzhi,adwo,own-domain,99,291,0,37,3.8548309982774875,1.7953493970585166,0.7403846153846154,0.5348837209302325,3.3735648497755863,central,0.5151515151515151,0.5959595959595959,0.4444444444444444,0.5252525252525253,0.5252525252525253,0.1515151515151515,-0.07070707070707072,0.08080808080808077,0.010101010101010166,-0.07070707070707061,C-post-confirmatory-evidence-preserving
model-family-replication-trees,102,anzhi,adwo,federation-wide,834,291,0,37,3.8548309982774875,1.7953493970585166,0.7403846153846154,0.5348837209302325,3.3735648497755863,central,0.4616306954436451,0.60431654676259,0.31894484412470026,0.5095923261390888,0.5095923261390888,0.2853717026378897,-0.14268585131894485,0.14268585131894485,0.04796163069544368,-0.09472422062350117,C-post-confirmatory-evidence-preserving
model-family-replication-trees,102,anzhi,hiddad,own-domain,8,39,0,4,5.872342581643335,5.5882110841122685,0.22413793103448276,0.20622568093385213,5.676284384631803,central,0.75,0.875,0.625,0.75,0.75,0.25,-0.125,0.125,0.0,-0.125,C-post-confirmatory-evidence-preserving
model-family-replication-trees,102,anzhi,hiddad,federation-wide,258,39,0,4,5.872342581643335,5.5882110841122685,0.22413793103448276,0.20622568093385213,5.676284384631803,central,0.10077519379844961,0.22868217054263565,0.2248062015503876,0.2131782945736434,0.2131782945736434,0.003875968992248041,0.124031007751938,0.12790697674418605,0.11240310077519379,-0.015503875968992248,C-post-confirmatory-evidence-preserving
model-family-replication-trees,102,appchina,revmob,own-domain,16,66,0,4,5.136740134856688,3.4412326628859993,0.49390243902439024,0.2605633802816901,4.025907369461369,central,0.0625,0.0625,0.0,0.0625,0.0625,0.0625,-0.0625,0.0,0.0,0.0,C-post-confirmatory-evidence-preserving
model-family-replication-trees,102,appchina,revmob,federation-wide,432,66,0,4,5.136740134856688,3.4412326628859993,0.49390243902439024,0.2605633802816901,4.025907369461369,central,0.032407407407407406,0.09953703703703703,0.04398148148148148,0.10416666666666667,0.10416666666666667,0.05555555555555555,0.011574074074074077,0.06712962962962962,0.07175925925925927,0.004629629629629636,C-post-confirmatory-evidence-preserving
model-family-replication-trees,103,play-early,dowgin,own-domain,18,1775,0,0,3.8041273025528803,1.98864549209988,0.48148148148148145,0.6025641025641025,3.5334382283962453,central,0.6111111111111112,0.7222222222222222,0.7222222222222222,0.7222222222222222,0.7222222222222222,0.0,0.11111111111111105,0.11111111111111105,0.11111111111111105,0.0,C-post-confirmatory-evidence-preserving
model-family-replication-trees,103,play-early,dowgin,federation-wide,5418,1775,0,0,3.8041273025528803,1.98864549209988,0.48148148148148145,0.6025641025641025,3.5334382283962453,central,0.6854928017718716,0.9942783314876338,0.9726836471022517,0.9948320413436692,0.9948320413436692,0.021594684385382035,0.2871908453303802,0.30878552971576223,0.30933923957179765,0.0005537098560354226,C-post-confirmatory-evidence-preserving
model-family-replication-trees,103,play-early,leadbolt,own-domain,744,33,0,67,2.5964333920376172,1.8748948030139825,0.6587301587301587,0.7087378640776699,2.5338378445992,central,0.4018817204301075,0.5067204301075269,0.3521505376344086,0.7405913978494624,0.7405913978494624,0.15456989247311825,-0.04973118279569888,0.10483870967741937,0.33870967741935487,0.2338709677419355,C-post-confirmatory-evidence-preserving
model-family-replication-trees,103,play-early,leadbolt,federation-wide,909,33,0,67,2.5964333920376172,1.8748948030139825,0.6587301587301587,0.7087378640776699,2.5338378445992,central,0.39933993399339934,0.5016501650165016,0.36743674367436746,0.7183718371837183,0.7183718371837183,0.13421342134213415,-0.03190319031903188,0.10231023102310227,0.319031903190319,0.21672167216721672,C-post-confirmatory-evidence-preserving
model-family-replication-trees,103,anzhi,adwo,own-domain,130,314,0,36,3.6022754440995732,1.9478803385713612,0.7272727272727273,0.5227272727272727,3.4354561177608662,central,0.6461538461538462,0.7615384615384615,0.7461538461538462,0.7538461538461538,0.7538461538461538,0.01538461538461533,0.09999999999999998,0.11538461538461531,0.10769230769230764,-0.007692307692307665,C-post-confirmatory-evidence-preserving
model-family-replication-trees,103,anzhi,adwo,federation-wide,808,314,0,36,3.6022754440995732,1.9478803385713612,0.7272727272727273,0.5227272727272727,3.4354561177608662,central,0.6188118811881188,0.8403465346534653,0.7326732673267327,0.8391089108910891,0.8391089108910891,0.10767326732673266,0.11386138613861385,0.2215346534653465,0.22029702970297027,-0.0012376237623762387,C-post-confirmatory-evidence-preserving
model-family-replication-trees,103,appchina,airpush,own-domain,417,172,0,137,3.7882547414294767,2.023658234833949,0.6446280991735537,0.3888888888888889,2.4177388064639636,central,0.7553956834532374,0.9712230215827338,0.3405275779376499,0.9688249400479616,0.9688249400479616,0.6306954436450839,-0.4148681055155875,0.2158273381294964,0.21342925659472423,-0.0023980815347721673,C-post-confirmatory-evidence-preserving
model-family-replication-trees,103,appchina,airpush,federation-wide,3033,172,0,137,3.7882547414294767,2.023658234833949,0.6446280991735537,0.3888888888888889,2.4177388064639636,central,0.31816683151994724,0.5265413781734256,0.09132871744147708,0.5341246290801187,0.5341246290801187,0.43521266073194853,-0.22683811407847015,0.20837454665347838,0.21595779756017147,0.007583250906693095,C-post-confirmatory-evidence-preserving
model-family-replication-trees,103,appchina,gappusin,own-domain,1372,108,0,315,2.706353908518728,1.3213861446626298,0.7435897435897436,0.6911764705882353,1.7028369208145242,central,0.4774052478134111,0.3075801749271137,0.22521865889212828,0.7456268221574344,0.7456268221574344,0.08236151603498543,-0.2521865889212828,-0.1698250728862974,0.2682215743440233,0.43804664723032066,C-post-confirmatory-evidence-preserving
model-family-replication-trees,103,appchina,gappusin,federation-wide,1705,108,0,315,2.706353908518728,1.3213861446626298,0.7435897435897436,0.6911764705882353,1.7028369208145242,central,0.4686217008797654,0.3278592375366569,0.24281524926686218,0.7126099706744868,0.7126099706744868,0.08504398826979473,-0.22580645161290322,-0.1407624633431085,0.24398826979472144,0.3847507331378299,C-post-confirmatory-evidence-preserving
model-family-replication-trees,103,appchina,revmob,own-domain,18,59,0,4,5.375202641253769,3.5754285862434068,0.5055555555555555,0.2589928057553957,4.150689673214761,central,0.05555555555555555,0.1111111111111111,0.05555555555555555,0.2222222222222222,0.2222222222222222,0.05555555555555555,0.0,0.05555555555555555,0.16666666666666666,0.1111111111111111,C-post-confirmatory-evidence-preserving
model-family-replication-trees,103,appchina,revmob,federation-wide,560,59,0,4,5.375202641253769,3.5754285862434068,0.5055555555555555,0.2589928057553957,4.150689673214761,central,0.06964285714285715,0.06964285714285715,0.017857142857142856,0.0875,0.0875,0.05178571428571429,-0.05178571428571429,0.0,0.01785714285714285,0.01785714285714285,C-post-confirmatory-evidence-preserving
model-family-replication-trees,103,appchina,hiddad,own-domain,8,25,0,4,4.9911104136291975,4.025805892242939,0.45321637426900585,0.1893687707641196,4.2428332222769525,central,0.5,0.5,0.5,0.5,0.5,0.0,0.0,0.0,0.0,0.0,C-post-confirmatory-evidence-preserving
model-family-replication-trees,103,appchina,hiddad,federation-wide,327,25,0,4,4.9911104136291975,4.025805892242939,0.45321637426900585,0.1893687707641196,4.2428332222769525,central,0.11314984709480122,0.14067278287461774,0.12844036697247707,0.10703363914373089,0.10703363914373089,0.012232415902140664,0.015290519877675851,0.027522935779816515,-0.006116207951070332,-0.03363914373088685,C-post-confirmatory-evidence-preserving
model-family-replication-trees,104,play-early,airpush,own-domain,1744,191,0,148,3.7493103014545297,2.241236129794068,0.628099173553719,0.6039603960396039,3.600398990467054,central,0.4455275229357798,0.551605504587156,0.4375,0.6926605504587156,0.6926605504587156,0.11410550458715596,-0.008027522935779796,0.10607798165137616,0.24713302752293576,0.1410550458715596,C-post-confirmatory-evidence-preserving
model-family-replication-trees,104,play-early,airpush,federation-wide,2316,191,0,148,3.7493103014545297,2.241236129794068,0.628099173553719,0.6039603960396039,3.600398990467054,central,0.5276338514680483,0.6355785837651122,0.5332469775474957,0.7430915371329879,0.7430915371329879,0.1023316062176165,0.005613126079447417,0.10794473229706392,0.2154576856649396,0.1075129533678757,C-post-confirmatory-evidence-preserving
model-family-replication-trees,104,play-early,adwo,own-domain,31,353,0,5,4.109929942677416,2.3535712314597914,0.6526315789473685,0.5393258426966292,4.0108563361087475,central,0.8709677419354839,0.8709677419354839,0.8709677419354839,0.9032258064516129,0.9032258064516129,0.0,0.0,0.0,0.032258064516129004,0.032258064516129004,C-post-confirmatory-evidence-preserving
model-family-replication-trees,104,play-early,adwo,federation-wide,871,353,0,5,4.109929942677416,2.3535712314597914,0.6526315789473685,0.5393258426966292,4.0108563361087475,central,0.8266360505166476,0.9678530424799081,0.9425947187141217,0.9552238805970149,0.9552238805970149,0.025258323765786406,0.11595866819747414,0.14121699196326054,0.12858783008036734,-0.012629161882893203,C-post-confirmatory-evidence-preserving
model-family-replication-trees,104,play-early,hiddad,own-domain,136,32,0,14,4.6659544508935875,4.13905551491588,0.43333333333333335,0.24838709677419354,4.242900129096811,central,0.2426470588235294,0.34558823529411764,0.4117647058823529,0.3161764705882353,0.3161764705882353,-0.06617647058823528,0.1691176470588235,0.10294117647058823,0.07352941176470587,-0.02941176470588236,C-post-confirmatory-evidence-preserving
model-family-replication-trees,104,play-early,hiddad,federation-wide,568,32,0,14,4.6659544508935875,4.13905551491588,0.43333333333333335,0.24838709677419354,4.242900129096811,central,0.1637323943661972,0.2112676056338028,0.20950704225352113,0.19014084507042253,0.19014084507042253,0.0017605633802816878,0.04577464788732394,0.047535211267605626,0.026408450704225345,-0.02112676056338028,C-post-confirmatory-evidence-preserving
model-family-replication-trees,104,anzhi,leadbolt,own-domain,15,91,0,6,3.3967712421433456,2.7419227348830546,0.5658914728682171,0.4766355140186916,3.195453427419076,central,0.26666666666666666,0.4,0.3333333333333333,0.4,0.4,0.06666666666666671,0.06666666666666665,0.13333333333333336,0.13333333333333336,0.0,C-post-confirmatory-evidence-preserving
model-family-replication-trees,104,anzhi,leadbolt,federation-wide,875,91,0,6,3.3967712421433456,2.7419227348830546,0.5658914728682171,0.4766355140186916,3.195453427419076,central,0.03542857142857143,0.09142857142857143,0.019428571428571427,0.08914285714285715,0.08914285714285715,0.07200000000000001,-0.016,0.056,0.05371428571428572,-0.00228571428571428,C-post-confirmatory-evidence-preserving
model-family-replication-trees,104,appchina,dowgin,own-domain,297,1558,0,81,2.862305910177519,2.0179177711483276,0.53,0.6052631578947368,2.25963881803825,central,0.696969696969697,0.8181818181818182,0.8047138047138047,0.8282828282828283,0.8282828282828283,0.013468013468013518,0.1077441077441077,0.12121212121212122,0.13131313131313127,0.010101010101010055,C-post-confirmatory-evidence-preserving
model-family-replication-trees,104,appchina,dowgin,federation-wide,6892,1558,0,81,2.862305910177519,2.0179177711483276,0.53,0.6052631578947368,2.25963881803825,central,0.6857225769007544,0.917150319210679,0.8878409750435288,0.9123621590249564,0.9123621590249564,0.029309344167150253,0.20211839814277432,0.23142774230992458,0.226639582124202,-0.00478816018572259,C-post-confirmatory-evidence-preserving
model-family-replication-trees,104,appchina,gappusin,own-domain,1150,81,0,329,2.5983188699117292,1.3957622954332451,0.6931818181818182,0.7361111111111112,1.6227378860692006,central,0.5095652173913043,0.5165217391304348,0.3660869565217391,0.7582608695652174,0.7582608695652174,0.15043478260869564,-0.14347826086956522,0.006956521739130417,0.2486956521739131,0.24173913043478268,C-post-confirmatory-evidence-preserving
model-family-replication-trees,104,appchina,gappusin,federation-wide,1505,81,0,329,2.5983188699117292,1.3957622954332451,0.6931818181818182,0.7361111111111112,1.6227378860692006,central,0.47043189368770766,0.5176079734219269,0.3754152823920266,0.7421926910299004,0.7421926910299004,0.1421926910299003,-0.09501661129568106,0.04717607973421922,0.2717607973421927,0.2245847176079735,C-post-confirmatory-evidence-preserving
model-family-replication-trees,104,appchina,revmob,own-domain,23,46,0,4,4.633267890303643,2.517907382573409,0.5277777777777778,0.271523178807947,3.3137832016755757,central,0.08695652173913043,0.0,0.0,0.0,0.0,0.0,-0.08695652173913043,-0.08695652173913043,-0.08695652173913043,0.0,C-post-confirmatory-evidence-preserving
model-family-replication-trees,104,appchina,revmob,federation-wide,620,46,0,4,4.633267890303643,2.517907382573409,0.5277777777777778,0.271523178807947,3.3137832016755757,central,0.04838709677419355,0.03870967741935484,0.024193548387096774,0.0467741935483871,0.0467741935483871,0.014516129032258067,-0.024193548387096774,-0.009677419354838707,-0.0016129032258064488,0.008064516129032258,C-post-confirmatory-evidence-preserving
model-family-replication-trees,105,play-early,gappusin,own-domain,44,496,0,3,3.381154180431505,2.0752116733448007,0.5,0.6197183098591549,3.35721108975858,central,0.45454545454545453,0.8863636363636364,0.8636363636363636,0.9318181818181818,0.9318181818181818,0.022727272727272707,0.4090909090909091,0.4318181818181818,0.47727272727272724,0.045454545454545414,C-post-confirmatory-evidence-preserving
model-family-replication-trees,105,play-early,gappusin,federation-wide,1572,496,0,3,3.381154180431505,2.0752116733448007,0.5,0.6197183098591549,3.35721108975858,central,0.3638676844783715,0.9847328244274809,0.960559796437659,0.9815521628498728,0.9815521628498728,0.024173027989821905,0.5966921119592875,0.6208651399491094,0.6176844783715013,-0.0031806615776081015,C-post-confirmatory-evidence-preserving
model-family-replication-trees,105,play-late,leadbolt,own-domain,57,96,0,3,3.8853568017431064,3.176738578054425,0.3577586206896552,0.5673076923076923,5.05584849910753,central,0.7894736842105263,0.9649122807017544,0.17543859649122806,0.9649122807017544,0.9649122807017544,0.7894736842105263,-0.6140350877192983,0.17543859649122806,0.17543859649122806,0.0,C-post-confirmatory-evidence-preserving
model-family-replication-trees,105,play-late,leadbolt,federation-wide,905,96,0,3,3.8853568017431064,3.176738578054425,0.3577586206896552,0.5673076923076923,5.05584849910753,central,0.430939226519337,0.9823204419889503,0.6795580110497238,0.8773480662983425,0.8773480662983425,0.3027624309392265,0.24861878453038677,0.5513812154696133,0.4464088397790055,-0.1049723756906078,C-post-confirmatory-evidence-preserving
model-family-replication-trees,105,play-late,revmob,own-domain,15,60,0,3,4.350887824887627,3.1075381681568355,0.4979253112033195,0.47333333333333333,5.341344042528846,central,0.26666666666666666,0.9333333333333333,0.6,0.9333333333333333,0.9333333333333333,0.33333333333333337,0.3333333333333333,0.6666666666666667,0.6666666666666667,0.0,C-post-confirmatory-evidence-preserving
model-family-replication-trees,105,play-late,revmob,federation-wide,944,60,0,3,4.350887824887627,3.1075381681568355,0.4979253112033195,0.47333333333333333,5.341344042528846,central,0.2786016949152542,0.6101694915254238,0.4427966101694915,0.8559322033898306,0.8559322033898306,0.16737288135593226,0.1641949152542373,0.33156779661016955,0.5773305084745763,0.2457627118644068,C-post-confirmatory-evidence-preserving
model-family-replication-trees,105,anzhi,dowgin,own-domain,6165,80,0,1593,2.2311985397026333,1.3130135699321448,0.6976744186046512,0.7142857142857143,2.152547605159694,central,0.905433901054339,0.8887266828872669,0.897323600973236,0.8887266828872669,0.8887266828872669,-0.008596918085969185,-0.008110300081102917,-0.016707218167072102,-0.016707218167072102,0.0,C-post-confirmatory-evidence-preserving
model-family-replication-trees,105,anzhi,dowgin,federation-wide,6444,80,0,1593,2.2311985397026333,1.3130135699321448,0.6976744186046512,0.7142857142857143,2.152547605159694,central,0.9008379888268156,0.883147113594041,0.8915270018621974,0.8825263811297331,0.8825263811297331,-0.008379888268156388,-0.009310986964618295,-0.017690875232774683,-0.01831160769708251,-0.0006207324643078271,C-post-confirmatory-evidence-preserving
model-family-replication-trees,105,anzhi,adwo,own-domain,136,269,0,25,3.8627936540008085,1.9849666709944866,0.7352941176470589,0.5287356321839081,3.4507439837236333,central,0.6691176470588235,0.7794117647058824,0.6102941176470589,0.7205882352941176,0.7205882352941176,0.16911764705882348,-0.05882352941176461,0.11029411764705888,0.05147058823529416,-0.05882352941176472,C-post-confirmatory-evidence-preserving
model-family-replication-trees,105,anzhi,adwo,federation-wide,1105,269,0,25,3.8627936540008085,1.9849666709944866,0.7352941176470589,0.5287356321839081,3.4507439837236333,central,0.7212669683257918,0.8126696832579186,0.6823529411764706,0.746606334841629,0.746606334841629,0.13031674208144794,-0.03891402714932124,0.0914027149321267,0.025339366515837125,-0.06606334841628958,C-post-confirmatory-evidence-preserving
model-family-replication-trees,105,anzhi,hiddad,own-domain,20,35,0,8,4.81946873042181,4.525167333252926,0.25333333333333335,0.2114695340501792,4.6294081615930684,central,0.7,0.75,0.75,0.75,0.75,0.0,0.050000000000000044,0.050000000000000044,0.050000000000000044,0.0,C-post-confirmatory-evidence-preserving
model-family-replication-trees,105,anzhi,hiddad,federation-wide,598,35,0,8,4.81946873042181,4.525167333252926,0.25333333333333335,0.2114695340501792,4.6294081615930684,central,0.11036789297658862,0.09698996655518395,0.10033444816053512,0.08695652173913043,0.08695652173913043,-0.0033444816053511683,-0.010033444816053505,-0.013377926421404673,-0.023411371237458192,-0.010033444816053519,C-post-confirmatory-evidence-preserving
model-family-replication-trees,105,appchina,airpush,own-domain,446,192,0,176,3.8712580507857774,2.414979170539053,0.5351351351351351,0.3103448275862069,2.7179832994710713,central,0.625560538116592,0.9798206278026906,0.4641255605381166,0.9798206278026906,0.9798206278026906,0.515695067264574,-0.16143497757847536,0.3542600896860987,0.3542600896860987,0.0,C-post-confirmatory-evidence-preserving
model-family-replication-trees,105,appchina,airpush,federation-wide,2397,192,0,176,3.8712580507857774,2.414979170539053,0.5351351351351351,0.3103448275862069,2.7179832994710713,central,0.22528160200250313,0.6261994159365875,0.13642052565707133,0.6320400500625782,0.6320400500625782,0.48977889027951615,-0.0888610763454318,0.4009178139340843,0.4067584480600751,0.005840634125990785,C-post-confirmatory-evidence-preserving
model-family-replication-trees,106,play-early,airpush,own-domain,2032,185,0,138,3.7197674488783905,2.2117594272894445,0.6271186440677966,0.6129032258064516,3.6358809292489016,central,0.5142716535433071,0.5049212598425197,0.48572834645669294,0.6318897637795275,0.6318897637795275,0.019192913385826738,-0.028543307086614123,-0.009350393700787385,0.11761811023622049,0.12696850393700787,C-post-confirmatory-evidence-preserving
model-family-replication-trees,106,play-early,airpush,federation-wide,2618,185,0,138,3.7197674488783905,2.2117594272894445,0.6271186440677966,0.6129032258064516,3.6358809292489016,central,0.5706646294881589,0.5859434682964094,0.56951871657754,0.686401833460657,0.686401833460657,0.016424751718869368,-0.0011459129106188293,0.015278838808250539,0.11573720397249809,0.10045836516424755,C-post-confirmatory-evidence-preserving
model-family-replication-trees,106,anzhi,adwo,own-domain,136,296,0,28,3.600484644805414,2.025218450603937,0.7070707070707071,0.5348837209302325,3.3358397887596984,central,0.40441176470588236,0.40441176470588236,0.35294117647058826,0.4338235294117647,0.4338235294117647,0.0514705882352941,-0.0514705882352941,0.0,0.02941176470588236,0.02941176470588236,C-post-confirmatory-evidence-preserving
model-family-replication-trees,106,anzhi,adwo,federation-wide,1076,296,0,28,3.600484644805414,2.025218450603937,0.7070707070707071,0.5348837209302325,3.3358397887596984,central,0.6328996282527881,0.5139405204460966,0.2871747211895911,0.49349442379182157,0.49349442379182157,0.22676579925650553,-0.34572490706319703,-0.1189591078066915,-0.13940520446096655,-0.020446096654275048,C-post-confirmatory-evidence-preserving
model-family-replication-trees,106,anzhi,leadbolt,own-domain,16,105,0,5,3.4366612171572064,2.8070121886899573,0.576,0.4537037037037037,3.2005698718007696,central,0.4375,0.5625,0.5,0.5625,0.5625,0.0625,0.0625,0.125,0.125,0.0,C-post-confirmatory-evidence-preserving
model-family-replication-trees,106,anzhi,leadbolt,federation-wide,745,105,0,5,3.4366612171572064,2.8070121886899573,0.576,0.4537037037037037,3.2005698718007696,central,0.028187919463087248,0.1221476510067114,0.0348993288590604,0.1610738255033557,0.1610738255033557,0.087248322147651,0.006711409395973152,0.09395973154362416,0.13288590604026845,0.03892617449664429,C-post-confirmatory-evidence-preserving
model-family-replication-trees,106,appchina,dowgin,own-domain,294,1557,0,80,2.963900593546649,1.9756299517842257,0.5855855855855856,0.5789473684210527,2.2641837367737616,central,0.6700680272108843,0.7414965986394558,0.7551020408163265,0.7619047619047619,0.7619047619047619,-0.013605442176870652,0.08503401360544216,0.07142857142857151,0.09183673469387754,0.020408163265306034,C-post-confirmatory-evidence-preserving
model-family-replication-trees,106,appchina,dowgin,federation-wide,6190,1557,0,80,2.963900593546649,1.9756299517842257,0.5855855855855856,0.5789473684210527,2.2641837367737616,central,0.6558966074313409,0.8995153473344103,0.8862681744749596,0.8969305331179321,0.8969305331179321,0.013247172859450651,0.23037156704361872,0.24361873990306937,0.2410339256865912,-0.0025848142164781596,C-post-confirmatory-evidence-preserving
model-family-replication-trees,106,appchina,gappusin,own-domain,1143,96,0,395,2.757440299350274,1.4144800625290253,0.6595744680851063,0.704225352112676,1.6916326696238444,central,0.3114610673665792,0.44881889763779526,0.3910761154855643,0.558180227471566,0.558180227471566,0.05774278215223094,0.07961504811898512,0.13735783027121606,0.24671916010498685,0.10936132983377078,C-post-confirmatory-evidence-preserving
model-family-replication-trees,106,appchina,gappusin,federation-wide,1509,96,0,395,2.757440299350274,1.4144800625290253,0.6595744680851063,0.704225352112676,1.6916326696238444,central,0.2935719019218025,0.4671968190854871,0.39827700463883364,0.5659377070907886,0.5659377070907886,0.06891981444665346,0.10470510271703115,0.1736249171636846,0.2723658051689861,0.09874088800530151,C-post-confirmatory-evidence-preserving
model-family-replication-trees,106,appchina,revmob,own-domain,19,49,0,6,4.95227379357265,2.794751629754864,0.5806451612903226,0.23648648648648649,3.5531588039550406,central,0.10526315789473684,0.15789473684210525,0.0,0.15789473684210525,0.15789473684210525,0.15789473684210525,-0.10526315789473684,0.05263157894736842,0.05263157894736842,0.0,C-post-confirmatory-evidence-preserving
model-family-replication-trees,106,appchina,revmob,federation-wide,540,49,0,6,4.95227379357265,2.794751629754864,0.5806451612903226,0.23648648648648649,3.5531588039550406,central,0.03888888888888889,0.040740740740740744,0.020370370370370372,0.037037037037037035,0.037037037037037035,0.020370370370370372,-0.018518518518518517,0.0018518518518518545,-0.0018518518518518545,-0.003703703703703709,C-post-confirmatory-evidence-preserving
model-family-replication-trees,106,appchina,hiddad,own-domain,17,32,0,2,5.873925294948878,4.834028059154069,0.35986159169550175,0.18796992481203006,5.211489646757708,central,0.7058823529411765,0.7647058823529411,0.7647058823529411,0.7647058823529411,0.7647058823529411,0.0,0.05882352941176461,0.05882352941176461,0.05882352941176461,0.0,C-post-confirmatory-evidence-preserving
model-family-replication-trees,106,appchina,hiddad,federation-wide,313,32,0,2,5.873925294948878,4.834028059154069,0.35986159169550175,0.18796992481203006,5.211489646757708,central,0.1757188498402556,0.22364217252396165,0.23003194888178913,0.12460063897763578,0.12460063897763578,-0.006389776357827476,0.05431309904153353,0.047923322683706054,-0.05111821086261982,-0.09904153354632587,C-post-confirmatory-evidence-preserving
model-family-replication-trees,107,play-early,dowgin,own-domain,14,1698,0,2,3.7990690479748586,2.006122221578444,0.5196850393700787,0.6363636363636364,3.5087675251094006,central,0.9285714285714286,0.9285714285714286,0.9285714285714286,0.9285714285714286,0.9285714285714286,0.0,0.0,0.0,0.0,0.0,C-post-confirmatory-evidence-preserving
model-family-replication-trees,107,play-early,dowgin,federation-wide,5755,1698,0,2,3.7990690479748586,2.006122221578444,0.5196850393700787,0.6363636363636364,3.5087675251094006,central,0.7402258905299739,0.9913119026933102,0.9728931364031277,0.9881841876629018,0.9881841876629018,0.018418766290182464,0.2326672458731538,0.25108601216333626,0.24795829713292794,-0.003127715030408318,C-post-confirmatory-evidence-preserving
model-family-replication-trees,107,play-early,airpush,own-domain,2463,155,0,163,3.5089207879910416,2.116957706174709,0.6785714285714286,0.6875,3.321195631708033,central,0.6337799431587495,0.7186358099878197,0.6516443361753959,0.8603329273244011,0.8603329273244011,0.06699147381242387,0.01786439301664633,0.0848558668290702,0.22655298416565162,0.1416971173365814,C-post-confirmatory-evidence-preserving
model-family-replication-trees,107,play-early,airpush,federation-wide,3019,155,0,163,3.5089207879910416,2.116957706174709,0.6785714285714286,0.6875,3.321195631708033,central,0.665783371977476,0.761510433918516,0.6982444518052335,0.8784365684001325,0.8784365684001325,0.06326598211328249,0.03246107982775759,0.09572706194104008,0.21265319642265657,0.11692613448161648,C-post-confirmatory-evidence-preserving
model-family-replication-trees,107,play-early,adwo,own-domain,25,346,0,0,4.059671381333424,2.4151592546462863,0.5565217391304348,0.5862068965517241,3.972222254958133,central,0.92,1.0,0.96,1.0,1.0,0.040000000000000036,0.039999999999999925,0.07999999999999996,0.07999999999999996,0.0,C-post-confirmatory-evidence-preserving
model-family-replication-trees,107,play-early,adwo,federation-wide,955,346,0,0,4.059671381333424,2.4151592546462863,0.5565217391304348,0.5862068965517241,3.972222254958133,central,0.8575916230366493,0.9717277486910995,0.9413612565445026,0.9570680628272251,0.9570680628272251,0.030366492146596813,0.08376963350785338,0.1141361256544502,0.09947643979057585,-0.014659685863874339,C-post-confirmatory-evidence-preserving
model-family-replication-trees,107,play-early,hiddad,own-domain,94,26,0,8,4.356709244538861,3.9091998957365584,0.41641337386018235,0.3024054982817869,3.9814147967842852,central,0.5638297872340425,0.4787234042553192,0.39361702127659576,0.39361702127659576,0.39361702127659576,0.08510638297872342,-0.17021276595744678,-0.08510638297872336,-0.17021276595744678,-0.08510638297872342,C-post-confirmatory-evidence-preserving
model-family-replication-trees,107,play-early,hiddad,federation-wide,551,26,0,8,4.356709244538861,3.9091998957365584,0.41641337386018235,0.3024054982817869,3.9814147967842852,central,0.27041742286751363,0.18148820326678766,0.16515426497277677,0.14519056261343014,0.14519056261343014,0.01633393829401089,-0.10526315789473686,-0.08892921960072597,-0.1252268602540835,-0.03629764065335753,C-post-confirmatory-evidence-preserving
model-family-replication-trees,107,appchina,gappusin,own-domain,937,80,0,383,2.717967272919073,1.350476371274089,0.7195121951219512,0.7222222222222222,1.6433452660183616,central,0.3767342582710779,0.400213447171825,0.3297758804695838,0.5912486659551761,0.5912486659551761,0.07043756670224122,-0.046958377801494144,0.023479188900747072,0.21451440768409819,0.1910352187833511,C-post-confirmatory-evidence-preserving
model-family-replication-trees,107,appchina,gappusin,federation-wide,1272,80,0,383,2.717967272919073,1.350476371274089,0.7195121951219512,0.7222222222222222,1.6433452660183616,central,0.3812893081761006,0.419811320754717,0.35377358490566035,0.5691823899371069,0.5691823899371069,0.06603773584905664,-0.027515723270440273,0.03852201257861637,0.18789308176100628,0.1493710691823899,C-post-confirmatory-evidence-preserving
model-family-replication-trees,107,appchina,leadbolt,own-domain,74,89,0,26,4.092039368032953,2.357676480540393,0.5769230769230769,0.3684210526315789,2.6616160404351756,central,0.47297297297297297,0.47297297297297297,0.16216216216216217,0.5135135135135135,0.5135135135135135,0.3108108108108108,-0.3108108108108108,0.0,0.040540540540540515,0.040540540540540515,C-post-confirmatory-evidence-preserving
model-family-replication-trees,107,appchina,leadbolt,federation-wide,759,89,0,26,4.092039368032953,2.357676480540393,0.5769230769230769,0.3684210526315789,2.6616160404351756,central,0.11989459815546773,0.2608695652173913,0.07378129117259552,0.37549407114624506,0.37549407114624506,0.18708827404479578,-0.04611330698287221,0.14097496706192358,0.25559947299077734,0.11462450592885376,C-post-confirmatory-evidence-preserving
model-family-replication-trees,107,appchina,revmob,own-domain,23,47,0,11,5.070039915232185,3.2911416290267845,0.5081081081081081,0.272108843537415,3.78885646342401,central,0.0,0.0,0.043478260869565216,0.043478260869565216,0.043478260869565216,-0.043478260869565216,0.043478260869565216,0.0,0.043478260869565216,0.043478260869565216,C-post-confirmatory-evidence-preserving
model-family-replication-trees,107,appchina,revmob,federation-wide,483,47,0,11,5.070039915232185,3.2911416290267845,0.5081081081081081,0.272108843537415,3.78885646342401,central,0.022774327122153208,0.09316770186335403,0.039337474120082816,0.07453416149068323,0.07453416149068323,0.05383022774327122,0.016563146997929608,0.07039337474120083,0.051759834368530024,-0.0186335403726708,C-post-confirmatory-evidence-preserving
model-family-replication-trees,108,play-early,leadbolt,own-domain,651,50,0,68,2.5858657651653605,2.377152594055778,0.6410256410256411,0.7010309278350515,2.539099669040938,central,0.3901689708141321,0.4362519201228879,0.23963133640552994,0.7634408602150538,0.7634408602150538,0.19662058371735794,-0.15053763440860216,0.04608294930875578,0.37327188940092165,0.32718894009216587,C-post-confirmatory-evidence-preserving
model-family-replication-trees,108,play-early,leadbolt,federation-wide,770,50,0,68,2.5858657651653605,2.377152594055778,0.6410256410256411,0.7010309278350515,2.539099669040938,central,0.4038961038961039,0.4818181818181818,0.2857142857142857,0.7753246753246753,0.7753246753246753,0.1961038961038961,-0.11818181818181822,0.07792207792207789,0.3714285714285714,0.2935064935064935,C-post-confirmatory-evidence-preserving
model-family-replication-trees,108,play-late,airpush,own-domain,53,338,0,7,3.768201120504965,3.5270685725504314,0.4519774011299435,0.528169014084507,4.967075287068495,central,0.7358490566037735,0.4716981132075472,0.41509433962264153,0.49056603773584906,0.49056603773584906,0.05660377358490565,-0.320754716981132,-0.26415094339622636,-0.24528301886792447,0.018867924528301883,C-post-confirmatory-evidence-preserving
model-family-replication-trees,108,play-late,airpush,federation-wide,2098,338,0,7,3.768201120504965,3.5270685725504314,0.4519774011299435,0.528169014084507,4.967075287068495,central,0.8898951382268827,0.9566253574833175,0.8698760724499524,0.9685414680648237,0.9685414680648237,0.0867492850333651,-0.020019065776930356,0.06673021925643474,0.07864632983794095,0.011916110581506212,C-post-confirmatory-evidence-preserving
model-family-replication-trees,108,play-late,revmob,own-domain,12,56,0,1,5.077365605417123,4.167422828856588,0.4155844155844156,0.4626865671641791,5.887166282061966,central,0.5833333333333334,0.8333333333333334,0.75,0.9166666666666666,0.9166666666666666,0.08333333333333337,0.16666666666666663,0.25,0.33333333333333326,0.08333333333333326,C-post-confirmatory-evidence-preserving
model-family-replication-trees,108,play-late,revmob,federation-wide,594,56,0,1,5.077365605417123,4.167422828856588,0.4155844155844156,0.4626865671641791,5.887166282061966,central,0.8131313131313131,0.936026936026936,0.7727272727272727,0.9377104377104377,0.9377104377104377,0.16329966329966328,-0.04040404040404044,0.12289562289562284,0.12457912457912457,0.0016835016835017313,C-post-confirmatory-evidence-preserving
model-family-replication-trees,108,anzhi,gappusin,own-domain,427,329,0,89,2.5080381045037523,1.375208525852091,0.6792452830188679,0.5769230769230769,2.503352458514653,central,0.2107728337236534,0.3770491803278688,0.31381733021077285,0.3911007025761124,0.3911007025761124,0.06323185011709598,0.10304449648711944,0.16627634660421542,0.180327868852459,0.014051522248243575,C-post-confirmatory-evidence-preserving
model-family-replication-trees,108,anzhi,gappusin,federation-wide,1754,329,0,89,2.5080381045037523,1.375208525852091,0.6792452830188679,0.5769230769230769,2.503352458514653,central,0.2331812998859749,0.44412770809578106,0.3050171037628278,0.4635119726339795,0.4635119726339795,0.13911060433295325,0.0718358038768529,0.21094640820980615,0.23033067274800456,0.019384264538198415,C-post-confirmatory-evidence-preserving
model-family-replication-trees,108,anzhi,adwo,own-domain,150,306,0,38,3.5930646454953004,2.0169920040708975,0.7623762376237624,0.5340909090909091,3.413599568794635,central,0.49333333333333335,0.62,0.48,0.6733333333333333,0.6733333333333333,0.14,-0.013333333333333364,0.12666666666666665,0.18,0.053333333333333344,C-post-confirmatory-evidence-preserving
model-family-replication-trees,108,anzhi,adwo,federation-wide,909,306,0,38,3.5930646454953004,2.0169920040708975,0.7623762376237624,0.5340909090909091,3.413599568794635,central,0.38833883388338836,0.6754675467546755,0.42684268426842686,0.724972497249725,0.724972497249725,0.2486248624862486,0.03850385038503851,0.2871287128712871,0.33663366336633666,0.04950495049504955,C-post-confirmatory-evidence-preserving
model-family-replication-trees,108,appchina,dowgin,own-domain,224,1694,0,112,2.7248998081938742,2.0571446514179352,0.5151515151515151,0.5844155844155844,2.27253826526532,central,0.6205357142857143,0.6785714285714286,0.6785714285714286,0.7053571428571429,0.7053571428571429,0.0,0.0580357142857143,0.0580357142857143,0.0848214285714286,0.0267857142857143,C-post-confirmatory-evidence-preserving
model-family-replication-trees,108,appchina,dowgin,federation-wide,5256,1694,0,112,2.7248998081938742,2.0571446514179352,0.5151515151515151,0.5844155844155844,2.27253826526532,central,0.595509893455099,0.8885083713850838,0.8658675799086758,0.8961187214611872,0.8961187214611872,0.022640791476407962,0.27035768645357683,0.2929984779299848,0.30060882800608824,0.007610350076103445,C-post-confirmatory-evidence-preserving
model-family-replication-trees,108,appchina,hiddad,own-domain,5,33,0,4,4.8638804813682395,3.9175423203869566,0.38271604938271603,0.2048611111111111,4.220062439581715,central,0.6,0.6,0.6,0.6,0.6,0.0,0.0,0.0,0.0,0.0,C-post-confirmatory-evidence-preserving
model-family-replication-trees,108,appchina,hiddad,federation-wide,270,33,0,4,4.8638804813682395,3.9175423203869566,0.38271604938271603,0.2048611111111111,4.220062439581715,central,0.0962962962962963,0.1,0.0962962962962963,0.1111111111111111,0.1111111111111111,0.003703703703703709,0.0,0.003703703703703709,0.014814814814814808,0.0111111111111111,C-post-confirmatory-evidence-preserving
model-family-replication-trees,109,play-early,dowgin,own-domain,22,1666,0,3,3.6621217717657735,2.031975109429163,0.48360655737704916,0.6103896103896104,3.5269841610892656,central,0.45454545454545453,0.5454545454545454,0.5,0.5454545454545454,0.5454545454545454,0.045454545454545414,0.04545454545454547,0.09090909090909088,0.09090909090909088,0.0,C-post-confirmatory-evidence-preserving
model-family-replication-trees,109,play-early,dowgin,federation-wide,5854,1666,0,3,3.6621217717657735,2.031975109429163,0.48360655737704916,0.6103896103896104,3.5269841610892656,central,0.779467031089853,0.9875298940895114,0.9764263751281175,0.990946361462248,0.990946361462248,0.011103518961393943,0.19695934403826443,0.20806286299965837,0.21147933037239497,0.003416467372736598,C-post-confirmatory-evidence-preserving
model-family-replication-trees,109,play-early,hiddad,own-domain,108,27,0,12,5.777483555693132,5.052752081984161,0.38953488372093026,0.25357142857142856,5.41441975731226,central,0.28703703703703703,0.2222222222222222,0.25,0.2777777777777778,0.2777777777777778,-0.02777777777777779,-0.037037037037037035,-0.06481481481481483,-0.009259259259259245,0.05555555555555558,C-post-confirmatory-evidence-preserving
model-family-replication-trees,109,play-early,hiddad,federation-wide,336,27,0,12,5.777483555693132,5.052752081984161,0.38953488372093026,0.25357142857142856,5.41441975731226,central,0.22916666666666666,0.30654761904761907,0.25892857142857145,0.3392857142857143,0.3392857142857143,0.047619047619047616,0.029761904761904795,0.07738095238095241,0.11011904761904764,0.03273809523809523,C-post-confirmatory-evidence-preserving
model-family-replication-trees,109,play-late,airpush,own-domain,38,315,0,2,3.956657764753107,3.529816324689799,0.4523809523809524,0.5769230769230769,5.080364828832805,central,0.5789473684210527,0.9473684210526315,0.631578947368421,0.9473684210526315,0.9473684210526315,0.3157894736842105,0.05263157894736836,0.36842105263157887,0.36842105263157887,0.0,C-post-confirmatory-evidence-preserving
model-family-replication-trees,109,play-late,airpush,federation-wide,2241,315,0,2,3.956657764753107,3.529816324689799,0.4523809523809524,0.5769230769230769,5.080364828832805,central,0.7108433734939759,0.9763498438197233,0.8750557786702365,0.9781347612672914,0.9781347612672914,0.1012940651494868,0.16421240517626068,0.2655064703257475,0.2672913877733155,0.0017849174475680352,C-post-confirmatory-evidence-preserving
model-family-replication-trees,109,play-late,revmob,own-domain,21,45,0,1,4.555851990487254,3.1279084901414325,0.43915343915343913,0.5032258064516129,5.439069946059045,central,0.6666666666666666,0.8095238095238095,0.47619047619047616,0.8095238095238095,0.8095238095238095,0.33333333333333337,-0.19047619047619047,0.1428571428571429,0.1428571428571429,0.0,C-post-confirmatory-evidence-preserving
model-family-replication-trees,109,play-late,revmob,federation-wide,665,45,0,1,4.555851990487254,3.1279084901414325,0.43915343915343913,0.5032258064516129,5.439069946059045,central,0.8240601503759398,0.8526315789473684,0.6586466165413534,0.9323308270676691,0.9323308270676691,0.19398496240601504,-0.16541353383458646,0.02857142857142858,0.1082706766917293,0.07969924812030071,C-post-confirmatory-evidence-preserving
model-family-replication-trees,109,anzhi,gappusin,own-domain,312,419,0,102,2.5522430219659897,1.3723199714297345,0.6881720430107527,0.6266666666666667,2.599702548257585,central,0.1794871794871795,0.1987179487179487,0.21794871794871795,0.21153846153846154,0.21153846153846154,-0.019230769230769246,0.038461538461538464,0.019230769230769218,0.03205128205128205,0.01282051282051283,C-post-confirmatory-evidence-preserving
model-family-replication-trees,109,anzhi,gappusin,federation-wide,1269,419,0,102,2.5522430219659897,1.3723199714297345,0.6881720430107527,0.6266666666666667,2.599702548257585,central,0.2899921197793538,0.3317572892040977,0.2545311268715524,0.34515366430260047,0.34515366430260047,0.07722616233254531,-0.035460992907801414,0.0417651694247439,0.055161544523246675,0.013396375098502777,C-post-confirmatory-evidence-preserving
model-family-replication-trees,109,anzhi,leadbolt,own-domain,11,91,0,5,3.4773268075559916,2.8444070616955477,0.5772357723577236,0.5,3.5487874467902714,central,0.36363636363636365,0.45454545454545453,0.36363636363636365,0.45454545454545453,0.45454545454545453,0.09090909090909088,0.0,0.09090909090909088,0.09090909090909088,0.0,C-post-confirmatory-evidence-preserving
model-family-replication-trees,109,anzhi,leadbolt,federation-wide,751,91,0,5,3.4773268075559916,2.8444070616955477,0.5772357723577236,0.5,3.5487874467902714,central,0.02529960053262317,0.1051930758988016,0.017310252996005325,0.09587217043941411,0.09587217043941411,0.08788282290279628,-0.007989347536617845,0.07989347536617843,0.07057256990679094,-0.00932090545938749,C-post-confirmatory-evidence-preserving
model-family-replication-trees,109,appchina,adwo,own-domain,742,43,0,287,3.473074985695662,1.5754464343634103,0.7619047619047619,0.4954954954954955,2.580803706987302,central,0.6495956873315364,0.6805929919137467,0.738544474393531,0.871967654986523,0.871967654986523,-0.05795148247978432,0.0889487870619946,0.030997304582210283,0.22237196765498657,0.19137466307277629,C-post-confirmatory-evidence-preserving
model-family-replication-trees,109,appchina,adwo,federation-wide,886,43,0,287,3.473074985695662,1.5754464343634103,0.7619047619047619,0.4954954954954955,2.580803706987302,central,0.654627539503386,0.6817155756207675,0.7234762979683973,0.8555304740406321,0.8555304740406321,-0.04176072234762984,0.06884875846501126,0.02708803611738142,0.20090293453724606,0.17381489841986464,C-post-confirmatory-evidence-preserving
controlled-exposure,100,play-early,airpush,own-domain,2012,193,0,179,3.4851187591887043,2.0991970287522332,0.6842105263157895,0.7291666666666666,3.5695988211341505,fedprox,0.6714711729622267,0.6202783300198808,0.39165009940357853,0.820079522862823,0.908051689860835,0.22862823061630222,-0.27982107355864816,-0.05119284294234594,0.14860834990059635,0.1998011928429423,C-post-confirmatory-evidence-preserving
controlled-exposure,100,play-early,airpush,federation-wide,2433,193,0,179,3.4851187591887043,2.0991970287522332,0.6842105263157895,0.7291666666666666,3.5695988211341505,fedprox,0.7106452938758734,0.6720098643649816,0.4385532264693794,0.8405260994656802,0.917796958487464,0.23345663789560217,-0.272092067406494,-0.03863542951089183,0.12988080558980686,0.16851623510069869,C-post-confirmatory-evidence-preserving
controlled-exposure,100,play-late,revmob,own-domain,18,60,0,0,5.150450689927201,3.7406211281164725,0.45145631067961167,0.49295774647887325,5.838510013955065,fedprox,0.3888888888888889,0.8333333333333334,0.7222222222222222,0.7777777777777778,0.7777777777777778,0.11111111111111116,0.3333333333333333,0.4444444444444445,0.3888888888888889,-0.05555555555555558,C-post-confirmatory-evidence-preserving
controlled-exposure,100,play-late,revmob,federation-wide,600,60,0,0,5.150450689927201,3.7406211281164725,0.45145631067961167,0.49295774647887325,5.838510013955065,fedprox,0.5766666666666667,0.8583333333333333,0.5116666666666667,0.84,0.8416666666666667,0.34666666666666657,-0.06499999999999995,0.2816666666666666,0.2633333333333333,-0.018333333333333313,C-post-confirmatory-evidence-preserving
controlled-exposure,100,anzhi,dowgin,own-domain,6190,107,0,1590,2.08556945685487,1.3005105720572308,0.7654320987654321,0.7464788732394366,2.0183812589522474,fedprox,0.8294022617124395,0.6567043618739903,0.6655896607431341,0.77156704361874,0.7453957996768982,-0.008885298869143798,-0.1638126009693054,-0.1726978998384492,-0.057835218093699514,0.11486268174474967,C-post-confirmatory-evidence-preserving
controlled-exposure,100,anzhi,dowgin,federation-wide,6428,107,0,1590,2.08556945685487,1.3005105720572308,0.7654320987654321,0.7464788732394366,2.0183812589522474,fedprox,0.8167392657125078,0.6479464841319228,0.65588052271313,0.7601120099564406,0.7286869943995021,-0.007934038581207226,-0.16085874299937775,-0.16879278158058497,-0.056627255756067196,0.11216552582451778,C-post-confirmatory-evidence-preserving
controlled-exposure,100,anzhi,adwo,own-domain,152,296,0,30,3.813113461888963,1.883897404966985,0.7572815533980582,0.5402298850574713,3.411052194722788,fedprox,0.5328947368421053,0.46710526315789475,0.42105263157894735,0.48026315789473684,0.4342105263157895,0.0460526315789474,-0.11184210526315796,-0.06578947368421056,-0.052631578947368474,0.01315789473684209,C-post-confirmatory-evidence-preserving
controlled-exposure,100,anzhi,adwo,federation-wide,846,296,0,30,3.813113461888963,1.883897404966985,0.7572815533980582,0.5402298850574713,3.411052194722788,fedprox,0.6666666666666666,0.47754137115839246,0.34397163120567376,0.475177304964539,0.367612293144208,0.1335697399527187,-0.3226950354609929,-0.18912529550827417,-0.1914893617021276,-0.0023640661938534313,C-post-confirmatory-evidence-preserving
controlled-exposure,100,appchina,gappusin,own-domain,1080,113,0,368,2.652702759539863,1.306466877398803,0.6904761904761905,0.7323943661971831,1.6813163749483737,fedprox,0.21944444444444444,0.30648148148148147,0.24166666666666667,0.45925925925925926,0.4361111111111111,0.0648148148148148,0.022222222222222227,0.08703703703703702,0.23981481481481481,0.1527777777777778,C-post-confirmatory-evidence-preserving
controlled-exposure,100,appchina,gappusin,federation-wide,1429,113,0,368,2.652702759539863,1.306466877398803,0.6904761904761905,0.7323943661971831,1.6813163749483737,fedprox,0.2554233729881036,0.35339398180545833,0.2841147655703289,0.4716585024492652,0.4079776067179846,0.06927921623512945,0.028691392582225306,0.09797060881735475,0.21623512946116163,0.11826452064380688,C-post-confirmatory-evidence-preserving
controlled-exposure,100,appchina,leadbolt,own-domain,91,78,0,23,3.981286916447268,2.0182842283527456,0.704225352112676,0.36936936936936937,2.6161230405295353,fedprox,0.4065934065934066,0.34065934065934067,0.06593406593406594,0.45054945054945056,0.6373626373626373,0.27472527472527475,-0.34065934065934067,-0.06593406593406592,0.043956043956043966,0.10989010989010989,C-post-confirmatory-evidence-preserving
controlled-exposure,100,appchina,leadbolt,federation-wide,842,78,0,23,3.981286916447268,2.0182842283527456,0.704225352112676,0.36936936936936937,2.6161230405295353,fedprox,0.18052256532066507,0.39429928741092635,0.035629453681710214,0.47862232779097386,0.5344418052256532,0.3586698337292161,-0.14489311163895485,0.21377672209026127,0.2980997624703088,0.08432304038004751,C-post-confirmatory-evidence-preserving
controlled-exposure,100,appchina,hiddad,own-domain,10,45,0,5,5.729453977641854,4.820659845493026,0.4078014184397163,0.20233463035019456,5.056905652441987,fedprox,0.6,0.4,0.4,0.4,0.6,0.0,-0.19999999999999996,-0.19999999999999996,-0.19999999999999996,0.0,C-post-confirmatory-evidence-preserving
controlled-exposure,100,appchina,hiddad,federation-wide,337,45,0,5,5.729453977641854,4.820659845493026,0.4078014184397163,0.20233463035019456,5.056905652441987,fedprox,0.4332344213649852,0.14836795252225518,0.12166172106824925,0.17804154302670624,0.1572700296735905,0.026706231454005927,-0.31157270029673595,-0.28486646884273004,-0.255192878338279,0.029673590504451064,C-post-confirmatory-evidence-preserving
controlled-exposure,101,play-early,airpush,own-domain,1351,170,0,210,3.6107089350448907,2.4148124748939077,0.6065573770491803,0.7010309278350515,3.5512908551086424,fedprox,0.689859363434493,0.695780903034789,0.5307179866765359,0.8179126572908957,0.8860103626943006,0.1650629163582531,-0.15914137675795703,0.005921539600296066,0.12805329385640274,0.12213175425610667,C-post-confirmatory-evidence-preserving
controlled-exposure,101,play-early,airpush,federation-wide,1864,170,0,210,3.6107089350448907,2.4148124748939077,0.6065573770491803,0.7010309278350515,3.5512908551086424,fedprox,0.7483905579399142,0.7521459227467812,0.5944206008583691,0.8524678111587983,0.903969957081545,0.15772532188841204,-0.15396995708154504,0.003755364806867001,0.10407725321888417,0.10032188841201717,C-post-confirmatory-evidence-preserving
controlled-exposure,101,play-early,adwo,own-domain,9,354,0,3,4.109313286596289,2.3644355221296895,0.6458333333333334,0.6777777777777778,4.017826368614283,fedprox,1.0,1.0,1.0,1.0,1.0,0.0,0.0,0.0,0.0,0.0,C-post-confirmatory-evidence-preserving
controlled-exposure,101,play-early,adwo,federation-wide,913,354,0,3,4.109313286596289,2.3644355221296895,0.6458333333333334,0.6777777777777778,4.017826368614283,fedprox,0.8948521358159912,0.9463307776560789,0.9353778751369113,0.9605695509309967,0.9780941949616648,0.010952902519167584,0.04052573932092007,0.05147864184008766,0.0657174151150055,0.014238773274917849,C-post-confirmatory-evidence-preserving
controlled-exposure,101,play-late,leadbolt,own-domain,20,112,0,1,3.9232248103375995,3.275301705074222,0.41139240506329117,0.5392156862745098,5.068889159191522,fedprox,0.0,0.9,0.45,0.7,0.8,0.45,0.45,0.9,0.7,-0.20000000000000007,C-post-confirmatory-evidence-preserving
controlled-exposure,101,play-late,leadbolt,federation-wide,885,112,0,1,3.9232248103375995,3.275301705074222,0.41139240506329117,0.5392156862745098,5.068889159191522,fedprox,0.3016949152542373,0.8949152542372881,0.6768361581920904,0.8655367231638418,0.847457627118644,0.2180790960451977,0.3751412429378531,0.5932203389830508,0.5638418079096045,-0.029378531073446346,C-post-confirmatory-evidence-preserving
controlled-exposure,101,play-late,revmob,own-domain,15,65,0,2,4.938966106603984,3.870402736901703,0.4782608695652174,0.4105960264900662,5.74174572139714,fedprox,0.26666666666666666,0.8666666666666667,0.2,0.6666666666666666,0.6666666666666666,0.6666666666666667,-0.06666666666666665,0.6000000000000001,0.39999999999999997,-0.20000000000000007,C-post-confirmatory-evidence-preserving
controlled-exposure,101,play-late,revmob,federation-wide,654,65,0,2,4.938966106603984,3.870402736901703,0.4782608695652174,0.4105960264900662,5.74174572139714,fedprox,0.5428134556574924,0.9036697247706422,0.6162079510703364,0.8577981651376146,0.8944954128440367,0.2874617737003058,0.07339449541284404,0.36085626911314983,0.31498470948012225,-0.04587155963302758,C-post-confirmatory-evidence-preserving
controlled-exposure,101,play-late,hiddad,own-domain,376,21,0,20,2.9649486494307045,2.6721930932744447,0.5019157088122606,0.5784313725490197,4.125983466437819,fedprox,0.1675531914893617,0.2074468085106383,0.2047872340425532,0.8271276595744681,0.8404255319148937,0.0026595744680850963,0.03723404255319149,0.039893617021276584,0.6595744680851063,0.6196808510638299,C-post-confirmatory-evidence-preserving
controlled-exposure,101,play-late,hiddad,federation-wide,486,21,0,20,2.9649486494307045,2.6721930932744447,0.5019157088122606,0.5784313725490197,4.125983466437819,fedprox,0.2654320987654321,0.31893004115226337,0.3045267489711934,0.7613168724279835,0.7962962962962963,0.014403292181069949,0.039094650205761305,0.053497942386831254,0.4958847736625514,0.44238683127572015,C-post-confirmatory-evidence-preserving
controlled-exposure,101,appchina,dowgin,own-domain,241,1648,0,107,2.951322946828574,2.047622625162184,0.5544554455445545,0.5844155844155844,2.2541032833582855,fedprox,0.5518672199170125,0.6804979253112033,0.6431535269709544,0.6514522821576764,0.7302904564315352,0.03734439834024894,0.09128630705394192,0.12863070539419086,0.09958506224066388,-0.02904564315352698,C-post-confirmatory-evidence-preserving
controlled-exposure,101,appchina,dowgin,federation-wide,5745,1648,0,107,2.951322946828574,2.047622625162184,0.5544554455445545,0.5844155844155844,2.2541032833582855,fedprox,0.6762402088772846,0.8616187989556136,0.8140992167101828,0.8431679721496954,0.8814621409921671,0.047519582245430736,0.13785900783289817,0.1853785900783289,0.16692776327241077,-0.01845082680591814,C-post-confirmatory-evidence-preserving
controlled-exposure,101,appchina,gappusin,own-domain,1312,108,0,304,2.7346381548085414,1.4893694917137508,0.7037037037037037,0.7183098591549296,1.6977573991927424,fedprox,0.3978658536585366,0.43521341463414637,0.3826219512195122,0.573170731707317,0.5403963414634146,0.052591463414634165,-0.015243902439024404,0.03734756097560976,0.17530487804878042,0.13795731707317066,C-post-confirmatory-evidence-preserving
controlled-exposure,101,appchina,gappusin,federation-wide,1624,108,0,304,2.7346381548085414,1.4893694917137508,0.7037037037037037,0.7183098591549296,1.6977573991927424,fedprox,0.38485221674876846,0.43226600985221675,0.38238916256157635,0.5400246305418719,0.5258620689655172,0.0498768472906404,-0.0024630541871921152,0.04741379310344829,0.15517241379310343,0.10775862068965514,C-post-confirmatory-evidence-preserving
controlled-exposure,102,play-early,airpush,own-domain,1718,168,0,161,3.6839100903277524,2.1883670377063194,0.6101694915254238,0.6276595744680851,3.5711539155687047,fedprox,0.7485448195576252,0.6757857974388825,0.5663562281722934,0.7823050058207218,0.9318975552968568,0.10942956926658909,-0.18218859138533183,-0.07275902211874274,0.033760186263096625,0.10651920838183937,C-post-confirmatory-evidence-preserving
controlled-exposure,102,play-early,airpush,federation-wide,2173,168,0,161,3.6839100903277524,2.1883670377063194,0.6101694915254238,0.6276595744680851,3.5711539155687047,fedprox,0.7758858720662678,0.7220432581684307,0.6106764841233318,0.8071790151863782,0.9383341003221353,0.11136677404509898,-0.16520938794293605,-0.053842613897837066,0.031293143120110445,0.08513575701794751,C-post-confirmatory-evidence-preserving
controlled-exposure,102,play-late,leadbolt,own-domain,17,98,0,0,3.8826380211670006,2.85415909632965,0.48554913294797686,0.5855855855855856,4.943091454128165,fedprox,0.5882352941176471,0.8823529411764706,0.5294117647058824,0.8823529411764706,0.8235294117647058,0.3529411764705882,-0.05882352941176472,0.2941176470588235,0.2941176470588235,0.0,C-post-confirmatory-evidence-preserving
controlled-exposure,102,play-late,leadbolt,federation-wide,738,98,0,0,3.8826380211670006,2.85415909632965,0.48554913294797686,0.5855855855855856,4.943091454128165,fedprox,0.45121951219512196,0.962059620596206,0.6910569105691057,0.959349593495935,0.9607046070460704,0.2710027100271003,0.2398373983739837,0.5108401084010841,0.5081300813008129,-0.0027100271002710175,C-post-confirmatory-evidence-preserving
controlled-exposure,102,anzhi,dowgin,own-domain,4891,99,0,1549,2.152754001084323,1.2112050233989897,0.7534246575342466,0.78125,2.008933258936978,fedprox,0.7309343692496422,0.5802494377427929,0.5816806379063586,0.6154160703332652,0.7111020241259456,-0.0014312001635656824,-0.14925373134328357,-0.15068493150684925,-0.115518298916377,0.03516663259047226,C-post-confirmatory-evidence-preserving
controlled-exposure,102,anzhi,dowgin,federation-wide,5125,99,0,1549,2.152754001084323,1.2112050233989897,0.7534246575342466,0.78125,2.008933258936978,fedprox,0.720780487804878,0.5734634146341463,0.5734634146341463,0.6048780487804878,0.696,0.0,-0.14731707317073173,-0.14731707317073173,-0.11590243902439024,0.03141463414634149,C-post-confirmatory-evidence-preserving
controlled-exposure,102,anzhi,gappusin,own-domain,286,363,0,80,2.8981241462928384,1.4121065479788315,0.6862745098039216,0.5945945945945946,2.38767404950206,fedprox,0.2902097902097902,0.3076923076923077,0.25524475524475526,0.3041958041958042,0.34265734265734266,0.05244755244755245,-0.03496503496503495,0.0174825174825175,0.013986013986014012,-0.003496503496503489,C-post-confirmatory-evidence-preserving
controlled-exposure,102,anzhi,gappusin,federation-wide,1369,363,0,80,2.8981241462928384,1.4121065479788315,0.6862745098039216,0.5945945945945946,2.38767404950206,fedprox,0.24032140248356465,0.24470416362308253,0.19211102994886778,0.22571219868517164,0.24616508400292184,0.052593133674214754,-0.04821037253469687,0.004382761139517882,-0.014609203798393006,-0.018991964937910888,C-post-confirmatory-evidence-preserving
controlled-exposure,102,anzhi,adwo,own-domain,99,291,0,37,3.8548309982774875,1.7953493970585166,0.7403846153846154,0.5348837209302325,3.3735648497755863,fedprox,0.5656565656565656,0.5050505050505051,0.47474747474747475,0.45454545454545453,0.494949494949495,0.03030303030303033,-0.09090909090909088,-0.06060606060606055,-0.1111111111111111,-0.05050505050505055,C-post-confirmatory-evidence-preserving
controlled-exposure,102,anzhi,adwo,federation-wide,834,291,0,37,3.8548309982774875,1.7953493970585166,0.7403846153846154,0.5348837209302325,3.3735648497755863,fedprox,0.5695443645083933,0.46522781774580335,0.35731414868105515,0.3381294964028777,0.3345323741007194,0.1079136690647482,-0.21223021582733814,-0.10431654676258995,-0.2314148681055156,-0.12709832134292565,C-post-confirmatory-evidence-preserving
controlled-exposure,102,anzhi,hiddad,own-domain,8,39,0,4,5.872342581643335,5.5882110841122685,0.22413793103448276,0.20622568093385213,5.676284384631803,fedprox,0.75,0.75,0.75,0.75,0.875,0.0,0.0,0.0,0.0,0.0,C-post-confirmatory-evidence-preserving
controlled-exposure,102,anzhi,hiddad,federation-wide,258,39,0,4,5.872342581643335,5.5882110841122685,0.22413793103448276,0.20622568093385213,5.676284384631803,fedprox,0.2713178294573643,0.2364341085271318,0.22868217054263565,0.10077519379844961,0.2558139534883721,0.007751937984496138,-0.042635658914728675,-0.03488372093023254,-0.1705426356589147,-0.1356589147286822,C-post-confirmatory-evidence-preserving
controlled-exposure,102,appchina,revmob,own-domain,16,66,0,4,5.136740134856688,3.4412326628859993,0.49390243902439024,0.2605633802816901,4.025907369461369,fedprox,0.125,0.125,0.0,0.0625,0.125,0.125,-0.125,0.0,-0.0625,-0.0625,C-post-confirmatory-evidence-preserving
controlled-exposure,102,appchina,revmob,federation-wide,432,66,0,4,5.136740134856688,3.4412326628859993,0.49390243902439024,0.2605633802816901,4.025907369461369,fedprox,0.08333333333333333,0.16203703703703703,0.046296296296296294,0.1550925925925926,0.23148148148148148,0.11574074074074074,-0.037037037037037035,0.0787037037037037,0.07175925925925926,-0.0069444444444444475,C-post-confirmatory-evidence-preserving
controlled-exposure,103,play-early,dowgin,own-domain,18,1775,0,0,3.8041273025528803,1.98864549209988,0.48148148148148145,0.6025641025641025,3.5334382283962453,fedprox,0.5,0.8333333333333334,0.8888888888888888,0.8333333333333334,0.6666666666666666,-0.05555555555555547,0.38888888888888884,0.33333333333333337,0.33333333333333337,0.0,C-post-confirmatory-evidence-preserving
controlled-exposure,103,play-early,dowgin,federation-wide,5418,1775,0,0,3.8041273025528803,1.98864549209988,0.48148148148148145,0.6025641025641025,3.5334382283962453,fedprox,0.5441122185308231,0.9431524547803618,0.9392764857881137,0.9307862679955703,0.9868955334071613,0.003875968992248069,0.3951642672572906,0.39904023624953866,0.38667404946474715,-0.01236618678479151,C-post-confirmatory-evidence-preserving
controlled-exposure,103,play-early,leadbolt,own-domain,744,33,0,67,2.5964333920376172,1.8748948030139825,0.6587301587301587,0.7087378640776699,2.5338378445992,fedprox,0.5658602150537635,0.5658602150537635,0.3870967741935484,0.7163978494623656,0.7916666666666666,0.17876344086021512,-0.17876344086021512,0.0,0.15053763440860213,0.15053763440860213,C-post-confirmatory-evidence-preserving
controlled-exposure,103,play-early,leadbolt,federation-wide,909,33,0,67,2.5964333920376172,1.8748948030139825,0.6587301587301587,0.7087378640776699,2.5338378445992,fedprox,0.5379537953795379,0.5456545654565457,0.37623762376237624,0.6875687568756875,0.8195819581958196,0.16941694169416943,-0.16171617161716167,0.007700770077007757,0.1496149614961496,0.14191419141914186,C-post-confirmatory-evidence-preserving
controlled-exposure,103,anzhi,adwo,own-domain,130,314,0,36,3.6022754440995732,1.9478803385713612,0.7272727272727273,0.5227272727272727,3.4354561177608662,fedprox,0.676923076923077,0.7384615384615385,0.6615384615384615,0.7,0.7538461538461538,0.07692307692307698,-0.015384615384615441,0.06153846153846154,0.023076923076922995,-0.03846153846153855,C-post-confirmatory-evidence-preserving
controlled-exposure,103,anzhi,adwo,federation-wide,808,314,0,36,3.6022754440995732,1.9478803385713612,0.7272727272727273,0.5227272727272727,3.4354561177608662,fedprox,0.693069306930693,0.775990099009901,0.6324257425742574,0.7091584158415841,0.7797029702970297,0.14356435643564358,-0.060643564356435586,0.082920792079208,0.016089108910891103,-0.06683168316831689,C-post-confirmatory-evidence-preserving
controlled-exposure,103,appchina,airpush,own-domain,417,172,0,137,3.7882547414294767,2.023658234833949,0.6446280991735537,0.3888888888888889,2.4177388064639636,fedprox,0.8201438848920863,0.894484412470024,0.4364508393285372,0.9688249400479616,0.9832134292565947,0.4580335731414868,-0.38369304556354916,0.07434052757793763,0.14868105515587526,0.07434052757793763,C-post-confirmatory-evidence-preserving
controlled-exposure,103,appchina,airpush,federation-wide,3033,172,0,137,3.7882547414294767,2.023658234833949,0.6446280991735537,0.3888888888888889,2.4177388064639636,fedprox,0.4599406528189911,0.5054401582591493,0.16848005275304978,0.5786350148367952,0.6617210682492581,0.33696010550609956,-0.2914606000659413,0.04549950544015824,0.11869436201780414,0.0731948565776459,C-post-confirmatory-evidence-preserving
controlled-exposure,103,appchina,gappusin,own-domain,1372,108,0,315,2.706353908518728,1.3213861446626298,0.7435897435897436,0.6911764705882353,1.7028369208145242,fedprox,0.25801749271137026,0.2747813411078717,0.2536443148688047,0.4263848396501458,0.2922740524781341,0.021137026239067047,-0.004373177842565579,0.01676384839650147,0.16836734693877553,0.15160349854227406,C-post-confirmatory-evidence-preserving
controlled-exposure,103,appchina,gappusin,federation-wide,1705,108,0,315,2.706353908518728,1.3213861446626298,0.7435897435897436,0.6911764705882353,1.7028369208145242,fedprox,0.2785923753665689,0.2973607038123167,0.28035190615835776,0.4252199413489736,0.2961876832844575,0.017008797653958962,0.0017595307917888658,0.01876832844574783,0.14662756598240473,0.1278592375366569,C-post-confirmatory-evidence-preserving
controlled-exposure,103,appchina,revmob,own-domain,18,59,0,4,5.375202641253769,3.5754285862434068,0.5055555555555555,0.2589928057553957,4.150689673214761,fedprox,0.2777777777777778,0.16666666666666666,0.1111111111111111,0.3888888888888889,0.2777777777777778,0.05555555555555555,-0.16666666666666669,-0.11111111111111113,0.1111111111111111,0.22222222222222224,C-post-confirmatory-evidence-preserving
controlled-exposure,103,appchina,revmob,federation-wide,560,59,0,4,5.375202641253769,3.5754285862434068,0.5055555555555555,0.2589928057553957,4.150689673214761,fedprox,0.10714285714285714,0.28214285714285714,0.026785714285714284,0.32857142857142857,0.29642857142857143,0.25535714285714284,-0.08035714285714285,0.175,0.22142857142857142,0.04642857142857143,C-post-confirmatory-evidence-preserving
controlled-exposure,103,appchina,hiddad,own-domain,8,25,0,4,4.9911104136291975,4.025805892242939,0.45321637426900585,0.1893687707641196,4.2428332222769525,fedprox,0.5,0.5,0.5,0.5,0.5,0.0,0.0,0.0,0.0,0.0,C-post-confirmatory-evidence-preserving
controlled-exposure,103,appchina,hiddad,federation-wide,327,25,0,4,4.9911104136291975,4.025805892242939,0.45321637426900585,0.1893687707641196,4.2428332222769525,fedprox,0.17737003058103976,0.1834862385321101,0.1926605504587156,0.17737003058103976,0.16819571865443425,-0.009174311926605505,0.015290519877675851,0.006116207951070346,0.0,-0.006116207951070346,C-post-confirmatory-evidence-preserving
controlled-exposure,104,play-early,airpush,own-domain,1744,191,0,148,3.7493103014545297,2.241236129794068,0.628099173553719,0.6039603960396039,3.600398990467054,fedprox,0.5275229357798165,0.6032110091743119,0.3830275229357798,0.7402522935779816,0.8629587155963303,0.22018348623853212,-0.14449541284403666,0.07568807339449546,0.21272935779816515,0.1370412844036697,C-post-confirmatory-evidence-preserving
controlled-exposure,104,play-early,airpush,federation-wide,2316,191,0,148,3.7493103014545297,2.241236129794068,0.628099173553719,0.6039603960396039,3.600398990467054,fedprox,0.6049222797927462,0.6679620034542314,0.4650259067357513,0.7759067357512953,0.8734887737478411,0.20293609671848012,-0.13989637305699487,0.06303972366148525,0.17098445595854916,0.10794473229706392,C-post-confirmatory-evidence-preserving
controlled-exposure,104,play-early,adwo,own-domain,31,353,0,5,4.109929942677416,2.3535712314597914,0.6526315789473685,0.5393258426966292,4.0108563361087475,fedprox,0.7741935483870968,0.8709677419354839,0.9032258064516129,0.8709677419354839,0.9032258064516129,-0.032258064516129004,0.12903225806451613,0.09677419354838712,0.09677419354838712,0.0,C-post-confirmatory-evidence-preserving
controlled-exposure,104,play-early,adwo,federation-wide,871,353,0,5,4.109929942677416,2.3535712314597914,0.6526315789473685,0.5393258426966292,4.0108563361087475,fedprox,0.7577497129735936,0.9230769230769231,0.8840413318025259,0.9334098737083811,0.9506314580941446,0.03903559127439726,0.12629161882893225,0.1653272101033295,0.17566016073478752,0.010332950631458004,C-post-confirmatory-evidence-preserving
controlled-exposure,104,play-early,hiddad,own-domain,136,32,0,14,4.6659544508935875,4.13905551491588,0.43333333333333335,0.24838709677419354,4.242900129096811,fedprox,0.19117647058823528,0.33088235294117646,0.2867647058823529,0.34558823529411764,0.49264705882352944,0.04411764705882354,0.09558823529411764,0.13970588235294118,0.15441176470588236,0.01470588235294118,C-post-confirmatory-evidence-preserving
controlled-exposure,104,play-early,hiddad,federation-wide,568,32,0,14,4.6659544508935875,4.13905551491588,0.43333333333333335,0.24838709677419354,4.242900129096811,fedprox,0.10211267605633803,0.19190140845070422,0.176056338028169,0.1936619718309859,0.2517605633802817,0.015845070422535218,0.07394366197183097,0.08978873239436619,0.09154929577464788,0.0017605633802816878,C-post-confirmatory-evidence-preserving
controlled-exposure,104,anzhi,leadbolt,own-domain,15,91,0,6,3.3967712421433456,2.7419227348830546,0.5658914728682171,0.4766355140186916,3.195453427419076,fedprox,0.13333333333333333,0.26666666666666666,0.3333333333333333,0.4,0.3333333333333333,-0.06666666666666665,0.19999999999999998,0.13333333333333333,0.2666666666666667,0.13333333333333336,C-post-confirmatory-evidence-preserving
controlled-exposure,104,anzhi,leadbolt,federation-wide,875,91,0,6,3.3967712421433456,2.7419227348830546,0.5658914728682171,0.4766355140186916,3.195453427419076,fedprox,0.07542857142857143,0.09485714285714286,0.025142857142857144,0.10514285714285715,0.25942857142857145,0.06971428571428571,-0.05028571428571428,0.019428571428571434,0.02971428571428572,0.010285714285714287,C-post-confirmatory-evidence-preserving
controlled-exposure,104,appchina,dowgin,own-domain,297,1558,0,81,2.862305910177519,2.0179177711483276,0.53,0.6052631578947368,2.25963881803825,fedprox,0.6565656565656566,0.734006734006734,0.696969696969697,0.7811447811447811,0.6195286195286195,0.03703703703703698,0.04040404040404044,0.07744107744107742,0.12457912457912457,0.047138047138047146,C-post-confirmatory-evidence-preserving
controlled-exposure,104,appchina,dowgin,federation-wide,6892,1558,0,81,2.862305910177519,2.0179177711483276,0.53,0.6052631578947368,2.25963881803825,fedprox,0.5311955890887986,0.8184852002321532,0.7243180499129426,0.8453279164248404,0.7948345908299478,0.09416715031921064,0.19312246082414397,0.2872896111433546,0.3141323273360418,0.026842716192687188,C-post-confirmatory-evidence-preserving
controlled-exposure,104,appchina,gappusin,own-domain,1150,81,0,329,2.5983188699117292,1.3957622954332451,0.6931818181818182,0.7361111111111112,1.6227378860692006,fedprox,0.49478260869565216,0.46956521739130436,0.4008695652173913,0.6165217391304347,0.42869565217391303,0.06869565217391305,-0.09391304347826085,-0.025217391304347803,0.12173913043478257,0.14695652173913037,C-post-confirmatory-evidence-preserving
controlled-exposure,104,appchina,gappusin,federation-wide,1505,81,0,329,2.5983188699117292,1.3957622954332451,0.6931818181818182,0.7361111111111112,1.6227378860692006,fedprox,0.4611295681063123,0.46179401993355484,0.4019933554817276,0.586046511627907,0.3946843853820598,0.059800664451827246,-0.05913621262458468,0.0006644518272425626,0.12491694352159471,0.12425249169435215,C-post-confirmatory-evidence-preserving
controlled-exposure,104,appchina,revmob,own-domain,23,46,0,4,4.633267890303643,2.517907382573409,0.5277777777777778,0.271523178807947,3.3137832016755757,fedprox,0.13043478260869565,0.13043478260869565,0.0,0.13043478260869565,0.34782608695652173,0.13043478260869565,-0.13043478260869565,0.0,0.0,0.0,C-post-confirmatory-evidence-preserving
controlled-exposure,104,appchina,revmob,federation-wide,620,46,0,4,4.633267890303643,2.517907382573409,0.5277777777777778,0.271523178807947,3.3137832016755757,fedprox,0.07580645161290323,0.08225806451612903,0.025806451612903226,0.07741935483870968,0.2435483870967742,0.05645161290322581,-0.05,0.006451612903225809,0.0016129032258064557,-0.004838709677419353,C-post-confirmatory-evidence-preserving
controlled-exposure,105,play-early,gappusin,own-domain,44,496,0,3,3.381154180431505,2.0752116733448007,0.5,0.6197183098591549,3.35721108975858,fedprox,0.7045454545454546,0.8863636363636364,0.7954545454545454,0.8863636363636364,0.7954545454545454,0.09090909090909094,0.09090909090909083,0.18181818181818177,0.18181818181818177,0.0,C-post-confirmatory-evidence-preserving
controlled-exposure,105,play-early,gappusin,federation-wide,1572,496,0,3,3.381154180431505,2.0752116733448007,0.5,0.6197183098591549,3.35721108975858,fedprox,0.44592875318066155,0.8975826972010178,0.7919847328244275,0.8683206106870229,0.8912213740458015,0.1055979643765903,0.34605597964376594,0.45165394402035625,0.4223918575063614,-0.029262086513994867,C-post-confirmatory-evidence-preserving
controlled-exposure,105,play-late,leadbolt,own-domain,57,96,0,3,3.8853568017431064,3.176738578054425,0.3577586206896552,0.5673076923076923,5.05584849910753,fedprox,0.8596491228070176,0.9473684210526315,0.15789473684210525,0.9473684210526315,0.9649122807017544,0.7894736842105263,-0.7017543859649122,0.08771929824561397,0.08771929824561397,0.0,C-post-confirmatory-evidence-preserving
controlled-exposure,105,play-late,leadbolt,federation-wide,905,96,0,3,3.8853568017431064,3.176738578054425,0.3577586206896552,0.5673076923076923,5.05584849910753,fedprox,0.5414364640883977,0.8696132596685083,0.6022099447513812,0.8795580110497238,0.8740331491712707,0.2674033149171271,0.06077348066298349,0.3281767955801106,0.338121546961326,0.009944751381215422,C-post-confirmatory-evidence-preserving
controlled-exposure,105,play-late,revmob,own-domain,15,60,0,3,4.350887824887627,3.1075381681568355,0.4979253112033195,0.47333333333333333,5.341344042528846,fedprox,0.8666666666666667,0.8,0.06666666666666667,0.8,1.0,0.7333333333333334,-0.8,-0.06666666666666665,-0.06666666666666665,0.0,C-post-confirmatory-evidence-preserving
controlled-exposure,105,play-late,revmob,federation-wide,944,60,0,3,4.350887824887627,3.1075381681568355,0.4979253112033195,0.47333333333333333,5.341344042528846,fedprox,0.20127118644067796,0.8040254237288136,0.2108050847457627,0.8040254237288136,0.8188559322033898,0.5932203389830508,0.009533898305084748,0.6027542372881356,0.6027542372881356,0.0,C-post-confirmatory-evidence-preserving
controlled-exposure,105,anzhi,dowgin,own-domain,6165,80,0,1593,2.2311985397026333,1.3130135699321448,0.6976744186046512,0.7142857142857143,2.152547605159694,fedprox,0.8668288726682887,0.778264395782644,0.778426601784266,0.8496350364963504,0.8908353609083536,-0.00016220600162208942,-0.08840227088402264,-0.08856447688564473,-0.01719383617193826,0.07137064071370647,C-post-confirmatory-evidence-preserving
controlled-exposure,105,anzhi,dowgin,federation-wide,6444,80,0,1593,2.2311985397026333,1.3130135699321448,0.6976744186046512,0.7142857142857143,2.152547605159694,fedprox,0.861421477343265,0.7746741154562383,0.7735878336436995,0.8438857852265673,0.883302296710118,0.0010862818125387808,-0.08783364369956548,-0.0867473618870267,-0.0175356921166977,0.069211669770329,C-post-confirmatory-evidence-preserving
controlled-exposure,105,anzhi,adwo,own-domain,136,269,0,25,3.8627936540008085,1.9849666709944866,0.7352941176470589,0.5287356321839081,3.4507439837236333,fedprox,0.5661764705882353,0.6985294117647058,0.6029411764705882,0.6764705882352942,0.5588235294117647,0.09558823529411764,0.03676470588235292,0.13235294117647056,0.11029411764705888,-0.022058823529411686,C-post-confirmatory-evidence-preserving
controlled-exposure,105,anzhi,adwo,federation-wide,1105,269,0,25,3.8627936540008085,1.9849666709944866,0.7352941176470589,0.5287356321839081,3.4507439837236333,fedprox,0.5619909502262443,0.7339366515837104,0.5755656108597285,0.6823529411764706,0.465158371040724,0.1583710407239819,0.013574660633484115,0.171945701357466,0.12036199095022626,-0.05158371040723975,C-post-confirmatory-evidence-preserving
controlled-exposure,105,anzhi,hiddad,own-domain,20,35,0,8,4.81946873042181,4.525167333252926,0.25333333333333335,0.2114695340501792,4.6294081615930684,fedprox,0.75,0.7,0.65,0.7,0.6,0.04999999999999993,-0.09999999999999998,-0.050000000000000044,-0.050000000000000044,0.0,C-post-confirmatory-evidence-preserving
controlled-exposure,105,anzhi,hiddad,federation-wide,598,35,0,8,4.81946873042181,4.525167333252926,0.25333333333333335,0.2114695340501792,4.6294081615930684,fedprox,0.6254180602006689,0.11036789297658862,0.10702341137123746,0.1020066889632107,0.14715719063545152,0.0033444816053511683,-0.5183946488294314,-0.5150501672240803,-0.5234113712374582,-0.00836120401337792,C-post-confirmatory-evidence-preserving
controlled-exposure,105,appchina,airpush,own-domain,446,192,0,176,3.8712580507857774,2.414979170539053,0.5351351351351351,0.3103448275862069,2.7179832994710713,fedprox,0.9327354260089686,0.9035874439461884,0.5717488789237668,0.9461883408071748,0.9932735426008968,0.3318385650224216,-0.36098654708520184,-0.029147982062780242,0.013452914798206206,0.04260089686098645,C-post-confirmatory-evidence-preserving
controlled-exposure,105,appchina,airpush,federation-wide,2397,192,0,176,3.8712580507857774,2.414979170539053,0.5351351351351351,0.3103448275862069,2.7179832994710713,fedprox,0.5415102211097205,0.5536086775135586,0.18564872757613685,0.5865665415102211,0.7179808093450146,0.36795994993742176,-0.35586149353358365,0.01209845640383811,0.04505632040050067,0.03295786399666256,C-post-confirmatory-evidence-preserving
controlled-exposure,106,play-early,airpush,own-domain,2032,185,0,138,3.7197674488783905,2.2117594272894445,0.6271186440677966,0.6129032258064516,3.6358809292489016,fedprox,0.5718503937007874,0.5216535433070866,0.37893700787401574,0.6776574803149606,0.8134842519685039,0.14271653543307083,-0.19291338582677164,-0.05019685039370081,0.10580708661417326,0.15600393700787407,C-post-confirmatory-evidence-preserving
controlled-exposure,106,play-early,airpush,federation-wide,2618,185,0,138,3.7197674488783905,2.2117594272894445,0.6271186440677966,0.6129032258064516,3.6358809292489016,fedprox,0.6226126814362108,0.5928189457601223,0.46180290297937354,0.7192513368983957,0.8304048892284186,0.13101604278074874,-0.1608097784568373,-0.029793735676088562,0.09663865546218486,0.12643239113827343,C-post-confirmatory-evidence-preserving
controlled-exposure,106,anzhi,adwo,own-domain,136,296,0,28,3.600484644805414,2.025218450603937,0.7070707070707071,0.5348837209302325,3.3358397887596984,fedprox,0.5220588235294118,0.36764705882352944,0.3382352941176471,0.40441176470588236,0.29411764705882354,0.02941176470588236,-0.18382352941176472,-0.15441176470588236,-0.11764705882352944,0.03676470588235292,C-post-confirmatory-evidence-preserving
controlled-exposure,106,anzhi,adwo,federation-wide,1076,296,0,28,3.600484644805414,2.025218450603937,0.7070707070707071,0.5348837209302325,3.3358397887596984,fedprox,0.7815985130111525,0.5,0.3355018587360595,0.5678438661710037,0.23234200743494424,0.16449814126394052,-0.446096654275093,-0.28159851301115246,-0.21375464684014878,0.06784386617100369,C-post-confirmatory-evidence-preserving
controlled-exposure,106,anzhi,leadbolt,own-domain,16,105,0,5,3.4366612171572064,2.8070121886899573,0.576,0.4537037037037037,3.2005698718007696,fedprox,0.3125,0.5625,0.5,0.625,0.6875,0.0625,0.1875,0.25,0.3125,0.0625,C-post-confirmatory-evidence-preserving
controlled-exposure,106,anzhi,leadbolt,federation-wide,745,105,0,5,3.4366612171572064,2.8070121886899573,0.576,0.4537037037037037,3.2005698718007696,fedprox,0.10738255033557047,0.20134228187919462,0.024161073825503355,0.2523489932885906,0.42416107382550333,0.17718120805369125,-0.08322147651006712,0.09395973154362415,0.14496644295302014,0.051006711409396,C-post-confirmatory-evidence-preserving
controlled-exposure,106,appchina,dowgin,own-domain,294,1557,0,80,2.963900593546649,1.9756299517842257,0.5855855855855856,0.5789473684210527,2.2641837367737616,fedprox,0.5952380952380952,0.6938775510204082,0.6836734693877551,0.6904761904761905,0.6020408163265306,0.010204081632653073,0.08843537414965985,0.09863945578231292,0.09523809523809523,-0.003401360544217691,C-post-confirmatory-evidence-preserving
controlled-exposure,106,appchina,dowgin,federation-wide,6190,1557,0,80,2.963900593546649,1.9756299517842257,0.5855855855855856,0.5789473684210527,2.2641837367737616,fedprox,0.6095315024232634,0.8098546042003231,0.7315024232633279,0.8064620355411954,0.7907915993537964,0.07835218093699514,0.12197092084006456,0.2003231017770597,0.19693053311793207,-0.003392568659127626,C-post-confirmatory-evidence-preserving
controlled-exposure,106,appchina,gappusin,own-domain,1143,96,0,395,2.757440299350274,1.4144800625290253,0.6595744680851063,0.704225352112676,1.6916326696238444,fedprox,0.2484689413823272,0.289588801399825,0.25196850393700787,0.45144356955380577,0.3219597550306212,0.03762029746281714,0.003499562554680674,0.04111986001749782,0.20297462817147857,0.16185476815398075,C-post-confirmatory-evidence-preserving
controlled-exposure,106,appchina,gappusin,federation-wide,1509,96,0,395,2.757440299350274,1.4144800625290253,0.6595744680851063,0.704225352112676,1.6916326696238444,fedprox,0.24453280318091453,0.2922465208747515,0.2571239231278993,0.42876076872100727,0.3074884029158383,0.035122597746852224,0.012591119946984752,0.04771371769383698,0.18422796554009274,0.13651424784625577,C-post-confirmatory-evidence-preserving
controlled-exposure,106,appchina,revmob,own-domain,19,49,0,6,4.95227379357265,2.794751629754864,0.5806451612903226,0.23648648648648649,3.5531588039550406,fedprox,0.15789473684210525,0.15789473684210525,0.0,0.10526315789473684,0.15789473684210525,0.15789473684210525,-0.15789473684210525,0.0,-0.05263157894736842,-0.05263157894736842,C-post-confirmatory-evidence-preserving
controlled-exposure,106,appchina,revmob,federation-wide,540,49,0,6,4.95227379357265,2.794751629754864,0.5806451612903226,0.23648648648648649,3.5531588039550406,fedprox,0.07222222222222222,0.06296296296296296,0.024074074074074074,0.06851851851851852,0.18333333333333332,0.03888888888888888,-0.04814814814814814,-0.009259259259259259,-0.003703703703703695,0.005555555555555564,C-post-confirmatory-evidence-preserving
controlled-exposure,106,appchina,hiddad,own-domain,17,32,0,2,5.873925294948878,4.834028059154069,0.35986159169550175,0.18796992481203006,5.211489646757708,fedprox,0.8235294117647058,0.47058823529411764,0.5294117647058824,0.35294117647058826,0.7058823529411765,-0.05882352941176472,-0.2941176470588235,-0.3529411764705882,-0.4705882352941176,-0.11764705882352938,C-post-confirmatory-evidence-preserving
controlled-exposure,106,appchina,hiddad,federation-wide,313,32,0,2,5.873925294948878,4.834028059154069,0.35986159169550175,0.18796992481203006,5.211489646757708,fedprox,0.4504792332268371,0.26198083067092653,0.22364217252396165,0.15335463258785942,0.3003194888178914,0.03833865814696488,-0.22683706070287543,-0.18849840255591055,-0.29712460063897767,-0.10862619808306712,C-post-confirmatory-evidence-preserving
controlled-exposure,107,play-early,dowgin,own-domain,14,1698,0,2,3.7990690479748586,2.006122221578444,0.5196850393700787,0.6363636363636364,3.5087675251094006,fedprox,0.7857142857142857,0.9285714285714286,0.9285714285714286,0.8571428571428571,0.9285714285714286,0.0,0.1428571428571429,0.1428571428571429,0.0714285714285714,-0.07142857142857151,C-post-confirmatory-evidence-preserving
controlled-exposure,107,play-early,dowgin,federation-wide,5755,1698,0,2,3.7990690479748586,2.006122221578444,0.5196850393700787,0.6363636363636364,3.5087675251094006,fedprox,0.7450912250217202,0.9610773240660295,0.9485664639443961,0.9569070373588184,0.9894005212858384,0.012510860121633383,0.20347523892267594,0.21598609904430932,0.21181581233709823,-0.0041702867072110905,C-post-confirmatory-evidence-preserving
controlled-exposure,107,play-early,airpush,own-domain,2463,155,0,163,3.5089207879910416,2.116957706174709,0.6785714285714286,0.6875,3.321195631708033,fedprox,0.8022736500203005,0.6902151847340642,0.6833130328867235,0.7559886317498985,0.8006496142915144,0.006902151847340665,-0.11896061713357697,-0.11205846528623631,-0.04628501827040199,0.06577344701583432,C-post-confirmatory-evidence-preserving
controlled-exposure,107,play-early,airpush,federation-wide,3019,155,0,163,3.5089207879910416,2.116957706174709,0.6785714285714286,0.6875,3.321195631708033,fedprox,0.8261013580655846,0.7343491222259027,0.7138125207022192,0.7913216296787016,0.8294137131500496,0.020536601523683418,-0.11228883736336537,-0.09175223583968195,-0.034779728386883035,0.056972507452798915,C-post-confirmatory-evidence-preserving
controlled-exposure,107,play-early,adwo,own-domain,25,346,0,0,4.059671381333424,2.4151592546462863,0.5565217391304348,0.5862068965517241,3.972222254958133,fedprox,0.96,0.96,0.96,0.96,0.92,0.0,0.0,0.0,0.0,0.0,C-post-confirmatory-evidence-preserving
controlled-exposure,107,play-early,adwo,federation-wide,955,346,0,0,4.059671381333424,2.4151592546462863,0.5565217391304348,0.5862068965517241,3.972222254958133,fedprox,0.8764397905759163,0.9340314136125655,0.9109947643979057,0.9434554973821989,0.956020942408377,0.023036649214659755,0.034554973821989465,0.05759162303664922,0.06701570680628266,0.00942408376963344,C-post-confirmatory-evidence-preserving
controlled-exposure,107,play-early,hiddad,own-domain,94,26,0,8,4.356709244538861,3.9091998957365584,0.41641337386018235,0.3024054982817869,3.9814147967842852,fedprox,0.425531914893617,0.43617021276595747,0.43617021276595747,0.4574468085106383,0.4787234042553192,0.0,0.010638297872340441,0.010638297872340441,0.03191489361702127,0.021276595744680826,C-post-confirmatory-evidence-preserving
controlled-exposure,107,play-early,hiddad,federation-wide,551,26,0,8,4.356709244538861,3.9091998957365584,0.41641337386018235,0.3024054982817869,3.9814147967842852,fedprox,0.13793103448275862,0.1724137931034483,0.17785843920145192,0.17785843920145192,0.21960072595281308,-0.00544464609800363,0.0399274047186933,0.03448275862068967,0.0399274047186933,0.00544464609800363,C-post-confirmatory-evidence-preserving
controlled-exposure,107,appchina,gappusin,own-domain,937,80,0,383,2.717967272919073,1.350476371274089,0.7195121951219512,0.7222222222222222,1.6433452660183616,fedprox,0.3329775880469584,0.3852721451440768,0.3084311632870864,0.4599786552828175,0.503735325506937,0.0768409818569904,-0.024546424759871954,0.052294557097118444,0.12700106723585913,0.07470651013874069,C-post-confirmatory-evidence-preserving
controlled-exposure,107,appchina,gappusin,federation-wide,1272,80,0,383,2.717967272919073,1.350476371274089,0.7195121951219512,0.7222222222222222,1.6433452660183616,fedprox,0.3584905660377358,0.4080188679245283,0.3380503144654088,0.4638364779874214,0.4803459119496855,0.06996855345911951,-0.02044025157232704,0.04952830188679247,0.10534591194968557,0.0558176100628931,C-post-confirmatory-evidence-preserving
controlled-exposure,107,appchina,leadbolt,own-domain,74,89,0,26,4.092039368032953,2.357676480540393,0.5769230769230769,0.3684210526315789,2.6616160404351756,fedprox,0.4594594594594595,0.4594594594594595,0.1891891891891892,0.5540540540540541,0.7027027027027027,0.2702702702702703,-0.2702702702702703,0.0,0.09459459459459457,0.09459459459459457,C-post-confirmatory-evidence-preserving
controlled-exposure,107,appchina,leadbolt,federation-wide,759,89,0,26,4.092039368032953,2.357676480540393,0.5769230769230769,0.3684210526315789,2.6616160404351756,fedprox,0.23715415019762845,0.3847167325428195,0.13175230566534915,0.461133069828722,0.5836627140974967,0.25296442687747034,-0.1054018445322793,0.14756258234519107,0.22397891963109354,0.07641633728590247,C-post-confirmatory-evidence-preserving
controlled-exposure,107,appchina,revmob,own-domain,23,47,0,11,5.070039915232185,3.2911416290267845,0.5081081081081081,0.272108843537415,3.78885646342401,fedprox,0.08695652173913043,0.08695652173913043,0.0,0.08695652173913043,0.34782608695652173,0.08695652173913043,-0.08695652173913043,0.0,0.0,0.0,C-post-confirmatory-evidence-preserving
controlled-exposure,107,appchina,revmob,federation-wide,483,47,0,11,5.070039915232185,3.2911416290267845,0.5081081081081081,0.272108843537415,3.78885646342401,fedprox,0.11387163561076605,0.13457556935817805,0.062111801242236024,0.11387163561076605,0.28778467908902694,0.07246376811594202,-0.051759834368530024,0.020703933747412,0.0,-0.020703933747412,C-post-confirmatory-evidence-preserving
controlled-exposure,108,play-early,leadbolt,own-domain,651,50,0,68,2.5858657651653605,2.377152594055778,0.6410256410256411,0.7010309278350515,2.539099669040938,fedprox,0.49001536098310294,0.620583717357911,0.2626728110599078,0.8079877112135176,0.8755760368663594,0.35791090629800315,-0.22734254992319514,0.13056835637480801,0.3179723502304147,0.1874039938556067,C-post-confirmatory-evidence-preserving
controlled-exposure,108,play-early,leadbolt,federation-wide,770,50,0,68,2.5858657651653605,2.377152594055778,0.6410256410256411,0.7010309278350515,2.539099669040938,fedprox,0.5012987012987012,0.6376623376623377,0.2909090909090909,0.8025974025974026,0.8792207792207792,0.3467532467532468,-0.21038961038961035,0.13636363636363646,0.3012987012987014,0.16493506493506493,C-post-confirmatory-evidence-preserving
controlled-exposure,108,play-late,airpush,own-domain,53,338,0,7,3.768201120504965,3.5270685725504314,0.4519774011299435,0.528169014084507,4.967075287068495,fedprox,0.2641509433962264,0.7924528301886793,0.3584905660377358,0.8113207547169812,0.7924528301886793,0.43396226415094347,0.09433962264150941,0.5283018867924529,0.5471698113207548,0.018867924528301883,C-post-confirmatory-evidence-preserving
controlled-exposure,108,play-late,airpush,federation-wide,2098,338,0,7,3.768201120504965,3.5270685725504314,0.4519774011299435,0.528169014084507,4.967075287068495,fedprox,0.7530981887511916,0.9666348903717826,0.8674928503336511,0.9699714013346044,0.955672068636797,0.09914204003813154,0.11439466158245948,0.21353670162059102,0.21687321258341274,0.003336510962821726,C-post-confirmatory-evidence-preserving
controlled-exposure,108,play-late,revmob,own-domain,12,56,0,1,5.077365605417123,4.167422828856588,0.4155844155844156,0.4626865671641791,5.887166282061966,fedprox,0.4166666666666667,0.6666666666666666,0.5833333333333334,0.9166666666666666,0.9166666666666666,0.08333333333333326,0.16666666666666669,0.24999999999999994,0.49999999999999994,0.25,C-post-confirmatory-evidence-preserving
controlled-exposure,108,play-late,revmob,federation-wide,594,56,0,1,5.077365605417123,4.167422828856588,0.4155844155844156,0.4626865671641791,5.887166282061966,fedprox,0.6565656565656566,0.8619528619528619,0.7070707070707071,0.9208754208754208,0.9292929292929293,0.15488215488215484,0.0505050505050505,0.20538720538720534,0.2643097643097643,0.05892255892255893,C-post-confirmatory-evidence-preserving
controlled-exposure,108,anzhi,gappusin,own-domain,427,329,0,89,2.5080381045037523,1.375208525852091,0.6792452830188679,0.5769230769230769,2.503352458514653,fedprox,0.24824355971896955,0.30210772833723654,0.2903981264637002,0.35362997658079626,0.23653395784543327,0.011709601873536313,0.04215456674473067,0.05386416861826698,0.1053864168618267,0.05152224824355972,C-post-confirmatory-evidence-preserving
controlled-exposure,108,anzhi,gappusin,federation-wide,1754,329,0,89,2.5080381045037523,1.375208525852091,0.6792452830188679,0.5769230769230769,2.503352458514653,fedprox,0.28335233751425315,0.42360319270239455,0.2782212086659065,0.45153933865450396,0.4652223489167617,0.14538198403648805,-0.0051311288483466555,0.1402508551881414,0.1681870011402508,0.027936145952109415,C-post-confirmatory-evidence-preserving
controlled-exposure,108,anzhi,adwo,own-domain,150,306,0,38,3.5930646454953004,2.0169920040708975,0.7623762376237624,0.5340909090909091,3.413599568794635,fedprox,0.58,0.5266666666666666,0.46,0.52,0.6133333333333333,0.0666666666666666,-0.11999999999999994,-0.053333333333333344,-0.05999999999999994,-0.006666666666666599,C-post-confirmatory-evidence-preserving
controlled-exposure,108,anzhi,adwo,federation-wide,909,306,0,38,3.5930646454953004,2.0169920040708975,0.7623762376237624,0.5340909090909091,3.413599568794635,fedprox,0.5742574257425742,0.5665566556655666,0.3872387238723872,0.5533553355335533,0.47854785478547857,0.17931793179317934,-0.187018701870187,-0.007700770077007646,-0.020902090209020896,-0.01320132013201325,C-post-confirmatory-evidence-preserving
controlled-exposure,108,appchina,dowgin,own-domain,224,1694,0,112,2.7248998081938742,2.0571446514179352,0.5151515151515151,0.5844155844155844,2.27253826526532,fedprox,0.48660714285714285,0.6339285714285714,0.625,0.6160714285714286,0.5,0.008928571428571397,0.13839285714285715,0.14732142857142855,0.12946428571428575,-0.017857142857142794,C-post-confirmatory-evidence-preserving
controlled-exposure,108,appchina,dowgin,federation-wide,5256,1694,0,112,2.7248998081938742,2.0571446514179352,0.5151515151515151,0.5844155844155844,2.27253826526532,fedprox,0.5504185692541856,0.8432267884322678,0.7926179604261796,0.838089802130898,0.7867199391171994,0.050608828006088236,0.24219939117199396,0.2928082191780822,0.28767123287671237,-0.005136986301369828,C-post-confirmatory-evidence-preserving
controlled-exposure,108,appchina,hiddad,own-domain,5,33,0,4,4.8638804813682395,3.9175423203869566,0.38271604938271603,0.2048611111111111,4.220062439581715,fedprox,0.6,0.6,0.6,0.6,0.6,0.0,0.0,0.0,0.0,0.0,C-post-confirmatory-evidence-preserving
controlled-exposure,108,appchina,hiddad,federation-wide,270,33,0,4,4.8638804813682395,3.9175423203869566,0.38271604938271603,0.2048611111111111,4.220062439581715,fedprox,0.18888888888888888,0.0962962962962963,0.1,0.0962962962962963,0.07407407407407407,-0.003703703703703709,-0.08888888888888888,-0.09259259259259259,-0.09259259259259259,0.0,C-post-confirmatory-evidence-preserving
controlled-exposure,109,play-early,dowgin,own-domain,22,1666,0,3,3.6621217717657735,2.031975109429163,0.48360655737704916,0.6103896103896104,3.5269841610892656,fedprox,0.6818181818181818,0.7272727272727273,0.7727272727272727,0.6818181818181818,0.6818181818181818,-0.045454545454545414,0.09090909090909094,0.045454545454545525,0.0,-0.045454545454545525,C-post-confirmatory-evidence-preserving
controlled-exposure,109,play-early,dowgin,federation-wide,5854,1666,0,3,3.6621217717657735,2.031975109429163,0.48360655737704916,0.6103896103896104,3.5269841610892656,fedprox,0.4892381277758797,0.9625896822685344,0.9631021523744449,0.9615647420567134,0.9836009566108643,-0.0005124701059104897,0.47386402459856514,0.47335155449265465,0.47232661428083367,-0.0010249402118209794,C-post-confirmatory-evidence-preserving
controlled-exposure,109,play-early,hiddad,own-domain,108,27,0,12,5.777483555693132,5.052752081984161,0.38953488372093026,0.25357142857142856,5.41441975731226,fedprox,0.3333333333333333,0.32407407407407407,0.3148148148148148,0.3611111111111111,0.4444444444444444,0.009259259259259245,-0.01851851851851849,-0.009259259259259245,0.02777777777777779,0.037037037037037035,C-post-confirmatory-evidence-preserving
controlled-exposure,109,play-early,hiddad,federation-wide,336,27,0,12,5.777483555693132,5.052752081984161,0.38953488372093026,0.25357142857142856,5.41441975731226,fedprox,0.24107142857142858,0.3630952380952381,0.28869047619047616,0.37202380952380953,0.49702380952380953,0.07440476190476192,0.04761904761904759,0.1220238095238095,0.13095238095238096,0.008928571428571452,C-post-confirmatory-evidence-preserving
controlled-exposure,109,play-late,airpush,own-domain,38,315,0,2,3.956657764753107,3.529816324689799,0.4523809523809524,0.5769230769230769,5.080364828832805,fedprox,0.5789473684210527,0.7105263157894737,0.631578947368421,0.7631578947368421,0.7631578947368421,0.07894736842105265,0.05263157894736836,0.13157894736842102,0.1842105263157895,0.052631578947368474,C-post-confirmatory-evidence-preserving
controlled-exposure,109,play-late,airpush,federation-wide,2241,315,0,2,3.956657764753107,3.529816324689799,0.4523809523809524,0.5769230769230769,5.080364828832805,fedprox,0.5899152164212406,0.9553770638107988,0.8670236501561803,0.9558232931726908,0.9544846050870147,0.08835341365461846,0.27710843373493976,0.3654618473895582,0.3659080767514502,0.00044622936189198104,C-post-confirmatory-evidence-preserving
controlled-exposure,109,play-late,revmob,own-domain,21,45,0,1,4.555851990487254,3.1279084901414325,0.43915343915343913,0.5032258064516129,5.439069946059045,fedprox,0.42857142857142855,0.7142857142857143,0.47619047619047616,0.6666666666666666,0.8095238095238095,0.23809523809523814,0.047619047619047616,0.28571428571428575,0.23809523809523808,-0.04761904761904767,C-post-confirmatory-evidence-preserving
controlled-exposure,109,play-late,revmob,federation-wide,665,45,0,1,4.555851990487254,3.1279084901414325,0.43915343915343913,0.5032258064516129,5.439069946059045,fedprox,0.29022556390977444,0.8330827067669173,0.3669172932330827,0.8330827067669173,0.8781954887218045,0.4661654135338346,0.07669172932330826,0.5428571428571429,0.5428571428571429,0.0,C-post-confirmatory-evidence-preserving
controlled-exposure,109,anzhi,gappusin,own-domain,312,419,0,102,2.5522430219659897,1.3723199714297345,0.6881720430107527,0.6266666666666667,2.599702548257585,fedprox,0.21153846153846154,0.2532051282051282,0.21474358974358973,0.23076923076923078,0.14423076923076922,0.038461538461538464,0.0032051282051281937,0.04166666666666666,0.019230769230769246,-0.02243589743589741,C-post-confirmatory-evidence-preserving
controlled-exposure,109,anzhi,gappusin,federation-wide,1269,419,0,102,2.5522430219659897,1.3723199714297345,0.6881720430107527,0.6266666666666667,2.599702548257585,fedprox,0.3033884948778566,0.3664302600472813,0.2631993695823483,0.3632781717888101,0.22301024428684002,0.103230890464933,-0.04018912529550828,0.06304176516942472,0.05988967691095354,-0.0031520882584711862,C-post-confirmatory-evidence-preserving
controlled-exposure,109,anzhi,leadbolt,own-domain,11,91,0,5,3.4773268075559916,2.8444070616955477,0.5772357723577236,0.5,3.5487874467902714,fedprox,0.36363636363636365,0.36363636363636365,0.36363636363636365,0.36363636363636365,0.6363636363636364,0.0,0.0,0.0,0.0,0.0,C-post-confirmatory-evidence-preserving
controlled-exposure,109,anzhi,leadbolt,federation-wide,751,91,0,5,3.4773268075559916,2.8444070616955477,0.5772357723577236,0.5,3.5487874467902714,fedprox,0.08921438082556592,0.13448735019973368,0.018641810918774968,0.12117177097203728,0.2529960053262317,0.11584553928095871,-0.07057256990679095,0.04527296937416776,0.031957390146471365,-0.013315579227696397,C-post-confirmatory-evidence-preserving
controlled-exposure,109,appchina,adwo,own-domain,742,43,0,287,3.473074985695662,1.5754464343634103,0.7619047619047619,0.4954954954954955,2.580803706987302,fedprox,0.3463611859838275,0.6078167115902965,0.6064690026954178,0.7075471698113207,0.2223719676549865,0.0013477088948786742,0.26010781671159033,0.261455525606469,0.36118598382749323,0.09973045822102422,C-post-confirmatory-evidence-preserving
controlled-exposure,109,appchina,adwo,federation-wide,886,43,0,287,3.473074985695662,1.5754464343634103,0.7619047619047619,0.4954954954954955,2.580803706987302,fedprox,0.3577878103837472,0.600451467268623,0.6027088036117382,0.6930022573363431,0.24040632054176073,-0.0022573363431152016,0.244920993227991,0.2426636568848758,0.33521444695259595,0.09255079006772016,C-post-confirmatory-evidence-preserving
replication-family-set,100,play-early,dnotua,own-domain,57,6,0,18,2.6601457091095293,2.526888010224912,0.4810126582278481,0.7529411764705882,2.199696760121675,fedprox,0.9122807017543859,0.8771929824561403,0.8947368421052632,0.8947368421052632,0.8947368421052632,-0.01754385964912286,-0.01754385964912275,-0.03508771929824561,-0.01754385964912275,0.01754385964912286,C-post-confirmatory-evidence-preserving
replication-family-set,100,play-early,dnotua,federation-wide,69,6,0,18,2.6601457091095293,2.526888010224912,0.4810126582278481,0.7529411764705882,2.199696760121675,fedprox,0.8405797101449275,0.8260869565217391,0.8260869565217391,0.855072463768116,0.8840579710144928,0.0,-0.01449275362318836,-0.01449275362318836,0.01449275362318847,0.02898550724637683,C-post-confirmatory-evidence-preserving
replication-family-set,100,play-early,inmobi,own-domain,577,16,0,98,5.1166351121677955,3.6051502066937218,0.6286919831223629,0.7433155080213903,5.6478825739961565,fedprox,0.755632582322357,0.8145580589254766,0.6031195840554593,0.8804159445407279,0.8648180242634316,0.21143847487001732,-0.15251299826689768,0.05892547660311964,0.12478336221837094,0.0658578856152513,C-post-confirmatory-evidence-preserving
replication-family-set,100,play-early,inmobi,federation-wide,632,16,0,98,5.1166351121677955,3.6051502066937218,0.6286919831223629,0.7433155080213903,5.6478825739961565,fedprox,0.7357594936708861,0.8117088607594937,0.5996835443037974,0.875,0.865506329113924,0.21202531645569622,-0.13607594936708867,0.07594936708860756,0.1392405063291139,0.06329113924050633,C-post-confirmatory-evidence-preserving
replication-family-set,100,play-late,smsreg,own-domain,13,442,0,0,4.0524178496290375,3.7512055053039366,0.34980988593155893,0.5259259259259259,5.585660194171303,fedprox,0.5384615384615384,0.46153846153846156,0.3076923076923077,0.3076923076923077,0.7692307692307693,0.15384615384615385,-0.23076923076923073,-0.07692307692307687,-0.23076923076923073,-0.15384615384615385,C-post-confirmatory-evidence-preserving
replication-family-set,100,play-late,smsreg,federation-wide,1440,442,0,0,4.0524178496290375,3.7512055053039366,0.34980988593155893,0.5259259259259259,5.585660194171303,fedprox,0.5215277777777778,0.9680555555555556,0.9534722222222223,0.9625,0.94375,0.014583333333333282,0.43194444444444446,0.44652777777777775,0.4409722222222222,-0.005555555555555536,C-post-confirmatory-evidence-preserving
replication-family-set,100,anzhi,kuguo,own-domain,3164,292,0,802,2.5102228989975526,1.6540646424889922,0.6086956521739131,0.7142857142857143,2.6123951119216677,fedprox,0.6558154235145386,0.6848925410872313,0.6858407079646017,0.7288242730720607,0.5037926675094817,-0.0009481668773704266,0.03002528445006314,0.029077117572692712,0.07300884955752207,0.04393173198482936,C-post-confirmatory-evidence-preserving
replication-family-set,100,anzhi,kuguo,federation-wide,3913,292,0,802,2.5102228989975526,1.6540646424889922,0.6086956521739131,0.7142857142857143,2.6123951119216677,fedprox,0.6399182213135701,0.678251980577562,0.6662407360081779,0.7170968566317404,0.461027344748275,0.012011244569384072,0.02632251469460778,0.03833375926399185,0.07717863531817026,0.03884487605417841,C-post-confirmatory-evidence-preserving
replication-family-set,100,appchina,youmi,own-domain,500,29,0,166,2.8196198415511953,1.6033416705639287,0.6744186046511628,0.5142857142857142,1.5714154536753144,fedprox,0.214,0.366,0.344,0.406,0.218,0.02200000000000002,0.12999999999999998,0.152,0.19200000000000003,0.040000000000000036,C-post-confirmatory-evidence-preserving
replication-family-set,100,appchina,youmi,federation-wide,648,29,0,166,2.8196198415511953,1.6033416705639287,0.6744186046511628,0.5142857142857142,1.5714154536753144,fedprox,0.25308641975308643,0.3765432098765432,0.35648148148148145,0.4166666666666667,0.24691358024691357,0.020061728395061762,0.10339506172839502,0.12345679012345678,0.16358024691358025,0.04012345679012347,C-post-confirmatory-evidence-preserving
replication-family-set,100,appchina,zdtad,own-domain,3,165,0,1,2.809985179428694,2.043031460099185,0.5188679245283019,0.6081081081081081,2.628005925876342,fedprox,1.0,1.0,1.0,1.0,0.3333333333333333,0.0,0.0,0.0,0.0,0.0,C-post-confirmatory-evidence-preserving
replication-family-set,100,appchina,zdtad,federation-wide,518,165,0,1,2.809985179428694,2.043031460099185,0.5188679245283019,0.6081081081081081,2.628005925876342,fedprox,0.747104247104247,0.9478764478764479,0.9536679536679536,0.971042471042471,0.8918918918918919,-0.00579150579150578,0.2065637065637066,0.20077220077220082,0.22393822393822393,0.02316602316602312,C-post-confirmatory-evidence-preserving
replication-family-set,100,appchina,domob,own-domain,305,31,0,81,3.4320308274540996,1.9584126175131857,0.6716417910447762,0.5471698113207547,2.5421031153697133,fedprox,0.22950819672131148,0.29180327868852457,0.29180327868852457,0.3704918032786885,0.31475409836065577,0.0,0.06229508196721309,0.06229508196721309,0.14098360655737704,0.07868852459016396,C-post-confirmatory-evidence-preserving
replication-family-set,100,appchina,domob,federation-wide,404,31,0,81,3.4320308274540996,1.9584126175131857,0.6716417910447762,0.5471698113207547,2.5421031153697133,fedprox,0.22524752475247525,0.28465346534653463,0.27970297029702973,0.35396039603960394,0.32425742574257427,0.004950495049504899,0.054455445544554476,0.059405940594059375,0.1287128712871287,0.06930693069306931,C-post-confirmatory-evidence-preserving
replication-family-set,100,appchina,utchi,own-domain,196,45,0,84,4.1263067183388396,3.280204274471151,0.4166666666666667,0.8333333333333334,3.5209716134327675,fedprox,0.0,0.0,0.0,0.0,0.23469387755102042,0.0,0.0,0.0,0.0,0.0,C-post-confirmatory-evidence-preserving
replication-family-set,100,appchina,utchi,federation-wide,227,45,0,84,4.1263067183388396,3.280204274471151,0.4166666666666667,0.8333333333333334,3.5209716134327675,fedprox,0.0,0.0,0.0,0.0,0.2026431718061674,0.0,0.0,0.0,0.0,0.0,C-post-confirmatory-evidence-preserving
replication-family-set,101,play-early,youmi,own-domain,30,232,0,1,3.267514250430884,1.583851632963797,0.7009345794392523,0.7228915662650602,3.1697487777546454,fedprox,0.7,0.8666666666666667,0.8333333333333334,0.8333333333333334,0.9,0.033333333333333326,0.13333333333333341,0.16666666666666674,0.13333333333333341,-0.033333333333333326,C-post-confirmatory-evidence-preserving
replication-family-set,101,play-early,youmi,federation-wide,645,232,0,1,3.267514250430884,1.583851632963797,0.7009345794392523,0.7228915662650602,3.1697487777546454,fedprox,0.7209302325581395,0.8635658914728682,0.7178294573643411,0.8589147286821706,0.9271317829457364,0.1457364341085271,-0.0031007751937983663,0.14263565891472874,0.13798449612403108,-0.0046511627906976605,C-post-confirmatory-evidence-preserving
replication-family-set,101,play-late,dnotua,own-domain,7,21,0,6,4.14120539771989,3.820109399388561,0.2948717948717949,0.7857142857142857,5.578726826556025,fedprox,0.14285714285714285,0.2857142857142857,0.2857142857142857,0.2857142857142857,0.2857142857142857,0.0,0.14285714285714285,0.14285714285714285,0.14285714285714285,0.0,C-post-confirmatory-evidence-preserving
replication-family-set,101,play-late,dnotua,federation-wide,57,21,0,6,4.14120539771989,3.820109399388561,0.2948717948717949,0.7857142857142857,5.578726826556025,fedprox,0.7543859649122807,0.7017543859649122,0.7543859649122807,0.7368421052631579,0.7017543859649122,-0.052631578947368474,0.0,-0.052631578947368474,-0.01754385964912286,0.03508771929824561,C-post-confirmatory-evidence-preserving
replication-family-set,101,play-late,inmobi,own-domain,16,116,0,1,6.959898091917431,5.613455883359607,0.5692307692307692,0.4233128834355828,7.19089420623893,fedprox,1.0,1.0,0.9375,1.0,1.0,0.0625,-0.0625,0.0,0.0,0.0,C-post-confirmatory-evidence-preserving
replication-family-set,101,play-late,inmobi,federation-wide,528,116,0,1,6.959898091917431,5.613455883359607,0.5692307692307692,0.4233128834355828,7.19089420623893,fedprox,0.9185606060606061,0.9848484848484849,0.9450757575757576,0.9734848484848485,0.9659090909090909,0.03977272727272729,0.02651515151515149,0.06628787878787878,0.05492424242424243,-0.011363636363636354,C-post-confirmatory-evidence-preserving
replication-family-set,101,anzhi,utchi,own-domain,81,40,0,43,3.7421806898621077,3.1340324224780947,0.45652173913043476,0.8064516129032258,3.992382508338149,fedprox,0.012345679012345678,0.0,0.0,0.0,0.012345679012345678,0.0,-0.012345679012345678,-0.012345679012345678,-0.012345679012345678,0.0,C-post-confirmatory-evidence-preserving
replication-family-set,101,anzhi,utchi,federation-wide,595,40,0,43,3.7421806898621077,3.1340324224780947,0.45652173913043476,0.8064516129032258,3.992382508338149,fedprox,0.0016806722689075631,0.0,0.0,0.0,0.0016806722689075631,0.0,-0.0016806722689075631,-0.0016806722689075631,-0.0016806722689075631,0.0,C-post-confirmatory-evidence-preserving
replication-family-set,101,appchina,kuguo,own-domain,966,796,0,266,2.8826493433977607,1.2549428712009045,0.5357142857142857,0.6125,2.051793739359338,fedprox,0.5351966873706004,0.6262939958592133,0.598343685300207,0.7111801242236024,0.5476190476190477,0.02795031055900632,0.06314699792960654,0.09109730848861286,0.175983436853002,0.08488612836438914,C-post-confirmatory-evidence-preserving
replication-family-set,101,appchina,kuguo,federation-wide,3903,796,0,266,2.8826493433977607,1.2549428712009045,0.5357142857142857,0.6125,2.051793739359338,fedprox,0.6079938508839354,0.7232897770945427,0.6992057391749936,0.7430181911350243,0.7076607737637715,0.02408403791954905,0.0912118882910582,0.11529592621060725,0.1350243402510889,0.019728414040481645,C-post-confirmatory-evidence-preserving
replication-family-set,101,appchina,smsreg,own-domain,597,197,0,193,2.629613235808197,1.761516876493216,0.6030534351145038,0.5779816513761468,1.881240980282227,fedprox,0.25125628140703515,0.38358458961474035,0.4137353433835846,0.46733668341708545,0.6365159128978225,-0.03015075376884424,0.16247906197654943,0.1323283082077052,0.2160804020100503,0.0837520938023451,C-post-confirmatory-evidence-preserving
replication-family-set,101,appchina,smsreg,federation-wide,1263,197,0,193,2.629613235808197,1.761516876493216,0.6030534351145038,0.5779816513761468,1.881240980282227,fedprox,0.32779097387173395,0.4734758511480602,0.49406175771971494,0.5265241488519399,0.6452889944576405,-0.020585906571654766,0.166270783847981,0.14568487727632623,0.19873317498020593,0.0530482977038797,C-post-confirmatory-evidence-preserving
replication-family-set,101,appchina,domob,own-domain,234,25,0,90,3.502033475741189,1.9313133173617378,0.6972477064220184,0.5480769230769231,2.5533268507654983,fedprox,0.358974358974359,0.4658119658119658,0.45726495726495725,0.5427350427350427,0.49572649572649574,0.008547008547008572,0.09829059829059827,0.10683760683760685,0.18376068376068372,0.07692307692307687,C-post-confirmatory-evidence-preserving
replication-family-set,101,appchina,domob,federation-wide,327,25,0,90,3.502033475741189,1.9313133173617378,0.6972477064220184,0.5480769230769231,2.5533268507654983,fedprox,0.3119266055045872,0.43730886850152906,0.43119266055045874,0.5045871559633027,0.5076452599388379,0.006116207951070318,0.11926605504587157,0.12538226299694188,0.19266055045871555,0.06727828746177367,C-post-confirmatory-evidence-preserving
replication-family-set,102,play-early,dnotua,own-domain,604,24,0,243,2.5525487788969548,0.9806747133561668,0.5205479452054794,0.8113207547169812,2.9278706111790336,fedprox,0.9933774834437086,0.9933774834437086,0.9933774834437086,0.9933774834437086,0.9917218543046358,0.0,0.0,0.0,0.0,0.0,C-post-confirmatory-evidence-preserving
replication-family-set,102,play-early,dnotua,federation-wide,644,24,0,243,2.5525487788969548,0.9806747133561668,0.5205479452054794,0.8113207547169812,2.9278706111790336,fedprox,0.9875776397515528,0.9891304347826086,0.9891304347826086,0.9891304347826086,0.9891304347826086,0.0,0.0015527950310558758,0.0015527950310558758,0.0015527950310558758,0.0,C-post-confirmatory-evidence-preserving
replication-family-set,102,anzhi,kuguo,own-domain,2699,265,0,768,2.573701099817186,1.8096195304126792,0.5631067961165048,0.7142857142857143,2.5909128435728888,fedprox,0.5235272323082624,0.5001852537977028,0.425713227121156,0.482400889218229,0.41311596887736196,0.07447202667654684,-0.09781400518710637,-0.023341978510559525,-0.04112634309003338,-0.017784364579473855,C-post-confirmatory-evidence-preserving
replication-family-set,102,anzhi,kuguo,federation-wide,3477,265,0,768,2.573701099817186,1.8096195304126792,0.5631067961165048,0.7142857142857143,2.5909128435728888,fedprox,0.5539257981018119,0.5323554788610871,0.44319815933275813,0.5099223468507333,0.42996836353178025,0.089157319528329,-0.11072763876905373,-0.021570319240724722,-0.04400345125107852,-0.022433132010353796,C-post-confirmatory-evidence-preserving
replication-family-set,102,anzhi,smsreg,own-domain,532,226,0,180,2.638805876152219,1.6411627457984768,0.624390243902439,0.48,2.068310162862956,fedprox,0.5131578947368421,0.40601503759398494,0.3007518796992481,0.4398496240601504,0.5770676691729323,0.10526315789473684,-0.21240601503759404,-0.1071428571428572,-0.07330827067669177,0.03383458646616544,C-post-confirmatory-evidence-preserving
replication-family-set,102,anzhi,smsreg,federation-wide,1140,226,0,180,2.638805876152219,1.6411627457984768,0.624390243902439,0.48,2.068310162862956,fedprox,0.3780701754385965,0.25877192982456143,0.18421052631578946,0.27456140350877195,0.49298245614035086,0.07456140350877197,-0.19385964912280704,-0.11929824561403507,-0.10350877192982455,0.01578947368421052,C-post-confirmatory-evidence-preserving
replication-family-set,102,anzhi,youmi,own-domain,72,188,0,26,2.6275162950313233,1.4901217150532076,0.6818181818181818,0.6190476190476191,2.197549995316792,fedprox,0.2916666666666667,0.1527777777777778,0.1388888888888889,0.1388888888888889,0.125,0.013888888888888895,-0.1527777777777778,-0.1388888888888889,-0.1527777777777778,-0.013888888888888895,C-post-confirmatory-evidence-preserving
replication-family-set,102,anzhi,youmi,federation-wide,648,188,0,26,2.6275162950313233,1.4901217150532076,0.6818181818181818,0.6190476190476191,2.197549995316792,fedprox,0.30709876543209874,0.19135802469135801,0.16358024691358025,0.1527777777777778,0.16820987654320987,0.027777777777777762,-0.1435185185185185,-0.11574074074074073,-0.15432098765432095,-0.038580246913580224,C-post-confirmatory-evidence-preserving
replication-family-set,102,anzhi,domob,own-domain,109,87,0,19,3.424805642125503,1.6675430140178955,0.7767857142857143,0.5777777777777777,3.022717755906383,fedprox,0.29357798165137616,0.1559633027522936,0.13761467889908258,0.14678899082568808,0.10091743119266056,0.01834862385321101,-0.1559633027522936,-0.13761467889908258,-0.14678899082568808,-0.009174311926605505,C-post-confirmatory-evidence-preserving
replication-family-set,102,anzhi,domob,federation-wide,406,87,0,19,3.424805642125503,1.6675430140178955,0.7767857142857143,0.5777777777777777,3.022717755906383,fedprox,0.3522167487684729,0.1477832512315271,0.10591133004926108,0.12807881773399016,0.14532019704433496,0.04187192118226603,-0.24630541871921185,-0.2044334975369458,-0.22413793103448276,-0.01970443349753695,C-post-confirmatory-evidence-preserving
replication-family-set,102,anzhi,utchi,own-domain,129,40,0,29,3.774058788065424,3.004807879197262,0.46808510638297873,0.8064516129032258,3.574937202892381,fedprox,0.0,0.0,0.0,0.0,0.0,0.0,0.0,0.0,0.0,0.0,C-post-confirmatory-evidence-preserving
replication-family-set,102,anzhi,utchi,federation-wide,760,40,0,29,3.774058788065424,3.004807879197262,0.46808510638297873,0.8064516129032258,3.574937202892381,fedprox,0.0,0.0,0.0,0.0,0.0,0.0,0.0,0.0,0.0,0.0,C-post-confirmatory-evidence-preserving
replication-family-set,102,appchina,inmobi,own-domain,39,107,0,10,7.726011562981036,6.376686640807095,0.45320197044334976,0.2608695652173913,6.986911419785452,fedprox,0.6923076923076923,0.3333333333333333,0.15384615384615385,0.3333333333333333,0.8205128205128205,0.17948717948717946,-0.5384615384615384,-0.358974358974359,-0.358974358974359,0.0,C-post-confirmatory-evidence-preserving
replication-family-set,102,appchina,inmobi,federation-wide,541,107,0,10,7.726011562981036,6.376686640807095,0.45320197044334976,0.2608695652173913,6.986911419785452,fedprox,0.4066543438077634,0.4214417744916821,0.2033271719038817,0.4195933456561922,0.49722735674676527,0.21811460258780038,-0.2033271719038817,0.01478743068391869,0.012939001848428833,-0.001848428835489857,C-post-confirmatory-evidence-preserving
replication-family-set,102,appchina,zdtad,own-domain,1,185,0,7,2.7667013025950347,2.0319681262487403,0.550561797752809,0.6351351351351351,2.634174656251184,fedprox,1.0,1.0,1.0,1.0,0.0,0.0,0.0,0.0,0.0,0.0,C-post-confirmatory-evidence-preserving
replication-family-set,102,appchina,zdtad,federation-wide,407,185,0,7,2.7667013025950347,2.0319681262487403,0.550561797752809,0.6351351351351351,2.634174656251184,fedprox,0.742014742014742,0.914004914004914,0.8697788697788698,0.8845208845208845,0.85995085995086,0.04422604422604426,0.1277641277641277,0.17199017199017197,0.14250614250614246,-0.029484029484029506,C-post-confirmatory-evidence-preserving
replication-family-set,103,play-early,kuguo,own-domain,14,1100,0,2,3.6499363389719495,2.0511084527628514,0.47244094488188976,0.6103896103896104,3.437172033775028,fedprox,0.6428571428571429,0.9285714285714286,0.7857142857142857,0.9285714285714286,0.9285714285714286,0.1428571428571429,0.1428571428571428,0.2857142857142857,0.2857142857142857,0.0,C-post-confirmatory-evidence-preserving
replication-family-set,103,play-early,kuguo,federation-wide,3474,1100,0,2,3.6499363389719495,2.0511084527628514,0.47244094488188976,0.6103896103896104,3.437172033775028,fedprox,0.5739781232009211,0.9248704663212435,0.8434081750143926,0.9122049510650547,0.9781232009211284,0.0814622913068509,0.26943005181347146,0.35089234312032236,0.3382268278641336,-0.012665515256188753,C-post-confirmatory-evidence-preserving
replication-family-set,103,play-early,youmi,own-domain,31,198,0,4,3.1771391373977953,1.7140119967990761,0.6422018348623854,0.6428571428571429,3.1377107450383974,fedprox,0.5483870967741935,0.9032258064516129,0.8709677419354839,0.9354838709677419,0.8064516129032258,0.032258064516129004,0.32258064516129037,0.3548387096774194,0.3870967741935484,0.032258064516129004,C-post-confirmatory-evidence-preserving
replication-family-set,103,play-early,youmi,federation-wide,703,198,0,4,3.1771391373977953,1.7140119967990761,0.6422018348623854,0.6428571428571429,3.1377107450383974,fedprox,0.5590327169274538,0.8108108108108109,0.6813655761024182,0.8065433854907539,0.9345661450924608,0.12944523470839264,0.12233285917496439,0.25177809388335703,0.24751066856330006,-0.004267425320056972,C-post-confirmatory-evidence-preserving
replication-family-set,103,play-late,smsreg,own-domain,16,408,0,2,4.079506928264243,3.71916057984067,0.34615384615384615,0.5144927536231884,5.619614715276916,fedprox,0.125,0.5,0.5625,0.5,0.3125,-0.0625,0.4375,0.375,0.375,0.0,C-post-confirmatory-evidence-preserving
replication-family-set,103,play-late,smsreg,federation-wide,1328,408,0,2,4.079506928264243,3.71916057984067,0.34615384615384615,0.5144927536231884,5.619614715276916,fedprox,0.7740963855421686,0.9548192771084337,0.9495481927710844,0.9668674698795181,0.9578313253012049,0.005271084337349352,0.17545180722891573,0.1807228915662651,0.19277108433734946,0.012048192771084376,C-post-confirmatory-evidence-preserving
replication-family-set,103,anzhi,domob,own-domain,121,95,0,22,3.182718706837439,1.68910603403019,0.7857142857142857,0.5888888888888889,3.0336520846721093,fedprox,0.19008264462809918,0.19008264462809918,0.19008264462809918,0.23140495867768596,0.5702479338842975,0.0,0.0,0.0,0.04132231404958678,0.04132231404958678,C-post-confirmatory-evidence-preserving
replication-family-set,103,anzhi,domob,federation-wide,432,95,0,22,3.182718706837439,1.68910603403019,0.7857142857142857,0.5888888888888889,3.0336520846721093,fedprox,0.25925925925925924,0.2708333333333333,0.2569444444444444,0.3148148148148148,0.49074074074074076,0.013888888888888895,-0.002314814814814825,0.01157407407407407,0.05555555555555558,0.04398148148148151,C-post-confirmatory-evidence-preserving
replication-family-set,103,appchina,dnotua,own-domain,4,237,0,2,5.021001799865017,4.4546289130379115,0.21,0.30434782608695654,4.273964494813426,fedprox,0.75,0.75,0.75,0.75,0.75,0.0,0.0,0.0,0.0,0.0,C-post-confirmatory-evidence-preserving
replication-family-set,103,appchina,dnotua,federation-wide,89,237,0,2,5.021001799865017,4.4546289130379115,0.21,0.30434782608695654,4.273964494813426,fedprox,0.1348314606741573,0.14606741573033707,0.1797752808988764,0.14606741573033707,0.14606741573033707,-0.033707865168539325,0.0449438202247191,0.011235955056179775,0.011235955056179775,0.0,C-post-confirmatory-evidence-preserving
replication-family-set,103,appchina,inmobi,own-domain,21,96,0,12,7.641551108252443,6.294968159792891,0.4577114427860697,0.2597402597402597,6.879771181852549,fedprox,0.42857142857142855,0.6190476190476191,0.3333333333333333,0.7619047619047619,0.6666666666666666,0.28571428571428575,-0.09523809523809523,0.19047619047619052,0.3333333333333333,0.1428571428571428,C-post-confirmatory-evidence-preserving
replication-family-set,103,appchina,inmobi,federation-wide,535,96,0,12,7.641551108252443,6.294968159792891,0.4577114427860697,0.2597402597402597,6.879771181852549,fedprox,0.41495327102803736,0.7925233644859813,0.6037383177570094,0.8523364485981308,0.7813084112149533,0.1887850467289719,0.188785046728972,0.3775700934579439,0.4373831775700935,0.059813084112149584,C-post-confirmatory-evidence-preserving
replication-family-set,103,appchina,zdtad,own-domain,6,161,0,4,2.7385666232928516,1.9366770537142972,0.5576923076923077,0.5974025974025974,2.61408966670953,fedprox,0.5,0.6666666666666666,0.8333333333333334,0.6666666666666666,0.5,-0.16666666666666674,0.33333333333333337,0.16666666666666663,0.16666666666666663,0.0,C-post-confirmatory-evidence-preserving
replication-family-set,103,appchina,zdtad,federation-wide,587,161,0,4,2.7385666232928516,1.9366770537142972,0.5576923076923077,0.5974025974025974,2.61408966670953,fedprox,0.8364565587734242,0.938671209540034,0.9114139693356048,0.9301533219761499,0.8347529812606473,0.02725724020442921,0.07495741056218064,0.10221465076660985,0.09369676320272569,-0.008517887563884163,C-post-confirmatory-evidence-preserving
replication-family-set,104,play-early,dnotua,own-domain,20,23,0,250,2.641162273055526,0.7445594673493441,0.75,1.0,3.212114567150064,fedprox,0.65,0.75,0.8,0.75,0.7,-0.050000000000000044,0.15000000000000002,0.09999999999999998,0.09999999999999998,0.0,C-post-confirmatory-evidence-preserving
replication-family-set,104,play-early,dnotua,federation-wide,92,23,0,250,2.641162273055526,0.7445594673493441,0.75,1.0,3.212114567150064,fedprox,0.32608695652173914,0.33695652173913043,0.358695652173913,0.358695652173913,0.34782608695652173,-0.021739130434782594,0.03260869565217389,0.010869565217391297,0.03260869565217389,0.021739130434782594,C-post-confirmatory-evidence-preserving
replication-family-set,104,play-early,domob,own-domain,17,155,0,1,3.637661244633531,2.33575319864663,0.67,0.654320987654321,3.76191206213624,fedprox,0.47058823529411764,0.4117647058823529,0.35294117647058826,0.47058823529411764,0.8235294117647058,0.05882352941176466,-0.11764705882352938,-0.05882352941176472,0.0,0.05882352941176472,C-post-confirmatory-evidence-preserving
replication-family-set,104,play-early,domob,federation-wide,404,155,0,1,3.637661244633531,2.33575319864663,0.67,0.654320987654321,3.76191206213624,fedprox,0.8935643564356436,0.9356435643564357,0.6955445544554455,0.9405940594059405,0.9257425742574258,0.2400990099009902,-0.19801980198019808,0.04207920792079212,0.04702970297029696,0.004950495049504844,C-post-confirmatory-evidence-preserving
replication-family-set,104,play-late,inmobi,own-domain,28,97,0,1,7.206480614278623,5.87235594310807,0.5989304812834224,0.47058823529411764,7.406288833658654,fedprox,0.17857142857142858,1.0,0.9642857142857143,1.0,1.0,0.0357142857142857,0.7857142857142857,0.8214285714285714,0.8214285714285714,0.0,C-post-confirmatory-evidence-preserving
replication-family-set,104,play-late,inmobi,federation-wide,1089,97,0,1,7.206480614278623,5.87235594310807,0.5989304812834224,0.47058823529411764,7.406288833658654,fedprox,0.10927456382001836,0.9954086317722681,0.938475665748393,0.9954086317722681,0.992653810835629,0.0569329660238751,0.8292011019283747,0.8861340679522498,0.8861340679522498,0.0,C-post-confirmatory-evidence-preserving
replication-family-set,104,anzhi,smsreg,own-domain,572,214,0,174,2.4678613237142137,1.5463763744172334,0.6792452830188679,0.5067567567567568,1.8982644692553374,fedprox,0.3356643356643357,0.34265734265734266,0.2395104895104895,0.34440559440559443,0.42132867132867136,0.10314685314685315,-0.09615384615384617,0.006993006993006978,0.00874125874125875,0.0017482517482517723,C-post-confirmatory-evidence-preserving
replication-family-set,104,anzhi,smsreg,federation-wide,1368,214,0,174,2.4678613237142137,1.5463763744172334,0.6792452830188679,0.5067567567567568,1.8982644692553374,fedprox,0.2046783625730994,0.21052631578947367,0.14473684210526316,0.20760233918128654,0.4466374269005848,0.06578947368421051,-0.05994152046783624,0.005847953216374269,0.0029239766081871343,-0.0029239766081871343,C-post-confirmatory-evidence-preserving
replication-family-set,104,anzhi,youmi,own-domain,110,186,0,39,2.4398527276152997,1.6071617571810064,0.6923076923076923,0.6190476190476191,2.17292347767861,fedprox,0.22727272727272727,0.24545454545454545,0.23636363636363636,0.23636363636363636,0.20909090909090908,0.009090909090909094,0.009090909090909094,0.018181818181818188,0.009090909090909094,-0.009090909090909094,C-post-confirmatory-evidence-preserving
replication-family-set,104,anzhi,youmi,federation-wide,714,186,0,39,2.4398527276152997,1.6071617571810064,0.6923076923076923,0.6190476190476191,2.17292347767861,fedprox,0.24369747899159663,0.27310924369747897,0.21428571428571427,0.2689075630252101,0.20028011204481794,0.05882352941176469,-0.02941176470588236,0.02941176470588233,0.02521008403361344,-0.004201680672268893,C-post-confirmatory-evidence-preserving
replication-family-set,104,appchina,kuguo,own-domain,601,794,0,289,2.6938254439089784,1.195997696128466,0.5483870967741935,0.6375,2.055246035431259,fedprox,0.6023294509151415,0.8252911813643927,0.8202995008319468,0.8585690515806988,0.502495840266223,0.004991680532445919,0.21797004991680535,0.22296173044925127,0.2562396006655574,0.03327787021630613,C-post-confirmatory-evidence-preserving
replication-family-set,104,appchina,kuguo,federation-wide,3624,794,0,289,2.6938254439089784,1.195997696128466,0.5483870967741935,0.6375,2.055246035431259,fedprox,0.5057947019867549,0.777317880794702,0.7502759381898455,0.8016004415011038,0.5317328918322296,0.027041942604856484,0.2444812362030906,0.2715231788079471,0.29580573951434885,0.02428256070640178,C-post-confirmatory-evidence-preserving
replication-family-set,105,play-early,smsreg,own-domain,64,435,0,5,4.188066247357669,2.5286015156710127,0.47115384615384615,0.363013698630137,3.9895065060433548,fedprox,0.328125,0.484375,0.453125,0.484375,0.375,0.03125,0.125,0.15625,0.15625,0.0,C-post-confirmatory-evidence-preserving
replication-family-set,105,play-early,smsreg,federation-wide,1357,435,0,5,4.188066247357669,2.5286015156710127,0.47115384615384615,0.363013698630137,3.9895065060433548,fedprox,0.5880619012527635,0.8489314664701547,0.7391304347826086,0.8577745025792188,0.8577745025792188,0.10980103168754607,0.15106853352984517,0.26086956521739124,0.26971260132645536,0.008843036109064117,C-post-confirmatory-evidence-preserving
replication-family-set,105,play-early,domob,own-domain,11,134,0,2,3.7811014732738495,2.184904892795592,0.7264150943396226,0.6022727272727273,3.7780915058124247,fedprox,1.0,1.0,0.9090909090909091,1.0,0.9090909090909091,0.09090909090909094,-0.09090909090909094,0.0,0.0,0.0,C-post-confirmatory-evidence-preserving
replication-family-set,105,play-early,domob,federation-wide,375,134,0,2,3.7811014732738495,2.184904892795592,0.7264150943396226,0.6022727272727273,3.7780915058124247,fedprox,0.9386666666666666,0.9386666666666666,0.7066666666666667,0.9493333333333334,0.928,0.23199999999999998,-0.23199999999999998,0.0,0.010666666666666713,0.010666666666666713,C-post-confirmatory-evidence-preserving
replication-family-set,105,play-late,inmobi,own-domain,19,104,0,4,6.9994124525827415,5.60718484907298,0.5358851674641149,0.4807692307692308,7.30304817306299,fedprox,0.8421052631578947,0.9473684210526315,0.8947368421052632,0.9473684210526315,0.8947368421052632,0.05263157894736836,0.052631578947368474,0.10526315789473684,0.10526315789473684,0.0,C-post-confirmatory-evidence-preserving
replication-family-set,105,play-late,inmobi,federation-wide,629,104,0,4,6.9994124525827415,5.60718484907298,0.5358851674641149,0.4807692307692308,7.30304817306299,fedprox,0.7011128775834659,0.9713831478537361,0.9125596184419714,0.972972972972973,0.9809220985691574,0.05882352941176472,0.21144674085850557,0.2702702702702703,0.2718600953895072,0.0015898251192368873,C-post-confirmatory-evidence-preserving
replication-family-set,105,anzhi,kuguo,own-domain,2879,284,0,817,2.601839478218345,1.8658384383873563,0.6105263157894737,0.7301587301587301,2.638418873569413,fedprox,0.671761028134769,0.7200416811392845,0.7235151094129906,0.7620701632511289,0.7130948245918721,-0.003473428273706114,0.051754081278221564,0.04828065300451545,0.09030913511635985,0.0420284821118444,C-post-confirmatory-evidence-preserving
replication-family-set,105,anzhi,kuguo,federation-wide,3848,284,0,817,2.601839478218345,1.8658384383873563,0.6105263157894737,0.7301587301587301,2.638418873569413,fedprox,0.6632016632016632,0.739085239085239,0.7232328482328483,0.7733887733887734,0.7182952182952183,0.015852390852390763,0.0600311850311851,0.07588357588357586,0.11018711018711025,0.03430353430353439,C-post-confirmatory-evidence-preserving
replication-family-set,105,anzhi,youmi,own-domain,109,173,0,23,2.5949112304379622,1.5159586657769728,0.6952380952380952,0.6024096385542169,2.389260534661219,fedprox,0.3486238532110092,0.42201834862385323,0.3486238532110092,0.43119266055045874,0.29357798165137616,0.07339449541284404,0.0,0.07339449541284404,0.08256880733944955,0.009174311926605505,C-post-confirmatory-evidence-preserving
replication-family-set,105,anzhi,youmi,federation-wide,757,173,0,23,2.5949112304379622,1.5159586657769728,0.6952380952380952,0.6024096385542169,2.389260534661219,fedprox,0.34346103038309117,0.40290620871862615,0.3276089828269485,0.41215323645970936,0.29590488771466317,0.07529722589167764,-0.015852047556142668,0.059445178335534976,0.06869220607661819,0.009247027741083214,C-post-confirmatory-evidence-preserving
replication-family-set,105,anzhi,utchi,own-domain,306,62,0,15,3.7958076592345757,3.037259316638986,0.4594594594594595,0.8214285714285714,3.945792517114488,fedprox,0.006535947712418301,0.006535947712418301,0.006535947712418301,0.006535947712418301,0.8790849673202614,0.0,0.0,0.0,0.0,0.0,C-post-confirmatory-evidence-preserving
replication-family-set,105,anzhi,utchi,federation-wide,584,62,0,15,3.7958076592345757,3.037259316638986,0.4594594594594595,0.8214285714285714,3.945792517114488,fedprox,0.003424657534246575,0.003424657534246575,0.003424657534246575,0.003424657534246575,0.6455479452054794,0.0,0.0,0.0,0.0,0.0,C-post-confirmatory-evidence-preserving
replication-family-set,105,appchina,dnotua,own-domain,2,270,0,1,4.97233532841229,4.3693601068703565,0.1827956989247312,0.30434782608695654,4.188168255982031,fedprox,1.0,1.0,1.0,1.0,0.5,0.0,0.0,0.0,0.0,0.0,C-post-confirmatory-evidence-preserving
replication-family-set,105,appchina,dnotua,federation-wide,50,270,0,1,4.97233532841229,4.3693601068703565,0.1827956989247312,0.30434782608695654,4.188168255982031,fedprox,0.3,0.44,0.44,0.42,0.44,0.0,0.14,0.14,0.12,-0.020000000000000018,C-post-confirmatory-evidence-preserving
replication-family-set,105,appchina,zdtad,own-domain,6,174,0,3,2.75389497607444,2.018912435668336,0.5285714285714286,0.5949367088607594,2.6016824465398924,fedprox,0.5,0.8333333333333334,0.8333333333333334,0.8333333333333334,0.8333333333333334,0.0,0.33333333333333337,0.33333333333333337,0.33333333333333337,0.0,C-post-confirmatory-evidence-preserving
replication-family-set,105,appchina,zdtad,federation-wide,678,174,0,3,2.75389497607444,2.018912435668336,0.5285714285714286,0.5949367088607594,2.6016824465398924,fedprox,0.855457227138643,0.93952802359882,0.943952802359882,0.9306784660766961,0.9380530973451328,-0.004424778761061954,0.08849557522123896,0.08407079646017701,0.0752212389380531,-0.008849557522123908,C-post-confirmatory-evidence-preserving
replication-family-set,106,play-early,dnotua,own-domain,29,14,0,260,2.7534074467055185,0.8118476196691168,0.7333333333333333,1.0,3.2399303885770925,fedprox,0.6896551724137931,0.7586206896551724,0.7586206896551724,0.6896551724137931,0.7241379310344828,0.0,0.06896551724137923,0.06896551724137923,0.0,-0.06896551724137923,C-post-confirmatory-evidence-preserving
replication-family-set,106,play-early,dnotua,federation-wide,53,14,0,260,2.7534074467055185,0.8118476196691168,0.7333333333333333,1.0,3.2399303885770925,fedprox,0.6415094339622641,0.6981132075471698,0.6792452830188679,0.660377358490566,0.660377358490566,0.018867924528301883,0.037735849056603765,0.05660377358490565,0.018867924528301883,-0.037735849056603765,C-post-confirmatory-evidence-preserving
replication-family-set,106,play-late,smsreg,own-domain,17,365,0,0,4.151588100064416,3.941903043894378,0.2992957746478873,0.49242424242424243,5.612593534135643,fedprox,0.4117647058823529,0.5294117647058824,0.5294117647058824,0.5294117647058824,0.5294117647058824,0.0,0.11764705882352944,0.11764705882352944,0.11764705882352944,0.0,C-post-confirmatory-evidence-preserving
replication-family-set,106,play-late,smsreg,federation-wide,1193,365,0,0,4.151588100064416,3.941903043894378,0.2992957746478873,0.49242424242424243,5.612593534135643,fedprox,0.7845766974015088,0.9706621961441744,0.9597652975691534,0.9715004191114837,0.950544844928751,0.010896898575020963,0.1751886001676446,0.18608549874266556,0.18692372170997484,0.0008382229673092878,C-post-confirmatory-evidence-preserving
replication-family-set,106,anzhi,youmi,own-domain,87,184,0,28,2.382273522794909,1.3810562165066627,0.7037037037037037,0.6547619047619048,2.080505579016208,fedprox,0.22988505747126436,0.1839080459770115,0.19540229885057472,0.22988505747126436,0.14942528735632185,-0.011494252873563232,-0.03448275862068964,-0.04597701149425287,0.0,0.04597701149425287,C-post-confirmatory-evidence-preserving
replication-family-set,106,anzhi,youmi,federation-wide,683,184,0,28,2.382273522794909,1.3810562165066627,0.7037037037037037,0.6547619047619048,2.080505579016208,fedprox,0.2635431918008785,0.19472913616398244,0.2005856515373353,0.2547584187408492,0.13323572474377746,-0.005856515373352855,-0.0629575402635432,-0.06881405563689605,-0.008784773060029283,0.060029282576866766,C-post-confirmatory-evidence-preserving
replication-family-set,106,anzhi,domob,own-domain,87,91,0,40,3.170898308607723,1.6312190957790247,0.7410714285714286,0.6153846153846154,2.8413783593506836,fedprox,0.2413793103448276,0.22988505747126436,0.21839080459770116,0.25287356321839083,0.27586206896551724,0.011494252873563204,-0.022988505747126436,-0.011494252873563232,0.011494252873563232,0.022988505747126464,C-post-confirmatory-evidence-preserving
replication-family-set,106,anzhi,domob,federation-wide,401,91,0,40,3.170898308607723,1.6312190957790247,0.7410714285714286,0.6153846153846154,2.8413783593506836,fedprox,0.2892768079800499,0.23192019950124687,0.2344139650872818,0.2743142144638404,0.18204488778054864,-0.002493765586034924,-0.054862842892768104,-0.05735660847880303,-0.014962593516209488,0.04239401496259354,C-post-confirmatory-evidence-preserving
replication-family-set,106,appchina,kuguo,own-domain,1023,821,0,223,2.8060198885066554,1.2805757140100635,0.5288461538461539,0.620253164556962,2.0582439830780497,fedprox,0.3734115347018573,0.5865102639296188,0.624633431085044,0.6901270772238515,0.38025415444770283,-0.038123167155425186,0.2512218963831867,0.21309872922776152,0.3167155425219942,0.10361681329423267,C-post-confirmatory-evidence-preserving
replication-family-set,106,appchina,kuguo,federation-wide,4138,821,0,223,2.8060198885066554,1.2805757140100635,0.5288461538461539,0.620253164556962,2.0582439830780497,fedprox,0.4598840019333011,0.7022716288061865,0.6892218463025617,0.7431126147897535,0.5785403576607057,0.013049782503624874,0.22933784436926058,0.24238762687288545,0.28322861285645246,0.040840985983567,C-post-confirmatory-evidence-preserving
replication-family-set,106,appchina,inmobi,own-domain,23,46,0,6,7.0806474297226485,5.439742244848056,0.4765957446808511,0.21890547263681592,6.2165581554124865,fedprox,0.13043478260869565,0.17391304347826086,0.043478260869565216,0.21739130434782608,0.4782608695652174,0.13043478260869565,-0.08695652173913043,0.043478260869565216,0.08695652173913043,0.043478260869565216,C-post-confirmatory-evidence-preserving
replication-family-set,106,appchina,inmobi,federation-wide,511,46,0,6,7.0806474297226485,5.439742244848056,0.4765957446808511,0.21890547263681592,6.2165581554124865,fedprox,0.48140900195694714,0.5655577299412916,0.2054794520547945,0.5616438356164384,0.7103718199608611,0.3600782778864971,-0.2759295499021526,0.08414872798434447,0.08023483365949124,-0.003913894324853229,C-post-confirmatory-evidence-preserving
replication-family-set,106,appchina,zdtad,own-domain,2,149,0,3,2.8517117112403403,2.03722477456301,0.55,0.6,2.6119558314715787,fedprox,1.0,0.5,0.5,1.0,1.0,0.0,-0.5,-0.5,0.0,0.5,C-post-confirmatory-evidence-preserving
replication-family-set,106,appchina,zdtad,federation-wide,495,149,0,3,2.8517117112403403,2.03722477456301,0.55,0.6,2.6119558314715787,fedprox,0.7575757575757576,0.9131313131313131,0.9292929292929293,0.907070707070707,0.7858585858585858,-0.016161616161616155,0.1717171717171717,0.15555555555555556,0.14949494949494946,-0.0060606060606061,C-post-confirmatory-evidence-preserving
replication-family-set,106,appchina,utchi,own-domain,82,12,0,69,4.070927597062206,3.1755179081706135,0.4166666666666667,0.8333333333333334,3.405775264204841,fedprox,0.1951219512195122,0.0,0.0,0.1951219512195122,0.7560975609756098,0.0,-0.1951219512195122,-0.1951219512195122,0.0,0.1951219512195122,C-post-confirmatory-evidence-preserving
replication-family-set,106,appchina,utchi,federation-wide,354,12,0,69,4.070927597062206,3.1755179081706135,0.4166666666666667,0.8333333333333334,3.405775264204841,fedprox,0.04519774011299435,0.0,0.0,0.04519774011299435,0.9293785310734464,0.0,-0.04519774011299435,-0.04519774011299435,0.0,0.04519774011299435,C-post-confirmatory-evidence-preserving
replication-family-set,107,play-early,kuguo,own-domain,15,1072,0,1,3.358539632957161,2.300923877835163,0.48091603053435117,0.6410256410256411,3.382549598366596,fedprox,0.9333333333333333,0.9333333333333333,0.9333333333333333,0.9333333333333333,0.9333333333333333,0.0,0.0,0.0,0.0,0.0,C-post-confirmatory-evidence-preserving
replication-family-set,107,play-early,kuguo,federation-wide,3302,1072,0,1,3.358539632957161,2.300923877835163,0.48091603053435117,0.6410256410256411,3.382549598366596,fedprox,0.696244700181708,0.9678982434887947,0.9230769230769231,0.9663840096910963,0.9936402180496668,0.04482132041187159,0.2268322228952151,0.2716535433070867,0.27013930950938825,-0.0015142337976984388,C-post-confirmatory-evidence-preserving
replication-family-set,107,play-early,dnotua,own-domain,610,11,0,272,2.5255749949512354,0.9579702318308215,0.578125,0.8,3.020331923997043,fedprox,0.9131147540983606,0.9688524590163935,0.9885245901639345,0.9901639344262295,0.9852459016393442,-0.01967213114754096,0.07540983606557383,0.05573770491803287,0.0770491803278689,0.021311475409836023,C-post-confirmatory-evidence-preserving
replication-family-set,107,play-early,dnotua,federation-wide,650,11,0,272,2.5255749949512354,0.9579702318308215,0.578125,0.8,3.020331923997043,fedprox,0.9,0.963076923076923,0.9815384615384616,0.9846153846153847,0.98,-0.01846153846153853,0.08153846153846156,0.06307692307692303,0.08461538461538465,0.021538461538461617,C-post-confirmatory-evidence-preserving
replication-family-set,107,play-early,inmobi,own-domain,378,13,0,77,5.394316789702376,3.4838285857596656,0.6,0.5755813953488372,5.503678803301722,fedprox,0.6640211640211641,0.8386243386243386,0.7380952380952381,0.8941798941798942,0.9206349206349206,0.10052910052910047,0.07407407407407407,0.17460317460317454,0.23015873015873012,0.05555555555555558,C-post-confirmatory-evidence-preserving
replication-family-set,107,play-early,inmobi,federation-wide,428,13,0,77,5.394316789702376,3.4838285857596656,0.6,0.5755813953488372,5.503678803301722,fedprox,0.6448598130841121,0.8341121495327103,0.7289719626168224,0.8901869158878505,0.9182242990654206,0.10514018691588789,0.08411214953271029,0.18925233644859818,0.24532710280373837,0.05607476635514019,C-post-confirmatory-evidence-preserving
replication-family-set,107,play-early,domob,own-domain,16,128,0,2,3.5964438252749713,2.1893568696726096,0.6857142857142857,0.6705882352941176,3.774603777342803,fedprox,0.75,0.8125,0.6875,0.8125,0.8125,0.125,-0.0625,0.0625,0.0625,0.0,C-post-confirmatory-evidence-preserving
replication-family-set,107,play-early,domob,federation-wide,421,128,0,2,3.5964438252749713,2.1893568696726096,0.6857142857142857,0.6705882352941176,3.774603777342803,fedprox,0.9382422802850356,0.9287410926365796,0.7957244655581948,0.9382422802850356,0.9501187648456056,0.1330166270783848,-0.14251781472684089,-0.009501187648456089,0.0,0.009501187648456089,C-post-confirmatory-evidence-preserving
replication-family-set,107,play-late,smsreg,own-domain,16,330,0,3,3.867309750163968,3.8703441665791014,0.3511450381679389,0.49264705882352944,5.603643628200814,fedprox,0.6875,0.625,0.4375,0.4375,0.375,0.1875,-0.25,-0.0625,-0.25,-0.1875,C-post-confirmatory-evidence-preserving
replication-family-set,107,play-late,smsreg,federation-wide,1164,330,0,3,3.867309750163968,3.8703441665791014,0.3511450381679389,0.49264705882352944,5.603643628200814,fedprox,0.9347079037800687,0.9785223367697594,0.9536082474226805,0.9699312714776632,0.9458762886597938,0.02491408934707895,0.018900343642611728,0.04381443298969068,0.03522336769759449,-0.00859106529209619,C-post-confirmatory-evidence-preserving
replication-family-set,107,appchina,youmi,own-domain,492,28,0,150,2.71739105497095,1.5950373927943473,0.7053571428571429,0.5673076923076923,1.5187104292703901,fedprox,0.3353658536585366,0.3821138211382114,0.3719512195121951,0.4065040650406504,0.31097560975609756,0.010162601626016288,0.036585365853658514,0.0467479674796748,0.07113821138211379,0.02439024390243899,C-post-confirmatory-evidence-preserving
replication-family-set,107,appchina,youmi,federation-wide,635,28,0,150,2.71739105497095,1.5950373927943473,0.7053571428571429,0.5673076923076923,1.5187104292703901,fedprox,0.33858267716535434,0.38110236220472443,0.36850393700787404,0.4094488188976378,0.32598425196850395,0.012598425196850394,0.0299212598425197,0.04251968503937009,0.07086614173228345,0.028346456692913358,C-post-confirmatory-evidence-preserving
replication-family-set,107,appchina,zdtad,own-domain,6,153,0,2,2.8275685879639805,2.0194725607319195,0.5212765957446809,0.6216216216216216,2.637779089325536,fedprox,0.8333333333333334,1.0,1.0,1.0,0.5,0.0,0.16666666666666663,0.16666666666666663,0.16666666666666663,0.0,C-post-confirmatory-evidence-preserving
replication-family-set,107,appchina,zdtad,federation-wide,461,153,0,2,2.8275685879639805,2.0194725607319195,0.5212765957446809,0.6216216216216216,2.637779089325536,fedprox,0.720173535791757,0.9349240780911063,0.9370932754880694,0.8893709327548807,0.9240780911062907,-0.002169197396963085,0.2169197396963124,0.2147505422993493,0.16919739696312364,-0.045553145336225676,C-post-confirmatory-evidence-preserving
replication-family-set,108,play-early,domob,own-domain,16,123,0,0,3.778316115790302,2.200072704805804,0.6981132075471698,0.6375,3.7837778377096636,fedprox,0.75,0.75,0.6875,0.75,0.875,0.0625,-0.0625,0.0,0.0,0.0,C-post-confirmatory-evidence-preserving
replication-family-set,108,play-early,domob,federation-wide,451,123,0,0,3.778316115790302,2.200072704805804,0.6981132075471698,0.6375,3.7837778377096636,fedprox,0.9312638580931264,0.8713968957871396,0.7117516629711752,0.8425720620842572,0.8580931263858093,0.15964523281596443,-0.2195121951219512,-0.05986696230598676,-0.08869179600886923,-0.02882483370288247,C-post-confirmatory-evidence-preserving
replication-family-set,108,play-late,smsreg,own-domain,16,409,0,2,3.9209381274304524,3.9657716892399675,0.3181818181818182,0.5038167938931297,5.559748062510746,fedprox,0.4375,0.75,0.75,0.6875,0.5,0.0,0.3125,0.3125,0.25,-0.0625,C-post-confirmatory-evidence-preserving
replication-family-set,108,play-late,smsreg,federation-wide,1263,409,0,2,3.9209381274304524,3.9657716892399675,0.3181818181818182,0.5038167938931297,5.559748062510746,fedprox,0.889944576405384,0.9920823436262867,0.9873317498020586,0.9912905779889153,0.9675376088677752,0.004750593824228044,0.09738717339667458,0.10213776722090262,0.10134600158353124,-0.0007917656373713777,C-post-confirmatory-evidence-preserving
replication-family-set,108,anzhi,dnotua,own-domain,16,283,0,1,4.971660635822575,4.6269243207223605,0.14893617021276595,0.30434782608695654,5.232713921820939,fedprox,0.3125,0.375,0.375,0.375,0.375,0.0,0.0625,0.0625,0.0625,0.0,C-post-confirmatory-evidence-preserving
replication-family-set,108,anzhi,dnotua,federation-wide,101,283,0,1,4.971660635822575,4.6269243207223605,0.14893617021276595,0.30434782608695654,5.232713921820939,fedprox,0.16831683168316833,0.1782178217821782,0.1782178217821782,0.1782178217821782,0.1782178217821782,0.0,0.009900990099009882,0.009900990099009882,0.009900990099009882,0.0,C-post-confirmatory-evidence-preserving
replication-family-set,108,anzhi,youmi,own-domain,104,191,0,24,2.4011964866180042,1.424342029685442,0.8202247191011236,0.6219512195121951,2.3667493125703722,fedprox,0.4423076923076923,0.46153846153846156,0.40384615384615385,0.46153846153846156,0.3269230769230769,0.05769230769230771,-0.038461538461538436,0.019230769230769273,0.019230769230769273,0.0,C-post-confirmatory-evidence-preserving
replication-family-set,108,anzhi,youmi,federation-wide,624,191,0,24,2.4011964866180042,1.424342029685442,0.8202247191011236,0.6219512195121951,2.3667493125703722,fedprox,0.36538461538461536,0.358974358974359,0.30288461538461536,0.38621794871794873,0.27724358974358976,0.05608974358974361,-0.0625,-0.0064102564102563875,0.02083333333333337,0.027243589743589758,C-post-confirmatory-evidence-preserving
replication-family-set,108,anzhi,utchi,own-domain,321,90,0,12,3.708831646421228,2.95303622678315,0.5384615384615384,0.7931034482758621,3.953793226649357,fedprox,0.0,0.0,0.0,0.0,1.0,0.0,0.0,0.0,0.0,0.0,C-post-confirmatory-evidence-preserving
replication-family-set,108,anzhi,utchi,federation-wide,592,90,0,12,3.708831646421228,2.95303622678315,0.5384615384615384,0.7931034482758621,3.953793226649357,fedprox,0.0,0.0,0.0,0.02702702702702703,1.0,0.0,0.0,0.0,0.02702702702702703,0.02702702702702703,C-post-confirmatory-evidence-preserving
replication-family-set,108,appchina,kuguo,own-domain,732,899,0,316,2.6938507803031504,1.2648330625943276,0.5408163265306123,0.6075949367088608,2.0629875396773243,fedprox,0.7459016393442623,0.8292349726775956,0.819672131147541,0.8797814207650273,0.6762295081967213,0.0095628415300546,0.07377049180327866,0.08333333333333326,0.13387978142076495,0.050546448087431695,C-post-confirmatory-evidence-preserving
replication-family-set,108,appchina,kuguo,federation-wide,3319,899,0,316,2.6938507803031504,1.2648330625943276,0.5408163265306123,0.6075949367088608,2.0629875396773243,fedprox,0.6559204579692679,0.8276589334136788,0.797228080747213,0.8336848448327809,0.6833383549261826,0.030430852666465835,0.14130762277794506,0.1717384754444109,0.17776438686351304,0.006025911419102137,C-post-confirmatory-evidence-preserving
replication-family-set,108,appchina,inmobi,own-domain,34,92,0,13,7.914840393859018,6.455751330008939,0.5263157894736842,0.2582781456953642,7.155587021721393,fedprox,0.2647058823529412,0.47058823529411764,0.38235294117647056,0.4411764705882353,0.5,0.08823529411764708,0.11764705882352938,0.20588235294117646,0.1764705882352941,-0.02941176470588236,C-post-confirmatory-evidence-preserving
replication-family-set,108,appchina,inmobi,federation-wide,446,92,0,13,7.914840393859018,6.455751330008939,0.5263157894736842,0.2582781456953642,7.155587021721393,fedprox,0.19506726457399104,0.5067264573991032,0.4820627802690583,0.6278026905829597,0.647982062780269,0.02466367713004486,0.28699551569506726,0.3116591928251121,0.43273542600896864,0.12107623318385652,C-post-confirmatory-evidence-preserving
replication-family-set,109,play-early,kuguo,own-domain,22,1048,0,0,3.528567031826888,2.33408530673434,0.49586776859504134,0.6233766233766234,3.412249110334701,fedprox,0.7727272727272727,0.9545454545454546,0.9545454545454546,0.9545454545454546,1.0,0.0,0.18181818181818188,0.18181818181818188,0.18181818181818188,0.0,C-post-confirmatory-evidence-preserving
replication-family-set,109,play-early,kuguo,federation-wide,3309,1048,0,0,3.528567031826888,2.33408530673434,0.49586776859504134,0.6233766233766234,3.412249110334701,fedprox,0.6101541251133273,0.961317618615896,0.9419764279238441,0.9625264430341492,0.9851919008763977,0.01934119069205198,0.3318223028105167,0.3511634935025687,0.3523723179208219,0.001208824418253207,C-post-confirmatory-evidence-preserving
replication-family-set,109,play-late,dnotua,own-domain,84,246,0,9,4.940810912036928,0.9012911947493208,0.9565217391304348,0.6086956521739131,6.050016077465109,fedprox,0.3333333333333333,0.34523809523809523,0.34523809523809523,0.34523809523809523,0.35714285714285715,0.0,0.011904761904761918,0.011904761904761918,0.011904761904761918,0.0,C-post-confirmatory-evidence-preserving
replication-family-set,109,play-late,dnotua,federation-wide,705,246,0,9,4.940810912036928,0.9012911947493208,0.9565217391304348,0.6086956521739131,6.050016077465109,fedprox,0.9078014184397163,0.9148936170212766,0.9148936170212766,0.9148936170212766,0.9163120567375886,0.0,0.007092198581560294,0.007092198581560294,0.007092198581560294,0.0,C-post-confirmatory-evidence-preserving
replication-family-set,109,anzhi,youmi,own-domain,93,192,0,33,2.436620607141673,1.5047634456407042,0.7,0.6341463414634146,2.452793866582849,fedprox,0.27956989247311825,0.22580645161290322,0.1935483870967742,0.24731182795698925,0.15053763440860216,0.03225806451612903,-0.08602150537634407,-0.053763440860215034,-0.032258064516129004,0.02150537634408603,C-post-confirmatory-evidence-preserving
replication-family-set,109,anzhi,youmi,federation-wide,611,192,0,33,2.436620607141673,1.5047634456407042,0.7,0.6341463414634146,2.452793866582849,fedprox,0.23404255319148937,0.20458265139116202,0.15711947626841244,0.1734860883797054,0.10965630114566285,0.047463175122749585,-0.07692307692307693,-0.029459901800327343,-0.06055646481178398,-0.031096563011456635,C-post-confirmatory-evidence-preserving
replication-family-set,109,anzhi,domob,own-domain,69,95,0,29,3.2292559513596224,1.6954719025284202,0.8090909090909091,0.5851063829787234,3.0905009841096813,fedprox,0.2753623188405797,0.2028985507246377,0.17391304347826086,0.2028985507246377,0.11594202898550725,0.02898550724637683,-0.10144927536231885,-0.07246376811594202,-0.07246376811594202,0.0,C-post-confirmatory-evidence-preserving
replication-family-set,109,anzhi,domob,federation-wide,373,95,0,29,3.2292559513596224,1.6954719025284202,0.8090909090909091,0.5851063829787234,3.0905009841096813,fedprox,0.2975871313672922,0.289544235924933,0.19839142091152814,0.26541554959785524,0.15281501340482573,0.09115281501340486,-0.09919571045576406,-0.0080428954423592,-0.03217158176943696,-0.024128686327077764,C-post-confirmatory-evidence-preserving
replication-family-set,109,appchina,smsreg,own-domain,571,182,0,218,2.4153757861485965,1.7800767902009689,0.6222222222222222,0.5794392523364486,1.8519712632015048,fedprox,0.0893169877408056,0.2136602451838879,0.2486865148861646,0.29422066549912435,0.38353765323992994,-0.03502626970227671,0.159369527145359,0.1243432574430823,0.20490367775831875,0.08056042031523644,C-post-confirmatory-evidence-preserving
replication-family-set,109,appchina,smsreg,federation-wide,1233,182,0,218,2.4153757861485965,1.7800767902009689,0.6222222222222222,0.5794392523364486,1.8519712632015048,fedprox,0.19140308191403083,0.35685320356853206,0.3633414436334144,0.42903487429034876,0.44525547445255476,-0.006488240064882356,0.1719383617193836,0.16545012165450124,0.23763179237631793,0.0721816707218167,C-post-confirmatory-evidence-preserving
replication-family-set,109,appchina,inmobi,own-domain,22,51,0,8,6.997420335119285,5.549138842680269,0.484304932735426,0.21505376344086022,6.150398464209625,fedprox,0.5909090909090909,0.5909090909090909,0.3181818181818182,0.5909090909090909,0.6363636363636364,0.27272727272727276,-0.27272727272727276,0.0,0.0,0.0,C-post-confirmatory-evidence-preserving
replication-family-set,109,appchina,inmobi,federation-wide,480,51,0,8,6.997420335119285,5.549138842680269,0.484304932735426,0.21505376344086022,6.150398464209625,fedprox,0.45625,0.63125,0.20208333333333334,0.6270833333333333,0.69375,0.42916666666666664,-0.25416666666666665,0.175,0.17083333333333334,-0.004166666666666652,C-post-confirmatory-evidence-preserving
controlled-exposure,100,play-early,airpush,own-domain,2012,193,0,179,3.4851187591887043,2.0991970287522332,0.6842105263157895,0.7291666666666666,3.5695988211341505,fedavg-finetune,0.6714711729622267,0.7833001988071571,0.6292246520874751,0.9055666003976143,0.908051689860835,0.15407554671968193,-0.04224652087475156,0.11182902584493037,0.23409542743538758,0.12226640159045721,C-post-confirmatory-evidence-preserving
controlled-exposure,100,play-early,airpush,federation-wide,2433,193,0,179,3.4851187591887043,2.0991970287522332,0.6842105263157895,0.7291666666666666,3.5695988211341505,fedavg-finetune,0.7106452938758734,0.8113440197287299,0.6818742293464858,0.9145088368269626,0.917796958487464,0.12946979038224415,-0.028771064529387602,0.10069872585285655,0.20386354295108922,0.10316481709823266,C-post-confirmatory-evidence-preserving
controlled-exposure,100,play-late,revmob,own-domain,18,60,0,0,5.150450689927201,3.7406211281164725,0.45145631067961167,0.49295774647887325,5.838510013955065,fedavg-finetune,0.3888888888888889,0.3888888888888889,0.3333333333333333,0.4444444444444444,0.7777777777777778,0.05555555555555558,-0.05555555555555558,0.0,0.055555555555555525,0.055555555555555525,C-post-confirmatory-evidence-preserving
controlled-exposure,100,play-late,revmob,federation-wide,600,60,0,0,5.150450689927201,3.7406211281164725,0.45145631067961167,0.49295774647887325,5.838510013955065,fedavg-finetune,0.5766666666666667,0.62,0.24833333333333332,0.56,0.8416666666666667,0.3716666666666667,-0.32833333333333337,0.043333333333333335,-0.016666666666666607,-0.05999999999999994,C-post-confirmatory-evidence-preserving
controlled-exposure,100,anzhi,dowgin,own-domain,6190,107,0,1590,2.08556945685487,1.3005105720572308,0.7654320987654321,0.7464788732394366,2.0183812589522474,fedavg-finetune,0.8294022617124395,0.7394184168012924,0.7936995153473344,0.7424878836833603,0.7453957996768982,-0.05428109854604202,-0.035702746365105065,-0.08998384491114708,-0.0869143780290792,0.003069466882067884,C-post-confirmatory-evidence-preserving
controlled-exposure,100,anzhi,dowgin,federation-wide,6428,107,0,1590,2.08556945685487,1.3005105720572308,0.7654320987654321,0.7464788732394366,2.0183812589522474,fedavg-finetune,0.8167392657125078,0.7252644679527069,0.779869321717486,0.727286869943995,0.7286869943995021,-0.05460485376477908,-0.03686994399502175,-0.09147479775980083,-0.08945239576851272,0.002022401991288114,C-post-confirmatory-evidence-preserving
controlled-exposure,100,anzhi,adwo,own-domain,152,296,0,30,3.813113461888963,1.883897404966985,0.7572815533980582,0.5402298850574713,3.411052194722788,fedavg-finetune,0.5328947368421053,0.5789473684210527,0.618421052631579,0.631578947368421,0.4342105263157895,-0.03947368421052633,0.08552631578947367,0.046052631578947345,0.09868421052631571,0.05263157894736836,C-post-confirmatory-evidence-preserving
controlled-exposure,100,anzhi,adwo,federation-wide,846,296,0,30,3.813113461888963,1.883897404966985,0.7572815533980582,0.5402298850574713,3.411052194722788,fedavg-finetune,0.6666666666666666,0.6052009456264775,0.6004728132387707,0.5981087470449172,0.367612293144208,0.004728132387706863,-0.06619385342789597,-0.0614657210401891,-0.0685579196217494,-0.007092198581560294,C-post-confirmatory-evidence-preserving
controlled-exposure,100,appchina,gappusin,own-domain,1080,113,0,368,2.652702759539863,1.306466877398803,0.6904761904761905,0.7323943661971831,1.6813163749483737,fedavg-finetune,0.21944444444444444,0.18888888888888888,0.19444444444444445,0.4935185185185185,0.4361111111111111,-0.005555555555555564,-0.024999999999999994,-0.030555555555555558,0.2740740740740741,0.30462962962962964,C-post-confirmatory-evidence-preserving
controlled-exposure,100,appchina,gappusin,federation-wide,1429,113,0,368,2.652702759539863,1.306466877398803,0.6904761904761905,0.7323943661971831,1.6813163749483737,fedavg-finetune,0.2554233729881036,0.21273617914625612,0.2085374387683695,0.4534639608117565,0.4079776067179846,0.004198740377886617,-0.04688593421973408,-0.042687193841847465,0.1980405878236529,0.24072778166550038,C-post-confirmatory-evidence-preserving
controlled-exposure,100,appchina,leadbolt,own-domain,91,78,0,23,3.981286916447268,2.0182842283527456,0.704225352112676,0.36936936936936937,2.6161230405295353,fedavg-finetune,0.4065934065934066,0.4725274725274725,0.4065934065934066,0.4725274725274725,0.6373626373626373,0.06593406593406592,0.0,0.06593406593406592,0.06593406593406592,0.0,C-post-confirmatory-evidence-preserving
controlled-exposure,100,appchina,leadbolt,federation-wide,842,78,0,23,3.981286916447268,2.0182842283527456,0.704225352112676,0.36936936936936937,2.6161230405295353,fedavg-finetune,0.18052256532066507,0.4418052256532066,0.1828978622327791,0.47387173396674587,0.5344418052256532,0.2589073634204275,0.002375296912114022,0.26128266033254155,0.2933491686460808,0.032066508313539244,C-post-confirmatory-evidence-preserving
controlled-exposure,100,appchina,hiddad,own-domain,10,45,0,5,5.729453977641854,4.820659845493026,0.4078014184397163,0.20233463035019456,5.056905652441987,fedavg-finetune,0.6,0.4,0.5,0.5,0.6,-0.09999999999999998,-0.09999999999999998,-0.19999999999999996,-0.09999999999999998,0.09999999999999998,C-post-confirmatory-evidence-preserving
controlled-exposure,100,appchina,hiddad,federation-wide,337,45,0,5,5.729453977641854,4.820659845493026,0.4078014184397163,0.20233463035019456,5.056905652441987,fedavg-finetune,0.4332344213649852,0.4362017804154303,0.3264094955489614,0.4332344213649852,0.1572700296735905,0.10979228486646886,-0.10682492581602376,0.0029673590504450953,0.0,-0.0029673590504450953,C-post-confirmatory-evidence-preserving
controlled-exposure,101,play-early,airpush,own-domain,1351,170,0,210,3.6107089350448907,2.4148124748939077,0.6065573770491803,0.7010309278350515,3.5512908551086424,fedavg-finetune,0.689859363434493,0.765358993338268,0.6802368615840119,0.8911917098445595,0.8860103626943006,0.08512213175425609,-0.00962250185048108,0.07549962990377501,0.2013323464100666,0.12583271650629158,C-post-confirmatory-evidence-preserving
controlled-exposure,101,play-early,airpush,federation-wide,1864,170,0,210,3.6107089350448907,2.4148124748939077,0.6065573770491803,0.7010309278350515,3.5512908551086424,fedavg-finetune,0.7483905579399142,0.8197424892703863,0.7478540772532188,0.9136266094420601,0.903969957081545,0.07188841201716745,-0.0005364806866953176,0.07135193133047213,0.16523605150214593,0.0938841201716738,C-post-confirmatory-evidence-preserving
controlled-exposure,101,play-early,adwo,own-domain,9,354,0,3,4.109313286596289,2.3644355221296895,0.6458333333333334,0.6777777777777778,4.017826368614283,fedavg-finetune,1.0,1.0,0.8888888888888888,1.0,1.0,0.11111111111111116,-0.11111111111111116,0.0,0.0,0.0,C-post-confirmatory-evidence-preserving
controlled-exposure,101,play-early,adwo,federation-wide,913,354,0,3,4.109313286596289,2.3644355221296895,0.6458333333333334,0.6777777777777778,4.017826368614283,fedavg-finetune,0.8948521358159912,0.9605695509309967,0.8904709748083242,0.9616648411829135,0.9780941949616648,0.07009857612267256,-0.004381161007667056,0.0657174151150055,0.0668127053669223,0.0010952902519167917,C-post-confirmatory-evidence-preserving
controlled-exposure,101,play-late,leadbolt,own-domain,20,112,0,1,3.9232248103375995,3.275301705074222,0.41139240506329117,0.5392156862745098,5.068889159191522,fedavg-finetune,0.0,0.55,0.25,0.7,0.8,0.30000000000000004,0.25,0.55,0.7,0.1499999999999999,C-post-confirmatory-evidence-preserving
controlled-exposure,101,play-late,leadbolt,federation-wide,885,112,0,1,3.9232248103375995,3.275301705074222,0.41139240506329117,0.5392156862745098,5.068889159191522,fedavg-finetune,0.3016949152542373,0.6463276836158192,0.37740112994350283,0.6847457627118644,0.847457627118644,0.2689265536723163,0.07570621468926553,0.34463276836158185,0.3830508474576271,0.03841807909604522,C-post-confirmatory-evidence-preserving
controlled-exposure,101,play-late,revmob,own-domain,15,65,0,2,4.938966106603984,3.870402736901703,0.4782608695652174,0.4105960264900662,5.74174572139714,fedavg-finetune,0.26666666666666666,0.06666666666666667,0.06666666666666667,0.5333333333333333,0.6666666666666666,0.0,-0.2,-0.2,0.26666666666666666,0.4666666666666667,C-post-confirmatory-evidence-preserving
controlled-exposure,101,play-late,revmob,federation-wide,654,65,0,2,4.938966106603984,3.870402736901703,0.4782608695652174,0.4105960264900662,5.74174572139714,fedavg-finetune,0.5428134556574924,0.41743119266055045,0.15749235474006115,0.4327217125382263,0.8944954128440367,0.25993883792048933,-0.3853211009174312,-0.12538226299694194,-0.11009174311926612,0.015290519877675823,C-post-confirmatory-evidence-preserving
controlled-exposure,101,play-late,hiddad,own-domain,376,21,0,20,2.9649486494307045,2.6721930932744447,0.5019157088122606,0.5784313725490197,4.125983466437819,fedavg-finetune,0.1675531914893617,0.1702127659574468,0.1622340425531915,0.8457446808510638,0.8404255319148937,0.007978723404255317,-0.0053191489361702204,0.0026595744680850963,0.678191489361702,0.675531914893617,C-post-confirmatory-evidence-preserving
controlled-exposure,101,play-late,hiddad,federation-wide,486,21,0,20,2.9649486494307045,2.6721930932744447,0.5019157088122606,0.5784313725490197,4.125983466437819,fedavg-finetune,0.2654320987654321,0.25102880658436216,0.23045267489711935,0.7757201646090535,0.7962962962962963,0.020576131687242816,-0.034979423868312765,-0.014403292181069949,0.5102880658436213,0.5246913580246912,C-post-confirmatory-evidence-preserving
controlled-exposure,101,appchina,dowgin,own-domain,241,1648,0,107,2.951322946828574,2.047622625162184,0.5544554455445545,0.5844155844155844,2.2541032833582855,fedavg-finetune,0.5518672199170125,0.4896265560165975,0.5684647302904564,0.6058091286307054,0.7302904564315352,-0.07883817427385892,0.016597510373443924,-0.062240663900414994,0.053941908713692865,0.11618257261410786,C-post-confirmatory-evidence-preserving
controlled-exposure,101,appchina,dowgin,federation-wide,5745,1648,0,107,2.951322946828574,2.047622625162184,0.5544554455445545,0.5844155844155844,2.2541032833582855,fedavg-finetune,0.6762402088772846,0.7430809399477807,0.7841601392515231,0.7869451697127937,0.8814621409921671,-0.041079199303742375,0.10791993037423842,0.06684073107049604,0.11070496083550907,0.04386422976501303,C-post-confirmatory-evidence-preserving
controlled-exposure,101,appchina,gappusin,own-domain,1312,108,0,304,2.7346381548085414,1.4893694917137508,0.7037037037037037,0.7183098591549296,1.6977573991927424,fedavg-finetune,0.3978658536585366,0.24771341463414634,0.35060975609756095,0.5541158536585366,0.5403963414634146,-0.10289634146341461,-0.04725609756097565,-0.15015243902439027,0.15624999999999994,0.30640243902439024,C-post-confirmatory-evidence-preserving
controlled-exposure,101,appchina,gappusin,federation-wide,1624,108,0,304,2.7346381548085414,1.4893694917137508,0.7037037037037037,0.7183098591549296,1.6977573991927424,fedavg-finetune,0.38485221674876846,0.24692118226600984,0.33620689655172414,0.5067733990147784,0.5258620689655172,-0.0892857142857143,-0.04864532019704432,-0.13793103448275862,0.1219211822660099,0.2598522167487685,C-post-confirmatory-evidence-preserving
controlled-exposure,102,play-early,airpush,own-domain,1718,168,0,161,3.6839100903277524,2.1883670377063194,0.6101694915254238,0.6276595744680851,3.5711539155687047,fedavg-finetune,0.7485448195576252,0.7537834691501746,0.6903376018626309,0.8946449359720605,0.9318975552968568,0.06344586728754364,-0.05820721769499426,0.0052386495925493826,0.14610011641443532,0.14086146682188594,C-post-confirmatory-evidence-preserving
controlled-exposure,102,play-early,airpush,federation-wide,2173,168,0,161,3.6839100903277524,2.1883670377063194,0.6101694915254238,0.6276595744680851,3.5711539155687047,fedavg-finetune,0.7758858720662678,0.7878508973768983,0.7358490566037735,0.9065807639208467,0.9383341003221353,0.05200184077312475,-0.04003681546249427,0.011965025310630484,0.13069489185457894,0.11872986654394846,C-post-confirmatory-evidence-preserving
controlled-exposure,102,play-late,leadbolt,own-domain,17,98,0,0,3.8826380211670006,2.85415909632965,0.48554913294797686,0.5855855855855856,4.943091454128165,fedavg-finetune,0.5882352941176471,0.5294117647058824,0.11764705882352941,0.4117647058823529,0.8235294117647058,0.4117647058823529,-0.47058823529411764,-0.05882352941176472,-0.17647058823529416,-0.11764705882352944,C-post-confirmatory-evidence-preserving
controlled-exposure,102,play-late,leadbolt,federation-wide,738,98,0,0,3.8826380211670006,2.85415909632965,0.48554913294797686,0.5855855855855856,4.943091454128165,fedavg-finetune,0.45121951219512196,0.8252032520325203,0.5691056910569106,0.7981029810298103,0.9607046070460704,0.25609756097560976,0.1178861788617886,0.37398373983739835,0.3468834688346883,-0.027100271002710064,C-post-confirmatory-evidence-preserving
controlled-exposure,102,anzhi,dowgin,own-domain,4891,99,0,1549,2.152754001084323,1.2112050233989897,0.7534246575342466,0.78125,2.008933258936978,fedavg-finetune,0.7309343692496422,0.7575138008587201,0.7611940298507462,0.7755060314864036,0.7111020241259456,-0.0036802289920261355,0.030259660601104077,0.02657943160907794,0.044571662236761456,0.017992230627683514,C-post-confirmatory-evidence-preserving
controlled-exposure,102,anzhi,dowgin,federation-wide,5125,99,0,1549,2.152754001084323,1.2112050233989897,0.7534246575342466,0.78125,2.008933258936978,fedavg-finetune,0.720780487804878,0.744390243902439,0.7510243902439024,0.7635121951219512,0.696,-0.0066341463414634205,0.030243902439024417,0.023609756097560997,0.04273170731707321,0.019121951219512212,C-post-confirmatory-evidence-preserving
controlled-exposure,102,anzhi,gappusin,own-domain,286,363,0,80,2.8981241462928384,1.4121065479788315,0.6862745098039216,0.5945945945945946,2.38767404950206,fedavg-finetune,0.2902097902097902,0.23076923076923078,0.34615384615384615,0.35664335664335667,0.34265734265734266,-0.11538461538461536,0.05594405594405594,-0.059440559440559426,0.06643356643356646,0.1258741258741259,C-post-confirmatory-evidence-preserving
controlled-exposure,102,anzhi,gappusin,federation-wide,1369,363,0,80,2.8981241462928384,1.4121065479788315,0.6862745098039216,0.5945945945945946,2.38767404950206,fedavg-finetune,0.24032140248356465,0.34550766983199416,0.30314097881665447,0.3564645726807889,0.24616508400292184,0.042366691015339686,0.06281957633308982,0.10518626734842951,0.11614317019722425,0.010956902848794747,C-post-confirmatory-evidence-preserving
controlled-exposure,102,anzhi,adwo,own-domain,99,291,0,37,3.8548309982774875,1.7953493970585166,0.7403846153846154,0.5348837209302325,3.3735648497755863,fedavg-finetune,0.5656565656565656,0.6262626262626263,0.6363636363636364,0.6464646464646465,0.494949494949495,-0.010101010101010055,0.07070707070707072,0.06060606060606066,0.08080808080808088,0.02020202020202022,C-post-confirmatory-evidence-preserving
controlled-exposure,102,anzhi,adwo,federation-wide,834,291,0,37,3.8548309982774875,1.7953493970585166,0.7403846153846154,0.5348837209302325,3.3735648497755863,fedavg-finetune,0.5695443645083933,0.7002398081534772,0.6810551558752997,0.7146282973621103,0.3345323741007194,0.01918465227817745,0.11151079136690645,0.1306954436450839,0.145083932853717,0.014388489208633115,C-post-confirmatory-evidence-preserving
controlled-exposure,102,anzhi,hiddad,own-domain,8,39,0,4,5.872342581643335,5.5882110841122685,0.22413793103448276,0.20622568093385213,5.676284384631803,fedavg-finetune,0.75,0.75,0.875,0.75,0.875,-0.125,0.125,0.0,0.0,0.0,C-post-confirmatory-evidence-preserving
controlled-exposure,102,anzhi,hiddad,federation-wide,258,39,0,4,5.872342581643335,5.5882110841122685,0.22413793103448276,0.20622568093385213,5.676284384631803,fedavg-finetune,0.2713178294573643,0.43023255813953487,0.375968992248062,0.45348837209302323,0.2558139534883721,0.054263565891472854,0.1046511627906977,0.15891472868217055,0.1821705426356589,0.023255813953488358,C-post-confirmatory-evidence-preserving
controlled-exposure,102,appchina,revmob,own-domain,16,66,0,4,5.136740134856688,3.4412326628859993,0.49390243902439024,0.2605633802816901,4.025907369461369,fedavg-finetune,0.125,0.25,0.0625,0.1875,0.125,0.1875,-0.0625,0.125,0.0625,-0.0625,C-post-confirmatory-evidence-preserving
controlled-exposure,102,appchina,revmob,federation-wide,432,66,0,4,5.136740134856688,3.4412326628859993,0.49390243902439024,0.2605633802816901,4.025907369461369,fedavg-finetune,0.08333333333333333,0.30787037037037035,0.10416666666666667,0.27314814814814814,0.23148148148148148,0.20370370370370366,0.020833333333333343,0.22453703703703703,0.18981481481481483,-0.03472222222222221,C-post-confirmatory-evidence-preserving
controlled-exposure,103,play-early,dowgin,own-domain,18,1775,0,0,3.8041273025528803,1.98864549209988,0.48148148148148145,0.6025641025641025,3.5334382283962453,fedavg-finetune,0.5,0.5555555555555556,0.8333333333333334,0.5,0.6666666666666666,-0.2777777777777778,0.33333333333333337,0.05555555555555558,0.0,-0.05555555555555558,C-post-confirmatory-evidence-preserving
controlled-exposure,103,play-early,dowgin,federation-wide,5418,1775,0,0,3.8041273025528803,1.98864549209988,0.48148148148148145,0.6025641025641025,3.5334382283962453,fedavg-finetune,0.5441122185308231,0.8953488372093024,0.8213362864525655,0.8624953857511997,0.9868955334071613,0.07401255075673685,0.27722406792174237,0.3512366186784792,0.3183831672203765,-0.0328534514581027,C-post-confirmatory-evidence-preserving
controlled-exposure,103,play-early,leadbolt,own-domain,744,33,0,67,2.5964333920376172,1.8748948030139825,0.6587301587301587,0.7087378640776699,2.5338378445992,fedavg-finetune,0.5658602150537635,0.5631720430107527,0.3736559139784946,0.8010752688172043,0.7916666666666666,0.18951612903225812,-0.19220430107526887,-0.0026881720430107503,0.23521505376344076,0.2379032258064515,C-post-confirmatory-evidence-preserving
controlled-exposure,103,play-early,leadbolt,federation-wide,909,33,0,67,2.5964333920376172,1.8748948030139825,0.6587301587301587,0.7087378640776699,2.5338378445992,fedavg-finetune,0.5379537953795379,0.5984598459845984,0.37843784378437845,0.8184818481848185,0.8195819581958196,0.22002200220022,-0.15951595159515947,0.060506050605060535,0.2805280528052806,0.22002200220022006,C-post-confirmatory-evidence-preserving
controlled-exposure,103,anzhi,adwo,own-domain,130,314,0,36,3.6022754440995732,1.9478803385713612,0.7272727272727273,0.5227272727272727,3.4354561177608662,fedavg-finetune,0.676923076923077,0.7153846153846154,0.7461538461538462,0.7153846153846154,0.7538461538461538,-0.03076923076923077,0.0692307692307692,0.038461538461538436,0.038461538461538436,0.0,C-post-confirmatory-evidence-preserving
controlled-exposure,103,anzhi,adwo,federation-wide,808,314,0,36,3.6022754440995732,1.9478803385713612,0.7272727272727273,0.5227272727272727,3.4354561177608662,fedavg-finetune,0.693069306930693,0.7388613861386139,0.8254950495049505,0.7623762376237624,0.7797029702970297,-0.0866336633663366,0.13242574257425743,0.04579207920792083,0.06930693069306937,0.023514851485148536,C-post-confirmatory-evidence-preserving
controlled-exposure,103,appchina,airpush,own-domain,417,172,0,137,3.7882547414294767,2.023658234833949,0.6446280991735537,0.3888888888888889,2.4177388064639636,fedavg-finetune,0.8201438848920863,0.9856115107913669,0.9856115107913669,0.9832134292565947,0.9832134292565947,0.0,0.16546762589928055,0.16546762589928055,0.16306954436450838,-0.0023980815347721673,C-post-confirmatory-evidence-preserving
controlled-exposure,103,appchina,airpush,federation-wide,3033,172,0,137,3.7882547414294767,2.023658234833949,0.6446280991735537,0.3888888888888889,2.4177388064639636,fedavg-finetune,0.4599406528189911,0.6735905044510386,0.5377514012528849,0.6607319485657764,0.6617210682492581,0.13583910319815373,0.0778107484338938,0.21364985163204753,0.20079129574678534,-0.01285855588526219,C-post-confirmatory-evidence-preserving
controlled-exposure,103,appchina,gappusin,own-domain,1372,108,0,315,2.706353908518728,1.3213861446626298,0.7435897435897436,0.6911764705882353,1.7028369208145242,fedavg-finetune,0.25801749271137026,0.24416909620991253,0.17565597667638483,0.28061224489795916,0.2922740524781341,0.0685131195335277,-0.08236151603498543,-0.013848396501457721,0.022594752186588907,0.03644314868804663,C-post-confirmatory-evidence-preserving
controlled-exposure,103,appchina,gappusin,federation-wide,1705,108,0,315,2.706353908518728,1.3213861446626298,0.7435897435897436,0.6911764705882353,1.7028369208145242,fedavg-finetune,0.2785923753665689,0.2545454545454545,0.19296187683284458,0.2768328445747801,0.2961876832844575,0.061583577712609944,-0.08563049853372431,-0.02404692082111437,-0.0017595307917888103,0.02228739002932556,C-post-confirmatory-evidence-preserving
controlled-exposure,103,appchina,revmob,own-domain,18,59,0,4,5.375202641253769,3.5754285862434068,0.5055555555555555,0.2589928057553957,4.150689673214761,fedavg-finetune,0.2777777777777778,0.2777777777777778,0.16666666666666666,0.2777777777777778,0.2777777777777778,0.11111111111111113,-0.11111111111111113,0.0,0.0,0.0,C-post-confirmatory-evidence-preserving
controlled-exposure,103,appchina,revmob,federation-wide,560,59,0,4,5.375202641253769,3.5754285862434068,0.5055555555555555,0.2589928057553957,4.150689673214761,fedavg-finetune,0.10714285714285714,0.4107142857142857,0.11785714285714285,0.4392857142857143,0.29642857142857143,0.2928571428571428,0.010714285714285718,0.30357142857142855,0.33214285714285713,0.02857142857142858,C-post-confirmatory-evidence-preserving
controlled-exposure,103,appchina,hiddad,own-domain,8,25,0,4,4.9911104136291975,4.025805892242939,0.45321637426900585,0.1893687707641196,4.2428332222769525,fedavg-finetune,0.5,0.5,0.5,0.5,0.5,0.0,0.0,0.0,0.0,0.0,C-post-confirmatory-evidence-preserving
controlled-exposure,103,appchina,hiddad,federation-wide,327,25,0,4,4.9911104136291975,4.025805892242939,0.45321637426900585,0.1893687707641196,4.2428332222769525,fedavg-finetune,0.17737003058103976,0.22935779816513763,0.2996941896024465,0.18654434250764526,0.16819571865443425,-0.07033639143730885,0.12232415902140673,0.05198776758409787,0.009174311926605505,-0.042813455657492366,C-post-confirmatory-evidence-preserving
controlled-exposure,104,play-early,airpush,own-domain,1744,191,0,148,3.7493103014545297,2.241236129794068,0.628099173553719,0.6039603960396039,3.600398990467054,fedavg-finetune,0.5275229357798165,0.5716743119266054,0.5172018348623854,0.7838302752293578,0.8629587155963303,0.05447247706422009,-0.010321100917431103,0.04415137614678899,0.2563073394495413,0.21215596330275233,C-post-confirmatory-evidence-preserving
controlled-exposure,104,play-early,airpush,federation-wide,2316,191,0,148,3.7493103014545297,2.241236129794068,0.628099173553719,0.6039603960396039,3.600398990467054,fedavg-finetune,0.6049222797927462,0.6489637305699482,0.6062176165803109,0.810880829015544,0.8734887737478411,0.042746113989637236,0.0012953367875647714,0.04404145077720201,0.20595854922279788,0.16191709844559588,C-post-confirmatory-evidence-preserving
controlled-exposure,104,play-early,adwo,own-domain,31,353,0,5,4.109929942677416,2.3535712314597914,0.6526315789473685,0.5393258426966292,4.0108563361087475,fedavg-finetune,0.7741935483870968,0.8387096774193549,0.7419354838709677,0.8387096774193549,0.9032258064516129,0.09677419354838712,-0.032258064516129004,0.06451612903225812,0.06451612903225812,0.0,C-post-confirmatory-evidence-preserving
controlled-exposure,104,play-early,adwo,federation-wide,871,353,0,5,4.109929942677416,2.3535712314597914,0.6526315789473685,0.5393258426966292,4.0108563361087475,fedavg-finetune,0.7577497129735936,0.8346727898966705,0.7474167623421355,0.8668197474167624,0.9506314580941446,0.08725602755453499,-0.010332950631458115,0.07692307692307687,0.10907003444316876,0.03214695752009189,C-post-confirmatory-evidence-preserving
controlled-exposure,104,play-early,hiddad,own-domain,136,32,0,14,4.6659544508935875,4.13905551491588,0.43333333333333335,0.24838709677419354,4.242900129096811,fedavg-finetune,0.19117647058823528,0.3014705882352941,0.38235294117647056,0.45588235294117646,0.49264705882352944,-0.08088235294117646,0.19117647058823528,0.11029411764705882,0.2647058823529412,0.15441176470588236,C-post-confirmatory-evidence-preserving
controlled-exposure,104,play-early,hiddad,federation-wide,568,32,0,14,4.6659544508935875,4.13905551491588,0.43333333333333335,0.24838709677419354,4.242900129096811,fedavg-finetune,0.10211267605633803,0.1813380281690141,0.19190140845070422,0.21654929577464788,0.2517605633802817,-0.010563380281690127,0.08978873239436619,0.07922535211267606,0.11443661971830985,0.035211267605633784,C-post-confirmatory-evidence-preserving
controlled-exposure,104,anzhi,leadbolt,own-domain,15,91,0,6,3.3967712421433456,2.7419227348830546,0.5658914728682171,0.4766355140186916,3.195453427419076,fedavg-finetune,0.13333333333333333,0.4,0.3333333333333333,0.3333333333333333,0.3333333333333333,0.06666666666666671,0.19999999999999998,0.2666666666666667,0.19999999999999998,-0.06666666666666671,C-post-confirmatory-evidence-preserving
controlled-exposure,104,anzhi,leadbolt,federation-wide,875,91,0,6,3.3967712421433456,2.7419227348830546,0.5658914728682171,0.4766355140186916,3.195453427419076,fedavg-finetune,0.07542857142857143,0.4057142857142857,0.2,0.39885714285714285,0.25942857142857145,0.20571428571428568,0.12457142857142858,0.3302857142857143,0.3234285714285714,-0.0068571428571428394,C-post-confirmatory-evidence-preserving
controlled-exposure,104,appchina,dowgin,own-domain,297,1558,0,81,2.862305910177519,2.0179177711483276,0.53,0.6052631578947368,2.25963881803825,fedavg-finetune,0.6565656565656566,0.5723905723905723,0.5151515151515151,0.3333333333333333,0.6195286195286195,0.0572390572390572,-0.14141414141414144,-0.08417508417508424,-0.32323232323232326,-0.23905723905723902,C-post-confirmatory-evidence-preserving
controlled-exposure,104,appchina,dowgin,federation-wide,6892,1558,0,81,2.862305910177519,2.0179177711483276,0.53,0.6052631578947368,2.25963881803825,fedavg-finetune,0.5311955890887986,0.7153221125943122,0.6568485200232154,0.5211839814277424,0.7948345908299478,0.058473592571096855,0.12565293093441676,0.18412652350551362,-0.010011607661056243,-0.19413813116656986,C-post-confirmatory-evidence-preserving
controlled-exposure,104,appchina,gappusin,own-domain,1150,81,0,329,2.5983188699117292,1.3957622954332451,0.6931818181818182,0.7361111111111112,1.6227378860692006,fedavg-finetune,0.49478260869565216,0.41130434782608694,0.3191304347826087,0.31217391304347825,0.42869565217391303,0.09217391304347822,-0.17565217391304344,-0.08347826086956522,-0.1826086956521739,-0.09913043478260869,C-post-confirmatory-evidence-preserving
controlled-exposure,104,appchina,gappusin,federation-wide,1505,81,0,329,2.5983188699117292,1.3957622954332451,0.6931818181818182,0.7361111111111112,1.6227378860692006,fedavg-finetune,0.4611295681063123,0.3767441860465116,0.2910299003322259,0.27840531561461795,0.3946843853820598,0.08571428571428569,-0.17009966777408636,-0.08438538205980067,-0.18272425249169433,-0.09833887043189365,C-post-confirmatory-evidence-preserving
controlled-exposure,104,appchina,revmob,own-domain,23,46,0,4,4.633267890303643,2.517907382573409,0.5277777777777778,0.271523178807947,3.3137832016755757,fedavg-finetune,0.13043478260869565,0.30434782608695654,0.0,0.30434782608695654,0.34782608695652173,0.30434782608695654,-0.13043478260869565,0.1739130434782609,0.1739130434782609,0.0,C-post-confirmatory-evidence-preserving
controlled-exposure,104,appchina,revmob,federation-wide,620,46,0,4,4.633267890303643,2.517907382573409,0.5277777777777778,0.271523178807947,3.3137832016755757,fedavg-finetune,0.07580645161290323,0.4338709677419355,0.10161290322580645,0.29838709677419356,0.2435483870967742,0.33225806451612905,0.025806451612903222,0.3580645161290323,0.22258064516129034,-0.13548387096774195,C-post-confirmatory-evidence-preserving
controlled-exposure,105,play-early,gappusin,own-domain,44,496,0,3,3.381154180431505,2.0752116733448007,0.5,0.6197183098591549,3.35721108975858,fedavg-finetune,0.7045454545454546,0.6590909090909091,0.7045454545454546,0.6590909090909091,0.7954545454545454,-0.045454545454545525,0.0,-0.045454545454545525,-0.045454545454545525,0.0,C-post-confirmatory-evidence-preserving
controlled-exposure,105,play-early,gappusin,federation-wide,1572,496,0,3,3.381154180431505,2.0752116733448007,0.5,0.6197183098591549,3.35721108975858,fedavg-finetune,0.44592875318066155,0.6342239185750637,0.6036895674300254,0.5483460559796438,0.8912213740458015,0.03053435114503822,0.1577608142493639,0.1882951653944021,0.10241730279898226,-0.08587786259541985,C-post-confirmatory-evidence-preserving
controlled-exposure,105,play-late,leadbolt,own-domain,57,96,0,3,3.8853568017431064,3.176738578054425,0.3577586206896552,0.5673076923076923,5.05584849910753,fedavg-finetune,0.8596491228070176,0.8245614035087719,0.03508771929824561,0.9473684210526315,0.9649122807017544,0.7894736842105263,-0.8245614035087719,-0.03508771929824561,0.08771929824561397,0.12280701754385959,C-post-confirmatory-evidence-preserving
controlled-exposure,105,play-late,leadbolt,federation-wide,905,96,0,3,3.8853568017431064,3.176738578054425,0.3577586206896552,0.5673076923076923,5.05584849910753,fedavg-finetune,0.5414364640883977,0.6883977900552486,0.35027624309392263,0.8243093922651934,0.8740331491712707,0.33812154696132596,-0.1911602209944751,0.14696132596685085,0.28287292817679566,0.1359116022099448,C-post-confirmatory-evidence-preserving
controlled-exposure,105,play-late,revmob,own-domain,15,60,0,3,4.350887824887627,3.1075381681568355,0.4979253112033195,0.47333333333333333,5.341344042528846,fedavg-finetune,0.8666666666666667,0.3333333333333333,0.2,0.8666666666666667,1.0,0.1333333333333333,-0.6666666666666667,-0.5333333333333334,0.0,0.5333333333333334,C-post-confirmatory-evidence-preserving
controlled-exposure,105,play-late,revmob,federation-wide,944,60,0,3,4.350887824887627,3.1075381681568355,0.4979253112033195,0.47333333333333333,5.341344042528846,fedavg-finetune,0.20127118644067796,0.1620762711864407,0.059322033898305086,0.2817796610169492,0.8188559322033898,0.1027542372881356,-0.14194915254237286,-0.03919491525423727,0.08050847457627122,0.11970338983050849,C-post-confirmatory-evidence-preserving
controlled-exposure,105,anzhi,dowgin,own-domain,6165,80,0,1593,2.2311985397026333,1.3130135699321448,0.6976744186046512,0.7142857142857143,2.152547605159694,fedavg-finetune,0.8668288726682887,0.8603406326034063,0.8786699107866991,0.8355231143552312,0.8908353609083536,-0.018329278183292774,0.011841038118410419,-0.006488240064882356,-0.031305758313057486,-0.02481751824817513,C-post-confirmatory-evidence-preserving
controlled-exposure,105,anzhi,dowgin,federation-wide,6444,80,0,1593,2.2311985397026333,1.3130135699321448,0.6976744186046512,0.7142857142857143,2.152547605159694,fedavg-finetune,0.861421477343265,0.8542830540037244,0.8729050279329609,0.8263500931098696,0.883302296710118,-0.01862197392923648,0.011483550589695857,-0.007138423339540623,-0.0350713842333954,-0.027932960893854775,C-post-confirmatory-evidence-preserving
controlled-exposure,105,anzhi,adwo,own-domain,136,269,0,25,3.8627936540008085,1.9849666709944866,0.7352941176470589,0.5287356321839081,3.4507439837236333,fedavg-finetune,0.5661764705882353,0.7058823529411765,0.7058823529411765,0.6544117647058824,0.5588235294117647,0.0,0.13970588235294124,0.13970588235294124,0.08823529411764708,-0.05147058823529416,C-post-confirmatory-evidence-preserving
controlled-exposure,105,anzhi,adwo,federation-wide,1105,269,0,25,3.8627936540008085,1.9849666709944866,0.7352941176470589,0.5287356321839081,3.4507439837236333,fedavg-finetune,0.5619909502262443,0.6271493212669683,0.571945701357466,0.530316742081448,0.465158371040724,0.05520361990950229,0.009954751131221684,0.06515837104072397,-0.03167420814479638,-0.09683257918552035,C-post-confirmatory-evidence-preserving
controlled-exposure,105,anzhi,hiddad,own-domain,20,35,0,8,4.81946873042181,4.525167333252926,0.25333333333333335,0.2114695340501792,4.6294081615930684,fedavg-finetune,0.75,0.75,0.75,0.7,0.6,0.0,0.0,0.0,-0.050000000000000044,-0.050000000000000044,C-post-confirmatory-evidence-preserving
controlled-exposure,105,anzhi,hiddad,federation-wide,598,35,0,8,4.81946873042181,4.525167333252926,0.25333333333333335,0.2114695340501792,4.6294081615930684,fedavg-finetune,0.6254180602006689,0.2157190635451505,0.22240802675585283,0.22742474916387959,0.14715719063545152,-0.006688963210702337,-0.4030100334448161,-0.40969899665551845,-0.39799331103678937,0.01170568561872909,C-post-confirmatory-evidence-preserving
controlled-exposure,105,appchina,airpush,own-domain,446,192,0,176,3.8712580507857774,2.414979170539053,0.5351351351351351,0.3103448275862069,2.7179832994710713,fedavg-finetune,0.9327354260089686,0.9910313901345291,0.9932735426008968,0.9910313901345291,0.9932735426008968,-0.0022421524663677195,0.060538116591928204,0.058295964125560484,0.058295964125560484,0.0,C-post-confirmatory-evidence-preserving
controlled-exposure,105,appchina,airpush,federation-wide,2397,192,0,176,3.8712580507857774,2.414979170539053,0.5351351351351351,0.3103448275862069,2.7179832994710713,fedavg-finetune,0.5415102211097205,0.7133917396745932,0.624113475177305,0.670421360033375,0.7179808093450146,0.08927826449728826,0.08260325406758451,0.17188151856487277,0.12891113892365458,-0.04297037964121819,C-post-confirmatory-evidence-preserving
controlled-exposure,106,play-early,airpush,own-domain,2032,185,0,138,3.7197674488783905,2.2117594272894445,0.6271186440677966,0.6129032258064516,3.6358809292489016,fedavg-finetune,0.5718503937007874,0.5757874015748031,0.5413385826771654,0.7632874015748031,0.8134842519685039,0.034448818897637734,-0.030511811023621993,0.003937007874015741,0.19143700787401574,0.1875,C-post-confirmatory-evidence-preserving
controlled-exposure,106,play-early,airpush,federation-wide,2618,185,0,138,3.7197674488783905,2.2117594272894445,0.6271186440677966,0.6129032258064516,3.6358809292489016,fedavg-finetune,0.6226126814362108,0.6394194041252865,0.6111535523300229,0.787624140565317,0.8304048892284186,0.02826585179526364,-0.01145912910618796,0.01680672268907568,0.1650114591291062,0.14820473644003052,C-post-confirmatory-evidence-preserving
controlled-exposure,106,anzhi,adwo,own-domain,136,296,0,28,3.600484644805414,2.025218450603937,0.7070707070707071,0.5348837209302325,3.3358397887596984,fedavg-finetune,0.5220588235294118,0.5588235294117647,0.5661764705882353,0.6176470588235294,0.29411764705882354,-0.007352941176470562,0.044117647058823484,0.03676470588235292,0.09558823529411764,0.05882352941176472,C-post-confirmatory-evidence-preserving
controlled-exposure,106,anzhi,adwo,federation-wide,1076,296,0,28,3.600484644805414,2.025218450603937,0.7070707070707071,0.5348837209302325,3.3358397887596984,fedavg-finetune,0.7815985130111525,0.7481412639405205,0.7044609665427509,0.7481412639405205,0.23234200743494424,0.043680297397769574,-0.07713754646840154,-0.03345724907063197,-0.03345724907063197,0.0,C-post-confirmatory-evidence-preserving
controlled-exposure,106,anzhi,leadbolt,own-domain,16,105,0,5,3.4366612171572064,2.8070121886899573,0.576,0.4537037037037037,3.2005698718007696,fedavg-finetune,0.3125,0.625,0.375,0.625,0.6875,0.25,0.0625,0.3125,0.3125,0.0,C-post-confirmatory-evidence-preserving
controlled-exposure,106,anzhi,leadbolt,federation-wide,745,105,0,5,3.4366612171572064,2.8070121886899573,0.576,0.4537037037037037,3.2005698718007696,fedavg-finetune,0.10738255033557047,0.5395973154362416,0.363758389261745,0.5704697986577181,0.42416107382550333,0.1758389261744966,0.2563758389261745,0.4322147651006711,0.4630872483221476,0.03087248322147651,C-post-confirmatory-evidence-preserving
controlled-exposure,106,appchina,dowgin,own-domain,294,1557,0,80,2.963900593546649,1.9756299517842257,0.5855855855855856,0.5789473684210527,2.2641837367737616,fedavg-finetune,0.5952380952380952,0.30952380952380953,0.40476190476190477,0.3299319727891156,0.6020408163265306,-0.09523809523809523,-0.19047619047619047,-0.2857142857142857,-0.2653061224489796,0.02040816326530609,C-post-confirmatory-evidence-preserving
controlled-exposure,106,appchina,dowgin,federation-wide,6190,1557,0,80,2.963900593546649,1.9756299517842257,0.5855855855855856,0.5789473684210527,2.2641837367737616,fedavg-finetune,0.6095315024232634,0.5764135702746365,0.6594507269789984,0.6179321486268174,0.7907915993537964,-0.08303715670436196,0.04991922455573505,-0.033117932148626905,0.008400646203554074,0.04151857835218098,C-post-confirmatory-evidence-preserving
controlled-exposure,106,appchina,gappusin,own-domain,1143,96,0,395,2.757440299350274,1.4144800625290253,0.6595744680851063,0.704225352112676,1.6916326696238444,fedavg-finetune,0.2484689413823272,0.14785651793525809,0.1837270341207349,0.21434820647419073,0.3219597550306212,-0.03587051618547682,-0.06474190726159229,-0.10061242344706911,-0.03412073490813647,0.06649168853893264,C-post-confirmatory-evidence-preserving
controlled-exposure,106,appchina,gappusin,federation-wide,1509,96,0,395,2.757440299350274,1.4144800625290253,0.6595744680851063,0.704225352112676,1.6916326696238444,fedavg-finetune,0.24453280318091453,0.14512922465208747,0.1749502982107356,0.20344599072233266,0.3074884029158383,-0.02982107355864813,-0.06958250497017893,-0.09940357852882706,-0.04108681245858187,0.05831676607024519,C-post-confirmatory-evidence-preserving
controlled-exposure,106,appchina,revmob,own-domain,19,49,0,6,4.95227379357265,2.794751629754864,0.5806451612903226,0.23648648648648649,3.5531588039550406,fedavg-finetune,0.15789473684210525,0.21052631578947367,0.15789473684210525,0.05263157894736842,0.15789473684210525,0.05263157894736842,0.0,0.05263157894736842,-0.10526315789473684,-0.15789473684210525,C-post-confirmatory-evidence-preserving
controlled-exposure,106,appchina,revmob,federation-wide,540,49,0,6,4.95227379357265,2.794751629754864,0.5806451612903226,0.23648648648648649,3.5531588039550406,fedavg-finetune,0.07222222222222222,0.21666666666666667,0.16111111111111112,0.18333333333333332,0.18333333333333332,0.05555555555555555,0.0888888888888889,0.14444444444444446,0.1111111111111111,-0.033333333333333354,C-post-confirmatory-evidence-preserving
controlled-exposure,106,appchina,hiddad,own-domain,17,32,0,2,5.873925294948878,4.834028059154069,0.35986159169550175,0.18796992481203006,5.211489646757708,fedavg-finetune,0.8235294117647058,0.5882352941176471,0.6470588235294118,0.47058823529411764,0.7058823529411765,-0.05882352941176472,-0.17647058823529405,-0.23529411764705876,-0.3529411764705882,-0.11764705882352944,C-post-confirmatory-evidence-preserving
controlled-exposure,106,appchina,hiddad,federation-wide,313,32,0,2,5.873925294948878,4.834028059154069,0.35986159169550175,0.18796992481203006,5.211489646757708,fedavg-finetune,0.4504792332268371,0.4728434504792332,0.40894568690095845,0.402555910543131,0.3003194888178914,0.06389776357827476,-0.041533546325878634,0.022364217252396124,-0.04792332268370608,-0.0702875399361022,C-post-confirmatory-evidence-preserving
controlled-exposure,107,play-early,dowgin,own-domain,14,1698,0,2,3.7990690479748586,2.006122221578444,0.5196850393700787,0.6363636363636364,3.5087675251094006,fedavg-finetune,0.7857142857142857,0.7857142857142857,0.8571428571428571,0.7857142857142857,0.9285714285714286,-0.0714285714285714,0.0714285714285714,0.0,0.0,0.0,C-post-confirmatory-evidence-preserving
controlled-exposure,107,play-early,dowgin,federation-wide,5755,1698,0,2,3.7990690479748586,2.006122221578444,0.5196850393700787,0.6363636363636364,3.5087675251094006,fedavg-finetune,0.7450912250217202,0.9129452649869678,0.9079061685490878,0.8900086880973067,0.9894005212858384,0.005039096437880031,0.16281494352736758,0.16785403996524761,0.1449174630755865,-0.02293657688966111,C-post-confirmatory-evidence-preserving
controlled-exposure,107,play-early,airpush,own-domain,2463,155,0,163,3.5089207879910416,2.116957706174709,0.6785714285714286,0.6875,3.321195631708033,fedavg-finetune,0.8022736500203005,0.8128298822574097,0.8237921234267154,0.8733252131546894,0.8006496142915144,-0.010962241169305664,0.021518473406414884,0.01055623223710922,0.07105156313438887,0.06049533089727965,C-post-confirmatory-evidence-preserving
controlled-exposure,107,play-early,airpush,federation-wide,3019,155,0,163,3.5089207879910416,2.116957706174709,0.6785714285714286,0.6875,3.321195631708033,fedavg-finetune,0.8261013580655846,0.8380258363696588,0.847962901623054,0.8890361046704207,0.8294137131500496,-0.009937065253395216,0.021861543557469387,0.01192447830407417,0.06293474660483611,0.05101026830076194,C-post-confirmatory-evidence-preserving
controlled-exposure,107,play-early,adwo,own-domain,25,346,0,0,4.059671381333424,2.4151592546462863,0.5565217391304348,0.5862068965517241,3.972222254958133,fedavg-finetune,0.96,0.92,0.96,0.96,0.92,-0.039999999999999925,0.0,-0.039999999999999925,0.0,0.039999999999999925,C-post-confirmatory-evidence-preserving
controlled-exposure,107,play-early,adwo,federation-wide,955,346,0,0,4.059671381333424,2.4151592546462863,0.5565217391304348,0.5862068965517241,3.972222254958133,fedavg-finetune,0.8764397905759163,0.9277486910994764,0.8795811518324608,0.8994764397905759,0.956020942408377,0.04816753926701567,0.003141361256544517,0.051308900523560186,0.023036649214659644,-0.028272251308900542,C-post-confirmatory-evidence-preserving
controlled-exposure,107,play-early,hiddad,own-domain,94,26,0,8,4.356709244538861,3.9091998957365584,0.41641337386018235,0.3024054982817869,3.9814147967842852,fedavg-finetune,0.425531914893617,0.5,0.5425531914893617,0.5425531914893617,0.4787234042553192,-0.04255319148936165,0.11702127659574463,0.07446808510638298,0.11702127659574463,0.04255319148936165,C-post-confirmatory-evidence-preserving
controlled-exposure,107,play-early,hiddad,federation-wide,551,26,0,8,4.356709244538861,3.9091998957365584,0.41641337386018235,0.3024054982817869,3.9814147967842852,fedavg-finetune,0.13793103448275862,0.17967332123411978,0.19056261343012704,0.19237749546279492,0.21960072595281308,-0.01088929219600726,0.05263157894736842,0.04174228675136116,0.054446460980036304,0.012704174228675147,C-post-confirmatory-evidence-preserving
controlled-exposure,107,appchina,gappusin,own-domain,937,80,0,383,2.717967272919073,1.350476371274089,0.7195121951219512,0.7222222222222222,1.6433452660183616,fedavg-finetune,0.3329775880469584,0.2838847385272145,0.2742796157950907,0.40981856990394877,0.503735325506937,0.009605122732123828,-0.05869797225186768,-0.04909284951974385,0.0768409818569904,0.12593383137673425,C-post-confirmatory-evidence-preserving
controlled-exposure,107,appchina,gappusin,federation-wide,1272,80,0,383,2.717967272919073,1.350476371274089,0.7195121951219512,0.7222222222222222,1.6433452660183616,fedavg-finetune,0.3584905660377358,0.25235849056603776,0.24842767295597484,0.3632075471698113,0.4803459119496855,0.00393081761006292,-0.11006289308176098,-0.10613207547169806,0.004716981132075471,0.11084905660377353,C-post-confirmatory-evidence-preserving
controlled-exposure,107,appchina,leadbolt,own-domain,74,89,0,26,4.092039368032953,2.357676480540393,0.5769230769230769,0.3684210526315789,2.6616160404351756,fedavg-finetune,0.4594594594594595,0.5405405405405406,0.527027027027027,0.6486486486486487,0.7027027027027027,0.013513513513513598,0.06756756756756749,0.08108108108108109,0.1891891891891892,0.10810810810810811,C-post-confirmatory-evidence-preserving
controlled-exposure,107,appchina,leadbolt,federation-wide,759,89,0,26,4.092039368032953,2.357676480540393,0.5769230769230769,0.3684210526315789,2.6616160404351756,fedavg-finetune,0.23715415019762845,0.42555994729907776,0.2845849802371542,0.6455862977602108,0.5836627140974967,0.14097496706192358,0.04743083003952572,0.1884057971014493,0.4084321475625824,0.22002635046113306,C-post-confirmatory-evidence-preserving
controlled-exposure,107,appchina,revmob,own-domain,23,47,0,11,5.070039915232185,3.2911416290267845,0.5081081081081081,0.272108843537415,3.78885646342401,fedavg-finetune,0.08695652173913043,0.17391304347826086,0.17391304347826086,0.391304347826087,0.34782608695652173,0.0,0.08695652173913043,0.08695652173913043,0.30434782608695654,0.2173913043478261,C-post-confirmatory-evidence-preserving
controlled-exposure,107,appchina,revmob,federation-wide,483,47,0,11,5.070039915232185,3.2911416290267845,0.5081081081081081,0.272108843537415,3.78885646342401,fedavg-finetune,0.11387163561076605,0.2691511387163561,0.19875776397515527,0.5817805383022774,0.28778467908902694,0.07039337474120083,0.08488612836438922,0.15527950310559005,0.4679089026915113,0.3126293995859213,C-post-confirmatory-evidence-preserving
controlled-exposure,108,play-early,leadbolt,own-domain,651,50,0,68,2.5858657651653605,2.377152594055778,0.6410256410256411,0.7010309278350515,2.539099669040938,fedavg-finetune,0.49001536098310294,0.6436251920122887,0.31490015360983103,0.8602150537634409,0.8755760368663594,0.3287250384024577,-0.1751152073732719,0.1536098310291858,0.37019969278033793,0.21658986175115214,C-post-confirmatory-evidence-preserving
controlled-exposure,108,play-early,leadbolt,federation-wide,770,50,0,68,2.5858657651653605,2.377152594055778,0.6410256410256411,0.7010309278350515,2.539099669040938,fedavg-finetune,0.5012987012987012,0.6428571428571429,0.34285714285714286,0.8506493506493507,0.8792207792207792,0.30000000000000004,-0.15844155844155838,0.14155844155844166,0.3493506493506494,0.20779220779220775,C-post-confirmatory-evidence-preserving
controlled-exposure,108,play-late,airpush,own-domain,53,338,0,7,3.768201120504965,3.5270685725504314,0.4519774011299435,0.528169014084507,4.967075287068495,fedavg-finetune,0.2641509433962264,0.3584905660377358,0.3018867924528302,0.7735849056603774,0.7924528301886793,0.05660377358490565,0.037735849056603765,0.09433962264150941,0.509433962264151,0.4150943396226416,C-post-confirmatory-evidence-preserving
controlled-exposure,108,play-late,airpush,federation-wide,2098,338,0,7,3.768201120504965,3.5270685725504314,0.4519774011299435,0.528169014084507,4.967075287068495,fedavg-finetune,0.7530981887511916,0.8641563393708294,0.7554814108674929,0.9161105815061964,0.955672068636797,0.10867492850333649,0.0023832221163012646,0.11105815061963775,0.1630123927550048,0.051954242135367035,C-post-confirmatory-evidence-preserving
controlled-exposure,108,play-late,revmob,own-domain,12,56,0,1,5.077365605417123,4.167422828856588,0.4155844155844156,0.4626865671641791,5.887166282061966,fedavg-finetune,0.4166666666666667,0.75,0.08333333333333333,0.75,0.9166666666666666,0.6666666666666666,-0.33333333333333337,0.3333333333333333,0.3333333333333333,0.0,C-post-confirmatory-evidence-preserving
controlled-exposure,108,play-late,revmob,federation-wide,594,56,0,1,5.077365605417123,4.167422828856588,0.4155844155844156,0.4626865671641791,5.887166282061966,fedavg-finetune,0.6565656565656566,0.632996632996633,0.3333333333333333,0.7070707070707071,0.9292929292929293,0.2996632996632997,-0.32323232323232326,-0.023569023569023573,0.0505050505050505,0.07407407407407407,C-post-confirmatory-evidence-preserving
controlled-exposure,108,anzhi,gappusin,own-domain,427,329,0,89,2.5080381045037523,1.375208525852091,0.6792452830188679,0.5769230769230769,2.503352458514653,fedavg-finetune,0.24824355971896955,0.2529274004683841,0.27400468384074944,0.25995316159250587,0.23653395784543327,-0.021077283372365363,0.025761124121779888,0.004683840749414525,0.011709601873536313,0.007025761124121788,C-post-confirmatory-evidence-preserving
controlled-exposure,108,anzhi,gappusin,federation-wide,1754,329,0,89,2.5080381045037523,1.375208525852091,0.6792452830188679,0.5769230769230769,2.503352458514653,fedavg-finetune,0.28335233751425315,0.4315849486887115,0.35290763968072975,0.4868871151653364,0.4652223489167617,0.07867730900798175,0.0695553021664766,0.14823261117445835,0.20353477765108324,0.05530216647662489,C-post-confirmatory-evidence-preserving
controlled-exposure,108,anzhi,adwo,own-domain,150,306,0,38,3.5930646454953004,2.0169920040708975,0.7623762376237624,0.5340909090909091,3.413599568794635,fedavg-finetune,0.58,0.7466666666666667,0.6933333333333334,0.7733333333333333,0.6133333333333333,0.053333333333333344,0.1133333333333334,0.16666666666666674,0.19333333333333336,0.026666666666666616,C-post-confirmatory-evidence-preserving
controlled-exposure,108,anzhi,adwo,federation-wide,909,306,0,38,3.5930646454953004,2.0169920040708975,0.7623762376237624,0.5340909090909091,3.413599568794635,fedavg-finetune,0.5742574257425742,0.7953795379537953,0.7150715071507151,0.8448844884488449,0.47854785478547857,0.08030803080308024,0.1408140814081409,0.22112211221122113,0.2706270627062707,0.04950495049504955,C-post-confirmatory-evidence-preserving
controlled-exposure,108,appchina,dowgin,own-domain,224,1694,0,112,2.7248998081938742,2.0571446514179352,0.5151515151515151,0.5844155844155844,2.27253826526532,fedavg-finetune,0.48660714285714285,0.4642857142857143,0.42857142857142855,0.41964285714285715,0.5,0.035714285714285754,-0.0580357142857143,-0.022321428571428548,-0.0669642857142857,-0.04464285714285715,C-post-confirmatory-evidence-preserving
controlled-exposure,108,appchina,dowgin,federation-wide,5256,1694,0,112,2.7248998081938742,2.0571446514179352,0.5151515151515151,0.5844155844155844,2.27253826526532,fedavg-finetune,0.5504185692541856,0.742579908675799,0.7353500761035008,0.6942541856925418,0.7867199391171994,0.007229832572298256,0.18493150684931514,0.1921613394216134,0.14383561643835618,-0.04832572298325721,C-post-confirmatory-evidence-preserving
controlled-exposure,108,appchina,hiddad,own-domain,5,33,0,4,4.8638804813682395,3.9175423203869566,0.38271604938271603,0.2048611111111111,4.220062439581715,fedavg-finetune,0.6,0.6,0.6,0.6,0.6,0.0,0.0,0.0,0.0,0.0,C-post-confirmatory-evidence-preserving
controlled-exposure,108,appchina,hiddad,federation-wide,270,33,0,4,4.8638804813682395,3.9175423203869566,0.38271604938271603,0.2048611111111111,4.220062439581715,fedavg-finetune,0.18888888888888888,0.16296296296296298,0.15185185185185185,0.15185185185185185,0.07407407407407407,0.011111111111111127,-0.037037037037037035,-0.025925925925925908,-0.037037037037037035,-0.011111111111111127,C-post-confirmatory-evidence-preserving
controlled-exposure,109,play-early,dowgin,own-domain,22,1666,0,3,3.6621217717657735,2.031975109429163,0.48360655737704916,0.6103896103896104,3.5269841610892656,fedavg-finetune,0.6818181818181818,0.5909090909090909,0.7272727272727273,0.6363636363636364,0.6818181818181818,-0.13636363636363635,0.045454545454545525,-0.09090909090909083,-0.045454545454545414,0.045454545454545414,C-post-confirmatory-evidence-preserving
controlled-exposure,109,play-early,dowgin,federation-wide,5854,1666,0,3,3.6621217717657735,2.031975109429163,0.48360655737704916,0.6103896103896104,3.5269841610892656,fedavg-finetune,0.4892381277758797,0.8450632046463956,0.8843525794328664,0.8886231636487871,0.9836009566108643,-0.039289374786470765,0.39511445165698666,0.3558250768705159,0.3993850358729074,0.04355995900239151,C-post-confirmatory-evidence-preserving
controlled-exposure,109,play-early,hiddad,own-domain,108,27,0,12,5.777483555693132,5.052752081984161,0.38953488372093026,0.25357142857142856,5.41441975731226,fedavg-finetune,0.3333333333333333,0.37962962962962965,0.3888888888888889,0.49074074074074076,0.4444444444444444,-0.009259259259259245,0.05555555555555558,0.046296296296296335,0.15740740740740744,0.1111111111111111,C-post-confirmatory-evidence-preserving
controlled-exposure,109,play-early,hiddad,federation-wide,336,27,0,12,5.777483555693132,5.052752081984161,0.38953488372093026,0.25357142857142856,5.41441975731226,fedavg-finetune,0.24107142857142858,0.37202380952380953,0.2976190476190476,0.4375,0.49702380952380953,0.07440476190476192,0.05654761904761904,0.13095238095238096,0.19642857142857142,0.06547619047619047,C-post-confirmatory-evidence-preserving
controlled-exposure,109,play-late,airpush,own-domain,38,315,0,2,3.956657764753107,3.529816324689799,0.4523809523809524,0.5769230769230769,5.080364828832805,fedavg-finetune,0.5789473684210527,0.6578947368421053,0.15789473684210525,0.6578947368421053,0.7631578947368421,0.5,-0.4210526315789474,0.07894736842105265,0.07894736842105265,0.0,C-post-confirmatory-evidence-preserving
controlled-exposure,109,play-late,airpush,federation-wide,2241,315,0,2,3.956657764753107,3.529816324689799,0.4523809523809524,0.5769230769230769,5.080364828832805,fedavg-finetune,0.5899152164212406,0.9210174029451138,0.7295850066934404,0.927264614011602,0.9544846050870147,0.1914323962516734,0.13966979027219983,0.33110218652387324,0.3373493975903614,0.006247211066488179,C-post-confirmatory-evidence-preserving
controlled-exposure,109,play-late,revmob,own-domain,21,45,0,1,4.555851990487254,3.1279084901414325,0.43915343915343913,0.5032258064516129,5.439069946059045,fedavg-finetune,0.42857142857142855,0.2857142857142857,0.14285714285714285,0.38095238095238093,0.8095238095238095,0.14285714285714285,-0.2857142857142857,-0.14285714285714285,-0.047619047619047616,0.09523809523809523,C-post-confirmatory-evidence-preserving
controlled-exposure,109,play-late,revmob,federation-wide,665,45,0,1,4.555851990487254,3.1279084901414325,0.43915343915343913,0.5032258064516129,5.439069946059045,fedavg-finetune,0.29022556390977444,0.35639097744360904,0.19849624060150375,0.3684210526315789,0.8781954887218045,0.15789473684210528,-0.09172932330827069,0.0661654135338346,0.07819548872180448,0.01203007518796989,C-post-confirmatory-evidence-preserving
controlled-exposure,109,anzhi,gappusin,own-domain,312,419,0,102,2.5522430219659897,1.3723199714297345,0.6881720430107527,0.6266666666666667,2.599702548257585,fedavg-finetune,0.21153846153846154,0.16025641025641027,0.19230769230769232,0.21153846153846154,0.14423076923076922,-0.03205128205128205,-0.019230769230769218,-0.051282051282051266,0.0,0.051282051282051266,C-post-confirmatory-evidence-preserving
controlled-exposure,109,anzhi,gappusin,federation-wide,1269,419,0,102,2.5522430219659897,1.3723199714297345,0.6881720430107527,0.6266666666666667,2.599702548257585,fedavg-finetune,0.3033884948778566,0.2978723404255319,0.3073286052009456,0.3459416863672183,0.22301024428684002,-0.009456264775413725,0.003940110323089052,-0.005516154452324673,0.04255319148936171,0.04806934594168638,C-post-confirmatory-evidence-preserving
controlled-exposure,109,anzhi,leadbolt,own-domain,11,91,0,5,3.4773268075559916,2.8444070616955477,0.5772357723577236,0.5,3.5487874467902714,fedavg-finetune,0.36363636363636365,0.36363636363636365,0.45454545454545453,0.45454545454545453,0.6363636363636364,-0.09090909090909088,0.09090909090909088,0.0,0.09090909090909088,0.09090909090909088,C-post-confirmatory-evidence-preserving
controlled-exposure,109,anzhi,leadbolt,federation-wide,751,91,0,5,3.4773268075559916,2.8444070616955477,0.5772357723577236,0.5,3.5487874467902714,fedavg-finetune,0.08921438082556592,0.41145139813581894,0.22902796271637815,0.3209054593874834,0.2529960053262317,0.18242343541944078,0.13981358189081222,0.322237017310253,0.23169107856191745,-0.09054593874833555,C-post-confirmatory-evidence-preserving
controlled-exposure,109,appchina,adwo,own-domain,742,43,0,287,3.473074985695662,1.5754464343634103,0.7619047619047619,0.4954954954954955,2.580803706987302,fedavg-finetune,0.3463611859838275,0.2668463611859838,0.2587601078167116,0.3504043126684636,0.2223719676549865,0.008086253369272212,-0.08760107816711588,-0.07951482479784366,0.0040431266846361336,0.0835579514824798,C-post-confirmatory-evidence-preserving
controlled-exposure,109,appchina,adwo,federation-wide,886,43,0,287,3.473074985695662,1.5754464343634103,0.7619047619047619,0.4954954954954955,2.580803706987302,fedavg-finetune,0.3577878103837472,0.2765237020316027,0.2742663656884876,0.3577878103837472,0.24040632054176073,0.0022573363431150906,-0.08352144469525957,-0.08126410835214448,0.0,0.08126410835214448,C-post-confirmatory-evidence-preserving
replication-family-set,100,play-early,dnotua,own-domain,57,6,0,18,2.6601457091095293,2.526888010224912,0.4810126582278481,0.7529411764705882,2.199696760121675,fedavg-finetune,0.9122807017543859,0.8947368421052632,0.8947368421052632,0.8947368421052632,0.8947368421052632,0.0,-0.01754385964912275,-0.01754385964912275,-0.01754385964912275,0.0,C-post-confirmatory-evidence-preserving
replication-family-set,100,play-early,dnotua,federation-wide,69,6,0,18,2.6601457091095293,2.526888010224912,0.4810126582278481,0.7529411764705882,2.199696760121675,fedavg-finetune,0.8405797101449275,0.8405797101449275,0.855072463768116,0.8260869565217391,0.8840579710144928,-0.01449275362318847,0.01449275362318847,0.0,-0.01449275362318836,-0.01449275362318836,C-post-confirmatory-evidence-preserving
replication-family-set,100,play-early,inmobi,own-domain,577,16,0,98,5.1166351121677955,3.6051502066937218,0.6286919831223629,0.7433155080213903,5.6478825739961565,fedavg-finetune,0.755632582322357,0.7244367417677643,0.7625649913344887,0.9064124783362218,0.8648180242634316,-0.03812824956672445,0.006932409012131768,-0.03119584055459268,0.15077989601386488,0.18197573656845756,C-post-confirmatory-evidence-preserving
replication-family-set,100,play-early,inmobi,federation-wide,632,16,0,98,5.1166351121677955,3.6051502066937218,0.6286919831223629,0.7433155080213903,5.6478825739961565,fedavg-finetune,0.7357594936708861,0.7136075949367089,0.7468354430379747,0.9066455696202531,0.865506329113924,-0.03322784810126578,0.011075949367088556,-0.022151898734177222,0.170886075949367,0.19303797468354422,C-post-confirmatory-evidence-preserving
replication-family-set,100,play-late,smsreg,own-domain,13,442,0,0,4.0524178496290375,3.7512055053039366,0.34980988593155893,0.5259259259259259,5.585660194171303,fedavg-finetune,0.5384615384615384,0.7692307692307693,0.46153846153846156,0.6153846153846154,0.7692307692307693,0.3076923076923077,-0.07692307692307687,0.23076923076923084,0.07692307692307698,-0.15384615384615385,C-post-confirmatory-evidence-preserving
replication-family-set,100,play-late,smsreg,federation-wide,1440,442,0,0,4.0524178496290375,3.7512055053039366,0.34980988593155893,0.5259259259259259,5.585660194171303,fedavg-finetune,0.5215277777777778,0.8354166666666667,0.6555555555555556,0.8152777777777778,0.94375,0.17986111111111114,0.13402777777777775,0.3138888888888889,0.29374999999999996,-0.02013888888888893,C-post-confirmatory-evidence-preserving
replication-family-set,100,anzhi,kuguo,own-domain,3164,292,0,802,2.5102228989975526,1.6540646424889922,0.6086956521739131,0.7142857142857143,2.6123951119216677,fedavg-finetune,0.6558154235145386,0.5259165613147914,0.5082174462705437,0.5442477876106194,0.5037926675094817,0.017699115044247704,-0.14759797724399493,-0.12989886219974722,-0.11156763590391916,0.018331226295828063,C-post-confirmatory-evidence-preserving
replication-family-set,100,anzhi,kuguo,federation-wide,3913,292,0,802,2.5102228989975526,1.6540646424889922,0.6086956521739131,0.7142857142857143,2.6123951119216677,fedavg-finetune,0.6399182213135701,0.5057500638895988,0.48300536672629696,0.5238947099412216,0.461027344748275,0.022744697163301797,-0.15691285458727317,-0.13416815742397137,-0.11602351137234856,0.018144646051622804,C-post-confirmatory-evidence-preserving
replication-family-set,100,appchina,youmi,own-domain,500,29,0,166,2.8196198415511953,1.6033416705639287,0.6744186046511628,0.5142857142857142,1.5714154536753144,fedavg-finetune,0.214,0.148,0.198,0.212,0.218,-0.05000000000000002,-0.015999999999999986,-0.066,-0.0020000000000000018,0.064,C-post-confirmatory-evidence-preserving
replication-family-set,100,appchina,youmi,federation-wide,648,29,0,166,2.8196198415511953,1.6033416705639287,0.6744186046511628,0.5142857142857142,1.5714154536753144,fedavg-finetune,0.25308641975308643,0.1882716049382716,0.22839506172839505,0.25617283950617287,0.24691358024691357,-0.04012345679012344,-0.024691358024691384,-0.06481481481481483,0.0030864197530864335,0.06790123456790126,C-post-confirmatory-evidence-preserving
replication-family-set,100,appchina,zdtad,own-domain,3,165,0,1,2.809985179428694,2.043031460099185,0.5188679245283019,0.6081081081081081,2.628005925876342,fedavg-finetune,1.0,1.0,1.0,1.0,0.3333333333333333,0.0,0.0,0.0,0.0,0.0,C-post-confirmatory-evidence-preserving
replication-family-set,100,appchina,zdtad,federation-wide,518,165,0,1,2.809985179428694,2.043031460099185,0.5188679245283019,0.6081081081081081,2.628005925876342,fedavg-finetune,0.747104247104247,0.7393822393822393,0.750965250965251,0.8166023166023166,0.8918918918918919,-0.011583011583011671,0.0038610038610039643,-0.007722007722007707,0.06949806949806958,0.07722007722007729,C-post-confirmatory-evidence-preserving
replication-family-set,100,appchina,domob,own-domain,305,31,0,81,3.4320308274540996,1.9584126175131857,0.6716417910447762,0.5471698113207547,2.5421031153697133,fedavg-finetune,0.22950819672131148,0.2360655737704918,0.2983606557377049,0.25901639344262295,0.31475409836065577,-0.06229508196721312,0.06885245901639345,0.00655737704918033,0.02950819672131147,0.02295081967213114,C-post-confirmatory-evidence-preserving
replication-family-set,100,appchina,domob,federation-wide,404,31,0,81,3.4320308274540996,1.9584126175131857,0.6716417910447762,0.5471698113207547,2.5421031153697133,fedavg-finetune,0.22524752475247525,0.23514851485148514,0.2871287128712871,0.26732673267326734,0.32425742574257427,-0.05198019801980197,0.06188118811881185,0.009900990099009882,0.04207920792079209,0.03217821782178221,C-post-confirmatory-evidence-preserving
replication-family-set,100,appchina,utchi,own-domain,196,45,0,84,4.1263067183388396,3.280204274471151,0.4166666666666667,0.8333333333333334,3.5209716134327675,fedavg-finetune,0.0,0.0,0.0,1.0,0.23469387755102042,0.0,0.0,0.0,1.0,1.0,C-post-confirmatory-evidence-preserving
replication-family-set,100,appchina,utchi,federation-wide,227,45,0,84,4.1263067183388396,3.280204274471151,0.4166666666666667,0.8333333333333334,3.5209716134327675,fedavg-finetune,0.0,0.0,0.0,1.0,0.2026431718061674,0.0,0.0,0.0,1.0,1.0,C-post-confirmatory-evidence-preserving
replication-family-set,101,play-early,youmi,own-domain,30,232,0,1,3.267514250430884,1.583851632963797,0.7009345794392523,0.7228915662650602,3.1697487777546454,fedavg-finetune,0.7,0.7666666666666667,0.6666666666666666,0.7333333333333333,0.9,0.10000000000000009,-0.033333333333333326,0.06666666666666676,0.033333333333333326,-0.03333333333333344,C-post-confirmatory-evidence-preserving
replication-family-set,101,play-early,youmi,federation-wide,645,232,0,1,3.267514250430884,1.583851632963797,0.7009345794392523,0.7228915662650602,3.1697487777546454,fedavg-finetune,0.7209302325581395,0.8465116279069768,0.6682170542635659,0.8248062015503876,0.9271317829457364,0.17829457364341084,-0.05271317829457356,0.12558139534883728,0.10387596899224816,-0.02170542635658912,C-post-confirmatory-evidence-preserving
replication-family-set,101,play-late,dnotua,own-domain,7,21,0,6,4.14120539771989,3.820109399388561,0.2948717948717949,0.7857142857142857,5.578726826556025,fedavg-finetune,0.14285714285714285,0.42857142857142855,0.42857142857142855,0.42857142857142855,0.2857142857142857,0.0,0.2857142857142857,0.2857142857142857,0.2857142857142857,0.0,C-post-confirmatory-evidence-preserving
replication-family-set,101,play-late,dnotua,federation-wide,57,21,0,6,4.14120539771989,3.820109399388561,0.2948717948717949,0.7857142857142857,5.578726826556025,fedavg-finetune,0.7543859649122807,0.5964912280701754,0.5964912280701754,0.543859649122807,0.7017543859649122,0.0,-0.1578947368421053,-0.1578947368421053,-0.21052631578947367,-0.05263157894736836,C-post-confirmatory-evidence-preserving
replication-family-set,101,play-late,inmobi,own-domain,16,116,0,1,6.959898091917431,5.613455883359607,0.5692307692307692,0.4233128834355828,7.19089420623893,fedavg-finetune,1.0,0.9375,0.875,0.875,1.0,0.0625,-0.125,-0.0625,-0.125,-0.0625,C-post-confirmatory-evidence-preserving
replication-family-set,101,play-late,inmobi,federation-wide,528,116,0,1,6.959898091917431,5.613455883359607,0.5692307692307692,0.4233128834355828,7.19089420623893,fedavg-finetune,0.9185606060606061,0.9318181818181818,0.865530303030303,0.9242424242424242,0.9659090909090909,0.06628787878787878,-0.053030303030303094,0.01325757575757569,0.005681818181818121,-0.007575757575757569,C-post-confirmatory-evidence-preserving
replication-family-set,101,anzhi,utchi,own-domain,81,40,0,43,3.7421806898621077,3.1340324224780947,0.45652173913043476,0.8064516129032258,3.992382508338149,fedavg-finetune,0.012345679012345678,0.012345679012345678,0.012345679012345678,0.012345679012345678,0.012345679012345678,0.0,0.0,0.0,0.0,0.0,C-post-confirmatory-evidence-preserving
replication-family-set,101,anzhi,utchi,federation-wide,595,40,0,43,3.7421806898621077,3.1340324224780947,0.45652173913043476,0.8064516129032258,3.992382508338149,fedavg-finetune,0.0016806722689075631,0.0016806722689075631,0.0016806722689075631,0.0016806722689075631,0.0016806722689075631,0.0,0.0,0.0,0.0,0.0,C-post-confirmatory-evidence-preserving
replication-family-set,101,appchina,kuguo,own-domain,966,796,0,266,2.8826493433977607,1.2549428712009045,0.5357142857142857,0.6125,2.051793739359338,fedavg-finetune,0.5351966873706004,0.386128364389234,0.4720496894409938,0.4523809523809524,0.5476190476190477,-0.08592132505175981,-0.06314699792960665,-0.14906832298136646,-0.08281573498964806,0.0662525879917184,C-post-confirmatory-evidence-preserving
replication-family-set,101,appchina,kuguo,federation-wide,3903,796,0,266,2.8826493433977607,1.2549428712009045,0.5357142857142857,0.6125,2.051793739359338,fedavg-finetune,0.6079938508839354,0.5026902382782475,0.5554701511657699,0.5316423264155777,0.7076607737637715,-0.05277991288752237,-0.052523699718165506,-0.10530361260568788,-0.07635152446835769,0.02895208813733019,C-post-confirmatory-evidence-preserving
replication-family-set,101,appchina,smsreg,own-domain,597,197,0,193,2.629613235808197,1.761516876493216,0.6030534351145038,0.5779816513761468,1.881240980282227,fedavg-finetune,0.25125628140703515,0.3232830820770519,0.3785594639865997,0.4807370184254606,0.6365159128978225,-0.055276381909547756,0.12730318257956452,0.07202680067001677,0.22948073701842547,0.1574539363484087,C-post-confirmatory-evidence-preserving
replication-family-set,101,appchina,smsreg,federation-wide,1263,197,0,193,2.629613235808197,1.761516876493216,0.6030534351145038,0.5779816513761468,1.881240980282227,fedavg-finetune,0.32779097387173395,0.3847980997624703,0.4679334916864608,0.5122723673792557,0.6452889944576405,-0.0831353919239905,0.14014251781472686,0.057007125890736365,0.1844813935075218,0.12747426761678543,C-post-confirmatory-evidence-preserving
replication-family-set,101,appchina,domob,own-domain,234,25,0,90,3.502033475741189,1.9313133173617378,0.6972477064220184,0.5480769230769231,2.5533268507654983,fedavg-finetune,0.358974358974359,0.4017094017094017,0.48717948717948717,0.41025641025641024,0.49572649572649574,-0.08547008547008544,0.1282051282051282,0.04273504273504275,0.051282051282051266,0.008547008547008517,C-post-confirmatory-evidence-preserving
replication-family-set,101,appchina,domob,federation-wide,327,25,0,90,3.502033475741189,1.9313133173617378,0.6972477064220184,0.5480769230769231,2.5533268507654983,fedavg-finetune,0.3119266055045872,0.39143730886850153,0.46788990825688076,0.40061162079510704,0.5076452599388379,-0.07645259938837923,0.1559633027522936,0.07951070336391436,0.08868501529051986,0.009174311926605505,C-post-confirmatory-evidence-preserving
replication-family-set,102,play-early,dnotua,own-domain,604,24,0,243,2.5525487788969548,0.9806747133561668,0.5205479452054794,0.8113207547169812,2.9278706111790336,fedavg-finetune,0.9933774834437086,0.9917218543046358,0.9933774834437086,0.9933774834437086,0.9917218543046358,-0.0016556291390728006,0.0,-0.0016556291390728006,0.0,0.0016556291390728006,C-post-confirmatory-evidence-preserving
replication-family-set,102,play-early,dnotua,federation-wide,644,24,0,243,2.5525487788969548,0.9806747133561668,0.5205479452054794,0.8113207547169812,2.9278706111790336,fedavg-finetune,0.9875776397515528,0.9875776397515528,0.9906832298136646,0.9891304347826086,0.9891304347826086,-0.0031055900621118626,0.0031055900621118626,0.0,0.0015527950310558758,0.0015527950310558758,C-post-confirmatory-evidence-preserving
replication-family-set,102,anzhi,kuguo,own-domain,2699,265,0,768,2.573701099817186,1.8096195304126792,0.5631067961165048,0.7142857142857143,2.5909128435728888,fedavg-finetune,0.5235272323082624,0.44201556131900704,0.40829937013708784,0.5116709892552798,0.41311596887736196,0.03371619118191921,-0.11522786217117453,-0.08151167098925532,-0.011856243052982607,0.06965542793627272,C-post-confirmatory-evidence-preserving
replication-family-set,102,anzhi,kuguo,federation-wide,3477,265,0,768,2.573701099817186,1.8096195304126792,0.5631067961165048,0.7142857142857143,2.5909128435728888,fedavg-finetune,0.5539257981018119,0.4627552487776819,0.43198159332758124,0.5337935001438021,0.42996836353178025,0.03077365545010069,-0.12194420477423062,-0.09117054932412993,-0.02013229795800975,0.07103825136612019,C-post-confirmatory-evidence-preserving
replication-family-set,102,anzhi,smsreg,own-domain,532,226,0,180,2.638805876152219,1.6411627457984768,0.624390243902439,0.48,2.068310162862956,fedavg-finetune,0.5131578947368421,0.5169172932330827,0.5488721804511278,0.6466165413533834,0.5770676691729323,-0.03195488721804518,0.0357142857142857,0.003759398496240518,0.13345864661654128,0.12969924812030076,C-post-confirmatory-evidence-preserving
replication-family-set,102,anzhi,smsreg,federation-wide,1140,226,0,180,2.638805876152219,1.6411627457984768,0.624390243902439,0.48,2.068310162862956,fedavg-finetune,0.3780701754385965,0.40350877192982454,0.42543859649122806,0.4842105263157895,0.49298245614035086,-0.02192982456140352,0.04736842105263156,0.025438596491228038,0.10614035087719298,0.08070175438596494,C-post-confirmatory-evidence-preserving
replication-family-set,102,anzhi,youmi,own-domain,72,188,0,26,2.6275162950313233,1.4901217150532076,0.6818181818181818,0.6190476190476191,2.197549995316792,fedavg-finetune,0.2916666666666667,0.2916666666666667,0.2777777777777778,0.2916666666666667,0.125,0.013888888888888895,-0.013888888888888895,0.0,0.0,0.0,C-post-confirmatory-evidence-preserving
replication-family-set,102,anzhi,youmi,federation-wide,648,188,0,26,2.6275162950313233,1.4901217150532076,0.6818181818181818,0.6190476190476191,2.197549995316792,fedavg-finetune,0.30709876543209874,0.2916666666666667,0.35185185185185186,0.3101851851851852,0.16820987654320987,-0.060185185185185175,0.04475308641975312,-0.015432098765432056,0.0030864197530864335,0.01851851851851849,C-post-confirmatory-evidence-preserving
replication-family-set,102,anzhi,domob,own-domain,109,87,0,19,3.424805642125503,1.6675430140178955,0.7767857142857143,0.5777777777777777,3.022717755906383,fedavg-finetune,0.29357798165137616,0.24770642201834864,0.29357798165137616,0.30275229357798167,0.10091743119266056,-0.045871559633027525,0.0,-0.045871559633027525,0.009174311926605505,0.05504587155963303,C-post-confirmatory-evidence-preserving
replication-family-set,102,anzhi,domob,federation-wide,406,87,0,19,3.424805642125503,1.6675430140178955,0.7767857142857143,0.5777777777777777,3.022717755906383,fedavg-finetune,0.3522167487684729,0.33251231527093594,0.41133004926108374,0.42610837438423643,0.14532019704433496,-0.0788177339901478,0.05911330049261082,-0.019704433497536977,0.07389162561576351,0.09359605911330049,C-post-confirmatory-evidence-preserving
replication-family-set,102,anzhi,utchi,own-domain,129,40,0,29,3.774058788065424,3.004807879197262,0.46808510638297873,0.8064516129032258,3.574937202892381,fedavg-finetune,0.0,0.0,0.0,0.0,0.0,0.0,0.0,0.0,0.0,0.0,C-post-confirmatory-evidence-preserving
replication-family-set,102,anzhi,utchi,federation-wide,760,40,0,29,3.774058788065424,3.004807879197262,0.46808510638297873,0.8064516129032258,3.574937202892381,fedavg-finetune,0.0,0.0,0.0,0.0,0.0,0.0,0.0,0.0,0.0,0.0,C-post-confirmatory-evidence-preserving
replication-family-set,102,appchina,inmobi,own-domain,39,107,0,10,7.726011562981036,6.376686640807095,0.45320197044334976,0.2608695652173913,6.986911419785452,fedavg-finetune,0.6923076923076923,0.8974358974358975,0.7692307692307693,0.9487179487179487,0.8205128205128205,0.1282051282051282,0.07692307692307698,0.20512820512820518,0.2564102564102564,0.05128205128205121,C-post-confirmatory-evidence-preserving
replication-family-set,102,appchina,inmobi,federation-wide,541,107,0,10,7.726011562981036,6.376686640807095,0.45320197044334976,0.2608695652173913,6.986911419785452,fedavg-finetune,0.4066543438077634,0.8188539741219963,0.4953789279112754,0.8650646950092421,0.49722735674676527,0.32347504621072093,0.08872458410351203,0.41219963031423296,0.4584103512014787,0.04621072088724576,C-post-confirmatory-evidence-preserving
replication-family-set,102,appchina,zdtad,own-domain,1,185,0,7,2.7667013025950347,2.0319681262487403,0.550561797752809,0.6351351351351351,2.634174656251184,fedavg-finetune,1.0,1.0,1.0,1.0,0.0,0.0,0.0,0.0,0.0,0.0,C-post-confirmatory-evidence-preserving
replication-family-set,102,appchina,zdtad,federation-wide,407,185,0,7,2.7667013025950347,2.0319681262487403,0.550561797752809,0.6351351351351351,2.634174656251184,fedavg-finetune,0.742014742014742,0.7444717444717445,0.742014742014742,0.7592137592137592,0.85995085995086,0.002457002457002422,0.0,0.002457002457002422,0.017199017199017175,0.014742014742014753,C-post-confirmatory-evidence-preserving
replication-family-set,103,play-early,kuguo,own-domain,14,1100,0,2,3.6499363389719495,2.0511084527628514,0.47244094488188976,0.6103896103896104,3.437172033775028,fedavg-finetune,0.6428571428571429,0.7857142857142857,0.7142857142857143,0.8571428571428571,0.9285714285714286,0.0714285714285714,0.0714285714285714,0.1428571428571428,0.2142857142857142,0.0714285714285714,C-post-confirmatory-evidence-preserving
replication-family-set,103,play-early,kuguo,federation-wide,3474,1100,0,2,3.6499363389719495,2.0511084527628514,0.47244094488188976,0.6103896103896104,3.437172033775028,fedavg-finetune,0.5739781232009211,0.8189407023603915,0.6658031088082902,0.7806563039723662,0.9781232009211284,0.15313759355210133,0.09182498560736907,0.2449625791594704,0.20667818077144506,-0.03828439838802533,C-post-confirmatory-evidence-preserving
replication-family-set,103,play-early,youmi,own-domain,31,198,0,4,3.1771391373977953,1.7140119967990761,0.6422018348623854,0.6428571428571429,3.1377107450383974,fedavg-finetune,0.5483870967741935,0.7096774193548387,0.6774193548387096,0.6774193548387096,0.8064516129032258,0.032258064516129115,0.12903225806451613,0.16129032258064524,0.12903225806451613,-0.032258064516129115,C-post-confirmatory-evidence-preserving
replication-family-set,103,play-early,youmi,federation-wide,703,198,0,4,3.1771391373977953,1.7140119967990761,0.6422018348623854,0.6428571428571429,3.1377107450383974,fedavg-finetune,0.5590327169274538,0.7467994310099573,0.604551920341394,0.7695590327169275,0.9345661450924608,0.14224751066856323,0.045519203413940224,0.18776671408250345,0.21052631578947367,0.022759601706970223,C-post-confirmatory-evidence-preserving
replication-family-set,103,play-late,smsreg,own-domain,16,408,0,2,4.079506928264243,3.71916057984067,0.34615384615384615,0.5144927536231884,5.619614715276916,fedavg-finetune,0.125,0.25,0.3125,0.3125,0.3125,-0.0625,0.1875,0.125,0.1875,0.0625,C-post-confirmatory-evidence-preserving
replication-family-set,103,play-late,smsreg,federation-wide,1328,408,0,2,4.079506928264243,3.71916057984067,0.34615384615384615,0.5144927536231884,5.619614715276916,fedavg-finetune,0.7740963855421686,0.8426204819277109,0.7853915662650602,0.8396084337349398,0.9578313253012049,0.05722891566265065,0.011295180722891596,0.06852409638554224,0.06551204819277112,-0.003012048192771122,C-post-confirmatory-evidence-preserving
replication-family-set,103,anzhi,domob,own-domain,121,95,0,22,3.182718706837439,1.68910603403019,0.7857142857142857,0.5888888888888889,3.0336520846721093,fedavg-finetune,0.19008264462809918,0.2231404958677686,0.4462809917355372,0.2809917355371901,0.5702479338842975,-0.2231404958677686,0.25619834710743805,0.03305785123966942,0.09090909090909091,0.05785123966942149,C-post-confirmatory-evidence-preserving
replication-family-set,103,anzhi,domob,federation-wide,432,95,0,22,3.182718706837439,1.68910603403019,0.7857142857142857,0.5888888888888889,3.0336520846721093,fedavg-finetune,0.25925925925925924,0.29398148148148145,0.41898148148148145,0.375,0.49074074074074076,-0.125,0.1597222222222222,0.03472222222222221,0.11574074074074076,0.08101851851851855,C-post-confirmatory-evidence-preserving
replication-family-set,103,appchina,dnotua,own-domain,4,237,0,2,5.021001799865017,4.4546289130379115,0.21,0.30434782608695654,4.273964494813426,fedavg-finetune,0.75,0.5,0.75,0.5,0.75,-0.25,0.0,-0.25,-0.25,0.0,C-post-confirmatory-evidence-preserving
replication-family-set,103,appchina,dnotua,federation-wide,89,237,0,2,5.021001799865017,4.4546289130379115,0.21,0.30434782608695654,4.273964494813426,fedavg-finetune,0.1348314606741573,0.19101123595505617,0.20224719101123595,0.15730337078651685,0.14606741573033707,-0.011235955056179775,0.06741573033707865,0.056179775280898875,0.02247191011235955,-0.033707865168539325,C-post-confirmatory-evidence-preserving
replication-family-set,103,appchina,inmobi,own-domain,21,96,0,12,7.641551108252443,6.294968159792891,0.4577114427860697,0.2597402597402597,6.879771181852549,fedavg-finetune,0.42857142857142855,0.8095238095238095,0.2857142857142857,0.8571428571428571,0.6666666666666666,0.5238095238095238,-0.14285714285714285,0.380952380952381,0.42857142857142855,0.04761904761904756,C-post-confirmatory-evidence-preserving
replication-family-set,103,appchina,inmobi,federation-wide,535,96,0,12,7.641551108252443,6.294968159792891,0.4577114427860697,0.2597402597402597,6.879771181852549,fedavg-finetune,0.41495327102803736,0.8897196261682243,0.6261682242990654,0.8953271028037383,0.7813084112149533,0.26355140186915893,0.21121495327102802,0.47476635514018695,0.4803738317757009,0.005607476635513975,C-post-confirmatory-evidence-preserving
replication-family-set,103,appchina,zdtad,own-domain,6,161,0,4,2.7385666232928516,1.9366770537142972,0.5576923076923077,0.5974025974025974,2.61408966670953,fedavg-finetune,0.5,0.5,0.6666666666666666,0.5,0.5,-0.16666666666666663,0.16666666666666663,0.0,0.0,0.0,C-post-confirmatory-evidence-preserving
replication-family-set,103,appchina,zdtad,federation-wide,587,161,0,4,2.7385666232928516,1.9366770537142972,0.5576923076923077,0.5974025974025974,2.61408966670953,fedavg-finetune,0.8364565587734242,0.7291311754684838,0.8228279386712095,0.7189097103918228,0.8347529812606473,-0.09369676320272569,-0.013628620102214661,-0.10732538330494035,-0.11754684838160134,-0.010221465076660996,C-post-confirmatory-evidence-preserving
replication-family-set,104,play-early,dnotua,own-domain,20,23,0,250,2.641162273055526,0.7445594673493441,0.75,1.0,3.212114567150064,fedavg-finetune,0.65,0.75,0.8,0.75,0.7,-0.050000000000000044,0.15000000000000002,0.09999999999999998,0.09999999999999998,0.0,C-post-confirmatory-evidence-preserving
replication-family-set,104,play-early,dnotua,federation-wide,92,23,0,250,2.641162273055526,0.7445594673493441,0.75,1.0,3.212114567150064,fedavg-finetune,0.32608695652173914,0.358695652173913,0.3804347826086957,0.3804347826086957,0.34782608695652173,-0.02173913043478265,0.05434782608695654,0.03260869565217389,0.05434782608695654,0.02173913043478265,C-post-confirmatory-evidence-preserving
replication-family-set,104,play-early,domob,own-domain,17,155,0,1,3.637661244633531,2.33575319864663,0.67,0.654320987654321,3.76191206213624,fedavg-finetune,0.47058823529411764,0.8823529411764706,0.7058823529411765,0.8235294117647058,0.8235294117647058,0.17647058823529405,0.23529411764705888,0.4117647058823529,0.3529411764705882,-0.05882352941176472,C-post-confirmatory-evidence-preserving
replication-family-set,104,play-early,domob,federation-wide,404,155,0,1,3.637661244633531,2.33575319864663,0.67,0.654320987654321,3.76191206213624,fedavg-finetune,0.8935643564356436,0.8762376237623762,0.7722772277227723,0.9653465346534653,0.9257425742574258,0.10396039603960394,-0.12128712871287128,-0.017326732673267342,0.07178217821782173,0.08910891089108908,C-post-confirmatory-evidence-preserving
replication-family-set,104,play-late,inmobi,own-domain,28,97,0,1,7.206480614278623,5.87235594310807,0.5989304812834224,0.47058823529411764,7.406288833658654,fedavg-finetune,0.17857142857142858,1.0,0.8571428571428571,1.0,1.0,0.1428571428571429,0.6785714285714285,0.8214285714285714,0.8214285714285714,0.0,C-post-confirmatory-evidence-preserving
replication-family-set,104,play-late,inmobi,federation-wide,1089,97,0,1,7.206480614278623,5.87235594310807,0.5989304812834224,0.47058823529411764,7.406288833658654,fedavg-finetune,0.10927456382001836,0.967860422405877,0.7089072543617998,0.9696969696969697,0.992653810835629,0.2589531680440772,0.5996326905417815,0.8585858585858587,0.8604224058769514,0.0018365472910927272,C-post-confirmatory-evidence-preserving
replication-family-set,104,anzhi,smsreg,own-domain,572,214,0,174,2.4678613237142137,1.5463763744172334,0.6792452830188679,0.5067567567567568,1.8982644692553374,fedavg-finetune,0.3356643356643357,0.3129370629370629,0.2692307692307692,0.3094405594405594,0.42132867132867136,0.0437062937062937,-0.06643356643356646,-0.022727272727272763,-0.02622377622377625,-0.003496503496503489,C-post-confirmatory-evidence-preserving
replication-family-set,104,anzhi,smsreg,federation-wide,1368,214,0,174,2.4678613237142137,1.5463763744172334,0.6792452830188679,0.5067567567567568,1.8982644692553374,fedavg-finetune,0.2046783625730994,0.3230994152046784,0.29312865497076024,0.32383040935672514,0.4466374269005848,0.029970760233918148,0.08845029239766083,0.11842105263157898,0.11915204678362573,0.0007309941520467489,C-post-confirmatory-evidence-preserving
replication-family-set,104,anzhi,youmi,own-domain,110,186,0,39,2.4398527276152997,1.6071617571810064,0.6923076923076923,0.6190476190476191,2.17292347767861,fedavg-finetune,0.22727272727272727,0.2909090909090909,0.2636363636363636,0.2545454545454545,0.20909090909090908,0.027272727272727282,0.03636363636363635,0.06363636363636363,0.027272727272727254,-0.036363636363636376,C-post-confirmatory-evidence-preserving
replication-family-set,104,anzhi,youmi,federation-wide,714,186,0,39,2.4398527276152997,1.6071617571810064,0.6923076923076923,0.6190476190476191,2.17292347767861,fedavg-finetune,0.24369747899159663,0.3235294117647059,0.28711484593837533,0.27871148459383754,0.20028011204481794,0.03641456582633057,0.043417366946778696,0.07983193277310927,0.03501400560224091,-0.044817927170868355,C-post-confirmatory-evidence-preserving
replication-family-set,104,appchina,kuguo,own-domain,601,794,0,289,2.6938254439089784,1.195997696128466,0.5483870967741935,0.6375,2.055246035431259,fedavg-finetune,0.6023294509151415,0.5357737104825291,0.5956738768718802,0.30615640599001664,0.502495840266223,-0.05990016638935114,-0.006655574043261225,-0.06655574043261236,-0.2961730449251248,-0.22961730449251244,C-post-confirmatory-evidence-preserving
replication-family-set,104,appchina,kuguo,federation-wide,3624,794,0,289,2.6938254439089784,1.195997696128466,0.5483870967741935,0.6375,2.055246035431259,fedavg-finetune,0.5057947019867549,0.45612582781456956,0.4817880794701987,0.23399558498896247,0.5317328918322296,-0.02566225165562913,-0.02400662251655622,-0.04966887417218535,-0.27179911699779247,-0.2221302428256071,C-post-confirmatory-evidence-preserving
replication-family-set,105,play-early,smsreg,own-domain,64,435,0,5,4.188066247357669,2.5286015156710127,0.47115384615384615,0.363013698630137,3.9895065060433548,fedavg-finetune,0.328125,0.28125,0.296875,0.296875,0.375,-0.015625,-0.03125,-0.046875,-0.03125,0.015625,C-post-confirmatory-evidence-preserving
replication-family-set,105,play-early,smsreg,federation-wide,1357,435,0,5,4.188066247357669,2.5286015156710127,0.47115384615384615,0.363013698630137,3.9895065060433548,fedavg-finetune,0.5880619012527635,0.7030213706705969,0.5541635961680177,0.6875460574797347,0.8577745025792188,0.1488577745025792,-0.03389830508474578,0.11495946941783342,0.09948415622697127,-0.01547531319086215,C-post-confirmatory-evidence-preserving
replication-family-set,105,play-early,domob,own-domain,11,134,0,2,3.7811014732738495,2.184904892795592,0.7264150943396226,0.6022727272727273,3.7780915058124247,fedavg-finetune,1.0,0.9090909090909091,0.8181818181818182,0.9090909090909091,0.9090909090909091,0.09090909090909083,-0.18181818181818177,-0.09090909090909094,-0.09090909090909094,0.0,C-post-confirmatory-evidence-preserving
replication-family-set,105,play-early,domob,federation-wide,375,134,0,2,3.7811014732738495,2.184904892795592,0.7264150943396226,0.6022727272727273,3.7780915058124247,fedavg-finetune,0.9386666666666666,0.9786666666666667,0.728,0.984,0.928,0.2506666666666667,-0.21066666666666667,0.040000000000000036,0.04533333333333334,0.005333333333333301,C-post-confirmatory-evidence-preserving
replication-family-set,105,play-late,inmobi,own-domain,19,104,0,4,6.9994124525827415,5.60718484907298,0.5358851674641149,0.4807692307692308,7.30304817306299,fedavg-finetune,0.8421052631578947,0.8421052631578947,0.7894736842105263,0.8947368421052632,0.8947368421052632,0.05263157894736836,-0.05263157894736836,0.0,0.052631578947368474,0.052631578947368474,C-post-confirmatory-evidence-preserving
replication-family-set,105,play-late,inmobi,federation-wide,629,104,0,4,6.9994124525827415,5.60718484907298,0.5358851674641149,0.4807692307692308,7.30304817306299,fedavg-finetune,0.7011128775834659,0.9141494435612083,0.863275039745628,0.9364069952305246,0.9809220985691574,0.05087440381558028,0.16216216216216217,0.21303656597774245,0.23529411764705876,0.02225755166931631,C-post-confirmatory-evidence-preserving
replication-family-set,105,anzhi,kuguo,own-domain,2879,284,0,817,2.601839478218345,1.8658384383873563,0.6105263157894737,0.7301587301587301,2.638418873569413,fedavg-finetune,0.671761028134769,0.5741576936436262,0.5936088919763807,0.6592566863494269,0.7130948245918721,-0.019451198332754438,-0.07815213615838834,-0.09760333449114278,-0.012504341785342099,0.08509899270580068,C-post-confirmatory-evidence-preserving
replication-family-set,105,anzhi,kuguo,federation-wide,3848,284,0,817,2.601839478218345,1.8658384383873563,0.6105263157894737,0.7301587301587301,2.638418873569413,fedavg-finetune,0.6632016632016632,0.566008316008316,0.5849792099792099,0.6252598752598753,0.7182952182952183,-0.01897089397089391,-0.07822245322245325,-0.09719334719334716,-0.03794178794178793,0.05925155925155923,C-post-confirmatory-evidence-preserving
replication-family-set,105,anzhi,youmi,own-domain,109,173,0,23,2.5949112304379622,1.5159586657769728,0.6952380952380952,0.6024096385542169,2.389260534661219,fedavg-finetune,0.3486238532110092,0.3761467889908257,0.30275229357798167,0.30275229357798167,0.29357798165137616,0.07339449541284404,-0.045871559633027525,0.027522935779816515,-0.045871559633027525,-0.07339449541284404,C-post-confirmatory-evidence-preserving
replication-family-set,105,anzhi,youmi,federation-wide,757,173,0,23,2.5949112304379622,1.5159586657769728,0.6952380952380952,0.6024096385542169,2.389260534661219,fedavg-finetune,0.34346103038309117,0.34346103038309117,0.29326287978863935,0.27080581241743723,0.29590488771466317,0.05019815059445182,-0.05019815059445182,0.0,-0.07265521796565394,-0.07265521796565394,C-post-confirmatory-evidence-preserving
replication-family-set,105,anzhi,utchi,own-domain,306,62,0,15,3.7958076592345757,3.037259316638986,0.4594594594594595,0.8214285714285714,3.945792517114488,fedavg-finetune,0.006535947712418301,0.006535947712418301,0.006535947712418301,0.006535947712418301,0.8790849673202614,0.0,0.0,0.0,0.0,0.0,C-post-confirmatory-evidence-preserving
replication-family-set,105,anzhi,utchi,federation-wide,584,62,0,15,3.7958076592345757,3.037259316638986,0.4594594594594595,0.8214285714285714,3.945792517114488,fedavg-finetune,0.003424657534246575,0.030821917808219176,0.003424657534246575,0.030821917808219176,0.6455479452054794,0.0273972602739726,0.0,0.0273972602739726,0.0273972602739726,0.0,C-post-confirmatory-evidence-preserving
replication-family-set,105,appchina,dnotua,own-domain,2,270,0,1,4.97233532841229,4.3693601068703565,0.1827956989247312,0.30434782608695654,4.188168255982031,fedavg-finetune,1.0,0.5,1.0,0.5,0.5,-0.5,0.0,-0.5,-0.5,0.0,C-post-confirmatory-evidence-preserving
replication-family-set,105,appchina,dnotua,federation-wide,50,270,0,1,4.97233532841229,4.3693601068703565,0.1827956989247312,0.30434782608695654,4.188168255982031,fedavg-finetune,0.3,0.38,0.52,0.32,0.44,-0.14,0.22000000000000003,0.08000000000000002,0.020000000000000018,-0.06,C-post-confirmatory-evidence-preserving
replication-family-set,105,appchina,zdtad,own-domain,6,174,0,3,2.75389497607444,2.018912435668336,0.5285714285714286,0.5949367088607594,2.6016824465398924,fedavg-finetune,0.5,0.6666666666666666,0.5,0.5,0.8333333333333334,0.16666666666666663,0.0,0.16666666666666663,0.0,-0.16666666666666663,C-post-confirmatory-evidence-preserving
replication-family-set,105,appchina,zdtad,federation-wide,678,174,0,3,2.75389497607444,2.018912435668336,0.5285714285714286,0.5949367088607594,2.6016824465398924,fedavg-finetune,0.855457227138643,0.8200589970501475,0.8023598820058997,0.7743362831858407,0.9380530973451328,0.017699115044247815,-0.053097345132743334,-0.03539823008849552,-0.08112094395280234,-0.04572271386430682,C-post-confirmatory-evidence-preserving
replication-family-set,106,play-early,dnotua,own-domain,29,14,0,260,2.7534074467055185,0.8118476196691168,0.7333333333333333,1.0,3.2399303885770925,fedavg-finetune,0.6896551724137931,0.6206896551724138,0.6206896551724138,0.6896551724137931,0.7241379310344828,0.0,-0.06896551724137934,-0.06896551724137934,0.0,0.06896551724137934,C-post-confirmatory-evidence-preserving
replication-family-set,106,play-early,dnotua,federation-wide,53,14,0,260,2.7534074467055185,0.8118476196691168,0.7333333333333333,1.0,3.2399303885770925,fedavg-finetune,0.6415094339622641,0.6226415094339622,0.6037735849056604,0.6415094339622641,0.660377358490566,0.018867924528301883,-0.037735849056603765,-0.018867924528301883,0.0,0.018867924528301883,C-post-confirmatory-evidence-preserving
replication-family-set,106,play-late,smsreg,own-domain,17,365,0,0,4.151588100064416,3.941903043894378,0.2992957746478873,0.49242424242424243,5.612593534135643,fedavg-finetune,0.4117647058823529,0.29411764705882354,0.35294117647058826,0.29411764705882354,0.5294117647058824,-0.05882352941176472,-0.05882352941176466,-0.11764705882352938,-0.11764705882352938,0.0,C-post-confirmatory-evidence-preserving
replication-family-set,106,play-late,smsreg,federation-wide,1193,365,0,0,4.151588100064416,3.941903043894378,0.2992957746478873,0.49242424242424243,5.612593534135643,fedavg-finetune,0.7845766974015088,0.8826487845766974,0.8038558256496228,0.8616932103939648,0.950544844928751,0.07879295892707461,0.019279128248113953,0.09807208717518856,0.07711651299245603,-0.020955574182732528,C-post-confirmatory-evidence-preserving
replication-family-set,106,anzhi,youmi,own-domain,87,184,0,28,2.382273522794909,1.3810562165066627,0.7037037037037037,0.6547619047619048,2.080505579016208,fedavg-finetune,0.22988505747126436,0.20689655172413793,0.20689655172413793,0.22988505747126436,0.14942528735632185,0.0,-0.022988505747126436,-0.022988505747126436,0.0,0.022988505747126436,C-post-confirmatory-evidence-preserving
replication-family-set,106,anzhi,youmi,federation-wide,683,184,0,28,2.382273522794909,1.3810562165066627,0.7037037037037037,0.6547619047619048,2.080505579016208,fedavg-finetune,0.2635431918008785,0.23865300146412885,0.2445095168374817,0.2635431918008785,0.13323572474377746,-0.005856515373352855,-0.01903367496339678,-0.024890190336749635,0.0,0.024890190336749635,C-post-confirmatory-evidence-preserving
replication-family-set,106,anzhi,domob,own-domain,87,91,0,40,3.170898308607723,1.6312190957790247,0.7410714285714286,0.6153846153846154,2.8413783593506836,fedavg-finetune,0.2413793103448276,0.39080459770114945,0.3793103448275862,0.47126436781609193,0.27586206896551724,0.01149425287356326,0.1379310344827586,0.14942528735632185,0.22988505747126434,0.08045977011494249,C-post-confirmatory-evidence-preserving
replication-family-set,106,anzhi,domob,federation-wide,401,91,0,40,3.170898308607723,1.6312190957790247,0.7410714285714286,0.6153846153846154,2.8413783593506836,fedavg-finetune,0.2892768079800499,0.4164588528678304,0.39900249376558605,0.47381546134663344,0.18204488778054864,0.017456359102244356,0.10972568578553615,0.1271820448877805,0.18453865336658354,0.05735660847880303,C-post-confirmatory-evidence-preserving
replication-family-set,106,appchina,kuguo,own-domain,1023,821,0,223,2.8060198885066554,1.2805757140100635,0.5288461538461539,0.620253164556962,2.0582439830780497,fedavg-finetune,0.3734115347018573,0.19257086999022482,0.23460410557184752,0.22287390029325513,0.38025415444770283,-0.0420332355816227,-0.13880742913000976,-0.18084066471163246,-0.15053763440860216,0.030303030303030304,C-post-confirmatory-evidence-preserving
replication-family-set,106,appchina,kuguo,federation-wide,4138,821,0,223,2.8060198885066554,1.2805757140100635,0.5288461538461539,0.620253164556962,2.0582439830780497,fedavg-finetune,0.4598840019333011,0.35645239246012567,0.34243595940067667,0.33518608023199614,0.5785403576607057,0.014016433059448996,-0.11744804253262442,-0.10343160947317542,-0.12469792170130495,-0.021266312228129525,C-post-confirmatory-evidence-preserving
replication-family-set,106,appchina,inmobi,own-domain,23,46,0,6,7.0806474297226485,5.439742244848056,0.4765957446808511,0.21890547263681592,6.2165581554124865,fedavg-finetune,0.13043478260869565,0.5217391304347826,0.43478260869565216,0.5217391304347826,0.4782608695652174,0.08695652173913043,0.30434782608695654,0.3913043478260869,0.3913043478260869,0.0,C-post-confirmatory-evidence-preserving
replication-family-set,106,appchina,inmobi,federation-wide,511,46,0,6,7.0806474297226485,5.439742244848056,0.4765957446808511,0.21890547263681592,6.2165581554124865,fedavg-finetune,0.48140900195694714,0.7123287671232876,0.735812133072407,0.7436399217221135,0.7103718199608611,-0.023483365949119372,0.25440313111545987,0.2309197651663405,0.2622309197651663,0.03131115459882583,C-post-confirmatory-evidence-preserving
replication-family-set,106,appchina,zdtad,own-domain,2,149,0,3,2.8517117112403403,2.03722477456301,0.55,0.6,2.6119558314715787,fedavg-finetune,1.0,0.5,0.5,0.0,1.0,0.0,-0.5,-0.5,-1.0,-0.5,C-post-confirmatory-evidence-preserving
replication-family-set,106,appchina,zdtad,federation-wide,495,149,0,3,2.8517117112403403,2.03722477456301,0.55,0.6,2.6119558314715787,fedavg-finetune,0.7575757575757576,0.705050505050505,0.6606060606060606,0.6484848484848484,0.7858585858585858,0.0444444444444444,-0.09696969696969693,-0.05252525252525253,-0.10909090909090913,-0.0565656565656566,C-post-confirmatory-evidence-preserving
replication-family-set,106,appchina,utchi,own-domain,82,12,0,69,4.070927597062206,3.1755179081706135,0.4166666666666667,0.8333333333333334,3.405775264204841,fedavg-finetune,0.1951219512195122,0.1951219512195122,0.0,0.1951219512195122,0.7560975609756098,0.1951219512195122,-0.1951219512195122,0.0,0.0,0.0,C-post-confirmatory-evidence-preserving
replication-family-set,106,appchina,utchi,federation-wide,354,12,0,69,4.070927597062206,3.1755179081706135,0.4166666666666667,0.8333333333333334,3.405775264204841,fedavg-finetune,0.04519774011299435,0.04519774011299435,0.0,0.04519774011299435,0.9293785310734464,0.04519774011299435,-0.04519774011299435,0.0,0.0,0.0,C-post-confirmatory-evidence-preserving
replication-family-set,107,play-early,kuguo,own-domain,15,1072,0,1,3.358539632957161,2.300923877835163,0.48091603053435117,0.6410256410256411,3.382549598366596,fedavg-finetune,0.9333333333333333,0.9333333333333333,0.9333333333333333,0.9333333333333333,0.9333333333333333,0.0,0.0,0.0,0.0,0.0,C-post-confirmatory-evidence-preserving
replication-family-set,107,play-early,kuguo,federation-wide,3302,1072,0,1,3.358539632957161,2.300923877835163,0.48091603053435117,0.6410256410256411,3.382549598366596,fedavg-finetune,0.696244700181708,0.8525136281041793,0.8052695336159903,0.8458509993943065,0.9936402180496668,0.047244094488189003,0.10902483343428226,0.15626892792247127,0.1496062992125985,-0.0066626287098727754,C-post-confirmatory-evidence-preserving
replication-family-set,107,play-early,dnotua,own-domain,610,11,0,272,2.5255749949512354,0.9579702318308215,0.578125,0.8,3.020331923997043,fedavg-finetune,0.9131147540983606,0.9868852459016394,0.9885245901639345,0.9901639344262295,0.9852459016393442,-0.0016393442622950616,0.07540983606557383,0.07377049180327877,0.0770491803278689,0.003278688524590123,C-post-confirmatory-evidence-preserving
replication-family-set,107,play-early,dnotua,federation-wide,650,11,0,272,2.5255749949512354,0.9579702318308215,0.578125,0.8,3.020331923997043,fedavg-finetune,0.9,0.9815384615384616,0.98,0.9815384615384616,0.98,0.0015384615384615996,0.07999999999999996,0.08153846153846156,0.08153846153846156,0.0,C-post-confirmatory-evidence-preserving
replication-family-set,107,play-early,inmobi,own-domain,378,13,0,77,5.394316789702376,3.4838285857596656,0.6,0.5755813953488372,5.503678803301722,fedavg-finetune,0.6640211640211641,0.7433862433862434,0.7142857142857143,0.9021164021164021,0.9206349206349206,0.02910052910052907,0.050264550264550234,0.0793650793650793,0.23809523809523803,0.15873015873015872,C-post-confirmatory-evidence-preserving
replication-family-set,107,play-early,inmobi,federation-wide,428,13,0,77,5.394316789702376,3.4838285857596656,0.6,0.5755813953488372,5.503678803301722,fedavg-finetune,0.6448598130841121,0.7266355140186916,0.6985981308411215,0.897196261682243,0.9182242990654206,0.028037383177570097,0.053738317757009435,0.08177570093457953,0.25233644859813087,0.17056074766355134,C-post-confirmatory-evidence-preserving
replication-family-set,107,play-early,domob,own-domain,16,128,0,2,3.5964438252749713,2.1893568696726096,0.6857142857142857,0.6705882352941176,3.774603777342803,fedavg-finetune,0.75,0.8125,0.75,0.9375,0.8125,0.0625,0.0,0.0625,0.1875,0.125,C-post-confirmatory-evidence-preserving
replication-family-set,107,play-early,domob,federation-wide,421,128,0,2,3.5964438252749713,2.1893568696726096,0.6857142857142857,0.6705882352941176,3.774603777342803,fedavg-finetune,0.9382422802850356,0.9453681710213777,0.8717339667458432,0.9619952494061758,0.9501187648456056,0.07363420427553447,-0.0665083135391924,0.0071258907363420665,0.02375296912114011,0.016627078384798044,C-post-confirmatory-evidence-preserving
replication-family-set,107,play-late,smsreg,own-domain,16,330,0,3,3.867309750163968,3.8703441665791014,0.3511450381679389,0.49264705882352944,5.603643628200814,fedavg-finetune,0.6875,0.5625,0.375,0.5,0.375,0.1875,-0.3125,-0.125,-0.1875,-0.0625,C-post-confirmatory-evidence-preserving
replication-family-set,107,play-late,smsreg,federation-wide,1164,330,0,3,3.867309750163968,3.8703441665791014,0.3511450381679389,0.49264705882352944,5.603643628200814,fedavg-finetune,0.9347079037800687,0.9286941580756014,0.7783505154639175,0.9089347079037801,0.9458762886597938,0.15034364261168387,-0.1563573883161512,-0.006013745704467333,-0.02577319587628868,-0.019759450171821347,C-post-confirmatory-evidence-preserving
replication-family-set,107,appchina,youmi,own-domain,492,28,0,150,2.71739105497095,1.5950373927943473,0.7053571428571429,0.5673076923076923,1.5187104292703901,fedavg-finetune,0.3353658536585366,0.19308943089430894,0.22967479674796748,0.25203252032520324,0.31097560975609756,-0.03658536585365854,-0.10569105691056913,-0.14227642276422767,-0.08333333333333337,0.0589430894308943,C-post-confirmatory-evidence-preserving
replication-family-set,107,appchina,youmi,federation-wide,635,28,0,150,2.71739105497095,1.5950373927943473,0.7053571428571429,0.5673076923076923,1.5187104292703901,fedavg-finetune,0.33858267716535434,0.1968503937007874,0.23307086614173228,0.2614173228346457,0.32598425196850395,-0.03622047244094487,-0.10551181102362206,-0.14173228346456693,-0.07716535433070865,0.06456692913385828,C-post-confirmatory-evidence-preserving
replication-family-set,107,appchina,zdtad,own-domain,6,153,0,2,2.8275685879639805,2.0194725607319195,0.5212765957446809,0.6216216216216216,2.637779089325536,fedavg-finetune,0.8333333333333334,0.5,0.6666666666666666,0.5,0.5,-0.16666666666666663,-0.16666666666666674,-0.33333333333333337,-0.33333333333333337,0.0,C-post-confirmatory-evidence-preserving
replication-family-set,107,appchina,zdtad,federation-wide,461,153,0,2,2.8275685879639805,2.0194725607319195,0.5212765957446809,0.6216216216216216,2.637779089325536,fedavg-finetune,0.720173535791757,0.6399132321041214,0.7158351409978309,0.6095444685466378,0.9240780911062907,-0.07592190889370942,-0.00433839479392617,-0.08026030368763559,-0.11062906724511923,-0.030368763557483636,C-post-confirmatory-evidence-preserving
replication-family-set,108,play-early,domob,own-domain,16,123,0,0,3.778316115790302,2.200072704805804,0.6981132075471698,0.6375,3.7837778377096636,fedavg-finetune,0.75,0.6875,0.8125,0.6875,0.875,-0.125,0.0625,-0.0625,-0.0625,0.0,C-post-confirmatory-evidence-preserving
replication-family-set,108,play-early,domob,federation-wide,451,123,0,0,3.778316115790302,2.200072704805804,0.6981132075471698,0.6375,3.7837778377096636,fedavg-finetune,0.9312638580931264,0.8514412416851441,0.7627494456762749,0.8669623059866962,0.8580931263858093,0.08869179600886923,-0.1685144124168515,-0.07982261640798227,-0.06430155210643018,0.01552106430155209,C-post-confirmatory-evidence-preserving
replication-family-set,108,play-late,smsreg,own-domain,16,409,0,2,3.9209381274304524,3.9657716892399675,0.3181818181818182,0.5038167938931297,5.559748062510746,fedavg-finetune,0.4375,0.5625,0.5,0.6875,0.5,0.0625,0.0625,0.125,0.25,0.125,C-post-confirmatory-evidence-preserving
replication-family-set,108,play-late,smsreg,federation-wide,1263,409,0,2,3.9209381274304524,3.9657716892399675,0.3181818181818182,0.5038167938931297,5.559748062510746,fedavg-finetune,0.889944576405384,0.9073634204275535,0.8052256532066508,0.8986539984164688,0.9675376088677752,0.10213776722090262,-0.0847189231987332,0.017418844022169422,0.008709422011084711,-0.008709422011084711,C-post-confirmatory-evidence-preserving
replication-family-set,108,anzhi,dnotua,own-domain,16,283,0,1,4.971660635822575,4.6269243207223605,0.14893617021276595,0.30434782608695654,5.232713921820939,fedavg-finetune,0.3125,0.25,0.25,0.25,0.375,0.0,-0.0625,-0.0625,-0.0625,0.0,C-post-confirmatory-evidence-preserving
replication-family-set,108,anzhi,dnotua,federation-wide,101,283,0,1,4.971660635822575,4.6269243207223605,0.14893617021276595,0.30434782608695654,5.232713921820939,fedavg-finetune,0.16831683168316833,0.18811881188118812,0.18811881188118812,0.15841584158415842,0.1782178217821782,0.0,0.019801980198019792,0.019801980198019792,-0.00990099009900991,-0.0297029702970297,C-post-confirmatory-evidence-preserving
replication-family-set,108,anzhi,youmi,own-domain,104,191,0,24,2.4011964866180042,1.424342029685442,0.8202247191011236,0.6219512195121951,2.3667493125703722,fedavg-finetune,0.4423076923076923,0.3942307692307692,0.38461538461538464,0.4230769230769231,0.3269230769230769,0.009615384615384581,-0.057692307692307654,-0.04807692307692307,-0.019230769230769218,0.028846153846153855,C-post-confirmatory-evidence-preserving
replication-family-set,108,anzhi,youmi,federation-wide,624,191,0,24,2.4011964866180042,1.424342029685442,0.8202247191011236,0.6219512195121951,2.3667493125703722,fedavg-finetune,0.36538461538461536,0.39903846153846156,0.33814102564102566,0.4310897435897436,0.27724358974358976,0.0608974358974359,-0.027243589743589702,0.0336538461538462,0.06570512820512825,0.03205128205128205,C-post-confirmatory-evidence-preserving
replication-family-set,108,anzhi,utchi,own-domain,321,90,0,12,3.708831646421228,2.95303622678315,0.5384615384615384,0.7931034482758621,3.953793226649357,fedavg-finetune,0.0,0.0,0.0,0.0,1.0,0.0,0.0,0.0,0.0,0.0,C-post-confirmatory-evidence-preserving
replication-family-set,108,anzhi,utchi,federation-wide,592,90,0,12,3.708831646421228,2.95303622678315,0.5384615384615384,0.7931034482758621,3.953793226649357,fedavg-finetune,0.0,0.0,0.0,0.0777027027027027,1.0,0.0,0.0,0.0,0.0777027027027027,0.0777027027027027,C-post-confirmatory-evidence-preserving
replication-family-set,108,appchina,kuguo,own-domain,732,899,0,316,2.6938507803031504,1.2648330625943276,0.5408163265306123,0.6075949367088608,2.0629875396773243,fedavg-finetune,0.7459016393442623,0.5669398907103825,0.6584699453551912,0.6653005464480874,0.6762295081967213,-0.09153005464480868,-0.08743169398907114,-0.1789617486338798,-0.0806010928961749,0.09836065573770492,C-post-confirmatory-evidence-preserving
replication-family-set,108,appchina,kuguo,federation-wide,3319,899,0,316,2.6938507803031504,1.2648330625943276,0.5408163265306123,0.6075949367088608,2.0629875396773243,fedavg-finetune,0.6559204579692679,0.5519734859897559,0.6122326001807773,0.586019885507683,0.6833383549261826,-0.06025911419102137,-0.0436878577884906,-0.10394697197951197,-0.06990057246158488,0.034046399517927095,C-post-confirmatory-evidence-preserving
replication-family-set,108,appchina,inmobi,own-domain,34,92,0,13,7.914840393859018,6.455751330008939,0.5263157894736842,0.2582781456953642,7.155587021721393,fedavg-finetune,0.2647058823529412,0.6176470588235294,0.35294117647058826,0.6764705882352942,0.5,0.2647058823529412,0.08823529411764708,0.35294117647058826,0.411764705882353,0.05882352941176472,C-post-confirmatory-evidence-preserving
replication-family-set,108,appchina,inmobi,federation-wide,446,92,0,13,7.914840393859018,6.455751330008939,0.5263157894736842,0.2582781456953642,7.155587021721393,fedavg-finetune,0.19506726457399104,0.6636771300448431,0.38565022421524664,0.7130044843049327,0.647982062780269,0.27802690582959644,0.1905829596412556,0.46860986547085204,0.5179372197309416,0.049327354260089606,C-post-confirmatory-evidence-preserving
replication-family-set,109,play-early,kuguo,own-domain,22,1048,0,0,3.528567031826888,2.33408530673434,0.49586776859504134,0.6233766233766234,3.412249110334701,fedavg-finetune,0.7727272727272727,0.9090909090909091,0.9090909090909091,0.9090909090909091,1.0,0.0,0.13636363636363635,0.13636363636363635,0.13636363636363635,0.0,C-post-confirmatory-evidence-preserving
replication-family-set,109,play-early,kuguo,federation-wide,3309,1048,0,0,3.528567031826888,2.33408530673434,0.49586776859504134,0.6233766233766234,3.412249110334701,fedavg-finetune,0.6101541251133273,0.8008461770927773,0.7558174675128437,0.7890601390148081,0.9851919008763977,0.045028709579933546,0.1456633423995164,0.19069205197944994,0.17890601390148075,-0.011786038077969185,C-post-confirmatory-evidence-preserving
replication-family-set,109,play-late,dnotua,own-domain,84,246,0,9,4.940810912036928,0.9012911947493208,0.9565217391304348,0.6086956521739131,6.050016077465109,fedavg-finetune,0.3333333333333333,0.34523809523809523,0.35714285714285715,0.34523809523809523,0.35714285714285715,-0.011904761904761918,0.023809523809523836,0.011904761904761918,0.011904761904761918,0.0,C-post-confirmatory-evidence-preserving
replication-family-set,109,play-late,dnotua,federation-wide,705,246,0,9,4.940810912036928,0.9012911947493208,0.9565217391304348,0.6086956521739131,6.050016077465109,fedavg-finetune,0.9078014184397163,0.9120567375886525,0.9092198581560283,0.9134751773049645,0.9163120567375886,0.0028368794326241176,0.0014184397163120588,0.004255319148936176,0.005673758865248235,0.0014184397163120588,C-post-confirmatory-evidence-preserving
replication-family-set,109,anzhi,youmi,own-domain,93,192,0,33,2.436620607141673,1.5047634456407042,0.7,0.6341463414634146,2.452793866582849,fedavg-finetune,0.27956989247311825,0.23655913978494625,0.27956989247311825,0.27956989247311825,0.15053763440860216,-0.043010752688172005,0.0,-0.043010752688172005,0.0,0.043010752688172005,C-post-confirmatory-evidence-preserving
replication-family-set,109,anzhi,youmi,federation-wide,611,192,0,33,2.436620607141673,1.5047634456407042,0.7,0.6341463414634146,2.452793866582849,fedavg-finetune,0.23404255319148937,0.2225859247135843,0.2225859247135843,0.2520458265139116,0.10965630114566285,0.0,-0.011456628477905073,-0.011456628477905073,0.018003273322422242,0.029459901800327315,C-post-confirmatory-evidence-preserving
replication-family-set,109,anzhi,domob,own-domain,69,95,0,29,3.2292559513596224,1.6954719025284202,0.8090909090909091,0.5851063829787234,3.0905009841096813,fedavg-finetune,0.2753623188405797,0.2608695652173913,0.2463768115942029,0.3188405797101449,0.11594202898550725,0.014492753623188387,-0.0289855072463768,-0.014492753623188415,0.04347826086956519,0.0579710144927536,C-post-confirmatory-evidence-preserving
replication-family-set,109,anzhi,domob,federation-wide,373,95,0,29,3.2292559513596224,1.6954719025284202,0.8090909090909091,0.5851063829787234,3.0905009841096813,fedavg-finetune,0.2975871313672922,0.30563002680965146,0.257372654155496,0.30831099195710454,0.15281501340482573,0.04825737265415547,-0.04021447721179622,0.008042895442359255,0.01072386058981234,0.002680965147453085,C-post-confirmatory-evidence-preserving
replication-family-set,109,appchina,smsreg,own-domain,571,182,0,218,2.4153757861485965,1.7800767902009689,0.6222222222222222,0.5794392523364486,1.8519712632015048,fedavg-finetune,0.0893169877408056,0.2084063047285464,0.19089316987740806,0.2714535901926445,0.38353765323992994,0.01751313485113834,0.10157618213660247,0.1190893169877408,0.18213660245183888,0.06304728546409807,C-post-confirmatory-evidence-preserving
replication-family-set,109,appchina,smsreg,federation-wide,1233,182,0,218,2.4153757861485965,1.7800767902009689,0.6222222222222222,0.5794392523364486,1.8519712632015048,fedavg-finetune,0.19140308191403083,0.28061638280616386,0.25790754257907544,0.3422546634225466,0.44525547445255476,0.02270884022708841,0.06650446066504462,0.08921330089213303,0.1508515815085158,0.06163828061638277,C-post-confirmatory-evidence-preserving
replication-family-set,109,appchina,inmobi,own-domain,22,51,0,8,6.997420335119285,5.549138842680269,0.484304932735426,0.21505376344086022,6.150398464209625,fedavg-finetune,0.5909090909090909,0.8181818181818182,0.7272727272727273,0.8181818181818182,0.6363636363636364,0.09090909090909094,0.13636363636363635,0.2272727272727273,0.2272727272727273,0.0,C-post-confirmatory-evidence-preserving
replication-family-set,109,appchina,inmobi,federation-wide,480,51,0,8,6.997420335119285,5.549138842680269,0.484304932735426,0.21505376344086022,6.150398464209625,fedavg-finetune,0.45625,0.9625,0.6145833333333334,0.975,0.69375,0.34791666666666665,0.15833333333333338,0.5062500000000001,0.51875,0.012499999999999956,C-post-confirmatory-evidence-preserving
controlled-exposure,100,play-early,airpush,own-domain,2012,193,0,179,3.4851187591887043,2.0991970287522332,0.6842105263157895,0.7291666666666666,3.5695988211341505,blend,0.6714711729622267,0.7654075546719682,0.7246520874751491,0.8459244532803181,0.908051689860835,0.040755467196819106,0.053180914512922395,0.0939363817097415,0.17445328031809137,0.08051689860834987,C-post-confirmatory-evidence-preserving
controlled-exposure,100,play-early,airpush,federation-wide,2433,193,0,179,3.4851187591887043,2.0991970287522332,0.6842105263157895,0.7291666666666666,3.5695988211341505,blend,0.7106452938758734,0.7961364570489108,0.759967118783395,0.863953966296753,0.917796958487464,0.03616933826551583,0.04932182490752157,0.0854911631730374,0.15330867242087964,0.06781750924784224,C-post-confirmatory-evidence-preserving
controlled-exposure,100,play-late,revmob,own-domain,18,60,0,0,5.150450689927201,3.7406211281164725,0.45145631067961167,0.49295774647887325,5.838510013955065,blend,0.3888888888888889,0.7777777777777778,0.3333333333333333,0.8333333333333334,0.7777777777777778,0.4444444444444445,-0.05555555555555558,0.3888888888888889,0.4444444444444445,0.05555555555555558,C-post-confirmatory-evidence-preserving
controlled-exposure,100,play-late,revmob,federation-wide,600,60,0,0,5.150450689927201,3.7406211281164725,0.45145631067961167,0.49295774647887325,5.838510013955065,blend,0.5766666666666667,0.725,0.29,0.7083333333333334,0.8416666666666667,0.435,-0.2866666666666667,0.14833333333333332,0.1316666666666667,-0.016666666666666607,C-post-confirmatory-evidence-preserving
controlled-exposure,100,anzhi,dowgin,own-domain,6190,107,0,1590,2.08556945685487,1.3005105720572308,0.7654320987654321,0.7464788732394366,2.0183812589522474,blend,0.8294022617124395,0.8046849757673668,0.7872374798061389,0.8166397415185783,0.7453957996768982,0.017447495961227855,-0.042164781906300575,-0.02471728594507272,-0.012762520193861149,0.011954765751211571,C-post-confirmatory-evidence-preserving
controlled-exposure,100,anzhi,dowgin,federation-wide,6428,107,0,1590,2.08556945685487,1.3005105720572308,0.7654320987654321,0.7464788732394366,2.0183812589522474,blend,0.8167392657125078,0.7918481642812695,0.7750466708151835,0.8030491599253267,0.7286869943995021,0.01680149346608595,-0.04169259489732424,-0.024891101431238294,-0.013690105787181106,0.011200995644057188,C-post-confirmatory-evidence-preserving
controlled-exposure,100,anzhi,adwo,own-domain,152,296,0,30,3.813113461888963,1.883897404966985,0.7572815533980582,0.5402298850574713,3.411052194722788,blend,0.5328947368421053,0.6513157894736842,0.5657894736842105,0.6644736842105263,0.4342105263157895,0.08552631578947367,0.0328947368421052,0.11842105263157887,0.13157894736842102,0.013157894736842146,C-post-confirmatory-evidence-preserving
controlled-exposure,100,anzhi,adwo,federation-wide,846,296,0,30,3.813113461888963,1.883897404966985,0.7572815533980582,0.5402298850574713,3.411052194722788,blend,0.6666666666666666,0.7174940898345153,0.5307328605200946,0.7718676122931442,0.367612293144208,0.18676122931442074,-0.13593380614657202,0.05082742316784872,0.10520094562647753,0.05437352245862881,C-post-confirmatory-evidence-preserving
controlled-exposure,100,appchina,gappusin,own-domain,1080,113,0,368,2.652702759539863,1.306466877398803,0.6904761904761905,0.7323943661971831,1.6813163749483737,blend,0.21944444444444444,0.2814814814814815,0.23148148148148148,0.3277777777777778,0.4361111111111111,0.05000000000000002,0.01203703703703704,0.06203703703703706,0.10833333333333334,0.04629629629629628,C-post-confirmatory-evidence-preserving
controlled-exposure,100,appchina,gappusin,federation-wide,1429,113,0,368,2.652702759539863,1.306466877398803,0.6904761904761905,0.7323943661971831,1.6813163749483737,blend,0.2554233729881036,0.30510846745976206,0.2498250524842547,0.3372988103568929,0.4079776067179846,0.055283414975507345,-0.005598320503848869,0.049685094471658475,0.08187543736878933,0.03219034289713085,C-post-confirmatory-evidence-preserving
controlled-exposure,100,appchina,leadbolt,own-domain,91,78,0,23,3.981286916447268,2.0182842283527456,0.704225352112676,0.36936936936936937,2.6161230405295353,blend,0.4065934065934066,0.42857142857142855,0.3626373626373626,0.46153846153846156,0.6373626373626373,0.06593406593406592,-0.043956043956043966,0.021978021978021955,0.05494505494505497,0.032967032967033016,C-post-confirmatory-evidence-preserving
controlled-exposure,100,appchina,leadbolt,federation-wide,842,78,0,23,3.981286916447268,2.0182842283527456,0.704225352112676,0.36936936936936937,2.6161230405295353,blend,0.18052256532066507,0.26128266033254155,0.12589073634204276,0.29453681710213775,0.5344418052256532,0.1353919239904988,-0.054631828978622315,0.08076009501187648,0.11401425178147268,0.0332541567695962,C-post-confirmatory-evidence-preserving
controlled-exposure,100,appchina,hiddad,own-domain,10,45,0,5,5.729453977641854,4.820659845493026,0.4078014184397163,0.20233463035019456,5.056905652441987,blend,0.6,0.7,0.7,0.7,0.6,0.0,0.09999999999999998,0.09999999999999998,0.09999999999999998,0.0,C-post-confirmatory-evidence-preserving
controlled-exposure,100,appchina,hiddad,federation-wide,337,45,0,5,5.729453977641854,4.820659845493026,0.4078014184397163,0.20233463035019456,5.056905652441987,blend,0.4332344213649852,0.2433234421364985,0.20771513353115728,0.27002967359050445,0.1572700296735905,0.03560830860534123,-0.2255192878338279,-0.18991097922848668,-0.16320474777448074,0.02670623145400594,C-post-confirmatory-evidence-preserving
controlled-exposure,101,play-early,airpush,own-domain,1351,170,0,210,3.6107089350448907,2.4148124748939077,0.6065573770491803,0.7010309278350515,3.5512908551086424,blend,0.689859363434493,0.7957068837897854,0.7424130273871207,0.8741672834937083,0.8860103626943006,0.05329385640266471,0.05255366395262773,0.10584752035529243,0.18430792005921537,0.07846039970392293,C-post-confirmatory-evidence-preserving
controlled-exposure,101,play-early,airpush,federation-wide,1864,170,0,210,3.6107089350448907,2.4148124748939077,0.6065573770491803,0.7010309278350515,3.5512908551086424,blend,0.7483905579399142,0.8358369098712446,0.7929184549356223,0.9012875536480687,0.903969957081545,0.0429184549356223,0.04452789699570814,0.08744635193133043,0.15289699570815452,0.06545064377682408,C-post-confirmatory-evidence-preserving
controlled-exposure,101,play-early,adwo,own-domain,9,354,0,3,4.109313286596289,2.3644355221296895,0.6458333333333334,0.6777777777777778,4.017826368614283,blend,1.0,1.0,1.0,1.0,1.0,0.0,0.0,0.0,0.0,0.0,C-post-confirmatory-evidence-preserving
controlled-exposure,101,play-early,adwo,federation-wide,913,354,0,3,4.109313286596289,2.3644355221296895,0.6458333333333334,0.6777777777777778,4.017826368614283,blend,0.8948521358159912,0.9518072289156626,0.9069003285870756,0.9550930996714129,0.9780941949616648,0.04490690032858702,0.012048192771084376,0.056955093099671394,0.06024096385542166,0.003285870755750264,C-post-confirmatory-evidence-preserving
controlled-exposure,101,play-late,leadbolt,own-domain,20,112,0,1,3.9232248103375995,3.275301705074222,0.41139240506329117,0.5392156862745098,5.068889159191522,blend,0.0,0.7,0.3,0.75,0.8,0.39999999999999997,0.3,0.7,0.75,0.050000000000000044,C-post-confirmatory-evidence-preserving
controlled-exposure,101,play-late,leadbolt,federation-wide,885,112,0,1,3.9232248103375995,3.275301705074222,0.41139240506329117,0.5392156862745098,5.068889159191522,blend,0.3016949152542373,0.8112994350282486,0.5242937853107345,0.8406779661016949,0.847457627118644,0.2870056497175142,0.22259887005649714,0.5096045197740113,0.5389830508474576,0.029378531073446235,C-post-confirmatory-evidence-preserving
controlled-exposure,101,play-late,revmob,own-domain,15,65,0,2,4.938966106603984,3.870402736901703,0.4782608695652174,0.4105960264900662,5.74174572139714,blend,0.26666666666666666,0.6666666666666666,0.2,0.6666666666666666,0.6666666666666666,0.4666666666666666,-0.06666666666666665,0.39999999999999997,0.39999999999999997,0.0,C-post-confirmatory-evidence-preserving
controlled-exposure,101,play-late,revmob,federation-wide,654,65,0,2,4.938966106603984,3.870402736901703,0.4782608695652174,0.4105960264900662,5.74174572139714,blend,0.5428134556574924,0.8440366972477065,0.363914373088685,0.8853211009174312,0.8944954128440367,0.48012232415902145,-0.17889908256880738,0.3012232415902141,0.3425076452599388,0.041284403669724745,C-post-confirmatory-evidence-preserving
controlled-exposure,101,play-late,hiddad,own-domain,376,21,0,20,2.9649486494307045,2.6721930932744447,0.5019157088122606,0.5784313725490197,4.125983466437819,blend,0.1675531914893617,0.21808510638297873,0.19946808510638298,0.5212765957446809,0.8404255319148937,0.018617021276595758,0.03191489361702127,0.050531914893617025,0.3537234042553192,0.30319148936170215,C-post-confirmatory-evidence-preserving
controlled-exposure,101,play-late,hiddad,federation-wide,486,21,0,20,2.9649486494307045,2.6721930932744447,0.5019157088122606,0.5784313725490197,4.125983466437819,blend,0.2654320987654321,0.3045267489711934,0.28600823045267487,0.5555555555555556,0.7962962962962963,0.018518518518518545,0.02057613168724276,0.039094650205761305,0.29012345679012347,0.25102880658436216,C-post-confirmatory-evidence-preserving
controlled-exposure,101,appchina,dowgin,own-domain,241,1648,0,107,2.951322946828574,2.047622625162184,0.5544554455445545,0.5844155844155844,2.2541032833582855,blend,0.5518672199170125,0.6265560165975104,0.5352697095435685,0.6556016597510373,0.7302904564315352,0.09128630705394192,-0.016597510373444035,0.07468879668049788,0.10373443983402486,0.02904564315352698,C-post-confirmatory-evidence-preserving
controlled-exposure,101,appchina,dowgin,federation-wide,5745,1648,0,107,2.951322946828574,2.047622625162184,0.5544554455445545,0.5844155844155844,2.2541032833582855,blend,0.6762402088772846,0.7563098346388164,0.7345517841601392,0.7615317667536988,0.8814621409921671,0.021758050478677182,0.05831157528285458,0.08006962576153176,0.08529155787641418,0.005221932114882422,C-post-confirmatory-evidence-preserving
controlled-exposure,101,appchina,gappusin,own-domain,1312,108,0,304,2.7346381548085414,1.4893694917137508,0.7037037037037037,0.7183098591549296,1.6977573991927424,blend,0.3978658536585366,0.4291158536585366,0.3254573170731707,0.5213414634146342,0.5403963414634146,0.10365853658536589,-0.07240853658536589,0.03125,0.12347560975609756,0.09222560975609756,C-post-confirmatory-evidence-preserving
controlled-exposure,101,appchina,gappusin,federation-wide,1624,108,0,304,2.7346381548085414,1.4893694917137508,0.7037037037037037,0.7183098591549296,1.6977573991927424,blend,0.38485221674876846,0.41133004926108374,0.31527093596059114,0.4883004926108374,0.5258620689655172,0.0960591133004926,-0.06958128078817732,0.02647783251231528,0.10344827586206895,0.07697044334975367,C-post-confirmatory-evidence-preserving
controlled-exposure,102,play-early,airpush,own-domain,1718,168,0,161,3.6839100903277524,2.1883670377063194,0.6101694915254238,0.6276595744680851,3.5711539155687047,blend,0.7485448195576252,0.789871944121071,0.8090803259604191,0.8661233993015134,0.9318975552968568,-0.019208381839348143,0.060535506402793926,0.04132712456344578,0.11757857974388819,0.0762514551804424,C-post-confirmatory-evidence-preserving
controlled-exposure,102,play-early,airpush,federation-wide,2173,168,0,161,3.6839100903277524,2.1883670377063194,0.6101694915254238,0.6276595744680851,3.5711539155687047,blend,0.7758858720662678,0.8214450069028992,0.8343304187758859,0.883110906580764,0.9383341003221353,-0.01288541187298664,0.05844454670961807,0.04555913483663143,0.10722503451449616,0.06166589967786473,C-post-confirmatory-evidence-preserving
controlled-exposure,102,play-late,leadbolt,own-domain,17,98,0,0,3.8826380211670006,2.85415909632965,0.48554913294797686,0.5855855855855856,4.943091454128165,blend,0.5882352941176471,0.6470588235294118,0.23529411764705882,0.7647058823529411,0.8235294117647058,0.411764705882353,-0.35294117647058826,0.05882352941176472,0.17647058823529405,0.11764705882352933,C-post-confirmatory-evidence-preserving
controlled-exposure,102,play-late,leadbolt,federation-wide,738,98,0,0,3.8826380211670006,2.85415909632965,0.48554913294797686,0.5855855855855856,4.943091454128165,blend,0.45121951219512196,0.8848238482384824,0.5948509485094851,0.8875338753387534,0.9607046070460704,0.2899728997289973,0.1436314363143631,0.4336043360433604,0.4363143631436314,0.0027100271002710175,C-post-confirmatory-evidence-preserving
controlled-exposure,102,anzhi,dowgin,own-domain,4891,99,0,1549,2.152754001084323,1.2112050233989897,0.7534246575342466,0.78125,2.008933258936978,blend,0.7309343692496422,0.717849110611327,0.7025148231445513,0.7174401962788796,0.7111020241259456,0.015334287466775676,-0.028419546105090898,-0.013085258638315223,-0.013494172970762608,-0.0004089143324473854,C-post-confirmatory-evidence-preserving
controlled-exposure,102,anzhi,dowgin,federation-wide,5125,99,0,1549,2.152754001084323,1.2112050233989897,0.7534246575342466,0.78125,2.008933258936978,blend,0.720780487804878,0.704,0.688390243902439,0.7036097560975609,0.696,0.01560975609756099,-0.03239024390243905,-0.016780487804878064,-0.01717073170731709,-0.00039024390243902474,C-post-confirmatory-evidence-preserving
controlled-exposure,102,anzhi,gappusin,own-domain,286,363,0,80,2.8981241462928384,1.4121065479788315,0.6862745098039216,0.5945945945945946,2.38767404950206,blend,0.2902097902097902,0.3006993006993007,0.24825174825174826,0.2902097902097902,0.34265734265734266,0.05244755244755242,-0.04195804195804195,0.010489510489510467,0.0,-0.010489510489510467,C-post-confirmatory-evidence-preserving
controlled-exposure,102,anzhi,gappusin,federation-wide,1369,363,0,80,2.8981241462928384,1.4121065479788315,0.6862745098039216,0.5945945945945946,2.38767404950206,blend,0.24032140248356465,0.26223520818115414,0.21183345507669832,0.2556610664718773,0.24616508400292184,0.050401753104455826,-0.028487947406866332,0.021913805697589495,0.015339663988312657,-0.006574141709276837,C-post-confirmatory-evidence-preserving
controlled-exposure,102,anzhi,adwo,own-domain,99,291,0,37,3.8548309982774875,1.7953493970585166,0.7403846153846154,0.5348837209302325,3.3735648497755863,blend,0.5656565656565656,0.5252525252525253,0.46464646464646464,0.5151515151515151,0.494949494949495,0.06060606060606066,-0.101010101010101,-0.04040404040404033,-0.0505050505050505,-0.010101010101010166,C-post-confirmatory-evidence-preserving
controlled-exposure,102,anzhi,adwo,federation-wide,834,291,0,37,3.8548309982774875,1.7953493970585166,0.7403846153846154,0.5348837209302325,3.3735648497755863,blend,0.5695443645083933,0.5107913669064749,0.39928057553956836,0.5371702637889688,0.3345323741007194,0.1115107913669065,-0.17026378896882494,-0.05875299760191843,-0.03237410071942448,0.026378896882493952,C-post-confirmatory-evidence-preserving
controlled-exposure,102,anzhi,hiddad,own-domain,8,39,0,4,5.872342581643335,5.5882110841122685,0.22413793103448276,0.20622568093385213,5.676284384631803,blend,0.75,0.75,0.75,0.75,0.875,0.0,0.0,0.0,0.0,0.0,C-post-confirmatory-evidence-preserving
controlled-exposure,102,anzhi,hiddad,federation-wide,258,39,0,4,5.872342581643335,5.5882110841122685,0.22413793103448276,0.20622568093385213,5.676284384631803,blend,0.2713178294573643,0.15891472868217055,0.14728682170542637,0.1511627906976744,0.2558139534883721,0.011627906976744179,-0.12403100775193796,-0.11240310077519378,-0.12015503875968991,-0.007751937984496138,C-post-confirmatory-evidence-preserving
controlled-exposure,102,appchina,revmob,own-domain,16,66,0,4,5.136740134856688,3.4412326628859993,0.49390243902439024,0.2605633802816901,4.025907369461369,blend,0.125,0.0625,0.0,0.0625,0.125,0.0625,-0.125,-0.0625,-0.0625,0.0,C-post-confirmatory-evidence-preserving
controlled-exposure,102,appchina,revmob,federation-wide,432,66,0,4,5.136740134856688,3.4412326628859993,0.49390243902439024,0.2605633802816901,4.025907369461369,blend,0.08333333333333333,0.11574074074074074,0.06944444444444445,0.1111111111111111,0.23148148148148148,0.046296296296296294,-0.013888888888888881,0.03240740740740741,0.027777777777777776,-0.004629629629629636,C-post-confirmatory-evidence-preserving
controlled-exposure,103,play-early,dowgin,own-domain,18,1775,0,0,3.8041273025528803,1.98864549209988,0.48148148148148145,0.6025641025641025,3.5334382283962453,blend,0.5,0.6111111111111112,0.6111111111111112,0.5555555555555556,0.6666666666666666,0.0,0.11111111111111116,0.11111111111111116,0.05555555555555558,-0.05555555555555558,C-post-confirmatory-evidence-preserving
controlled-exposure,103,play-early,dowgin,federation-wide,5418,1775,0,0,3.8041273025528803,1.98864549209988,0.48148148148148145,0.6025641025641025,3.5334382283962453,blend,0.5441122185308231,0.9058693244739756,0.8933185677371724,0.8933185677371724,0.9868955334071613,0.01255075673680317,0.3492063492063493,0.36175710594315247,0.3492063492063493,-0.01255075673680317,C-post-confirmatory-evidence-preserving
controlled-exposure,103,play-early,leadbolt,own-domain,744,33,0,67,2.5964333920376172,1.8748948030139825,0.6587301587301587,0.7087378640776699,2.5338378445992,blend,0.5658602150537635,0.6303763440860215,0.5013440860215054,0.7567204301075269,0.7916666666666666,0.12903225806451613,-0.06451612903225812,0.06451612903225801,0.19086021505376338,0.12634408602150538,C-post-confirmatory-evidence-preserving
controlled-exposure,103,play-early,leadbolt,federation-wide,909,33,0,67,2.5964333920376172,1.8748948030139825,0.6587301587301587,0.7087378640776699,2.5338378445992,blend,0.5379537953795379,0.6061606160616062,0.48514851485148514,0.7722772277227723,0.8195819581958196,0.12101210121012107,-0.05280528052805278,0.06820682068206829,0.23432343234323438,0.1661166116611661,C-post-confirmatory-evidence-preserving
controlled-exposure,103,anzhi,adwo,own-domain,130,314,0,36,3.6022754440995732,1.9478803385713612,0.7272727272727273,0.5227272727272727,3.4354561177608662,blend,0.676923076923077,0.7153846153846154,0.7,0.7230769230769231,0.7538461538461538,0.015384615384615441,0.023076923076922995,0.038461538461538436,0.0461538461538461,0.007692307692307665,C-post-confirmatory-evidence-preserving
controlled-exposure,103,anzhi,adwo,federation-wide,808,314,0,36,3.6022754440995732,1.9478803385713612,0.7272727272727273,0.5227272727272727,3.4354561177608662,blend,0.693069306930693,0.7883663366336634,0.754950495049505,0.7871287128712872,0.7797029702970297,0.033415841584158446,0.061881188118811936,0.09529702970297038,0.09405940594059414,-0.0012376237623762387,C-post-confirmatory-evidence-preserving
controlled-exposure,103,appchina,airpush,own-domain,417,172,0,137,3.7882547414294767,2.023658234833949,0.6446280991735537,0.3888888888888889,2.4177388064639636,blend,0.8201438848920863,0.9664268585131894,0.9760191846522782,0.973621103117506,0.9832134292565947,-0.00959232613908878,0.15587529976019188,0.1462829736211031,0.1534772182254197,0.007194244604316613,C-post-confirmatory-evidence-preserving
controlled-exposure,103,appchina,airpush,federation-wide,3033,172,0,137,3.7882547414294767,2.023658234833949,0.6446280991735537,0.3888888888888889,2.4177388064639636,blend,0.4599406528189911,0.5156610616551269,0.5021430926475436,0.5281899109792285,0.6617210682492581,0.013517969007583286,0.04220243982855254,0.055720408836135826,0.06824925816023741,0.012528849324101587,C-post-confirmatory-evidence-preserving
controlled-exposure,103,appchina,gappusin,own-domain,1372,108,0,315,2.706353908518728,1.3213861446626298,0.7435897435897436,0.6911764705882353,1.7028369208145242,blend,0.25801749271137026,0.2653061224489796,0.21137026239067055,0.37900874635568516,0.2922740524781341,0.053935860058309054,-0.0466472303206997,0.007288629737609353,0.1209912536443149,0.11370262390670555,C-post-confirmatory-evidence-preserving
controlled-exposure,103,appchina,gappusin,federation-wide,1705,108,0,315,2.706353908518728,1.3213861446626298,0.7435897435897436,0.6911764705882353,1.7028369208145242,blend,0.2785923753665689,0.2727272727272727,0.22111436950146626,0.3689149560117302,0.2961876832844575,0.051612903225806445,-0.05747800586510263,-0.0058651026392961825,0.0903225806451613,0.09618768328445748,C-post-confirmatory-evidence-preserving
controlled-exposure,103,appchina,revmob,own-domain,18,59,0,4,5.375202641253769,3.5754285862434068,0.5055555555555555,0.2589928057553957,4.150689673214761,blend,0.2777777777777778,0.2222222222222222,0.05555555555555555,0.2222222222222222,0.2777777777777778,0.16666666666666666,-0.22222222222222224,-0.05555555555555558,-0.05555555555555558,0.0,C-post-confirmatory-evidence-preserving
controlled-exposure,103,appchina,revmob,federation-wide,560,59,0,4,5.375202641253769,3.5754285862434068,0.5055555555555555,0.2589928057553957,4.150689673214761,blend,0.10714285714285714,0.16785714285714284,0.05714285714285714,0.19642857142857142,0.29642857142857143,0.11071428571428571,-0.049999999999999996,0.06071428571428571,0.08928571428571429,0.02857142857142858,C-post-confirmatory-evidence-preserving
controlled-exposure,103,appchina,hiddad,own-domain,8,25,0,4,4.9911104136291975,4.025805892242939,0.45321637426900585,0.1893687707641196,4.2428332222769525,blend,0.5,0.5,0.5,0.5,0.5,0.0,0.0,0.0,0.0,0.0,C-post-confirmatory-evidence-preserving
controlled-exposure,103,appchina,hiddad,federation-wide,327,25,0,4,4.9911104136291975,4.025805892242939,0.45321637426900585,0.1893687707641196,4.2428332222769525,blend,0.17737003058103976,0.1743119266055046,0.1712538226299694,0.1559633027522936,0.16819571865443425,0.003058103975535187,-0.006116207951070346,-0.003058103975535159,-0.02140672782874617,-0.01834862385321101,C-post-confirmatory-evidence-preserving
controlled-exposure,104,play-early,airpush,own-domain,1744,191,0,148,3.7493103014545297,2.241236129794068,0.628099173553719,0.6039603960396039,3.600398990467054,blend,0.5275229357798165,0.6014908256880734,0.5636467889908257,0.7402522935779816,0.8629587155963303,0.037844036697247785,0.036123853211009194,0.07396788990825698,0.21272935779816515,0.13876146788990817,C-post-confirmatory-evidence-preserving
controlled-exposure,104,play-early,airpush,federation-wide,2316,191,0,148,3.7493103014545297,2.241236129794068,0.628099173553719,0.6039603960396039,3.600398990467054,blend,0.6049222797927462,0.6731433506044905,0.6429188255613126,0.7793609671848014,0.8734887737478411,0.030224525043177852,0.03799654576856648,0.06822107081174433,0.17443868739205526,0.10621761658031093,C-post-confirmatory-evidence-preserving
controlled-exposure,104,play-early,adwo,own-domain,31,353,0,5,4.109929942677416,2.3535712314597914,0.6526315789473685,0.5393258426966292,4.0108563361087475,blend,0.7741935483870968,0.8709677419354839,0.8064516129032258,0.8387096774193549,0.9032258064516129,0.06451612903225812,0.032258064516129004,0.09677419354838712,0.06451612903225812,-0.032258064516129004,C-post-confirmatory-evidence-preserving
controlled-exposure,104,play-early,adwo,federation-wide,871,353,0,5,4.109929942677416,2.3535712314597914,0.6526315789473685,0.5393258426966292,4.0108563361087475,blend,0.7577497129735936,0.878300803673938,0.8231917336394948,0.8645235361653272,0.9506314580941446,0.05510907003444321,0.06544202066590121,0.12055109070034442,0.10677382319173356,-0.013777267508610858,C-post-confirmatory-evidence-preserving
controlled-exposure,104,play-early,hiddad,own-domain,136,32,0,14,4.6659544508935875,4.13905551491588,0.43333333333333335,0.24838709677419354,4.242900129096811,blend,0.19117647058823528,0.27205882352941174,0.3235294117647059,0.27941176470588236,0.49264705882352944,-0.05147058823529416,0.13235294117647062,0.08088235294117646,0.08823529411764708,0.007352941176470618,C-post-confirmatory-evidence-preserving
controlled-exposure,104,play-early,hiddad,federation-wide,568,32,0,14,4.6659544508935875,4.13905551491588,0.43333333333333335,0.24838709677419354,4.242900129096811,blend,0.10211267605633803,0.18309859154929578,0.19190140845070422,0.1795774647887324,0.2517605633802817,-0.008802816901408439,0.08978873239436619,0.08098591549295775,0.07746478873239437,-0.0035211267605633756,C-post-confirmatory-evidence-preserving
controlled-exposure,104,anzhi,leadbolt,own-domain,15,91,0,6,3.3967712421433456,2.7419227348830546,0.5658914728682171,0.4766355140186916,3.195453427419076,blend,0.13333333333333333,0.2,0.2,0.2,0.3333333333333333,0.0,0.06666666666666668,0.06666666666666668,0.06666666666666668,0.0,C-post-confirmatory-evidence-preserving
controlled-exposure,104,anzhi,leadbolt,federation-wide,875,91,0,6,3.3967712421433456,2.7419227348830546,0.5658914728682171,0.4766355140186916,3.195453427419076,blend,0.07542857142857143,0.10971428571428571,0.08228571428571428,0.11314285714285714,0.25942857142857145,0.027428571428571427,0.006857142857142853,0.03428571428571428,0.037714285714285714,0.0034285714285714336,C-post-confirmatory-evidence-preserving
controlled-exposure,104,appchina,dowgin,own-domain,297,1558,0,81,2.862305910177519,2.0179177711483276,0.53,0.6052631578947368,2.25963881803825,blend,0.6565656565656566,0.7205387205387206,0.6127946127946128,0.696969696969697,0.6195286195286195,0.10774410774410781,-0.043771043771043794,0.06397306397306401,0.04040404040404044,-0.023569023569023573,C-post-confirmatory-evidence-preserving
controlled-exposure,104,appchina,dowgin,federation-wide,6892,1558,0,81,2.862305910177519,2.0179177711483276,0.53,0.6052631578947368,2.25963881803825,blend,0.5311955890887986,0.6899303540336622,0.6507544979686594,0.6453859547301218,0.7948345908299478,0.039175856065002845,0.11955890887986076,0.1587347649448636,0.11419036564132323,-0.04454439930354037,C-post-confirmatory-evidence-preserving
controlled-exposure,104,appchina,gappusin,own-domain,1150,81,0,329,2.5983188699117292,1.3957622954332451,0.6931818181818182,0.7361111111111112,1.6227378860692006,blend,0.49478260869565216,0.5382608695652173,0.4017391304347826,0.571304347826087,0.42869565217391303,0.13652173913043475,-0.09304347826086956,0.04347826086956519,0.07652173913043481,0.03304347826086962,C-post-confirmatory-evidence-preserving
controlled-exposure,104,appchina,gappusin,federation-wide,1505,81,0,329,2.5983188699117292,1.3957622954332451,0.6931818181818182,0.7361111111111112,1.6227378860692006,blend,0.4611295681063123,0.4956810631229236,0.38205980066445183,0.521594684385382,0.3946843853820598,0.11362126245847176,-0.07906976744186045,0.03455149501661131,0.06046511627906975,0.02591362126245844,C-post-confirmatory-evidence-preserving
controlled-exposure,104,appchina,revmob,own-domain,23,46,0,4,4.633267890303643,2.517907382573409,0.5277777777777778,0.271523178807947,3.3137832016755757,blend,0.13043478260869565,0.13043478260869565,0.0,0.13043478260869565,0.34782608695652173,0.13043478260869565,-0.13043478260869565,0.0,0.0,0.0,C-post-confirmatory-evidence-preserving
controlled-exposure,104,appchina,revmob,federation-wide,620,46,0,4,4.633267890303643,2.517907382573409,0.5277777777777778,0.271523178807947,3.3137832016755757,blend,0.07580645161290323,0.1403225806451613,0.07096774193548387,0.11451612903225807,0.2435483870967742,0.06935483870967742,-0.004838709677419353,0.06451612903225806,0.03870967741935484,-0.025806451612903222,C-post-confirmatory-evidence-preserving
controlled-exposure,105,play-early,gappusin,own-domain,44,496,0,3,3.381154180431505,2.0752116733448007,0.5,0.6197183098591549,3.35721108975858,blend,0.7045454545454546,0.7045454545454546,0.6818181818181818,0.7045454545454546,0.7954545454545454,0.022727272727272818,-0.022727272727272818,0.0,0.0,0.0,C-post-confirmatory-evidence-preserving
controlled-exposure,105,play-early,gappusin,federation-wide,1572,496,0,3,3.381154180431505,2.0752116733448007,0.5,0.6197183098591549,3.35721108975858,blend,0.44592875318066155,0.7512722646310432,0.6132315521628499,0.6870229007633588,0.8912213740458015,0.13804071246819338,0.1673027989821883,0.3053435114503817,0.24109414758269726,-0.06424936386768443,C-post-confirmatory-evidence-preserving
controlled-exposure,105,play-late,leadbolt,own-domain,57,96,0,3,3.8853568017431064,3.176738578054425,0.3577586206896552,0.5673076923076923,5.05584849910753,blend,0.8596491228070176,0.9298245614035088,0.8771929824561403,0.9298245614035088,0.9649122807017544,0.052631578947368474,0.01754385964912275,0.07017543859649122,0.07017543859649122,0.0,C-post-confirmatory-evidence-preserving
controlled-exposure,105,play-late,leadbolt,federation-wide,905,96,0,3,3.8853568017431064,3.176738578054425,0.3577586206896552,0.5673076923076923,5.05584849910753,blend,0.5414364640883977,0.8287292817679558,0.7138121546961326,0.8408839779005525,0.8740331491712707,0.11491712707182322,0.17237569060773483,0.28729281767955805,0.29944751381215473,0.012154696132596676,C-post-confirmatory-evidence-preserving
controlled-exposure,105,play-late,revmob,own-domain,15,60,0,3,4.350887824887627,3.1075381681568355,0.4979253112033195,0.47333333333333333,5.341344042528846,blend,0.8666666666666667,0.9333333333333333,0.8,0.9333333333333333,1.0,0.1333333333333333,-0.06666666666666665,0.06666666666666665,0.06666666666666665,0.0,C-post-confirmatory-evidence-preserving
controlled-exposure,105,play-late,revmob,federation-wide,944,60,0,3,4.350887824887627,3.1075381681568355,0.4979253112033195,0.47333333333333333,5.341344042528846,blend,0.20127118644067796,0.7616525423728814,0.2086864406779661,0.503177966101695,0.8188559322033898,0.5529661016949152,0.007415254237288144,0.5603813559322034,0.301906779661017,-0.2584745762711864,C-post-confirmatory-evidence-preserving
controlled-exposure,105,anzhi,dowgin,own-domain,6165,80,0,1593,2.2311985397026333,1.3130135699321448,0.6976744186046512,0.7142857142857143,2.152547605159694,blend,0.8668288726682887,0.8681265206812652,0.8684509326845093,0.8765612327656124,0.8908353609083536,-0.00032441200324417885,0.0016220600162206722,0.0012976480129764933,0.0097323600973237,0.008434712084347207,C-post-confirmatory-evidence-preserving
controlled-exposure,105,anzhi,dowgin,federation-wide,6444,80,0,1593,2.2311985397026333,1.3130135699321448,0.6976744186046512,0.7142857142857143,2.152547605159694,blend,0.861421477343265,0.8608007448789572,0.861731843575419,0.8696461824953445,0.883302296710118,-0.0009310986964617962,0.0003103662321539691,-0.0006207324643078271,0.008224705152079514,0.008845437616387342,C-post-confirmatory-evidence-preserving
controlled-exposure,105,anzhi,adwo,own-domain,136,269,0,25,3.8627936540008085,1.9849666709944866,0.7352941176470589,0.5287356321839081,3.4507439837236333,blend,0.5661764705882353,0.6985294117647058,0.6617647058823529,0.6764705882352942,0.5588235294117647,0.03676470588235292,0.09558823529411764,0.13235294117647056,0.11029411764705888,-0.022058823529411686,C-post-confirmatory-evidence-preserving
controlled-exposure,105,anzhi,adwo,federation-wide,1105,269,0,25,3.8627936540008085,1.9849666709944866,0.7352941176470589,0.5287356321839081,3.4507439837236333,blend,0.5619909502262443,0.702262443438914,0.5909502262443439,0.685972850678733,0.465158371040724,0.11131221719457007,0.028959276018099556,0.14027149321266963,0.12398190045248869,-0.016289592760180938,C-post-confirmatory-evidence-preserving
controlled-exposure,105,anzhi,hiddad,own-domain,20,35,0,8,4.81946873042181,4.525167333252926,0.25333333333333335,0.2114695340501792,4.6294081615930684,blend,0.75,0.85,0.8,0.8,0.6,0.04999999999999993,0.050000000000000044,0.09999999999999998,0.050000000000000044,-0.04999999999999993,C-post-confirmatory-evidence-preserving
controlled-exposure,105,anzhi,hiddad,federation-wide,598,35,0,8,4.81946873042181,4.525167333252926,0.25333333333333335,0.2114695340501792,4.6294081615930684,blend,0.6254180602006689,0.17558528428093645,0.16555183946488294,0.18561872909698995,0.14715719063545152,0.010033444816053505,-0.459866220735786,-0.4498327759197325,-0.43979933110367897,0.010033444816053505,C-post-confirmatory-evidence-preserving
controlled-exposure,105,appchina,airpush,own-domain,446,192,0,176,3.8712580507857774,2.414979170539053,0.5351351351351351,0.3103448275862069,2.7179832994710713,blend,0.9327354260089686,0.9753363228699552,0.9865470852017937,0.9753363228699552,0.9932735426008968,-0.011210762331838486,0.053811659192825045,0.04260089686098656,0.04260089686098656,0.0,C-post-confirmatory-evidence-preserving
controlled-exposure,105,appchina,airpush,federation-wide,2397,192,0,176,3.8712580507857774,2.414979170539053,0.5351351351351351,0.3103448275862069,2.7179832994710713,blend,0.5415102211097205,0.60450563204005,0.5974134334584897,0.5986649979140592,0.7179808093450146,0.007092198581560294,0.05590321234876927,0.06299541093032957,0.05715477680433878,-0.005840634125990785,C-post-confirmatory-evidence-preserving
controlled-exposure,106,play-early,airpush,own-domain,2032,185,0,138,3.7197674488783905,2.2117594272894445,0.6271186440677966,0.6129032258064516,3.6358809292489016,blend,0.5718503937007874,0.593996062992126,0.5792322834645669,0.6392716535433071,0.8134842519685039,0.01476377952755914,0.0073818897637795144,0.022145669291338654,0.06742125984251968,0.04527559055118102,C-post-confirmatory-evidence-preserving
controlled-exposure,106,play-early,airpush,federation-wide,2618,185,0,138,3.7197674488783905,2.2117594272894445,0.6271186440677966,0.6129032258064516,3.6358809292489016,blend,0.6226126814362108,0.6554621848739496,0.6440030557677616,0.6913674560733384,0.8304048892284186,0.01145912910618796,0.021390374331550777,0.032849503437738736,0.06875477463712754,0.0359052711993888,C-post-confirmatory-evidence-preserving
controlled-exposure,106,anzhi,adwo,own-domain,136,296,0,28,3.600484644805414,2.025218450603937,0.7070707070707071,0.5348837209302325,3.3358397887596984,blend,0.5220588235294118,0.5294117647058824,0.45588235294117646,0.5514705882352942,0.29411764705882354,0.0735294117647059,-0.06617647058823534,0.007352941176470562,0.02941176470588236,0.022058823529411797,C-post-confirmatory-evidence-preserving
controlled-exposure,106,anzhi,adwo,federation-wide,1076,296,0,28,3.600484644805414,2.025218450603937,0.7070707070707071,0.5348837209302325,3.3358397887596984,blend,0.7815985130111525,0.7397769516728625,0.5966542750929368,0.7611524163568774,0.23234200743494424,0.14312267657992572,-0.18494423791821568,-0.04182156133828996,-0.020446096654275103,0.021375464684014855,C-post-confirmatory-evidence-preserving
controlled-exposure,106,anzhi,leadbolt,own-domain,16,105,0,5,3.4366612171572064,2.8070121886899573,0.576,0.4537037037037037,3.2005698718007696,blend,0.3125,0.625,0.625,0.625,0.6875,0.0,0.3125,0.3125,0.3125,0.0,C-post-confirmatory-evidence-preserving
controlled-exposure,106,anzhi,leadbolt,federation-wide,745,105,0,5,3.4366612171572064,2.8070121886899573,0.576,0.4537037037037037,3.2005698718007696,blend,0.10738255033557047,0.20536912751677852,0.1825503355704698,0.2442953020134228,0.42416107382550333,0.02281879194630873,0.07516778523489932,0.09798657718120805,0.13691275167785233,0.03892617449664429,C-post-confirmatory-evidence-preserving
controlled-exposure,106,appchina,dowgin,own-domain,294,1557,0,80,2.963900593546649,1.9756299517842257,0.5855855855855856,0.5789473684210527,2.2641837367737616,blend,0.5952380952380952,0.6394557823129252,0.6190476190476191,0.6496598639455783,0.6020408163265306,0.020408163265306145,0.023809523809523836,0.04421768707482998,0.054421768707483054,0.010204081632653073,C-post-confirmatory-evidence-preserving
controlled-exposure,106,appchina,dowgin,federation-wide,6190,1557,0,80,2.963900593546649,1.9756299517842257,0.5855855855855856,0.5789473684210527,2.2641837367737616,blend,0.6095315024232634,0.7043618739903069,0.6573505654281099,0.681421647819063,0.7907915993537964,0.04701130856219704,0.04781906300484651,0.09483037156704355,0.07189014539579963,-0.022940226171243916,C-post-confirmatory-evidence-preserving
controlled-exposure,106,appchina,gappusin,own-domain,1143,96,0,395,2.757440299350274,1.4144800625290253,0.6595744680851063,0.704225352112676,1.6916326696238444,blend,0.2484689413823272,0.352580927384077,0.22922134733158356,0.38232720909886264,0.3219597550306212,0.12335958005249342,-0.01924759405074364,0.10411198600174978,0.13385826771653545,0.02974628171478566,C-post-confirmatory-evidence-preserving
controlled-exposure,106,appchina,gappusin,federation-wide,1509,96,0,395,2.757440299350274,1.4144800625290253,0.6595744680851063,0.704225352112676,1.6916326696238444,blend,0.24453280318091453,0.3286944996686547,0.21802518223989398,0.3499005964214712,0.3074884029158383,0.11066931742876074,-0.02650762094102055,0.08416169648774019,0.10536779324055667,0.021206096752816483,C-post-confirmatory-evidence-preserving
controlled-exposure,106,appchina,revmob,own-domain,19,49,0,6,4.95227379357265,2.794751629754864,0.5806451612903226,0.23648648648648649,3.5531588039550406,blend,0.15789473684210525,0.15789473684210525,0.05263157894736842,0.15789473684210525,0.15789473684210525,0.10526315789473684,-0.10526315789473684,0.0,0.0,0.0,C-post-confirmatory-evidence-preserving
controlled-exposure,106,appchina,revmob,federation-wide,540,49,0,6,4.95227379357265,2.794751629754864,0.5806451612903226,0.23648648648648649,3.5531588039550406,blend,0.07222222222222222,0.09259259259259259,0.06851851851851852,0.11666666666666667,0.18333333333333332,0.024074074074074067,-0.003703703703703695,0.020370370370370372,0.04444444444444445,0.02407407407407408,C-post-confirmatory-evidence-preserving
controlled-exposure,106,appchina,hiddad,own-domain,17,32,0,2,5.873925294948878,4.834028059154069,0.35986159169550175,0.18796992481203006,5.211489646757708,blend,0.8235294117647058,0.7058823529411765,0.6470588235294118,0.6470588235294118,0.7058823529411765,0.05882352941176472,-0.17647058823529405,-0.11764705882352933,-0.17647058823529405,-0.05882352941176472,C-post-confirmatory-evidence-preserving
controlled-exposure,106,appchina,hiddad,federation-wide,313,32,0,2,5.873925294948878,4.834028059154069,0.35986159169550175,0.18796992481203006,5.211489646757708,blend,0.4504792332268371,0.3706070287539936,0.3003194888178914,0.33865814696485624,0.3003194888178914,0.0702875399361022,-0.1501597444089457,-0.07987220447284349,-0.11182108626198084,-0.03194888178913735,C-post-confirmatory-evidence-preserving
controlled-exposure,107,play-early,dowgin,own-domain,14,1698,0,2,3.7990690479748586,2.006122221578444,0.5196850393700787,0.6363636363636364,3.5087675251094006,blend,0.7857142857142857,0.8571428571428571,0.8571428571428571,0.7857142857142857,0.9285714285714286,0.0,0.0714285714285714,0.0714285714285714,0.0,-0.0714285714285714,C-post-confirmatory-evidence-preserving
controlled-exposure,107,play-early,dowgin,federation-wide,5755,1698,0,2,3.7990690479748586,2.006122221578444,0.5196850393700787,0.6363636363636364,3.5087675251094006,blend,0.7450912250217202,0.9337966985230235,0.9292788879235447,0.9259774109470026,0.9894005212858384,0.004517810599478755,0.18418766290182453,0.1887054735013033,0.18088618592528238,-0.007819287576020906,C-post-confirmatory-evidence-preserving
controlled-exposure,107,play-early,airpush,own-domain,2463,155,0,163,3.5089207879910416,2.116957706174709,0.6785714285714286,0.6875,3.321195631708033,blend,0.8022736500203005,0.8822574096630126,0.8542427933414535,0.901745838408445,0.8006496142915144,0.028014616321559105,0.05196914332115299,0.0799837596427121,0.09947218838814453,0.01948842874543244,C-post-confirmatory-evidence-preserving
controlled-exposure,107,play-early,airpush,federation-wide,3019,155,0,163,3.5089207879910416,2.116957706174709,0.6785714285714286,0.6875,3.321195631708033,blend,0.8261013580655846,0.8973169923815834,0.8737992712818814,0.9132162967870155,0.8294137131500496,0.02351772109970196,0.047697913216296794,0.07121563431599875,0.08711493872143095,0.01589930440543219,C-post-confirmatory-evidence-preserving
controlled-exposure,107,play-early,adwo,own-domain,25,346,0,0,4.059671381333424,2.4151592546462863,0.5565217391304348,0.5862068965517241,3.972222254958133,blend,0.96,0.96,0.96,0.96,0.92,0.0,0.0,0.0,0.0,0.0,C-post-confirmatory-evidence-preserving
controlled-exposure,107,play-early,adwo,federation-wide,955,346,0,0,4.059671381333424,2.4151592546462863,0.5565217391304348,0.5862068965517241,3.972222254958133,blend,0.8764397905759163,0.912041884816754,0.8879581151832461,0.8963350785340314,0.956020942408377,0.02408376963350789,0.011518324607329822,0.03560209424083771,0.019895287958115127,-0.015706806282722585,C-post-confirmatory-evidence-preserving
controlled-exposure,107,play-early,hiddad,own-domain,94,26,0,8,4.356709244538861,3.9091998957365584,0.41641337386018235,0.3024054982817869,3.9814147967842852,blend,0.425531914893617,0.48936170212765956,0.5106382978723404,0.5319148936170213,0.4787234042553192,-0.021276595744680826,0.08510638297872336,0.06382978723404253,0.10638297872340424,0.04255319148936171,C-post-confirmatory-evidence-preserving
controlled-exposure,107,play-early,hiddad,federation-wide,551,26,0,8,4.356709244538861,3.9091998957365584,0.41641337386018235,0.3024054982817869,3.9814147967842852,blend,0.13793103448275862,0.19056261343012704,0.19782214156079855,0.1996370235934664,0.21960072595281308,-0.0072595281306715165,0.059891107078039935,0.05263157894736842,0.06170598911070779,0.009074410163339375,C-post-confirmatory-evidence-preserving
controlled-exposure,107,appchina,gappusin,own-domain,937,80,0,383,2.717967272919073,1.350476371274089,0.7195121951219512,0.7222222222222222,1.6433452660183616,blend,0.3329775880469584,0.343649946638207,0.3425827107790822,0.4034151547491996,0.503735325506937,0.0010672358591248265,0.009605122732123828,0.010672358591248654,0.07043756670224122,0.05976520811099256,C-post-confirmatory-evidence-preserving
controlled-exposure,107,appchina,gappusin,federation-wide,1272,80,0,383,2.717967272919073,1.350476371274089,0.7195121951219512,0.7222222222222222,1.6433452660183616,blend,0.3584905660377358,0.3522012578616352,0.3356918238993711,0.4009433962264151,0.4803459119496855,0.01650943396226412,-0.022798742138364747,-0.0062893081761006275,0.04245283018867929,0.04874213836477992,C-post-confirmatory-evidence-preserving
controlled-exposure,107,appchina,leadbolt,own-domain,74,89,0,26,4.092039368032953,2.357676480540393,0.5769230769230769,0.3684210526315789,2.6616160404351756,blend,0.4594594594594595,0.5135135135135135,0.47297297297297297,0.5,0.7027027027027027,0.040540540540540515,0.013513513513513487,0.054054054054054,0.040540540540540515,-0.013513513513513487,C-post-confirmatory-evidence-preserving
controlled-exposure,107,appchina,leadbolt,federation-wide,759,89,0,26,4.092039368032953,2.357676480540393,0.5769230769230769,0.3684210526315789,2.6616160404351756,blend,0.23715415019762845,0.31488801054018445,0.22397891963109354,0.3188405797101449,0.5836627140974967,0.09090909090909091,-0.013175230566534912,0.077733860342556,0.08168642951251645,0.0039525691699604515,C-post-confirmatory-evidence-preserving
controlled-exposure,107,appchina,revmob,own-domain,23,47,0,11,5.070039915232185,3.2911416290267845,0.5081081081081081,0.272108843537415,3.78885646342401,blend,0.08695652173913043,0.08695652173913043,0.08695652173913043,0.08695652173913043,0.34782608695652173,0.0,0.0,0.0,0.0,0.0,C-post-confirmatory-evidence-preserving
controlled-exposure,107,appchina,revmob,federation-wide,483,47,0,11,5.070039915232185,3.2911416290267845,0.5081081081081081,0.272108843537415,3.78885646342401,blend,0.11387163561076605,0.12215320910973085,0.09316770186335403,0.12629399585921325,0.28778467908902694,0.028985507246376815,-0.020703933747412015,0.0082815734989648,0.0124223602484472,0.0041407867494824,C-post-confirmatory-evidence-preserving
controlled-exposure,108,play-early,leadbolt,own-domain,651,50,0,68,2.5858657651653605,2.377152594055778,0.6410256410256411,0.7010309278350515,2.539099669040938,blend,0.49001536098310294,0.7327188940092166,0.48847926267281105,0.8079877112135176,0.8755760368663594,0.24423963133640558,-0.001536098310291889,0.2427035330261137,0.3179723502304147,0.07526881720430101,C-post-confirmatory-evidence-preserving
controlled-exposure,108,play-early,leadbolt,federation-wide,770,50,0,68,2.5858657651653605,2.377152594055778,0.6410256410256411,0.7010309278350515,2.539099669040938,blend,0.5012987012987012,0.7363636363636363,0.4987012987012987,0.8051948051948052,0.8792207792207792,0.23766233766233763,-0.0025974025974025428,0.2350649350649351,0.303896103896104,0.06883116883116891,C-post-confirmatory-evidence-preserving
controlled-exposure,108,play-late,airpush,own-domain,53,338,0,7,3.768201120504965,3.5270685725504314,0.4519774011299435,0.528169014084507,4.967075287068495,blend,0.2641509433962264,0.37735849056603776,0.32075471698113206,0.7169811320754716,0.7924528301886793,0.0566037735849057,0.05660377358490565,0.11320754716981135,0.45283018867924524,0.3396226415094339,C-post-confirmatory-evidence-preserving
controlled-exposure,108,play-late,airpush,federation-wide,2098,338,0,7,3.768201120504965,3.5270685725504314,0.4519774011299435,0.528169014084507,4.967075287068495,blend,0.7530981887511916,0.9127740705433747,0.8465204957102002,0.9237368922783603,0.955672068636797,0.06625357483317451,0.09342230695900855,0.15967588179218306,0.1706387035271687,0.01096282173498564,C-post-confirmatory-evidence-preserving
controlled-exposure,108,play-late,revmob,own-domain,12,56,0,1,5.077365605417123,4.167422828856588,0.4155844155844156,0.4626865671641791,5.887166282061966,blend,0.4166666666666667,0.75,0.5,0.75,0.9166666666666666,0.25,0.08333333333333331,0.3333333333333333,0.3333333333333333,0.0,C-post-confirmatory-evidence-preserving
controlled-exposure,108,play-late,revmob,federation-wide,594,56,0,1,5.077365605417123,4.167422828856588,0.4155844155844156,0.4626865671641791,5.887166282061966,blend,0.6565656565656566,0.797979797979798,0.6397306397306397,0.7895622895622896,0.9292929292929293,0.1582491582491583,-0.01683501683501687,0.14141414141414144,0.132996632996633,-0.008417508417508435,C-post-confirmatory-evidence-preserving
controlled-exposure,108,anzhi,gappusin,own-domain,427,329,0,89,2.5080381045037523,1.375208525852091,0.6792452830188679,0.5769230769230769,2.503352458514653,blend,0.24824355971896955,0.2388758782201405,0.28337236533957844,0.2810304449648712,0.23653395784543327,-0.04449648711943793,0.03512880562060888,-0.00936768149882905,0.03278688524590162,0.04215456674473067,C-post-confirmatory-evidence-preserving
controlled-exposure,108,anzhi,gappusin,federation-wide,1754,329,0,89,2.5080381045037523,1.375208525852091,0.6792452830188679,0.5769230769230769,2.503352458514653,blend,0.28335233751425315,0.42474344355758265,0.3973774230330673,0.45153933865450396,0.4652223489167617,0.027366020524515366,0.11402508551881413,0.1413911060433295,0.1681870011402508,0.02679589509692132,C-post-confirmatory-evidence-preserving
controlled-exposure,108,anzhi,adwo,own-domain,150,306,0,38,3.5930646454953004,2.0169920040708975,0.7623762376237624,0.5340909090909091,3.413599568794635,blend,0.58,0.6333333333333333,0.5733333333333334,0.6466666666666666,0.6133333333333333,0.05999999999999994,-0.006666666666666599,0.053333333333333344,0.06666666666666665,0.013333333333333308,C-post-confirmatory-evidence-preserving
controlled-exposure,108,anzhi,adwo,federation-wide,909,306,0,38,3.5930646454953004,2.0169920040708975,0.7623762376237624,0.5340909090909091,3.413599568794635,blend,0.5742574257425742,0.6842684268426843,0.5841584158415841,0.7161716171617162,0.47854785478547857,0.10011001100110017,0.00990099009900991,0.11001100110011008,0.14191419141914197,0.03190319031903188,C-post-confirmatory-evidence-preserving
controlled-exposure,108,appchina,dowgin,own-domain,224,1694,0,112,2.7248998081938742,2.0571446514179352,0.5151515151515151,0.5844155844155844,2.27253826526532,blend,0.48660714285714285,0.5267857142857143,0.5357142857142857,0.49107142857142855,0.5,-0.008928571428571397,0.04910714285714285,0.04017857142857145,0.004464285714285698,-0.035714285714285754,C-post-confirmatory-evidence-preserving
controlled-exposure,108,appchina,dowgin,federation-wide,5256,1694,0,112,2.7248998081938742,2.0571446514179352,0.5151515151515151,0.5844155844155844,2.27253826526532,blend,0.5504185692541856,0.6995814307458144,0.731544901065449,0.6638127853881278,0.7867199391171994,-0.031963470319634646,0.18112633181126336,0.14916286149162872,0.11339421613394218,-0.035768645357686535,C-post-confirmatory-evidence-preserving
controlled-exposure,108,appchina,hiddad,own-domain,5,33,0,4,4.8638804813682395,3.9175423203869566,0.38271604938271603,0.2048611111111111,4.220062439581715,blend,0.6,0.6,0.6,0.6,0.6,0.0,0.0,0.0,0.0,0.0,C-post-confirmatory-evidence-preserving
controlled-exposure,108,appchina,hiddad,federation-wide,270,33,0,4,4.8638804813682395,3.9175423203869566,0.38271604938271603,0.2048611111111111,4.220062439581715,blend,0.18888888888888888,0.13333333333333333,0.1259259259259259,0.12222222222222222,0.07407407407407407,0.007407407407407418,-0.06296296296296297,-0.05555555555555555,-0.06666666666666667,-0.011111111111111113,C-post-confirmatory-evidence-preserving
controlled-exposure,109,play-early,dowgin,own-domain,22,1666,0,3,3.6621217717657735,2.031975109429163,0.48360655737704916,0.6103896103896104,3.5269841610892656,blend,0.6818181818181818,0.6818181818181818,0.6818181818181818,0.6818181818181818,0.6818181818181818,0.0,0.0,0.0,0.0,0.0,C-post-confirmatory-evidence-preserving
controlled-exposure,109,play-early,dowgin,federation-wide,5854,1666,0,3,3.6621217717657735,2.031975109429163,0.48360655737704916,0.6103896103896104,3.5269841610892656,blend,0.4892381277758797,0.9294499487529894,0.9200546634779638,0.9250085411684318,0.9836009566108643,0.009395285275025533,0.4308165357020841,0.44021182097710965,0.43577041339255207,-0.004441407584557577,C-post-confirmatory-evidence-preserving
controlled-exposure,109,play-early,hiddad,own-domain,108,27,0,12,5.777483555693132,5.052752081984161,0.38953488372093026,0.25357142857142856,5.41441975731226,blend,0.3333333333333333,0.4074074074074074,0.4166666666666667,0.42592592592592593,0.4444444444444444,-0.0092592592592593,0.08333333333333337,0.07407407407407407,0.09259259259259262,0.018518518518518545,C-post-confirmatory-evidence-preserving
controlled-exposure,109,play-early,hiddad,federation-wide,336,27,0,12,5.777483555693132,5.052752081984161,0.38953488372093026,0.25357142857142856,5.41441975731226,blend,0.24107142857142858,0.41369047619047616,0.31845238095238093,0.41964285714285715,0.49702380952380953,0.09523809523809523,0.07738095238095236,0.1726190476190476,0.17857142857142858,0.005952380952380987,C-post-confirmatory-evidence-preserving
controlled-exposure,109,play-late,airpush,own-domain,38,315,0,2,3.956657764753107,3.529816324689799,0.4523809523809524,0.5769230769230769,5.080364828832805,blend,0.5789473684210527,0.7631578947368421,0.5263157894736842,0.7631578947368421,0.7631578947368421,0.23684210526315796,-0.052631578947368474,0.1842105263157895,0.1842105263157895,0.0,C-post-confirmatory-evidence-preserving
controlled-exposure,109,play-late,airpush,federation-wide,2241,315,0,2,3.956657764753107,3.529816324689799,0.4523809523809524,0.5769230769230769,5.080364828832805,blend,0.5899152164212406,0.9598393574297188,0.8460508701472557,0.9598393574297188,0.9544846050870147,0.11378848728246316,0.2561356537260151,0.36992414100847826,0.36992414100847826,0.0,C-post-confirmatory-evidence-preserving
controlled-exposure,109,play-late,revmob,own-domain,21,45,0,1,4.555851990487254,3.1279084901414325,0.43915343915343913,0.5032258064516129,5.439069946059045,blend,0.42857142857142855,0.8095238095238095,0.42857142857142855,0.7619047619047619,0.8095238095238095,0.380952380952381,0.0,0.380952380952381,0.3333333333333333,-0.04761904761904767,C-post-confirmatory-evidence-preserving
controlled-exposure,109,play-late,revmob,federation-wide,665,45,0,1,4.555851990487254,3.1279084901414325,0.43915343915343913,0.5032258064516129,5.439069946059045,blend,0.29022556390977444,0.6255639097744361,0.45864661654135336,0.825563909774436,0.8781954887218045,0.16691729323308274,0.16842105263157892,0.33533834586466166,0.5353383458646617,0.19999999999999996,C-post-confirmatory-evidence-preserving
controlled-exposure,109,anzhi,gappusin,own-domain,312,419,0,102,2.5522430219659897,1.3723199714297345,0.6881720430107527,0.6266666666666667,2.599702548257585,blend,0.21153846153846154,0.19230769230769232,0.17307692307692307,0.22115384615384615,0.14423076923076922,0.019230769230769246,-0.038461538461538464,-0.019230769230769218,0.009615384615384609,0.028846153846153827,C-post-confirmatory-evidence-preserving
controlled-exposure,109,anzhi,gappusin,federation-wide,1269,419,0,102,2.5522430219659897,1.3723199714297345,0.6881720430107527,0.6266666666666667,2.599702548257585,blend,0.3033884948778566,0.31599684791174154,0.30102442868400314,0.3301812450748621,0.22301024428684002,0.014972419227738398,-0.0023640661938534313,0.012608353033884967,0.0267927501970055,0.014184397163120532,C-post-confirmatory-evidence-preserving
controlled-exposure,109,anzhi,leadbolt,own-domain,11,91,0,5,3.4773268075559916,2.8444070616955477,0.5772357723577236,0.5,3.5487874467902714,blend,0.36363636363636365,0.36363636363636365,0.45454545454545453,0.45454545454545453,0.6363636363636364,-0.09090909090909088,0.09090909090909088,0.0,0.09090909090909088,0.09090909090909088,C-post-confirmatory-evidence-preserving
controlled-exposure,109,anzhi,leadbolt,federation-wide,751,91,0,5,3.4773268075559916,2.8444070616955477,0.5772357723577236,0.5,3.5487874467902714,blend,0.08921438082556592,0.1411451398135819,0.118508655126498,0.14647137150466044,0.2529960053262317,0.022636484687083902,0.02929427430093208,0.05193075898801598,0.057256990679094524,0.005326231691078542,C-post-confirmatory-evidence-preserving
controlled-exposure,109,appchina,adwo,own-domain,742,43,0,287,3.473074985695662,1.5754464343634103,0.7619047619047619,0.4954954954954955,2.580803706987302,blend,0.3463611859838275,0.4137466307277628,0.41509433962264153,0.45956873315363883,0.2223719676549865,-0.0013477088948787297,0.06873315363881405,0.06738544474393532,0.11320754716981135,0.04582210242587603,C-post-confirmatory-evidence-preserving
controlled-exposure,109,appchina,adwo,federation-wide,886,43,0,287,3.473074985695662,1.5754464343634103,0.7619047619047619,0.4954954954954955,2.580803706987302,blend,0.3577878103837472,0.4198645598194131,0.41309255079006774,0.4616252821670429,0.24040632054176073,0.006772009029345383,0.05530474040632055,0.062076749435665934,0.10383747178329572,0.041760722347629786,C-post-confirmatory-evidence-preserving
replication-family-set,100,play-early,dnotua,own-domain,57,6,0,18,2.6601457091095293,2.526888010224912,0.4810126582278481,0.7529411764705882,2.199696760121675,blend,0.9122807017543859,0.8947368421052632,0.9122807017543859,0.9298245614035088,0.8947368421052632,-0.01754385964912275,0.0,-0.01754385964912275,0.01754385964912286,0.03508771929824561,C-post-confirmatory-evidence-preserving
replication-family-set,100,play-early,dnotua,federation-wide,69,6,0,18,2.6601457091095293,2.526888010224912,0.4810126582278481,0.7529411764705882,2.199696760121675,blend,0.8405797101449275,0.8260869565217391,0.8405797101449275,0.855072463768116,0.8840579710144928,-0.01449275362318836,0.0,-0.01449275362318836,0.01449275362318847,0.02898550724637683,C-post-confirmatory-evidence-preserving
replication-family-set,100,play-early,inmobi,own-domain,577,16,0,98,5.1166351121677955,3.6051502066937218,0.6286919831223629,0.7433155080213903,5.6478825739961565,blend,0.755632582322357,0.8232235701906413,0.7608318890814558,0.8596187175043327,0.8648180242634316,0.06239168110918547,0.005199306759098854,0.06759098786828432,0.10398613518197575,0.03639514731369142,C-post-confirmatory-evidence-preserving
replication-family-set,100,play-early,inmobi,federation-wide,632,16,0,98,5.1166351121677955,3.6051502066937218,0.6286919831223629,0.7433155080213903,5.6478825739961565,blend,0.7357594936708861,0.8085443037974683,0.7468354430379747,0.8481012658227848,0.865506329113924,0.06170886075949367,0.011075949367088556,0.07278481012658222,0.11234177215189867,0.039556962025316444,C-post-confirmatory-evidence-preserving
replication-family-set,100,play-late,smsreg,own-domain,13,442,0,0,4.0524178496290375,3.7512055053039366,0.34980988593155893,0.5259259259259259,5.585660194171303,blend,0.5384615384615384,0.6153846153846154,0.38461538461538464,0.3076923076923077,0.7692307692307693,0.23076923076923078,-0.1538461538461538,0.07692307692307698,-0.23076923076923073,-0.3076923076923077,C-post-confirmatory-evidence-preserving
replication-family-set,100,play-late,smsreg,federation-wide,1440,442,0,0,4.0524178496290375,3.7512055053039366,0.34980988593155893,0.5259259259259259,5.585660194171303,blend,0.5215277777777778,0.8520833333333333,0.7451388888888889,0.8055555555555556,0.94375,0.1069444444444444,0.2236111111111111,0.3305555555555555,0.28402777777777777,-0.046527777777777724,C-post-confirmatory-evidence-preserving
replication-family-set,100,anzhi,kuguo,own-domain,3164,292,0,802,2.5102228989975526,1.6540646424889922,0.6086956521739131,0.7142857142857143,2.6123951119216677,blend,0.6558154235145386,0.5768015170670038,0.5094816687737042,0.6314791403286979,0.5037926675094817,0.06731984829329962,-0.14633375474083443,-0.07901390644753481,-0.02433628318584069,0.05467762326169412,C-post-confirmatory-evidence-preserving
replication-family-set,100,anzhi,kuguo,federation-wide,3913,292,0,802,2.5102228989975526,1.6540646424889922,0.6086956521739131,0.7142857142857143,2.6123951119216677,blend,0.6399182213135701,0.5696396626629184,0.4945054945054945,0.6245847176079734,0.461027344748275,0.07513416815742391,-0.1454127268080756,-0.07027855865065169,-0.015333503705596718,0.05494505494505497,C-post-confirmatory-evidence-preserving
replication-family-set,100,appchina,youmi,own-domain,500,29,0,166,2.8196198415511953,1.6033416705639287,0.6744186046511628,0.5142857142857142,1.5714154536753144,blend,0.214,0.25,0.294,0.298,0.218,-0.043999999999999984,0.07999999999999999,0.036000000000000004,0.08399999999999999,0.04799999999999999,C-post-confirmatory-evidence-preserving
replication-family-set,100,appchina,youmi,federation-wide,648,29,0,166,2.8196198415511953,1.6033416705639287,0.6744186046511628,0.5142857142857142,1.5714154536753144,blend,0.25308641975308643,0.279320987654321,0.31635802469135804,0.32407407407407407,0.24691358024691357,-0.037037037037037035,0.06327160493827161,0.026234567901234573,0.07098765432098764,0.04475308641975306,C-post-confirmatory-evidence-preserving
replication-family-set,100,appchina,zdtad,own-domain,3,165,0,1,2.809985179428694,2.043031460099185,0.5188679245283019,0.6081081081081081,2.628005925876342,blend,1.0,1.0,1.0,1.0,0.3333333333333333,0.0,0.0,0.0,0.0,0.0,C-post-confirmatory-evidence-preserving
replication-family-set,100,appchina,zdtad,federation-wide,518,165,0,1,2.809985179428694,2.043031460099185,0.5188679245283019,0.6081081081081081,2.628005925876342,blend,0.747104247104247,0.8359073359073359,0.8281853281853282,0.859073359073359,0.8918918918918919,0.007722007722007707,0.08108108108108114,0.08880308880308885,0.11196911196911197,0.02316602316602312,C-post-confirmatory-evidence-preserving
replication-family-set,100,appchina,domob,own-domain,305,31,0,81,3.4320308274540996,1.9584126175131857,0.6716417910447762,0.5471698113207547,2.5421031153697133,blend,0.22950819672131148,0.3344262295081967,0.3540983606557377,0.4,0.31475409836065577,-0.01967213114754096,0.1245901639344262,0.10491803278688525,0.17049180327868854,0.0655737704918033,C-post-confirmatory-evidence-preserving
replication-family-set,100,appchina,domob,federation-wide,404,31,0,81,3.4320308274540996,1.9584126175131857,0.6716417910447762,0.5471698113207547,2.5421031153697133,blend,0.22524752475247525,0.33663366336633666,0.3465346534653465,0.3886138613861386,0.32425742574257427,-0.009900990099009854,0.12128712871287126,0.1113861386138614,0.16336633663366337,0.05198019801980197,C-post-confirmatory-evidence-preserving
replication-family-set,100,appchina,utchi,own-domain,196,45,0,84,4.1263067183388396,3.280204274471151,0.4166666666666667,0.8333333333333334,3.5209716134327675,blend,0.0,0.0,0.23469387755102042,0.0,0.23469387755102042,-0.23469387755102042,0.23469387755102042,0.0,0.0,0.0,C-post-confirmatory-evidence-preserving
replication-family-set,100,appchina,utchi,federation-wide,227,45,0,84,4.1263067183388396,3.280204274471151,0.4166666666666667,0.8333333333333334,3.5209716134327675,blend,0.0,0.0,0.2026431718061674,0.0,0.2026431718061674,-0.2026431718061674,0.2026431718061674,0.0,0.0,0.0,C-post-confirmatory-evidence-preserving
replication-family-set,101,play-early,youmi,own-domain,30,232,0,1,3.267514250430884,1.583851632963797,0.7009345794392523,0.7228915662650602,3.1697487777546454,blend,0.7,0.8,0.8,0.7666666666666667,0.9,0.0,0.10000000000000009,0.10000000000000009,0.06666666666666676,-0.033333333333333326,C-post-confirmatory-evidence-preserving
replication-family-set,101,play-early,youmi,federation-wide,645,232,0,1,3.267514250430884,1.583851632963797,0.7009345794392523,0.7228915662650602,3.1697487777546454,blend,0.7209302325581395,0.8248062015503876,0.751937984496124,0.8294573643410853,0.9271317829457364,0.0728682170542636,0.03100775193798455,0.10387596899224816,0.10852713178294582,0.0046511627906976605,C-post-confirmatory-evidence-preserving
replication-family-set,101,play-late,dnotua,own-domain,7,21,0,6,4.14120539771989,3.820109399388561,0.2948717948717949,0.7857142857142857,5.578726826556025,blend,0.14285714285714285,0.14285714285714285,0.14285714285714285,0.14285714285714285,0.2857142857142857,0.0,0.0,0.0,0.0,0.0,C-post-confirmatory-evidence-preserving
replication-family-set,101,play-late,dnotua,federation-wide,57,21,0,6,4.14120539771989,3.820109399388561,0.2948717948717949,0.7857142857142857,5.578726826556025,blend,0.7543859649122807,0.631578947368421,0.5964912280701754,0.631578947368421,0.7017543859649122,0.03508771929824561,-0.1578947368421053,-0.1228070175438597,-0.1228070175438597,0.0,C-post-confirmatory-evidence-preserving
replication-family-set,101,play-late,inmobi,own-domain,16,116,0,1,6.959898091917431,5.613455883359607,0.5692307692307692,0.4233128834355828,7.19089420623893,blend,1.0,1.0,1.0,1.0,1.0,0.0,0.0,0.0,0.0,0.0,C-post-confirmatory-evidence-preserving
replication-family-set,101,play-late,inmobi,federation-wide,528,116,0,1,6.959898091917431,5.613455883359607,0.5692307692307692,0.4233128834355828,7.19089420623893,blend,0.9185606060606061,0.9753787878787878,0.9583333333333334,0.9734848484848485,0.9659090909090909,0.017045454545454475,0.03977272727272729,0.05681818181818177,0.05492424242424243,-0.0018939393939393367,C-post-confirmatory-evidence-preserving
replication-family-set,101,anzhi,utchi,own-domain,81,40,0,43,3.7421806898621077,3.1340324224780947,0.45652173913043476,0.8064516129032258,3.992382508338149,blend,0.012345679012345678,0.012345679012345678,0.012345679012345678,0.012345679012345678,0.012345679012345678,0.0,0.0,0.0,0.0,0.0,C-post-confirmatory-evidence-preserving
replication-family-set,101,anzhi,utchi,federation-wide,595,40,0,43,3.7421806898621077,3.1340324224780947,0.45652173913043476,0.8064516129032258,3.992382508338149,blend,0.0016806722689075631,0.0016806722689075631,0.0016806722689075631,0.0016806722689075631,0.0016806722689075631,0.0,0.0,0.0,0.0,0.0,C-post-confirmatory-evidence-preserving
replication-family-set,101,appchina,kuguo,own-domain,966,796,0,266,2.8826493433977607,1.2549428712009045,0.5357142857142857,0.6125,2.051793739359338,blend,0.5351966873706004,0.5797101449275363,0.5020703933747412,0.6521739130434783,0.5476190476190477,0.07763975155279501,-0.0331262939958592,0.04451345755693581,0.11697722567287783,0.07246376811594202,C-post-confirmatory-evidence-preserving
replication-family-set,101,appchina,kuguo,federation-wide,3903,796,0,266,2.8826493433977607,1.2549428712009045,0.5357142857142857,0.6125,2.051793739359338,blend,0.6079938508839354,0.6295157571099155,0.5746861388675378,0.6535997950294645,0.7076607737637715,0.05482961824237764,-0.033307712016397595,0.021521906225980048,0.0456059441455291,0.02408403791954905,C-post-confirmatory-evidence-preserving
replication-family-set,101,appchina,smsreg,own-domain,597,197,0,193,2.629613235808197,1.761516876493216,0.6030534351145038,0.5779816513761468,1.881240980282227,blend,0.25125628140703515,0.3601340033500838,0.34338358458961477,0.40033500837520936,0.6365159128978225,0.01675041876046901,0.09212730318257961,0.10887772194304862,0.1490787269681742,0.04020100502512558,C-post-confirmatory-evidence-preserving
replication-family-set,101,appchina,smsreg,federation-wide,1263,197,0,193,2.629613235808197,1.761516876493216,0.6030534351145038,0.5779816513761468,1.881240980282227,blend,0.32779097387173395,0.44972288202692,0.4323040380047506,0.4718923198733175,0.6452889944576405,0.017418844022169422,0.10451306413301664,0.12193190815518606,0.14410134600158353,0.022169437846397466,C-post-confirmatory-evidence-preserving
replication-family-set,101,appchina,domob,own-domain,234,25,0,90,3.502033475741189,1.9313133173617378,0.6972477064220184,0.5480769230769231,2.5533268507654983,blend,0.358974358974359,0.4658119658119658,0.4658119658119658,0.48717948717948717,0.49572649572649574,0.0,0.10683760683760685,0.10683760683760685,0.1282051282051282,0.021367521367521347,C-post-confirmatory-evidence-preserving
replication-family-set,101,appchina,domob,federation-wide,327,25,0,90,3.502033475741189,1.9313133173617378,0.6972477064220184,0.5480769230769231,2.5533268507654983,blend,0.3119266055045872,0.4434250764525994,0.44036697247706424,0.45565749235474007,0.5076452599388379,0.0030581039755351314,0.12844036697247707,0.1314984709480122,0.1437308868501529,0.012232415902140692,C-post-confirmatory-evidence-preserving
replication-family-set,102,play-early,dnotua,own-domain,604,24,0,243,2.5525487788969548,0.9806747133561668,0.5205479452054794,0.8113207547169812,2.9278706111790336,blend,0.9933774834437086,0.9933774834437086,0.9933774834437086,0.9933774834437086,0.9917218543046358,0.0,0.0,0.0,0.0,0.0,C-post-confirmatory-evidence-preserving
replication-family-set,102,play-early,dnotua,federation-wide,644,24,0,243,2.5525487788969548,0.9806747133561668,0.5205479452054794,0.8113207547169812,2.9278706111790336,blend,0.9875776397515528,0.9891304347826086,0.9891304347826086,0.9891304347826086,0.9891304347826086,0.0,0.0015527950310558758,0.0015527950310558758,0.0015527950310558758,0.0,C-post-confirmatory-evidence-preserving
replication-family-set,102,anzhi,kuguo,own-domain,2699,265,0,768,2.573701099817186,1.8096195304126792,0.5631067961165048,0.7142857142857143,2.5909128435728888,blend,0.5235272323082624,0.4457206372730641,0.41274546128195627,0.47091515376065207,0.41311596887736196,0.03297517599110783,-0.1107817710263061,-0.07780659503519827,-0.0526120785476103,0.02519451648758797,C-post-confirmatory-evidence-preserving
replication-family-set,102,anzhi,kuguo,federation-wide,3477,265,0,768,2.573701099817186,1.8096195304126792,0.5631067961165048,0.7142857142857143,2.5909128435728888,blend,0.5539257981018119,0.4725337935001438,0.43025596778832326,0.5035950532067874,0.42996836353178025,0.04227782571182054,-0.1236698303134886,-0.08139200460166807,-0.050330744895024426,0.03106125970664364,C-post-confirmatory-evidence-preserving
replication-family-set,102,anzhi,smsreg,own-domain,532,226,0,180,2.638805876152219,1.6411627457984768,0.624390243902439,0.48,2.068310162862956,blend,0.5131578947368421,0.462406015037594,0.4041353383458647,0.5075187969924813,0.5770676691729323,0.058270676691729306,-0.10902255639097747,-0.05075187969924816,-0.005639097744360888,0.04511278195488727,C-post-confirmatory-evidence-preserving
replication-family-set,102,anzhi,smsreg,federation-wide,1140,226,0,180,2.638805876152219,1.6411627457984768,0.624390243902439,0.48,2.068310162862956,blend,0.3780701754385965,0.3254385964912281,0.27280701754385966,0.3587719298245614,0.49298245614035086,0.05263157894736842,-0.10526315789473684,-0.05263157894736842,-0.019298245614035092,0.033333333333333326,C-post-confirmatory-evidence-preserving
replication-family-set,102,anzhi,youmi,own-domain,72,188,0,26,2.6275162950313233,1.4901217150532076,0.6818181818181818,0.6190476190476191,2.197549995316792,blend,0.2916666666666667,0.25,0.2222222222222222,0.2361111111111111,0.125,0.02777777777777779,-0.06944444444444448,-0.041666666666666685,-0.05555555555555558,-0.013888888888888895,C-post-confirmatory-evidence-preserving
replication-family-set,102,anzhi,youmi,federation-wide,648,188,0,26,2.6275162950313233,1.4901217150532076,0.6818181818181818,0.6190476190476191,2.197549995316792,blend,0.30709876543209874,0.22067901234567902,0.19290123456790123,0.2191358024691358,0.16820987654320987,0.02777777777777779,-0.11419753086419751,-0.08641975308641972,-0.08796296296296294,-0.0015432098765432167,C-post-confirmatory-evidence-preserving
replication-family-set,102,anzhi,domob,own-domain,109,87,0,19,3.424805642125503,1.6675430140178955,0.7767857142857143,0.5777777777777777,3.022717755906383,blend,0.29357798165137616,0.22935779816513763,0.22935779816513763,0.22018348623853212,0.10091743119266056,0.0,-0.06422018348623854,-0.06422018348623854,-0.07339449541284404,-0.009174311926605505,C-post-confirmatory-evidence-preserving
replication-family-set,102,anzhi,domob,federation-wide,406,87,0,19,3.424805642125503,1.6675430140178955,0.7767857142857143,0.5777777777777777,3.022717755906383,blend,0.3522167487684729,0.29310344827586204,0.2660098522167488,0.27586206896551724,0.14532019704433496,0.027093596059113267,-0.08620689655172414,-0.059113300492610876,-0.07635467980295568,-0.017241379310344807,C-post-confirmatory-evidence-preserving
replication-family-set,102,anzhi,utchi,own-domain,129,40,0,29,3.774058788065424,3.004807879197262,0.46808510638297873,0.8064516129032258,3.574937202892381,blend,0.0,0.0,0.0,0.0,0.0,0.0,0.0,0.0,0.0,0.0,C-post-confirmatory-evidence-preserving
replication-family-set,102,anzhi,utchi,federation-wide,760,40,0,29,3.774058788065424,3.004807879197262,0.46808510638297873,0.8064516129032258,3.574937202892381,blend,0.0,0.0,0.0,0.0,0.0,0.0,0.0,0.0,0.0,0.0,C-post-confirmatory-evidence-preserving
replication-family-set,102,appchina,inmobi,own-domain,39,107,0,10,7.726011562981036,6.376686640807095,0.45320197044334976,0.2608695652173913,6.986911419785452,blend,0.6923076923076923,0.7435897435897436,0.6153846153846154,0.7948717948717948,0.8205128205128205,0.1282051282051282,-0.07692307692307687,0.05128205128205132,0.10256410256410253,0.05128205128205121,C-post-confirmatory-evidence-preserving
replication-family-set,102,appchina,inmobi,federation-wide,541,107,0,10,7.726011562981036,6.376686640807095,0.45320197044334976,0.2608695652173913,6.986911419785452,blend,0.4066543438077634,0.4214417744916821,0.3752310536044362,0.6728280961182994,0.49722735674676527,0.04621072088724587,-0.03142329020332718,0.01478743068391869,0.266173752310536,0.25138632162661734,C-post-confirmatory-evidence-preserving
replication-family-set,102,appchina,zdtad,own-domain,1,185,0,7,2.7667013025950347,2.0319681262487403,0.550561797752809,0.6351351351351351,2.634174656251184,blend,1.0,1.0,1.0,1.0,0.0,0.0,0.0,0.0,0.0,0.0,C-post-confirmatory-evidence-preserving
replication-family-set,102,appchina,zdtad,federation-wide,407,185,0,7,2.7667013025950347,2.0319681262487403,0.550561797752809,0.6351351351351351,2.634174656251184,blend,0.742014742014742,0.7272727272727273,0.6412776412776413,0.7199017199017199,0.85995085995086,0.08599508599508598,-0.10073710073710074,-0.014742014742014753,-0.02211302211302213,-0.0073710073710073765,C-post-confirmatory-evidence-preserving
replication-family-set,103,play-early,kuguo,own-domain,14,1100,0,2,3.6499363389719495,2.0511084527628514,0.47244094488188976,0.6103896103896104,3.437172033775028,blend,0.6428571428571429,0.7857142857142857,0.7142857142857143,0.7857142857142857,0.9285714285714286,0.0714285714285714,0.0714285714285714,0.1428571428571428,0.1428571428571428,0.0,C-post-confirmatory-evidence-preserving
replication-family-set,103,play-early,kuguo,federation-wide,3474,1100,0,2,3.6499363389719495,2.0511084527628514,0.47244094488188976,0.6103896103896104,3.437172033775028,blend,0.5739781232009211,0.8151986183074266,0.7213586643638457,0.7944732297063903,0.9781232009211284,0.09383995394358091,0.14738054116292454,0.24122049510650545,0.22049510650546922,-0.020725388601036232,C-post-confirmatory-evidence-preserving
replication-family-set,103,play-early,youmi,own-domain,31,198,0,4,3.1771391373977953,1.7140119967990761,0.6422018348623854,0.6428571428571429,3.1377107450383974,blend,0.5483870967741935,0.7096774193548387,0.6129032258064516,0.8064516129032258,0.8064516129032258,0.09677419354838712,0.06451612903225812,0.16129032258064524,0.25806451612903225,0.09677419354838701,C-post-confirmatory-evidence-preserving
replication-family-set,103,play-early,youmi,federation-wide,703,198,0,4,3.1771391373977953,1.7140119967990761,0.6422018348623854,0.6428571428571429,3.1377107450383974,blend,0.5590327169274538,0.7211948790896159,0.5903271692745377,0.7197724039829303,0.9345661450924608,0.13086770981507823,0.031294452347083834,0.16216216216216206,0.16073968705547648,-0.0014224751066855834,C-post-confirmatory-evidence-preserving
replication-family-set,103,play-late,smsreg,own-domain,16,408,0,2,4.079506928264243,3.71916057984067,0.34615384615384615,0.5144927536231884,5.619614715276916,blend,0.125,0.375,0.3125,0.375,0.3125,0.0625,0.1875,0.25,0.25,0.0,C-post-confirmatory-evidence-preserving
replication-family-set,103,play-late,smsreg,federation-wide,1328,408,0,2,4.079506928264243,3.71916057984067,0.34615384615384615,0.5144927536231884,5.619614715276916,blend,0.7740963855421686,0.9096385542168675,0.8817771084337349,0.9141566265060241,0.9578313253012049,0.027861445783132543,0.10768072289156627,0.13554216867469882,0.1400602409638555,0.004518072289156683,C-post-confirmatory-evidence-preserving
replication-family-set,103,anzhi,domob,own-domain,121,95,0,22,3.182718706837439,1.68910603403019,0.7857142857142857,0.5888888888888889,3.0336520846721093,blend,0.19008264462809918,0.19834710743801653,0.19834710743801653,0.2396694214876033,0.5702479338842975,0.0,0.008264462809917356,0.008264462809917356,0.049586776859504134,0.04132231404958678,C-post-confirmatory-evidence-preserving
replication-family-set,103,anzhi,domob,federation-wide,432,95,0,22,3.182718706837439,1.68910603403019,0.7857142857142857,0.5888888888888889,3.0336520846721093,blend,0.25925925925925924,0.29398148148148145,0.28935185185185186,0.3449074074074074,0.49074074074074076,0.004629629629629595,0.030092592592592615,0.03472222222222221,0.08564814814814814,0.05092592592592593,C-post-confirmatory-evidence-preserving
replication-family-set,103,appchina,dnotua,own-domain,4,237,0,2,5.021001799865017,4.4546289130379115,0.21,0.30434782608695654,4.273964494813426,blend,0.75,0.75,0.75,0.75,0.75,0.0,0.0,0.0,0.0,0.0,C-post-confirmatory-evidence-preserving
replication-family-set,103,appchina,dnotua,federation-wide,89,237,0,2,5.021001799865017,4.4546289130379115,0.21,0.30434782608695654,4.273964494813426,blend,0.1348314606741573,0.1797752808988764,0.1797752808988764,0.1797752808988764,0.14606741573033707,0.0,0.0449438202247191,0.0449438202247191,0.0449438202247191,0.0,C-post-confirmatory-evidence-preserving
replication-family-set,103,appchina,inmobi,own-domain,21,96,0,12,7.641551108252443,6.294968159792891,0.4577114427860697,0.2597402597402597,6.879771181852549,blend,0.42857142857142855,0.47619047619047616,0.23809523809523808,0.47619047619047616,0.6666666666666666,0.23809523809523808,-0.19047619047619047,0.047619047619047616,0.047619047619047616,0.0,C-post-confirmatory-evidence-preserving
replication-family-set,103,appchina,inmobi,federation-wide,535,96,0,12,7.641551108252443,6.294968159792891,0.4577114427860697,0.2597402597402597,6.879771181852549,blend,0.41495327102803736,0.5177570093457944,0.48598130841121495,0.514018691588785,0.7813084112149533,0.03177570093457943,0.07102803738317759,0.10280373831775702,0.09906542056074763,-0.0037383177570093906,C-post-confirmatory-evidence-preserving
replication-family-set,103,appchina,zdtad,own-domain,6,161,0,4,2.7385666232928516,1.9366770537142972,0.5576923076923077,0.5974025974025974,2.61408966670953,blend,0.5,0.6666666666666666,0.6666666666666666,0.6666666666666666,0.5,0.0,0.16666666666666663,0.16666666666666663,0.16666666666666663,0.0,C-post-confirmatory-evidence-preserving
replication-family-set,103,appchina,zdtad,federation-wide,587,161,0,4,2.7385666232928516,1.9366770537142972,0.5576923076923077,0.5974025974025974,2.61408966670953,blend,0.8364565587734242,0.8040885860306644,0.7887563884156729,0.8057921635434412,0.8347529812606473,0.015332197614991494,-0.047700170357751315,-0.03236797274275982,-0.030664395229982988,0.0017035775127768327,C-post-confirmatory-evidence-preserving
replication-family-set,104,play-early,dnotua,own-domain,20,23,0,250,2.641162273055526,0.7445594673493441,0.75,1.0,3.212114567150064,blend,0.65,0.75,0.75,0.75,0.7,0.0,0.09999999999999998,0.09999999999999998,0.09999999999999998,0.0,C-post-confirmatory-evidence-preserving
replication-family-set,104,play-early,dnotua,federation-wide,92,23,0,250,2.641162273055526,0.7445594673493441,0.75,1.0,3.212114567150064,blend,0.32608695652173914,0.3695652173913043,0.3695652173913043,0.3695652173913043,0.34782608695652173,0.0,0.04347826086956519,0.04347826086956519,0.04347826086956519,0.0,C-post-confirmatory-evidence-preserving
replication-family-set,104,play-early,domob,own-domain,17,155,0,1,3.637661244633531,2.33575319864663,0.67,0.654320987654321,3.76191206213624,blend,0.47058823529411764,0.8823529411764706,0.8235294117647058,0.8823529411764706,0.8235294117647058,0.05882352941176472,0.3529411764705882,0.4117647058823529,0.4117647058823529,0.0,C-post-confirmatory-evidence-preserving
replication-family-set,104,play-early,domob,federation-wide,404,155,0,1,3.637661244633531,2.33575319864663,0.67,0.654320987654321,3.76191206213624,blend,0.8935643564356436,0.9504950495049505,0.8638613861386139,0.9455445544554455,0.9257425742574258,0.0866336633663366,-0.02970297029702973,0.05693069306930687,0.051980198019801915,-0.004950495049504955,C-post-confirmatory-evidence-preserving
replication-family-set,104,play-late,inmobi,own-domain,28,97,0,1,7.206480614278623,5.87235594310807,0.5989304812834224,0.47058823529411764,7.406288833658654,blend,0.17857142857142858,1.0,0.9642857142857143,1.0,1.0,0.0357142857142857,0.7857142857142857,0.8214285714285714,0.8214285714285714,0.0,C-post-confirmatory-evidence-preserving
replication-family-set,104,play-late,inmobi,federation-wide,1089,97,0,1,7.206480614278623,5.87235594310807,0.5989304812834224,0.47058823529411764,7.406288833658654,blend,0.10927456382001836,0.977961432506887,0.8145087235996327,0.9944903581267218,0.992653810835629,0.16345270890725438,0.7052341597796143,0.8686868686868687,0.8852157943067035,0.016528925619834767,C-post-confirmatory-evidence-preserving
replication-family-set,104,anzhi,smsreg,own-domain,572,214,0,174,2.4678613237142137,1.5463763744172334,0.6792452830188679,0.5067567567567568,1.8982644692553374,blend,0.3356643356643357,0.3793706293706294,0.3146853146853147,0.4230769230769231,0.42132867132867136,0.06468531468531469,-0.02097902097902099,0.0437062937062937,0.0874125874125874,0.0437062937062937,C-post-confirmatory-evidence-preserving
replication-family-set,104,anzhi,smsreg,federation-wide,1368,214,0,174,2.4678613237142137,1.5463763744172334,0.6792452830188679,0.5067567567567568,1.8982644692553374,blend,0.2046783625730994,0.27558479532163743,0.22660818713450293,0.30409356725146197,0.4466374269005848,0.04897660818713451,0.02192982456140352,0.07090643274853803,0.09941520467836257,0.02850877192982454,C-post-confirmatory-evidence-preserving
replication-family-set,104,anzhi,youmi,own-domain,110,186,0,39,2.4398527276152997,1.6071617571810064,0.6923076923076923,0.6190476190476191,2.17292347767861,blend,0.22727272727272727,0.22727272727272727,0.2,0.22727272727272727,0.20909090909090908,0.027272727272727254,-0.027272727272727254,0.0,0.0,0.0,C-post-confirmatory-evidence-preserving
replication-family-set,104,anzhi,youmi,federation-wide,714,186,0,39,2.4398527276152997,1.6071617571810064,0.6923076923076923,0.6190476190476191,2.17292347767861,blend,0.24369747899159663,0.28711484593837533,0.242296918767507,0.29411764705882354,0.20028011204481794,0.04481792717086833,-0.0014005602240896309,0.043417366946778696,0.050420168067226906,0.00700280112044821,C-post-confirmatory-evidence-preserving
replication-family-set,104,appchina,kuguo,own-domain,601,794,0,289,2.6938254439089784,1.195997696128466,0.5483870967741935,0.6375,2.055246035431259,blend,0.6023294509151415,0.7088186356073212,0.6522462562396006,0.7004991680532446,0.502495840266223,0.05657237936772053,0.04991680532445919,0.10648918469217972,0.09816971713810319,-0.008319467554076532,C-post-confirmatory-evidence-preserving
replication-family-set,104,appchina,kuguo,federation-wide,3624,794,0,289,2.6938254439089784,1.195997696128466,0.5483870967741935,0.6375,2.055246035431259,blend,0.5057947019867549,0.5874724061810155,0.46716335540838855,0.5521523178807947,0.5317328918322296,0.12030905077262694,-0.038631346578366366,0.08167770419426057,0.04635761589403975,-0.03532008830022082,C-post-confirmatory-evidence-preserving
replication-family-set,105,play-early,smsreg,own-domain,64,435,0,5,4.188066247357669,2.5286015156710127,0.47115384615384615,0.363013698630137,3.9895065060433548,blend,0.328125,0.359375,0.390625,0.34375,0.375,-0.03125,0.0625,0.03125,0.015625,-0.015625,C-post-confirmatory-evidence-preserving
replication-family-set,105,play-early,smsreg,federation-wide,1357,435,0,5,4.188066247357669,2.5286015156710127,0.47115384615384615,0.363013698630137,3.9895065060433548,blend,0.5880619012527635,0.7126013264554164,0.6698599852616065,0.7332350773765659,0.8577745025792188,0.0427413411938099,0.08179808400884303,0.12453942520265293,0.14517317612380243,0.020633750921149496,C-post-confirmatory-evidence-preserving
replication-family-set,105,play-early,domob,own-domain,11,134,0,2,3.7811014732738495,2.184904892795592,0.7264150943396226,0.6022727272727273,3.7780915058124247,blend,1.0,1.0,1.0,1.0,0.9090909090909091,0.0,0.0,0.0,0.0,0.0,C-post-confirmatory-evidence-preserving
replication-family-set,105,play-early,domob,federation-wide,375,134,0,2,3.7811014732738495,2.184904892795592,0.7264150943396226,0.6022727272727273,3.7780915058124247,blend,0.9386666666666666,0.976,0.9466666666666667,0.9813333333333333,0.928,0.029333333333333322,0.008000000000000007,0.03733333333333333,0.04266666666666663,0.005333333333333301,C-post-confirmatory-evidence-preserving
replication-family-set,105,play-late,inmobi,own-domain,19,104,0,4,6.9994124525827415,5.60718484907298,0.5358851674641149,0.4807692307692308,7.30304817306299,blend,0.8421052631578947,0.8947368421052632,0.8421052631578947,0.8947368421052632,0.8947368421052632,0.052631578947368474,0.0,0.052631578947368474,0.052631578947368474,0.0,C-post-confirmatory-evidence-preserving
replication-family-set,105,play-late,inmobi,federation-wide,629,104,0,4,6.9994124525827415,5.60718484907298,0.5358851674641149,0.4807692307692308,7.30304817306299,blend,0.7011128775834659,0.9602543720190779,0.9030206677265501,0.9745627980922098,0.9809220985691574,0.05723370429252783,0.20190779014308424,0.2591414944356121,0.27344992050874395,0.014308426073131875,C-post-confirmatory-evidence-preserving
replication-family-set,105,anzhi,kuguo,own-domain,2879,284,0,817,2.601839478218345,1.8658384383873563,0.6105263157894737,0.7301587301587301,2.638418873569413,blend,0.671761028134769,0.6835706842653699,0.6648141715873567,0.7318513372698854,0.7130948245918721,0.01875651267801326,-0.006946856547412339,0.01180965613060092,0.06009030913511637,0.04828065300451545,C-post-confirmatory-evidence-preserving
replication-family-set,105,anzhi,kuguo,federation-wide,3848,284,0,817,2.601839478218345,1.8658384383873563,0.6105263157894737,0.7301587301587301,2.638418873569413,blend,0.6632016632016632,0.6954261954261954,0.6613825363825364,0.7294698544698545,0.7182952182952183,0.034043659043659025,-0.0018191268191267707,0.032224532224532254,0.06626819126819128,0.034043659043659025,C-post-confirmatory-evidence-preserving
replication-family-set,105,anzhi,youmi,own-domain,109,173,0,23,2.5949112304379622,1.5159586657769728,0.6952380952380952,0.6024096385542169,2.389260534661219,blend,0.3486238532110092,0.43119266055045874,0.3486238532110092,0.42201834862385323,0.29357798165137616,0.08256880733944955,0.0,0.08256880733944955,0.07339449541284404,-0.009174311926605505,C-post-confirmatory-evidence-preserving
replication-family-set,105,anzhi,youmi,federation-wide,757,173,0,23,2.5949112304379622,1.5159586657769728,0.6952380952380952,0.6024096385542169,2.389260534661219,blend,0.34346103038309117,0.43593130779392336,0.35667107001321,0.4134742404227213,0.29590488771466317,0.07926023778071334,0.013210039630118853,0.09247027741083219,0.07001321003963012,-0.022457067371202066,C-post-confirmatory-evidence-preserving
replication-family-set,105,anzhi,utchi,own-domain,306,62,0,15,3.7958076592345757,3.037259316638986,0.4594594594594595,0.8214285714285714,3.945792517114488,blend,0.006535947712418301,0.006535947712418301,0.006535947712418301,0.006535947712418301,0.8790849673202614,0.0,0.0,0.0,0.0,0.0,C-post-confirmatory-evidence-preserving
replication-family-set,105,anzhi,utchi,federation-wide,584,62,0,15,3.7958076592345757,3.037259316638986,0.4594594594594595,0.8214285714285714,3.945792517114488,blend,0.003424657534246575,0.003424657534246575,0.003424657534246575,0.003424657534246575,0.6455479452054794,0.0,0.0,0.0,0.0,0.0,C-post-confirmatory-evidence-preserving
replication-family-set,105,appchina,dnotua,own-domain,2,270,0,1,4.97233532841229,4.3693601068703565,0.1827956989247312,0.30434782608695654,4.188168255982031,blend,1.0,1.0,1.0,1.0,0.5,0.0,0.0,0.0,0.0,0.0,C-post-confirmatory-evidence-preserving
replication-family-set,105,appchina,dnotua,federation-wide,50,270,0,1,4.97233532841229,4.3693601068703565,0.1827956989247312,0.30434782608695654,4.188168255982031,blend,0.3,0.4,0.4,0.4,0.44,0.0,0.10000000000000003,0.10000000000000003,0.10000000000000003,0.0,C-post-confirmatory-evidence-preserving
replication-family-set,105,appchina,zdtad,own-domain,6,174,0,3,2.75389497607444,2.018912435668336,0.5285714285714286,0.5949367088607594,2.6016824465398924,blend,0.5,0.8333333333333334,0.8333333333333334,0.8333333333333334,0.8333333333333334,0.0,0.33333333333333337,0.33333333333333337,0.33333333333333337,0.0,C-post-confirmatory-evidence-preserving
replication-family-set,105,appchina,zdtad,federation-wide,678,174,0,3,2.75389497607444,2.018912435668336,0.5285714285714286,0.5949367088607594,2.6016824465398924,blend,0.855457227138643,0.8702064896755162,0.8731563421828908,0.855457227138643,0.9380530973451328,-0.002949852507374673,0.017699115044247815,0.014749262536873142,0.0,-0.014749262536873142,C-post-confirmatory-evidence-preserving
replication-family-set,106,play-early,dnotua,own-domain,29,14,0,260,2.7534074467055185,0.8118476196691168,0.7333333333333333,1.0,3.2399303885770925,blend,0.6896551724137931,0.7586206896551724,0.6896551724137931,0.7586206896551724,0.7241379310344828,0.06896551724137923,0.0,0.06896551724137923,0.06896551724137923,0.0,C-post-confirmatory-evidence-preserving
replication-family-set,106,play-early,dnotua,federation-wide,53,14,0,260,2.7534074467055185,0.8118476196691168,0.7333333333333333,1.0,3.2399303885770925,blend,0.6415094339622641,0.7358490566037735,0.6981132075471698,0.7169811320754716,0.660377358490566,0.037735849056603765,0.05660377358490565,0.09433962264150941,0.07547169811320753,-0.018867924528301883,C-post-confirmatory-evidence-preserving
replication-family-set,106,play-late,smsreg,own-domain,17,365,0,0,4.151588100064416,3.941903043894378,0.2992957746478873,0.49242424242424243,5.612593534135643,blend,0.4117647058823529,0.35294117647058826,0.5294117647058824,0.4117647058823529,0.5294117647058824,-0.1764705882352941,0.11764705882352944,-0.05882352941176466,0.0,0.05882352941176466,C-post-confirmatory-evidence-preserving
replication-family-set,106,play-late,smsreg,federation-wide,1193,365,0,0,4.151588100064416,3.941903043894378,0.2992957746478873,0.49242424242424243,5.612593534135643,blend,0.7845766974015088,0.8306789606035205,0.8809723386420788,0.8273260687342833,0.950544844928751,-0.05029337803855827,0.09639564124056998,0.04610226320201172,0.042749371332774455,-0.0033528918692372622,C-post-confirmatory-evidence-preserving
replication-family-set,106,anzhi,youmi,own-domain,87,184,0,28,2.382273522794909,1.3810562165066627,0.7037037037037037,0.6547619047619048,2.080505579016208,blend,0.22988505747126436,0.20689655172413793,0.19540229885057472,0.20689655172413793,0.14942528735632185,0.011494252873563204,-0.03448275862068964,-0.022988505747126436,-0.022988505747126436,0.0,C-post-confirmatory-evidence-preserving
replication-family-set,106,anzhi,youmi,federation-wide,683,184,0,28,2.382273522794909,1.3810562165066627,0.7037037037037037,0.6547619047619048,2.080505579016208,blend,0.2635431918008785,0.24743777452415813,0.21815519765739386,0.2635431918008785,0.13323572474377746,0.029282576866764276,-0.04538799414348463,-0.016105417276720352,0.0,0.016105417276720352,C-post-confirmatory-evidence-preserving
replication-family-set,106,anzhi,domob,own-domain,87,91,0,40,3.170898308607723,1.6312190957790247,0.7410714285714286,0.6153846153846154,2.8413783593506836,blend,0.2413793103448276,0.2988505747126437,0.2413793103448276,0.3218390804597701,0.27586206896551724,0.057471264367816105,0.0,0.057471264367816105,0.08045977011494251,0.02298850574712641,C-post-confirmatory-evidence-preserving
replication-family-set,106,anzhi,domob,federation-wide,401,91,0,40,3.170898308607723,1.6312190957790247,0.7410714285714286,0.6153846153846154,2.8413783593506836,blend,0.2892768079800499,0.3640897755610973,0.32169576059850374,0.38403990024937656,0.18204488778054864,0.04239401496259354,0.032418952618453845,0.07481296758104738,0.09476309226932667,0.01995012468827928,C-post-confirmatory-evidence-preserving
replication-family-set,106,appchina,kuguo,own-domain,1023,821,0,223,2.8060198885066554,1.2805757140100635,0.5288461538461539,0.620253164556962,2.0582439830780497,blend,0.3734115347018573,0.43304007820136853,0.4897360703812317,0.49071358748778104,0.38025415444770283,-0.05669599217986315,0.1163245356793744,0.059628543499511244,0.11730205278592376,0.057673509286412517,C-post-confirmatory-evidence-preserving
replication-family-set,106,appchina,kuguo,federation-wide,4138,821,0,223,2.8060198885066554,1.2805757140100635,0.5288461538461539,0.620253164556962,2.0582439830780497,blend,0.4598840019333011,0.5398743354277429,0.5712904784920251,0.5782986950217497,0.5785403576607057,-0.0314161430642822,0.11140647655872399,0.07999033349444179,0.1184146930884486,0.03842435959400681,C-post-confirmatory-evidence-preserving
replication-family-set,106,appchina,inmobi,own-domain,23,46,0,6,7.0806474297226485,5.439742244848056,0.4765957446808511,0.21890547263681592,6.2165581554124865,blend,0.13043478260869565,0.17391304347826086,0.17391304347826086,0.17391304347826086,0.4782608695652174,0.0,0.043478260869565216,0.043478260869565216,0.043478260869565216,0.0,C-post-confirmatory-evidence-preserving
replication-family-set,106,appchina,inmobi,federation-wide,511,46,0,6,7.0806474297226485,5.439742244848056,0.4765957446808511,0.21890547263681592,6.2165581554124865,blend,0.48140900195694714,0.5283757338551859,0.5499021526418787,0.5303326810176126,0.7103718199608611,-0.021526418786692814,0.06849315068493156,0.046966731898238745,0.048923679060665415,0.00195694716242667,C-post-confirmatory-evidence-preserving
replication-family-set,106,appchina,zdtad,own-domain,2,149,0,3,2.8517117112403403,2.03722477456301,0.55,0.6,2.6119558314715787,blend,1.0,0.5,0.5,0.5,1.0,0.0,-0.5,-0.5,-0.5,0.0,C-post-confirmatory-evidence-preserving
replication-family-set,106,appchina,zdtad,federation-wide,495,149,0,3,2.8517117112403403,2.03722477456301,0.55,0.6,2.6119558314715787,blend,0.7575757575757576,0.7616161616161616,0.8101010101010101,0.7636363636363637,0.7858585858585858,-0.048484848484848464,0.05252525252525253,0.004040404040404066,0.0060606060606061,0.002020202020202033,C-post-confirmatory-evidence-preserving
replication-family-set,106,appchina,utchi,own-domain,82,12,0,69,4.070927597062206,3.1755179081706135,0.4166666666666667,0.8333333333333334,3.405775264204841,blend,0.1951219512195122,0.1951219512195122,0.1951219512195122,0.1951219512195122,0.7560975609756098,0.0,0.0,0.0,0.0,0.0,C-post-confirmatory-evidence-preserving
replication-family-set,106,appchina,utchi,federation-wide,354,12,0,69,4.070927597062206,3.1755179081706135,0.4166666666666667,0.8333333333333334,3.405775264204841,blend,0.04519774011299435,0.04519774011299435,0.04519774011299435,0.04519774011299435,0.9293785310734464,0.0,0.0,0.0,0.0,0.0,C-post-confirmatory-evidence-preserving
replication-family-set,107,play-early,kuguo,own-domain,15,1072,0,1,3.358539632957161,2.300923877835163,0.48091603053435117,0.6410256410256411,3.382549598366596,blend,0.9333333333333333,0.9333333333333333,0.9333333333333333,0.9333333333333333,0.9333333333333333,0.0,0.0,0.0,0.0,0.0,C-post-confirmatory-evidence-preserving
replication-family-set,107,play-early,kuguo,federation-wide,3302,1072,0,1,3.358539632957161,2.300923877835163,0.48091603053435117,0.6410256410256411,3.382549598366596,blend,0.696244700181708,0.8673531193216233,0.8331314354936402,0.8788612961841308,0.9936402180496668,0.034221683827983074,0.13688673531193218,0.17110841913991526,0.18261659600242275,0.011508176862507491,C-post-confirmatory-evidence-preserving
replication-family-set,107,play-early,dnotua,own-domain,610,11,0,272,2.5255749949512354,0.9579702318308215,0.578125,0.8,3.020331923997043,blend,0.9131147540983606,0.9688524590163935,0.9688524590163935,0.9688524590163935,0.9852459016393442,0.0,0.05573770491803287,0.05573770491803287,0.05573770491803287,0.0,C-post-confirmatory-evidence-preserving
replication-family-set,107,play-early,dnotua,federation-wide,650,11,0,272,2.5255749949512354,0.9579702318308215,0.578125,0.8,3.020331923997043,blend,0.9,0.963076923076923,0.9615384615384616,0.963076923076923,0.98,0.0015384615384614886,0.06153846153846154,0.06307692307692303,0.06307692307692303,0.0,C-post-confirmatory-evidence-preserving
replication-family-set,107,play-early,inmobi,own-domain,378,13,0,77,5.394316789702376,3.4838285857596656,0.6,0.5755813953488372,5.503678803301722,blend,0.6640211640211641,0.8888888888888888,0.783068783068783,0.9285714285714286,0.9206349206349206,0.10582010582010581,0.11904761904761896,0.22486772486772477,0.26455026455026454,0.039682539682539764,C-post-confirmatory-evidence-preserving
replication-family-set,107,play-early,inmobi,federation-wide,428,13,0,77,5.394316789702376,3.4838285857596656,0.6,0.5755813953488372,5.503678803301722,blend,0.6448598130841121,0.883177570093458,0.7780373831775701,0.9205607476635514,0.9182242990654206,0.10514018691588789,0.133177570093458,0.23831775700934588,0.27570093457943934,0.03738317757009346,C-post-confirmatory-evidence-preserving
replication-family-set,107,play-early,domob,own-domain,16,128,0,2,3.5964438252749713,2.1893568696726096,0.6857142857142857,0.6705882352941176,3.774603777342803,blend,0.75,0.875,0.75,0.875,0.8125,0.125,0.0,0.125,0.125,0.0,C-post-confirmatory-evidence-preserving
replication-family-set,107,play-early,domob,federation-wide,421,128,0,2,3.5964438252749713,2.1893568696726096,0.6857142857142857,0.6705882352941176,3.774603777342803,blend,0.9382422802850356,0.9619952494061758,0.9358669833729216,0.9619952494061758,0.9501187648456056,0.026128266033254133,-0.002375296912114022,0.02375296912114011,0.02375296912114011,0.0,C-post-confirmatory-evidence-preserving
replication-family-set,107,play-late,smsreg,own-domain,16,330,0,3,3.867309750163968,3.8703441665791014,0.3511450381679389,0.49264705882352944,5.603643628200814,blend,0.6875,0.5,0.5,0.5625,0.375,0.0,-0.1875,-0.1875,-0.125,0.0625,C-post-confirmatory-evidence-preserving
replication-family-set,107,play-late,smsreg,federation-wide,1164,330,0,3,3.867309750163968,3.8703441665791014,0.3511450381679389,0.49264705882352944,5.603643628200814,blend,0.9347079037800687,0.9604810996563574,0.9467353951890034,0.9587628865979382,0.9458762886597938,0.013745704467354014,0.012027491408934665,0.02577319587628868,0.02405498281786944,-0.0017182130584192379,C-post-confirmatory-evidence-preserving
replication-family-set,107,appchina,youmi,own-domain,492,28,0,150,2.71739105497095,1.5950373927943473,0.7053571428571429,0.5673076923076923,1.5187104292703901,blend,0.3353658536585366,0.32723577235772355,0.3313008130081301,0.3313008130081301,0.31097560975609756,-0.004065040650406526,-0.004065040650406526,-0.008130081300813052,-0.004065040650406526,0.004065040650406526,C-post-confirmatory-evidence-preserving
replication-family-set,107,appchina,youmi,federation-wide,635,28,0,150,2.71739105497095,1.5950373927943473,0.7053571428571429,0.5673076923076923,1.5187104292703901,blend,0.33858267716535434,0.32755905511811023,0.3354330708661417,0.33385826771653543,0.32598425196850395,-0.007874015748031482,-0.003149606299212626,-0.011023622047244108,-0.0047244094488189115,0.006299212598425197,C-post-confirmatory-evidence-preserving
replication-family-set,107,appchina,zdtad,own-domain,6,153,0,2,2.8275685879639805,2.0194725607319195,0.5212765957446809,0.6216216216216216,2.637779089325536,blend,0.8333333333333334,0.8333333333333334,0.8333333333333334,0.8333333333333334,0.5,0.0,0.0,0.0,0.0,0.0,C-post-confirmatory-evidence-preserving
replication-family-set,107,appchina,zdtad,federation-wide,461,153,0,2,2.8275685879639805,2.0194725607319195,0.5212765957446809,0.6216216216216216,2.637779089325536,blend,0.720173535791757,0.7744034707158352,0.8134490238611713,0.7592190889370932,0.9240780911062907,-0.0390455531453362,0.09327548806941433,0.05422993492407813,0.0390455531453362,-0.015184381778741929,C-post-confirmatory-evidence-preserving
replication-family-set,108,play-early,domob,own-domain,16,123,0,0,3.778316115790302,2.200072704805804,0.6981132075471698,0.6375,3.7837778377096636,blend,0.75,0.8125,0.8125,0.8125,0.875,0.0,0.0625,0.0625,0.0625,0.0,C-post-confirmatory-evidence-preserving
replication-family-set,108,play-early,domob,federation-wide,451,123,0,0,3.778316115790302,2.200072704805804,0.6981132075471698,0.6375,3.7837778377096636,blend,0.9312638580931264,0.9600886917960089,0.9423503325942351,0.9667405764966741,0.8580931263858093,0.0177383592017738,0.011086474501108667,0.02882483370288247,0.03547671840354771,0.006651884700665245,C-post-confirmatory-evidence-preserving
replication-family-set,108,play-late,smsreg,own-domain,16,409,0,2,3.9209381274304524,3.9657716892399675,0.3181818181818182,0.5038167938931297,5.559748062510746,blend,0.4375,0.5625,0.5625,0.5625,0.5,0.0,0.125,0.125,0.125,0.0,C-post-confirmatory-evidence-preserving
replication-family-set,108,play-late,smsreg,federation-wide,1263,409,0,2,3.9209381274304524,3.9657716892399675,0.3181818181818182,0.5038167938931297,5.559748062510746,blend,0.889944576405384,0.9643705463182898,0.9160728424386382,0.9627870150435471,0.9675376088677752,0.0482977038796516,0.026128266033254133,0.07442596991290573,0.07284243863816309,-0.0015835312747426444,C-post-confirmatory-evidence-preserving
replication-family-set,108,anzhi,dnotua,own-domain,16,283,0,1,4.971660635822575,4.6269243207223605,0.14893617021276595,0.30434782608695654,5.232713921820939,blend,0.3125,0.375,0.375,0.375,0.375,0.0,0.0625,0.0625,0.0625,0.0,C-post-confirmatory-evidence-preserving
replication-family-set,108,anzhi,dnotua,federation-wide,101,283,0,1,4.971660635822575,4.6269243207223605,0.14893617021276595,0.30434782608695654,5.232713921820939,blend,0.16831683168316833,0.16831683168316833,0.1782178217821782,0.16831683168316833,0.1782178217821782,-0.009900990099009882,0.009900990099009882,0.0,0.0,0.0,C-post-confirmatory-evidence-preserving
replication-family-set,108,anzhi,youmi,own-domain,104,191,0,24,2.4011964866180042,1.424342029685442,0.8202247191011236,0.6219512195121951,2.3667493125703722,blend,0.4423076923076923,0.46153846153846156,0.36538461538461536,0.46153846153846156,0.3269230769230769,0.0961538461538462,-0.07692307692307693,0.019230769230769273,0.019230769230769273,0.0,C-post-confirmatory-evidence-preserving
replication-family-set,108,anzhi,youmi,federation-wide,624,191,0,24,2.4011964866180042,1.424342029685442,0.8202247191011236,0.6219512195121951,2.3667493125703722,blend,0.36538461538461536,0.38461538461538464,0.2948717948717949,0.3926282051282051,0.27724358974358976,0.08974358974358976,-0.07051282051282048,0.019230769230769273,0.027243589743589758,0.008012820512820484,C-post-confirmatory-evidence-preserving
replication-family-set,108,anzhi,utchi,own-domain,321,90,0,12,3.708831646421228,2.95303622678315,0.5384615384615384,0.7931034482758621,3.953793226649357,blend,0.0,0.0,0.0,0.0,1.0,0.0,0.0,0.0,0.0,0.0,C-post-confirmatory-evidence-preserving
replication-family-set,108,anzhi,utchi,federation-wide,592,90,0,12,3.708831646421228,2.95303622678315,0.5384615384615384,0.7931034482758621,3.953793226649357,blend,0.0,0.0,0.0,0.0,1.0,0.0,0.0,0.0,0.0,0.0,C-post-confirmatory-evidence-preserving
replication-family-set,108,appchina,kuguo,own-domain,732,899,0,316,2.6938507803031504,1.2648330625943276,0.5408163265306123,0.6075949367088608,2.0629875396773243,blend,0.7459016393442623,0.6939890710382514,0.6707650273224044,0.7513661202185792,0.6762295081967213,0.023224043715846965,-0.07513661202185795,-0.05191256830601099,0.005464480874316835,0.05737704918032782,C-post-confirmatory-evidence-preserving
replication-family-set,108,appchina,kuguo,federation-wide,3319,899,0,316,2.6938507803031504,1.2648330625943276,0.5408163265306123,0.6075949367088608,2.0629875396773243,blend,0.6559204579692679,0.681831877071407,0.6486893642663453,0.7083458873154564,0.6833383549261826,0.03314251280506175,-0.007231093702922631,0.02591141910213912,0.052425429346188546,0.026514010244049424,C-post-confirmatory-evidence-preserving
replication-family-set,108,appchina,inmobi,own-domain,34,92,0,13,7.914840393859018,6.455751330008939,0.5263157894736842,0.2582781456953642,7.155587021721393,blend,0.2647058823529412,0.4117647058823529,0.4117647058823529,0.4117647058823529,0.5,0.0,0.14705882352941174,0.14705882352941174,0.14705882352941174,0.0,C-post-confirmatory-evidence-preserving
replication-family-set,108,appchina,inmobi,federation-wide,446,92,0,13,7.914840393859018,6.455751330008939,0.5263157894736842,0.2582781456953642,7.155587021721393,blend,0.19506726457399104,0.33408071748878926,0.32062780269058294,0.336322869955157,0.647982062780269,0.013452914798206317,0.1255605381165919,0.13901345291479822,0.14125560538116594,0.0022421524663677195,C-post-confirmatory-evidence-preserving
replication-family-set,109,play-early,kuguo,own-domain,22,1048,0,0,3.528567031826888,2.33408530673434,0.49586776859504134,0.6233766233766234,3.412249110334701,blend,0.7727272727272727,0.9545454545454546,0.8636363636363636,0.9545454545454546,1.0,0.09090909090909094,0.09090909090909094,0.18181818181818188,0.18181818181818188,0.0,C-post-confirmatory-evidence-preserving
replication-family-set,109,play-early,kuguo,federation-wide,3309,1048,0,0,3.528567031826888,2.33408530673434,0.49586776859504134,0.6233766233766234,3.412249110334701,blend,0.6101541251133273,0.8893925657298277,0.8068902991840435,0.8827440314294349,0.9851919008763977,0.08250226654578419,0.1967361740707162,0.2792384406165004,0.2725899063161076,-0.0066485343003928055,C-post-confirmatory-evidence-preserving
replication-family-set,109,play-late,dnotua,own-domain,84,246,0,9,4.940810912036928,0.9012911947493208,0.9565217391304348,0.6086956521739131,6.050016077465109,blend,0.3333333333333333,0.34523809523809523,0.34523809523809523,0.34523809523809523,0.35714285714285715,0.0,0.011904761904761918,0.011904761904761918,0.011904761904761918,0.0,C-post-confirmatory-evidence-preserving
replication-family-set,109,play-late,dnotua,federation-wide,705,246,0,9,4.940810912036928,0.9012911947493208,0.9565217391304348,0.6086956521739131,6.050016077465109,blend,0.9078014184397163,0.9148936170212766,0.9134751773049645,0.9148936170212766,0.9163120567375886,0.0014184397163120588,0.005673758865248235,0.007092198581560294,0.007092198581560294,0.0,C-post-confirmatory-evidence-preserving
replication-family-set,109,anzhi,youmi,own-domain,93,192,0,33,2.436620607141673,1.5047634456407042,0.7,0.6341463414634146,2.452793866582849,blend,0.27956989247311825,0.27956989247311825,0.21505376344086022,0.3010752688172043,0.15053763440860216,0.06451612903225803,-0.06451612903225803,0.0,0.021505376344086058,0.021505376344086058,C-post-confirmatory-evidence-preserving
replication-family-set,109,anzhi,youmi,federation-wide,611,192,0,33,2.436620607141673,1.5047634456407042,0.7,0.6341463414634146,2.452793866582849,blend,0.23404255319148937,0.22913256955810146,0.18003273322422259,0.23731587561374795,0.10965630114566285,0.04909983633387888,-0.05400981996726678,-0.004909983633387904,0.0032733224222585844,0.008183306055646489,C-post-confirmatory-evidence-preserving
replication-family-set,109,anzhi,domob,own-domain,69,95,0,29,3.2292559513596224,1.6954719025284202,0.8090909090909091,0.5851063829787234,3.0905009841096813,blend,0.2753623188405797,0.2898550724637681,0.18840579710144928,0.2898550724637681,0.11594202898550725,0.10144927536231885,-0.08695652173913043,0.014492753623188415,0.014492753623188415,0.0,C-post-confirmatory-evidence-preserving
replication-family-set,109,anzhi,domob,federation-wide,373,95,0,29,3.2292559513596224,1.6954719025284202,0.8090909090909091,0.5851063829787234,3.0905009841096813,blend,0.2975871313672922,0.30563002680965146,0.24664879356568364,0.30563002680965146,0.15281501340482573,0.05898123324396781,-0.05093833780160856,0.008042895442359255,0.008042895442359255,0.0,C-post-confirmatory-evidence-preserving
replication-family-set,109,appchina,smsreg,own-domain,571,182,0,218,2.4153757861485965,1.7800767902009689,0.6222222222222222,0.5794392523364486,1.8519712632015048,blend,0.0893169877408056,0.15586690017513136,0.15761821366024517,0.159369527145359,0.38353765323992994,-0.0017513134851138146,0.06830122591943957,0.06654991243432576,0.07005253940455342,0.003502626970227657,C-post-confirmatory-evidence-preserving
replication-family-set,109,appchina,smsreg,federation-wide,1233,182,0,218,2.4153757861485965,1.7800767902009689,0.6222222222222222,0.5794392523364486,1.8519712632015048,blend,0.19140308191403083,0.30494728304947283,0.2944038929440389,0.2984590429845904,0.44525547445255476,0.010543390105433925,0.10300081103000808,0.113544201135442,0.10705596107055959,-0.006488240064882411,C-post-confirmatory-evidence-preserving
replication-family-set,109,appchina,inmobi,own-domain,22,51,0,8,6.997420335119285,5.549138842680269,0.484304932735426,0.21505376344086022,6.150398464209625,blend,0.5909090909090909,0.6818181818181818,0.4090909090909091,0.6818181818181818,0.6363636363636364,0.27272727272727265,-0.18181818181818182,0.09090909090909083,0.09090909090909083,0.0,C-post-confirmatory-evidence-preserving
replication-family-set,109,appchina,inmobi,federation-wide,480,51,0,8,6.997420335119285,5.549138842680269,0.484304932735426,0.21505376344086022,6.150398464209625,blend,0.45625,0.6125,0.49166666666666664,0.6125,0.69375,0.1208333333333334,0.03541666666666665,0.15625000000000006,0.15625000000000006,0.0,C-post-confirmatory-evidence-preserving
