representation,seed,arm,client,family,n_benign,n_pos,threshold,cal_recall,cal_fpr,eq_recall,stored_recall,stored_fpr,stored_trials,evidence_class
lamda-static,330,central__full-exposure,anzhi,dowgin,1748,3468,10.035465240478516,0.6326412918108419,0.05377574370709382,0.6213956170703575,0.6326412918108419,0.05377574370709382,3468,D-post-hoc-diagnostic
lamda-static,330,central__full-exposure,play-late,airpush,43008,1168,-4.938848495483398,0.9554794520547946,0.05312965029761905,0.9529109589041096,0.9554794520547946,0.05312965029761905,1168,D-post-hoc-diagnostic
lamda-static,330,central__full-exposure,anzhi,gappusin,1748,494,10.035465240478516,0.23076923076923078,0.05377574370709382,0.21862348178137653,0.23076923076923078,0.05377574370709382,494,D-post-hoc-diagnostic
lamda-static,330,central__full-exposure,play-early,adwo,31037,328,0.09071271121501923,0.9939024390243902,0.05396784483036376,0.9847560975609756,0.9939024390243902,0.05396784483036376,328,D-post-hoc-diagnostic
lamda-static,330,central__full-exposure,anzhi,leadbolt,1748,477,10.035465240478516,0.32075471698113206,0.05377574370709382,0.31027253668763105,0.32075471698113206,0.05377574370709382,477,D-post-hoc-diagnostic
lamda-static,330,central__full-exposure,appchina,revmob,2118,520,8.050558090209961,0.19423076923076923,0.04863078375826251,0.19423076923076923,0.19423076923076923,0.04863078375826251,520,D-post-hoc-diagnostic
lamda-static,330,central__full-exposure,anzhi,hiddad,1748,274,10.035465240478516,0.13138686131386862,0.05377574370709382,0.13138686131386862,0.13138686131386862,0.05377574370709382,274,D-post-hoc-diagnostic
lamda-static,330,fedavg__peer-present,anzhi,dowgin,1748,3468,4.289571285247803,0.6623414071510957,0.04977116704805492,0.6637831603229527,0.6623414071510957,0.04977116704805492,3468,D-post-hoc-diagnostic
lamda-static,330,fedavg__peer-present,play-late,airpush,43008,1168,-1.9940587282180786,0.916095890410959,0.05652436755952381,0.9075342465753424,0.916095890410959,0.05652436755952381,1168,D-post-hoc-diagnostic
lamda-static,330,fedavg__peer-present,anzhi,gappusin,1748,494,4.289571285247803,0.2408906882591093,0.04977116704805492,0.2611336032388664,0.2408906882591093,0.04977116704805492,494,D-post-hoc-diagnostic
lamda-static,330,fedavg__peer-present,play-early,adwo,31037,328,-0.2137194126844406,0.9176829268292683,0.05400006443921771,0.9146341463414634,0.9176829268292683,0.05400006443921771,328,D-post-hoc-diagnostic
lamda-static,330,fedavg__peer-present,anzhi,leadbolt,1748,477,4.289571285247803,0.4716981132075472,0.04977116704805492,0.4716981132075472,0.4716981132075472,0.04977116704805492,477,D-post-hoc-diagnostic
lamda-static,330,fedavg__peer-present,appchina,revmob,2118,520,2.894909143447876,0.18076923076923077,0.05288007554296506,0.18076923076923077,0.18076923076923077,0.05288007554296506,520,D-post-hoc-diagnostic
lamda-static,330,fedavg__peer-present,anzhi,hiddad,1748,274,4.289571285247803,0.24817518248175183,0.04977116704805492,0.24817518248175183,0.24817518248175183,0.04977116704805492,274,D-post-hoc-diagnostic
lamda-static,330,fedavg__family-absent-everywhere,anzhi,dowgin,1748,3468,3.8801779747009277,0.6335063437139562,0.05434782608695652,0.6092848904267589,0.6335063437139562,0.05434782608695652,3468,D-post-hoc-diagnostic
lamda-static,330,fedavg__family-absent-everywhere,play-late,airpush,43008,1168,-1.2077288627624512,0.5273972602739726,0.05471075148809524,0.4991438356164384,0.5273972602739726,0.05471075148809524,1168,D-post-hoc-diagnostic
lamda-static,330,fedavg__family-absent-everywhere,anzhi,gappusin,1748,494,3.8801779747009277,0.145748987854251,0.05434782608695652,0.11336032388663968,0.145748987854251,0.05434782608695652,494,D-post-hoc-diagnostic
lamda-static,330,fedavg__family-absent-everywhere,play-early,adwo,31037,328,-0.8357471823692322,0.8109756097560976,0.055192189966813805,0.7682926829268293,0.8109756097560976,0.055192189966813805,328,D-post-hoc-diagnostic
lamda-static,330,fedavg__family-absent-everywhere,anzhi,leadbolt,1748,477,3.8801779747009277,0.10482180293501048,0.05434782608695652,0.09014675052410902,0.10482180293501048,0.05434782608695652,477,D-post-hoc-diagnostic
lamda-static,330,fedavg__family-absent-everywhere,appchina,revmob,2118,520,2.1832566261291504,0.10576923076923077,0.04627006610009443,0.1076923076923077,0.10576923076923077,0.04627006610009443,520,D-post-hoc-diagnostic
lamda-static,330,fedavg__family-absent-everywhere,anzhi,hiddad,1748,274,3.8801779747009277,0.20072992700729927,0.05434782608695652,0.20072992700729927,0.20072992700729927,0.05434782608695652,274,D-post-hoc-diagnostic
lamda-static,331,central__full-exposure,play-early,dowgin,30926,3444,-0.397128701210022,0.9747386759581882,0.04814719006661062,0.975609756097561,0.9747386759581882,0.04814719006661062,3444,D-post-hoc-diagnostic
lamda-static,331,central__full-exposure,play-late,airpush,44704,1229,-4.465085029602051,0.9292107404393816,0.04755726556907659,0.9324654190398698,0.9292107404393816,0.04755726556907659,1229,D-post-hoc-diagnostic
lamda-static,331,central__full-exposure,anzhi,gappusin,3232,485,7.536904335021973,0.2268041237113402,0.025061881188118813,0.5051546391752577,0.2268041237113402,0.025061881188118813,485,D-post-hoc-diagnostic
lamda-static,331,central__full-exposure,anzhi,adwo,3232,314,7.536904335021973,0.1624203821656051,0.025061881188118813,0.33121019108280253,0.1624203821656051,0.025061881188118813,314,D-post-hoc-diagnostic
lamda-static,331,central__full-exposure,play-early,leadbolt,30926,528,-0.397128701210022,0.9147727272727273,0.04814719006661062,0.9166666666666666,0.9147727272727273,0.04814719006661062,528,D-post-hoc-diagnostic
lamda-static,331,central__full-exposure,appchina,revmob,2046,525,5.429644584655762,0.18285714285714286,0.06060606060606061,0.12761904761904763,0.18285714285714286,0.06060606060606061,525,D-post-hoc-diagnostic
lamda-static,331,central__full-exposure,anzhi,hiddad,3232,476,7.536904335021973,0.5399159663865546,0.025061881188118813,0.5735294117647058,0.5399159663865546,0.025061881188118813,476,D-post-hoc-diagnostic
lamda-static,331,fedavg__peer-present,play-early,dowgin,30926,3444,-0.0956433117389679,0.9509291521486644,0.055551962749789824,0.9436701509872242,0.9509291521486644,0.055551962749789824,3444,D-post-hoc-diagnostic
lamda-static,331,fedavg__peer-present,play-late,airpush,44704,1229,-2.7655749320983887,0.8209926769731489,0.049749463135289905,0.8209926769731489,0.8209926769731489,0.049749463135289905,1229,D-post-hoc-diagnostic
lamda-static,331,fedavg__peer-present,anzhi,gappusin,3232,485,4.692452430725098,0.20824742268041238,0.026608910891089108,0.47216494845360824,0.20824742268041238,0.026608910891089108,485,D-post-hoc-diagnostic
lamda-static,331,fedavg__peer-present,anzhi,adwo,3232,314,4.692452430725098,0.3471337579617834,0.026608910891089108,0.5573248407643312,0.3471337579617834,0.026608910891089108,314,D-post-hoc-diagnostic
lamda-static,331,fedavg__peer-present,play-early,leadbolt,30926,528,-0.0956433117389679,0.8484848484848485,0.055551962749789824,0.8181818181818182,0.8484848484848485,0.055551962749789824,528,D-post-hoc-diagnostic
lamda-static,331,fedavg__peer-present,appchina,revmob,2046,525,3.069793224334717,0.259047619047619,0.04985337243401759,0.259047619047619,0.259047619047619,0.04985337243401759,525,D-post-hoc-diagnostic
lamda-static,331,fedavg__peer-present,anzhi,hiddad,3232,476,4.692452430725098,0.5798319327731093,0.026608910891089108,0.5861344537815126,0.5798319327731093,0.026608910891089108,476,D-post-hoc-diagnostic
lamda-static,331,fedavg__family-absent-everywhere,play-early,dowgin,30926,3444,-0.9325433969497681,0.9317653890824622,0.052318437560628595,0.9285714285714286,0.9317653890824622,0.052318437560628595,3444,D-post-hoc-diagnostic
lamda-static,331,fedavg__family-absent-everywhere,play-late,airpush,44704,1229,-2.5362730026245117,0.6786004882017901,0.0518298138869005,0.677786818551668,0.6786004882017901,0.0518298138869005,1229,D-post-hoc-diagnostic
lamda-static,331,fedavg__family-absent-everywhere,anzhi,gappusin,3232,485,3.6215686798095703,0.1360824742268041,0.028774752475247526,0.27010309278350514,0.1360824742268041,0.028774752475247526,485,D-post-hoc-diagnostic
lamda-static,331,fedavg__family-absent-everywhere,anzhi,adwo,3232,314,3.6215686798095703,0.23885350318471338,0.028774752475247526,0.4140127388535032,0.23885350318471338,0.028774752475247526,314,D-post-hoc-diagnostic
lamda-static,331,fedavg__family-absent-everywhere,play-early,leadbolt,30926,528,-0.9325433969497681,0.3465909090909091,0.052318437560628595,0.3333333333333333,0.3465909090909091,0.052318437560628595,528,D-post-hoc-diagnostic
lamda-static,331,fedavg__family-absent-everywhere,appchina,revmob,2046,525,1.8139419555664062,0.09714285714285714,0.04838709677419355,0.09904761904761905,0.09714285714285714,0.04838709677419355,525,D-post-hoc-diagnostic
lamda-static,331,fedavg__family-absent-everywhere,anzhi,hiddad,3232,476,3.6215686798095703,0.10294117647058823,0.028774752475247526,0.12184873949579832,0.10294117647058823,0.028774752475247526,476,D-post-hoc-diagnostic
lamda-static,332,central__full-exposure,anzhi,dowgin,2059,2771,5.646349906921387,0.8520389750992422,0.07576493443419136,0.8166726813424756,0.8520389750992422,0.07576493443419136,2771,D-post-hoc-diagnostic
lamda-static,332,central__full-exposure,anzhi,airpush,2059,1663,5.646349906921387,0.5538184004810583,0.07576493443419136,0.46422128683102826,0.5538184004810583,0.07576493443419136,1663,D-post-hoc-diagnostic
lamda-static,332,central__full-exposure,anzhi,gappusin,2059,601,5.646349906921387,0.5341098169717138,0.07576493443419136,0.45923460898502494,0.5341098169717138,0.07576493443419136,601,D-post-hoc-diagnostic
lamda-static,332,central__full-exposure,appchina,adwo,2028,310,6.025196075439453,0.43870967741935485,0.050788954635108484,0.432258064516129,0.43870967741935485,0.050788954635108484,310,D-post-hoc-diagnostic
lamda-static,332,central__full-exposure,play-early,leadbolt,32805,717,-0.6613203883171082,0.7656903765690377,0.04825483920134126,0.7656903765690377,0.7656903765690377,0.04825483920134126,717,D-post-hoc-diagnostic
lamda-static,332,central__full-exposure,appchina,revmob,2028,448,6.025196075439453,0.29017857142857145,0.050788954635108484,0.28348214285714285,0.29017857142857145,0.050788954635108484,448,D-post-hoc-diagnostic
lamda-static,332,central__full-exposure,play-late,hiddad,43512,518,-4.249956130981445,0.4189189189189189,0.049089906232763374,0.42084942084942084,0.4189189189189189,0.049089906232763374,518,D-post-hoc-diagnostic
lamda-static,332,fedavg__peer-present,anzhi,dowgin,2059,2771,1.6135320663452148,0.8137856369541682,0.09033511413307431,0.6651028509563335,0.8137856369541682,0.09033511413307431,2771,D-post-hoc-diagnostic
lamda-static,332,fedavg__peer-present,anzhi,airpush,2059,1663,1.6135320663452148,0.6265784726398076,0.09033511413307431,0.5381840048105833,0.6265784726398076,0.09033511413307431,1663,D-post-hoc-diagnostic
lamda-static,332,fedavg__peer-present,anzhi,gappusin,2059,601,1.6135320663452148,0.4226289517470882,0.09033511413307431,0.16971713810316139,0.4226289517470882,0.09033511413307431,601,D-post-hoc-diagnostic
lamda-static,332,fedavg__peer-present,appchina,adwo,2028,310,3.1612637042999268,0.5387096774193548,0.03895463510848126,0.5967741935483871,0.5387096774193548,0.03895463510848126,310,D-post-hoc-diagnostic
lamda-static,332,fedavg__peer-present,play-early,leadbolt,32805,717,-0.3609960973262787,0.7489539748953975,0.05660722450845908,0.7433751743375174,0.7489539748953975,0.05660722450845908,717,D-post-hoc-diagnostic
lamda-static,332,fedavg__peer-present,appchina,revmob,2028,448,3.1612637042999268,0.234375,0.03895463510848126,0.28125,0.234375,0.03895463510848126,448,D-post-hoc-diagnostic
lamda-static,332,fedavg__peer-present,play-late,hiddad,43512,518,-3.154109239578247,0.36486486486486486,0.052261445118587976,0.36486486486486486,0.36486486486486486,0.052261445118587976,518,D-post-hoc-diagnostic
lamda-static,332,fedavg__family-absent-everywhere,anzhi,dowgin,2059,2771,1.6964205503463745,0.7813063875857091,0.08693540553666829,0.6167448574521833,0.7813063875857091,0.08693540553666829,2771,D-post-hoc-diagnostic
lamda-static,332,fedavg__family-absent-everywhere,anzhi,airpush,2059,1663,1.6964205503463745,0.20505111244738425,0.08693540553666829,0.11605532170775706,0.20505111244738425,0.08693540553666829,1663,D-post-hoc-diagnostic
lamda-static,332,fedavg__family-absent-everywhere,anzhi,gappusin,2059,601,1.6964205503463745,0.20465890183028287,0.08693540553666829,0.10981697171381032,0.20465890183028287,0.08693540553666829,601,D-post-hoc-diagnostic
lamda-static,332,fedavg__family-absent-everywhere,appchina,adwo,2028,310,3.0608010292053223,0.4161290322580645,0.03895463510848126,0.5258064516129032,0.4161290322580645,0.03895463510848126,310,D-post-hoc-diagnostic
lamda-static,332,fedavg__family-absent-everywhere,play-early,leadbolt,32805,717,-0.9705761671066284,0.4909344490934449,0.04935223289132754,0.49372384937238495,0.4909344490934449,0.04935223289132754,717,D-post-hoc-diagnostic
lamda-static,332,fedavg__family-absent-everywhere,appchina,revmob,2028,448,3.0608010292053223,0.03571428571428571,0.03895463510848126,0.046875,0.03571428571428571,0.03895463510848126,448,D-post-hoc-diagnostic
lamda-static,332,fedavg__family-absent-everywhere,play-late,hiddad,43512,518,-3.0646519660949707,0.36486486486486486,0.05308880308880309,0.361003861003861,0.36486486486486486,0.05308880308880309,518,D-post-hoc-diagnostic
lamda-static,333,central__full-exposure,play-early,dowgin,31353,2858,-1.3758066892623901,0.9769069279216235,0.04803368098746531,0.9776067179846046,0.9769069279216235,0.04803368098746531,2858,D-post-hoc-diagnostic
lamda-static,333,central__full-exposure,appchina,airpush,2075,1075,4.029803276062012,0.7032558139534884,0.060240963855421686,0.6865116279069767,0.7032558139534884,0.060240963855421686,1075,D-post-hoc-diagnostic
lamda-static,333,central__full-exposure,play-early,gappusin,31353,546,-1.3758066892623901,0.9468864468864469,0.04803368098746531,0.9560439560439561,0.9468864468864469,0.04803368098746531,546,D-post-hoc-diagnostic
lamda-static,333,central__full-exposure,appchina,adwo,2075,337,4.029803276062012,0.42729970326409494,0.060240963855421686,0.36795252225519287,0.42729970326409494,0.060240963855421686,337,D-post-hoc-diagnostic
lamda-static,333,central__full-exposure,play-early,leadbolt,31353,641,-1.3758066892623901,0.7550702028081123,0.04803368098746531,0.7550702028081123,0.7550702028081123,0.04803368098746531,641,D-post-hoc-diagnostic
lamda-static,333,central__full-exposure,appchina,revmob,2075,412,4.029803276062012,0.3106796116504854,0.060240963855421686,0.25485436893203883,0.3106796116504854,0.060240963855421686,412,D-post-hoc-diagnostic
lamda-static,333,central__full-exposure,appchina,hiddad,2075,228,4.029803276062012,0.3157894736842105,0.060240963855421686,0.3026315789473684,0.3157894736842105,0.060240963855421686,228,D-post-hoc-diagnostic
lamda-static,333,fedavg__peer-present,play-early,dowgin,31353,2858,0.46057140827178955,0.9065780265920224,0.049660319586642424,0.9072778166550035,0.9065780265920224,0.049660319586642424,2858,D-post-hoc-diagnostic
lamda-static,333,fedavg__peer-present,appchina,airpush,2075,1075,1.262035608291626,0.8493023255813954,0.06891566265060241,0.8288372093023256,0.8493023255813954,0.06891566265060241,1075,D-post-hoc-diagnostic
lamda-static,333,fedavg__peer-present,play-early,gappusin,31353,546,0.46057140827178955,0.7710622710622711,0.049660319586642424,0.7765567765567766,0.7710622710622711,0.049660319586642424,546,D-post-hoc-diagnostic
lamda-static,333,fedavg__peer-present,appchina,adwo,2075,337,1.262035608291626,0.42136498516320475,0.06891566265060241,0.32344213649851633,0.42136498516320475,0.06891566265060241,337,D-post-hoc-diagnostic
lamda-static,333,fedavg__peer-present,play-early,leadbolt,31353,641,0.46057140827178955,0.6489859594383776,0.049660319586642424,0.6489859594383776,0.6489859594383776,0.049660319586642424,641,D-post-hoc-diagnostic
lamda-static,333,fedavg__peer-present,appchina,revmob,2075,412,1.262035608291626,0.4975728155339806,0.06891566265060241,0.4344660194174757,0.4975728155339806,0.06891566265060241,412,D-post-hoc-diagnostic
lamda-static,333,fedavg__peer-present,appchina,hiddad,2075,228,1.262035608291626,0.3991228070175439,0.06891566265060241,0.32894736842105265,0.3991228070175439,0.06891566265060241,228,D-post-hoc-diagnostic
lamda-static,333,fedavg__family-absent-everywhere,play-early,dowgin,31353,2858,-0.8221030235290527,0.9111266620013996,0.052275699295123275,0.906927921623513,0.9111266620013996,0.052275699295123275,2858,D-post-hoc-diagnostic
lamda-static,333,fedavg__family-absent-everywhere,appchina,airpush,2075,1075,1.1611665487289429,0.49116279069767443,0.06843373493975903,0.4511627906976744,0.49116279069767443,0.06843373493975903,1075,D-post-hoc-diagnostic
lamda-static,333,fedavg__family-absent-everywhere,play-early,gappusin,31353,546,-0.8221030235290527,0.6758241758241759,0.052275699295123275,0.6538461538461539,0.6758241758241759,0.052275699295123275,546,D-post-hoc-diagnostic
lamda-static,333,fedavg__family-absent-everywhere,appchina,adwo,2075,337,1.1611665487289429,0.3264094955489614,0.06843373493975903,0.23738872403560832,0.3264094955489614,0.06843373493975903,337,D-post-hoc-diagnostic
lamda-static,333,fedavg__family-absent-everywhere,play-early,leadbolt,31353,641,-0.8221030235290527,0.3993759750390016,0.052275699295123275,0.39313572542901715,0.3993759750390016,0.052275699295123275,641,D-post-hoc-diagnostic
lamda-static,333,fedavg__family-absent-everywhere,appchina,revmob,2075,412,1.1611665487289429,0.08737864077669903,0.06843373493975903,0.06310679611650485,0.08737864077669903,0.06843373493975903,412,D-post-hoc-diagnostic
lamda-static,333,fedavg__family-absent-everywhere,appchina,hiddad,2075,228,1.1611665487289429,0.2631578947368421,0.06843373493975903,0.22807017543859648,0.2631578947368421,0.06843373493975903,228,D-post-hoc-diagnostic
lamda-static,334,central__full-exposure,appchina,dowgin,1969,3373,6.063831329345703,0.8378298250815298,0.04875571356018284,0.845241624666469,0.8378298250815298,0.04875571356018284,3373,D-post-hoc-diagnostic
lamda-static,334,central__full-exposure,appchina,airpush,1969,1439,6.063831329345703,0.4642112578179291,0.04875571356018284,0.4697706740792217,0.4642112578179291,0.04875571356018284,1439,D-post-hoc-diagnostic
lamda-static,334,central__full-exposure,play-early,gappusin,31762,536,-0.5839548110961914,0.9384328358208955,0.054404634468862165,0.9253731343283582,0.9384328358208955,0.054404634468862165,536,D-post-hoc-diagnostic
lamda-static,334,central__full-exposure,appchina,adwo,1969,358,6.063831329345703,0.3268156424581006,0.04875571356018284,0.34916201117318435,0.3268156424581006,0.04875571356018284,358,D-post-hoc-diagnostic
lamda-static,334,central__full-exposure,appchina,leadbolt,1969,493,6.063831329345703,0.5557809330628803,0.04875571356018284,0.5679513184584178,0.5557809330628803,0.04875571356018284,493,D-post-hoc-diagnostic
lamda-static,334,central__full-exposure,play-late,revmob,43601,378,-4.023758888244629,0.8809523809523809,0.04878328478704617,0.8809523809523809,0.8809523809523809,0.04878328478704617,378,D-post-hoc-diagnostic
lamda-static,334,central__full-exposure,play-early,hiddad,31762,278,-0.5839548110961914,0.6258992805755396,0.054404634468862165,0.6151079136690647,0.6258992805755396,0.054404634468862165,278,D-post-hoc-diagnostic
lamda-static,334,fedavg__peer-present,appchina,dowgin,1969,3373,2.4364190101623535,0.8052179069077973,0.06500761808024377,0.6934479691669138,0.8052179069077973,0.06500761808024377,3373,D-post-hoc-diagnostic
lamda-static,334,fedavg__peer-present,appchina,airpush,1969,1439,2.4364190101623535,0.542043085476025,0.06500761808024377,0.48783877692842254,0.542043085476025,0.06500761808024377,1439,D-post-hoc-diagnostic
lamda-static,334,fedavg__peer-present,play-early,gappusin,31762,536,-0.3336958885192871,0.8339552238805971,0.054845412757383034,0.8190298507462687,0.8339552238805971,0.054845412757383034,536,D-post-hoc-diagnostic
lamda-static,334,fedavg__peer-present,appchina,adwo,1969,358,2.4364190101623535,0.29608938547486036,0.06500761808024377,0.20670391061452514,0.29608938547486036,0.06500761808024377,358,D-post-hoc-diagnostic
lamda-static,334,fedavg__peer-present,appchina,leadbolt,1969,493,2.4364190101623535,0.6531440162271805,0.06500761808024377,0.5476673427991886,0.6531440162271805,0.06500761808024377,493,D-post-hoc-diagnostic
lamda-static,334,fedavg__peer-present,play-late,revmob,43601,378,-2.8775486946105957,0.7804232804232805,0.045732896034494624,0.783068783068783,0.7804232804232805,0.045732896034494624,378,D-post-hoc-diagnostic
lamda-static,334,fedavg__peer-present,play-early,hiddad,31762,278,-0.3336958885192871,0.5863309352517986,0.054845412757383034,0.5863309352517986,0.5863309352517986,0.054845412757383034,278,D-post-hoc-diagnostic
lamda-static,334,fedavg__family-absent-everywhere,appchina,dowgin,1969,3373,2.117964029312134,0.8028461310406166,0.05485017775520569,0.7817966202193892,0.8028461310406166,0.05485017775520569,3373,D-post-hoc-diagnostic
lamda-static,334,fedavg__family-absent-everywhere,appchina,airpush,1969,1439,2.117964029312134,0.23002084781097984,0.05485017775520569,0.20430854760250175,0.23002084781097984,0.05485017775520569,1439,D-post-hoc-diagnostic
lamda-static,334,fedavg__family-absent-everywhere,play-early,gappusin,31762,536,-0.5130068063735962,0.6231343283582089,0.05550658019016435,0.5970149253731343,0.6231343283582089,0.05550658019016435,536,D-post-hoc-diagnostic
lamda-static,334,fedavg__family-absent-everywhere,appchina,adwo,1969,358,2.117964029312134,0.2737430167597765,0.05485017775520569,0.24860335195530725,0.2737430167597765,0.05485017775520569,358,D-post-hoc-diagnostic
lamda-static,334,fedavg__family-absent-everywhere,appchina,leadbolt,1969,493,2.117964029312134,0.23123732251521298,0.05485017775520569,0.2028397565922921,0.23123732251521298,0.05485017775520569,493,D-post-hoc-diagnostic
lamda-static,334,fedavg__family-absent-everywhere,play-late,revmob,43601,378,-2.5241594314575195,0.41005291005291006,0.04839338547281025,0.42063492063492064,0.41005291005291006,0.04839338547281025,378,D-post-hoc-diagnostic
lamda-static,334,fedavg__family-absent-everywhere,play-early,hiddad,31762,278,-0.5130068063735962,0.4244604316546763,0.05550658019016435,0.4136690647482014,0.4244604316546763,0.05550658019016435,278,D-post-hoc-diagnostic
lamda-static,335,central__full-exposure,appchina,dowgin,2170,3208,6.601940631866455,0.7846009975062345,0.054377880184331796,0.7634039900249376,0.7846009975062345,0.054377880184331796,3208,D-post-hoc-diagnostic
lamda-static,335,central__full-exposure,appchina,airpush,2170,1778,6.601940631866455,0.6068616422947132,0.054377880184331796,0.6029246344206974,0.6068616422947132,0.054377880184331796,1778,D-post-hoc-diagnostic
lamda-static,335,central__full-exposure,anzhi,gappusin,1697,583,8.36728572845459,0.22469982847341338,0.054213317619328225,0.20926243567753003,0.22469982847341338,0.054213317619328225,583,D-post-hoc-diagnostic
lamda-static,335,central__full-exposure,appchina,adwo,2170,387,6.601940631866455,0.3695090439276486,0.054377880184331796,0.3281653746770026,0.3695090439276486,0.054377880184331796,387,D-post-hoc-diagnostic
lamda-static,335,central__full-exposure,anzhi,leadbolt,1697,575,8.36728572845459,0.42782608695652175,0.054213317619328225,0.40347826086956523,0.42782608695652175,0.054213317619328225,575,D-post-hoc-diagnostic
lamda-static,335,central__full-exposure,appchina,revmob,2170,506,6.601940631866455,0.17391304347826086,0.054377880184331796,0.13438735177865613,0.17391304347826086,0.054377880184331796,506,D-post-hoc-diagnostic
lamda-static,335,central__full-exposure,play-late,hiddad,44322,270,-3.666748523712158,0.8074074074074075,0.047087225305717254,0.8111111111111111,0.8074074074074075,0.047087225305717254,270,D-post-hoc-diagnostic
lamda-static,335,fedavg__peer-present,appchina,dowgin,2170,3208,3.3626656532287598,0.7085411471321695,0.0456221198156682,0.7312967581047382,0.7085411471321695,0.0456221198156682,3208,D-post-hoc-diagnostic
lamda-static,335,fedavg__peer-present,appchina,airpush,2170,1778,3.3626656532287598,0.6844769403824522,0.0456221198156682,0.6968503937007874,0.6844769403824522,0.0456221198156682,1778,D-post-hoc-diagnostic
lamda-static,335,fedavg__peer-present,anzhi,gappusin,1697,583,4.662663459777832,0.22641509433962265,0.0648202710665881,0.14065180102915953,0.22641509433962265,0.0648202710665881,583,D-post-hoc-diagnostic
lamda-static,335,fedavg__peer-present,appchina,adwo,2170,387,3.3626656532287598,0.2868217054263566,0.0456221198156682,0.31266149870801035,0.2868217054263566,0.0456221198156682,387,D-post-hoc-diagnostic
lamda-static,335,fedavg__peer-present,anzhi,leadbolt,1697,575,4.662663459777832,0.4469565217391304,0.0648202710665881,0.3373913043478261,0.4469565217391304,0.0648202710665881,575,D-post-hoc-diagnostic
lamda-static,335,fedavg__peer-present,appchina,revmob,2170,506,3.3626656532287598,0.3715415019762846,0.0456221198156682,0.3774703557312253,0.3715415019762846,0.0456221198156682,506,D-post-hoc-diagnostic
lamda-static,335,fedavg__peer-present,play-late,hiddad,44322,270,-0.4408978521823883,0.4,0.043793150128604304,0.42592592592592593,0.4,0.043793150128604304,270,D-post-hoc-diagnostic
lamda-static,335,fedavg__family-absent-everywhere,appchina,dowgin,2170,3208,2.495013952255249,0.6817331670822943,0.04516129032258064,0.720074812967581,0.6817331670822943,0.04516129032258064,3208,D-post-hoc-diagnostic
lamda-static,335,fedavg__family-absent-everywhere,appchina,airpush,2170,1778,2.495013952255249,0.31046119235095615,0.04516129032258064,0.4566929133858268,0.31046119235095615,0.04516129032258064,1778,D-post-hoc-diagnostic
lamda-static,335,fedavg__family-absent-everywhere,anzhi,gappusin,1697,583,3.878157377243042,0.12864493996569468,0.0648202710665881,0.10291595197255575,0.12864493996569468,0.0648202710665881,583,D-post-hoc-diagnostic
lamda-static,335,fedavg__family-absent-everywhere,appchina,adwo,2170,387,2.495013952255249,0.26098191214470284,0.04516129032258064,0.2868217054263566,0.26098191214470284,0.04516129032258064,387,D-post-hoc-diagnostic
lamda-static,335,fedavg__family-absent-everywhere,anzhi,leadbolt,1697,575,3.878157377243042,0.07304347826086957,0.0648202710665881,0.06260869565217392,0.07304347826086957,0.0648202710665881,575,D-post-hoc-diagnostic
lamda-static,335,fedavg__family-absent-everywhere,appchina,revmob,2170,506,2.495013952255249,0.15019762845849802,0.04516129032258064,0.16205533596837945,0.15019762845849802,0.04516129032258064,506,D-post-hoc-diagnostic
lamda-static,335,fedavg__family-absent-everywhere,play-late,hiddad,44322,270,-1.4823719263076782,0.34074074074074073,0.04248454492125807,0.362962962962963,0.34074074074074073,0.04248454492125807,270,D-post-hoc-diagnostic
lamda-static,336,central__full-exposure,play-early,dowgin,32363,3045,-0.49094146490097046,0.9845648604269294,0.05299261502332911,0.9812807881773399,0.9845648604269294,0.05299261502332911,3045,D-post-hoc-diagnostic
lamda-static,336,central__full-exposure,anzhi,airpush,1903,1309,5.216584205627441,0.5889992360580596,0.09143457698370994,0.4988540870893812,0.5889992360580596,0.09143457698370994,1309,D-post-hoc-diagnostic
lamda-static,336,central__full-exposure,play-early,gappusin,32363,513,-0.49094146490097046,0.9512670565302144,0.05299261502332911,0.9473684210526315,0.9512670565302144,0.05299261502332911,513,D-post-hoc-diagnostic
lamda-static,336,central__full-exposure,anzhi,adwo,1903,256,5.216584205627441,0.51171875,0.09143457698370994,0.28515625,0.51171875,0.09143457698370994,256,D-post-hoc-diagnostic
lamda-static,336,central__full-exposure,anzhi,leadbolt,1903,586,5.216584205627441,0.6006825938566553,0.09143457698370994,0.3856655290102389,0.6006825938566553,0.09143457698370994,586,D-post-hoc-diagnostic
lamda-static,336,central__full-exposure,appchina,revmob,1969,464,5.536546230316162,0.23706896551724138,0.051295073641442354,0.23706896551724138,0.23706896551724138,0.051295073641442354,464,D-post-hoc-diagnostic
lamda-static,336,central__full-exposure,play-early,hiddad,32363,268,-0.49094146490097046,0.5597014925373134,0.05299261502332911,0.5597014925373134,0.5597014925373134,0.05299261502332911,268,D-post-hoc-diagnostic
lamda-static,336,fedavg__peer-present,play-early,dowgin,32363,3045,-0.0029359012842178345,0.9382594417077176,0.05160213824429132,0.9356321839080459,0.9382594417077176,0.05160213824429132,3045,D-post-hoc-diagnostic
lamda-static,336,fedavg__peer-present,anzhi,airpush,1903,1309,2.813899278640747,0.7379679144385026,0.07829742511823437,0.599694423223835,0.7379679144385026,0.07829742511823437,1309,D-post-hoc-diagnostic
lamda-static,336,fedavg__peer-present,play-early,gappusin,32363,513,-0.0029359012842178345,0.8284600389863548,0.05160213824429132,0.8245614035087719,0.8284600389863548,0.05160213824429132,513,D-post-hoc-diagnostic
lamda-static,336,fedavg__peer-present,anzhi,adwo,1903,256,2.813899278640747,0.39453125,0.07829742511823437,0.28125,0.39453125,0.07829742511823437,256,D-post-hoc-diagnostic
lamda-static,336,fedavg__peer-present,anzhi,leadbolt,1903,586,2.813899278640747,0.7235494880546075,0.07829742511823437,0.5477815699658704,0.7235494880546075,0.07829742511823437,586,D-post-hoc-diagnostic
lamda-static,336,fedavg__peer-present,appchina,revmob,1969,464,2.9026894569396973,0.40301724137931033,0.043169121381411886,0.41810344827586204,0.40301724137931033,0.043169121381411886,464,D-post-hoc-diagnostic
lamda-static,336,fedavg__peer-present,play-early,hiddad,32363,268,-0.0029359012842178345,0.4962686567164179,0.05160213824429132,0.4925373134328358,0.4962686567164179,0.05160213824429132,268,D-post-hoc-diagnostic
lamda-static,336,fedavg__family-absent-everywhere,play-early,dowgin,32363,3045,-0.273190975189209,0.9359605911330049,0.05348700676698699,0.9323481116584564,0.9359605911330049,0.05348700676698699,3045,D-post-hoc-diagnostic
lamda-static,336,fedavg__family-absent-everywhere,anzhi,airpush,1903,1309,2.6489975452423096,0.4789915966386555,0.09090909090909091,0.4270435446906035,0.4789915966386555,0.09090909090909091,1309,D-post-hoc-diagnostic
lamda-static,336,fedavg__family-absent-everywhere,play-early,gappusin,32363,513,-0.273190975189209,0.6510721247563352,0.05348700676698699,0.6393762183235867,0.6510721247563352,0.05348700676698699,513,D-post-hoc-diagnostic
lamda-static,336,fedavg__family-absent-everywhere,anzhi,adwo,1903,256,2.6489975452423096,0.3828125,0.09090909090909091,0.2890625,0.3828125,0.09090909090909091,256,D-post-hoc-diagnostic
lamda-static,336,fedavg__family-absent-everywhere,anzhi,leadbolt,1903,586,2.6489975452423096,0.22696245733788395,0.09090909090909091,0.13310580204778158,0.22696245733788395,0.09090909090909091,586,D-post-hoc-diagnostic
lamda-static,336,fedavg__family-absent-everywhere,appchina,revmob,1969,464,2.8904144763946533,0.0668103448275862,0.046724225495175215,0.07112068965517242,0.0668103448275862,0.046724225495175215,464,D-post-hoc-diagnostic
lamda-static,336,fedavg__family-absent-everywhere,play-early,hiddad,32363,268,-0.273190975189209,0.5,0.05348700676698699,0.4962686567164179,0.5,0.05348700676698699,268,D-post-hoc-diagnostic
lamda-static,337,central__full-exposure,appchina,dowgin,2001,2681,5.6469526290893555,0.7791868705706826,0.04697651174412794,0.7914957105557627,0.7791868705706826,0.04697651174412794,2681,D-post-hoc-diagnostic
lamda-static,337,central__full-exposure,play-early,airpush,29706,1251,-0.8814311027526855,0.9024780175859313,0.04998990103009493,0.9024780175859313,0.9024780175859313,0.04998990103009493,1251,D-post-hoc-diagnostic
lamda-static,337,central__full-exposure,play-early,gappusin,29706,529,-0.8814311027526855,0.9357277882797732,0.04998990103009493,0.9357277882797732,0.9357277882797732,0.04998990103009493,529,D-post-hoc-diagnostic
lamda-static,337,central__full-exposure,anzhi,adwo,3412,262,7.339588165283203,0.1946564885496183,0.023153575615474795,0.4351145038167939,0.1946564885496183,0.023153575615474795,262,D-post-hoc-diagnostic
lamda-static,337,central__full-exposure,appchina,leadbolt,2001,465,5.6469526290893555,0.6903225806451613,0.04697651174412794,0.6967741935483871,0.6903225806451613,0.04697651174412794,465,D-post-hoc-diagnostic
lamda-static,337,central__full-exposure,appchina,revmob,2001,470,5.6469526290893555,0.23829787234042554,0.04697651174412794,0.2404255319148936,0.23829787234042554,0.04697651174412794,470,D-post-hoc-diagnostic
lamda-static,337,central__full-exposure,play-early,hiddad,29706,201,-0.8814311027526855,0.4975124378109453,0.04998990103009493,0.4975124378109453,0.4975124378109453,0.04998990103009493,201,D-post-hoc-diagnostic
lamda-static,337,fedavg__peer-present,appchina,dowgin,2001,2681,2.840463161468506,0.8127564341663558,0.04247876061969016,0.8209623274897426,0.8127564341663558,0.04247876061969016,2681,D-post-hoc-diagnostic
lamda-static,337,fedavg__peer-present,play-early,airpush,29706,1251,0.549416184425354,0.7913669064748201,0.05301959200161584,0.7785771382893685,0.7913669064748201,0.05301959200161584,1251,D-post-hoc-diagnostic
lamda-static,337,fedavg__peer-present,play-early,gappusin,29706,529,0.549416184425354,0.831758034026465,0.05301959200161584,0.8241965973534972,0.831758034026465,0.05301959200161584,529,D-post-hoc-diagnostic
lamda-static,337,fedavg__peer-present,anzhi,adwo,3412,262,4.091117858886719,0.26717557251908397,0.02637749120750293,0.48091603053435117,0.26717557251908397,0.02637749120750293,262,D-post-hoc-diagnostic
lamda-static,337,fedavg__peer-present,appchina,leadbolt,2001,465,2.840463161468506,0.6236559139784946,0.04247876061969016,0.6559139784946236,0.6236559139784946,0.04247876061969016,465,D-post-hoc-diagnostic
lamda-static,337,fedavg__peer-present,appchina,revmob,2001,470,2.840463161468506,0.2936170212765957,0.04247876061969016,0.3148936170212766,0.2936170212765957,0.04247876061969016,470,D-post-hoc-diagnostic
lamda-static,337,fedavg__peer-present,play-early,hiddad,29706,201,0.549416184425354,0.35323383084577115,0.05301959200161584,0.34328358208955223,0.35323383084577115,0.05301959200161584,201,D-post-hoc-diagnostic
lamda-static,337,fedavg__family-absent-everywhere,appchina,dowgin,2001,2681,1.9941229820251465,0.7754569190600522,0.043478260869565216,0.7952256620663931,0.7754569190600522,0.043478260869565216,2681,D-post-hoc-diagnostic
lamda-static,337,fedavg__family-absent-everywhere,play-early,airpush,29706,1251,-0.002477109432220459,0.4756195043964828,0.04581566013599946,0.48840927258193445,0.4756195043964828,0.04581566013599946,1251,D-post-hoc-diagnostic
lamda-static,337,fedavg__family-absent-everywhere,play-early,gappusin,29706,529,-0.002477109432220459,0.6805293005671077,0.04581566013599946,0.7126654064272212,0.6805293005671077,0.04581566013599946,529,D-post-hoc-diagnostic
lamda-static,337,fedavg__family-absent-everywhere,anzhi,adwo,3412,262,3.208305597305298,0.22519083969465647,0.028429073856975382,0.36259541984732824,0.22519083969465647,0.028429073856975382,262,D-post-hoc-diagnostic
lamda-static,337,fedavg__family-absent-everywhere,appchina,leadbolt,2001,465,1.9941229820251465,0.28817204301075267,0.043478260869565216,0.30752688172043013,0.28817204301075267,0.043478260869565216,465,D-post-hoc-diagnostic
lamda-static,337,fedavg__family-absent-everywhere,appchina,revmob,2001,470,1.9941229820251465,0.08936170212765958,0.043478260869565216,0.1,0.08936170212765958,0.043478260869565216,470,D-post-hoc-diagnostic
lamda-static,337,fedavg__family-absent-everywhere,play-early,hiddad,29706,201,-0.002477109432220459,0.3333333333333333,0.04581566013599946,0.34328358208955223,0.3333333333333333,0.04581566013599946,201,D-post-hoc-diagnostic
lamda-static,338,central__full-exposure,play-early,dowgin,30917,2670,-0.08018947392702103,0.9715355805243445,0.05993466377720995,0.9666666666666667,0.9715355805243445,0.05993466377720995,2670,D-post-hoc-diagnostic
lamda-static,338,central__full-exposure,anzhi,airpush,1687,1349,9.34489917755127,0.3780578206078577,0.04149377593360996,0.4269829503335804,0.3780578206078577,0.04149377593360996,1349,D-post-hoc-diagnostic
lamda-static,338,central__full-exposure,play-early,gappusin,30917,439,-0.08018947392702103,0.9111617312072893,0.05993466377720995,0.8952164009111617,0.9111617312072893,0.05993466377720995,439,D-post-hoc-diagnostic
lamda-static,338,central__full-exposure,anzhi,adwo,1687,305,9.34489917755127,0.18360655737704917,0.04149377593360996,0.23278688524590163,0.18360655737704917,0.04149377593360996,305,D-post-hoc-diagnostic
lamda-static,338,central__full-exposure,play-early,leadbolt,30917,568,-0.08018947392702103,0.8362676056338029,0.05993466377720995,0.8274647887323944,0.8362676056338029,0.05993466377720995,568,D-post-hoc-diagnostic
lamda-static,338,central__full-exposure,appchina,revmob,1978,449,5.729977130889893,0.48775055679287305,0.052072800808897875,0.47884187082405344,0.48775055679287305,0.052072800808897875,449,D-post-hoc-diagnostic
lamda-static,338,central__full-exposure,appchina,hiddad,1978,293,5.729977130889893,0.22525597269624573,0.052072800808897875,0.22184300341296928,0.22525597269624573,0.052072800808897875,293,D-post-hoc-diagnostic
lamda-static,338,fedavg__peer-present,play-early,dowgin,30917,2670,-0.37726810574531555,0.9434456928838951,0.05621502733124171,0.9348314606741573,0.9434456928838951,0.05621502733124171,2670,D-post-hoc-diagnostic
lamda-static,338,fedavg__peer-present,anzhi,airpush,1687,1349,5.282083034515381,0.4381022979985174,0.043272080616478956,0.4647887323943662,0.4381022979985174,0.043272080616478956,1349,D-post-hoc-diagnostic
lamda-static,338,fedavg__peer-present,play-early,gappusin,30917,439,-0.37726810574531555,0.7744874715261959,0.05621502733124171,0.7198177676537585,0.7744874715261959,0.05621502733124171,439,D-post-hoc-diagnostic
lamda-static,338,fedavg__peer-present,anzhi,adwo,1687,305,5.282083034515381,0.10491803278688525,0.043272080616478956,0.14098360655737704,0.10491803278688525,0.043272080616478956,305,D-post-hoc-diagnostic
lamda-static,338,fedavg__peer-present,play-early,leadbolt,30917,568,-0.37726810574531555,0.7411971830985915,0.05621502733124171,0.7024647887323944,0.7411971830985915,0.05621502733124171,568,D-post-hoc-diagnostic
lamda-static,338,fedavg__peer-present,appchina,revmob,1978,449,2.2385430335998535,0.34743875278396436,0.051061678463094035,0.34743875278396436,0.34743875278396436,0.051061678463094035,449,D-post-hoc-diagnostic
lamda-static,338,fedavg__peer-present,appchina,hiddad,1978,293,2.2385430335998535,0.3378839590443686,0.051061678463094035,0.33447098976109213,0.3378839590443686,0.051061678463094035,293,D-post-hoc-diagnostic
lamda-static,338,fedavg__family-absent-everywhere,play-early,dowgin,30917,2670,-0.960354745388031,0.9164794007490636,0.05615033800174661,0.9131086142322098,0.9164794007490636,0.05615033800174661,2670,D-post-hoc-diagnostic
lamda-static,338,fedavg__family-absent-everywhere,anzhi,airpush,1687,1349,4.580325603485107,0.18977020014825796,0.04090100770598696,0.21793921423276502,0.18977020014825796,0.04090100770598696,1349,D-post-hoc-diagnostic
lamda-static,338,fedavg__family-absent-everywhere,play-early,gappusin,30917,439,-0.960354745388031,0.6150341685649203,0.05615033800174661,0.5626423690205011,0.6150341685649203,0.05615033800174661,439,D-post-hoc-diagnostic
lamda-static,338,fedavg__family-absent-everywhere,anzhi,adwo,1687,305,4.580325603485107,0.16393442622950818,0.04090100770598696,0.19672131147540983,0.16393442622950818,0.04090100770598696,305,D-post-hoc-diagnostic
lamda-static,338,fedavg__family-absent-everywhere,play-early,leadbolt,30917,568,-0.960354745388031,0.43485915492957744,0.05615033800174661,0.4014084507042254,0.43485915492957744,0.05615033800174661,568,D-post-hoc-diagnostic
lamda-static,338,fedavg__family-absent-everywhere,appchina,revmob,1978,449,1.5922787189483643,0.133630289532294,0.05308392315470172,0.13140311804008908,0.133630289532294,0.05308392315470172,449,D-post-hoc-diagnostic
lamda-static,338,fedavg__family-absent-everywhere,appchina,hiddad,1978,293,1.5922787189483643,0.27303754266211605,0.05308392315470172,0.26621160409556316,0.27303754266211605,0.05308392315470172,293,D-post-hoc-diagnostic
lamda-static,339,central__full-exposure,anzhi,dowgin,1864,2813,6.867228031158447,0.7244934233913971,0.05740343347639485,0.6843227870600782,0.7244934233913971,0.05740343347639485,2813,D-post-hoc-diagnostic
lamda-static,339,central__full-exposure,appchina,airpush,2110,1581,6.31389045715332,0.4794433902593295,0.05118483412322275,0.4750158127767236,0.4794433902593295,0.05118483412322275,1581,D-post-hoc-diagnostic
lamda-static,339,central__full-exposure,play-early,gappusin,31551,519,0.07739326357841492,0.9190751445086706,0.04903172641120725,0.928709055876686,0.9190751445086706,0.04903172641120725,519,D-post-hoc-diagnostic
lamda-static,339,central__full-exposure,play-early,adwo,31551,319,0.07739326357841492,0.9341692789968652,0.04903172641120725,0.9341692789968652,0.9341692789968652,0.04903172641120725,319,D-post-hoc-diagnostic
lamda-static,339,central__full-exposure,appchina,leadbolt,2110,712,6.31389045715332,0.4339887640449438,0.05118483412322275,0.4297752808988764,0.4339887640449438,0.05118483412322275,712,D-post-hoc-diagnostic
lamda-static,339,central__full-exposure,appchina,revmob,2110,537,6.31389045715332,0.09869646182495345,0.05118483412322275,0.09497206703910614,0.09869646182495345,0.05118483412322275,537,D-post-hoc-diagnostic
lamda-static,339,central__full-exposure,play-late,hiddad,44328,220,-4.497035980224609,0.6636363636363637,0.0538260241833604,0.6363636363636364,0.6636363636363637,0.0538260241833604,220,D-post-hoc-diagnostic
lamda-static,339,fedavg__peer-present,anzhi,dowgin,1864,2813,3.3258121013641357,0.5979381443298969,0.055793991416309016,0.5737646640597227,0.5979381443298969,0.055793991416309016,2813,D-post-hoc-diagnostic
lamda-static,339,fedavg__peer-present,appchina,airpush,2110,1581,2.339426040649414,0.5616698292220114,0.05023696682464455,0.5616698292220114,0.5616698292220114,0.05023696682464455,1581,D-post-hoc-diagnostic
lamda-static,339,fedavg__peer-present,play-early,gappusin,31551,519,-0.015384934842586517,0.791907514450867,0.04465785553548224,0.8323699421965318,0.791907514450867,0.04465785553548224,519,D-post-hoc-diagnostic
lamda-static,339,fedavg__peer-present,play-early,adwo,31551,319,-0.015384934842586517,0.8150470219435737,0.04465785553548224,0.8369905956112853,0.8150470219435737,0.04465785553548224,319,D-post-hoc-diagnostic
lamda-static,339,fedavg__peer-present,appchina,leadbolt,2110,712,2.339426040649414,0.5196629213483146,0.05023696682464455,0.5196629213483146,0.5196629213483146,0.05023696682464455,712,D-post-hoc-diagnostic
lamda-static,339,fedavg__peer-present,appchina,revmob,2110,537,2.339426040649414,0.33147113594040967,0.05023696682464455,0.33147113594040967,0.33147113594040967,0.05023696682464455,537,D-post-hoc-diagnostic
lamda-static,339,fedavg__peer-present,play-late,hiddad,44328,220,-2.1773204803466797,0.5863636363636363,0.049426998736690125,0.5863636363636363,0.5863636363636363,0.049426998736690125,220,D-post-hoc-diagnostic
lamda-static,339,fedavg__family-absent-everywhere,anzhi,dowgin,1864,2813,3.1340277194976807,0.5847849271240668,0.053111587982832616,0.5723426946320654,0.5847849271240668,0.053111587982832616,2813,D-post-hoc-diagnostic
lamda-static,339,fedavg__family-absent-everywhere,appchina,airpush,2110,1581,2.074073553085327,0.34092346616065783,0.04928909952606635,0.34282099936748894,0.34092346616065783,0.04928909952606635,1581,D-post-hoc-diagnostic
lamda-static,339,fedavg__family-absent-everywhere,play-early,gappusin,31551,519,-0.1347864270210266,0.6319845857418112,0.04383379290672245,0.6820809248554913,0.6319845857418112,0.04383379290672245,519,D-post-hoc-diagnostic
lamda-static,339,fedavg__family-absent-everywhere,play-early,adwo,31551,319,-0.1347864270210266,0.7084639498432602,0.04383379290672245,0.7492163009404389,0.7084639498432602,0.04383379290672245,319,D-post-hoc-diagnostic
lamda-static,339,fedavg__family-absent-everywhere,appchina,leadbolt,2110,712,2.074073553085327,0.25842696629213485,0.04928909952606635,0.25842696629213485,0.25842696629213485,0.04928909952606635,712,D-post-hoc-diagnostic
lamda-static,339,fedavg__family-absent-everywhere,appchina,revmob,2110,537,2.074073553085327,0.07262569832402235,0.04928909952606635,0.07635009310986965,0.07262569832402235,0.04928909952606635,537,D-post-hoc-diagnostic
lamda-static,339,fedavg__family-absent-everywhere,play-late,hiddad,44328,220,-1.7841196060180664,0.5181818181818182,0.0504421584551525,0.5136363636363637,0.5181818181818182,0.0504421584551525,220,D-post-hoc-diagnostic
mcndroid-static,330,central__full-exposure,anzhi,dowgin,1748,3468,8.926949501037598,0.7647058823529411,0.05835240274599542,0.745674740484429,0.7647058823529411,0.05835240274599542,3468,D-post-hoc-diagnostic
mcndroid-static,330,central__full-exposure,play-late,airpush,43008,1168,-4.0760674476623535,0.928082191780822,0.05424572172619048,0.9246575342465754,0.928082191780822,0.05424572172619048,1168,D-post-hoc-diagnostic
mcndroid-static,330,central__full-exposure,anzhi,gappusin,1748,494,8.926949501037598,0.7813765182186235,0.05835240274599542,0.757085020242915,0.7813765182186235,0.05835240274599542,494,D-post-hoc-diagnostic
mcndroid-static,330,central__full-exposure,play-early,adwo,31037,328,-0.6366233825683594,0.9939024390243902,0.06141057447562587,0.9939024390243902,0.9939024390243902,0.06141057447562587,328,D-post-hoc-diagnostic
mcndroid-static,330,central__full-exposure,anzhi,leadbolt,1748,477,8.926949501037598,0.480083857442348,0.05835240274599542,0.4591194968553459,0.480083857442348,0.05835240274599542,477,D-post-hoc-diagnostic
mcndroid-static,330,central__full-exposure,appchina,revmob,2118,520,10.550859451293945,0.18846153846153846,0.03871576959395656,0.22115384615384615,0.18846153846153846,0.03871576959395656,520,D-post-hoc-diagnostic
mcndroid-static,330,central__full-exposure,anzhi,hiddad,1748,274,8.926949501037598,0.13503649635036497,0.05835240274599542,0.12043795620437957,0.13503649635036497,0.05835240274599542,274,D-post-hoc-diagnostic
mcndroid-static,330,fedavg__peer-present,anzhi,dowgin,1748,3468,4.428171157836914,0.7263552479815456,0.06064073226544622,0.6955017301038062,0.7263552479815456,0.06064073226544622,3468,D-post-hoc-diagnostic
mcndroid-static,330,fedavg__peer-present,play-late,airpush,43008,1168,-1.8445348739624023,0.872431506849315,0.051920572916666664,0.8690068493150684,0.872431506849315,0.051920572916666664,1168,D-post-hoc-diagnostic
mcndroid-static,330,fedavg__peer-present,anzhi,gappusin,1748,494,4.428171157836914,0.6963562753036437,0.06064073226544622,0.6680161943319838,0.6963562753036437,0.06064073226544622,494,D-post-hoc-diagnostic
mcndroid-static,330,fedavg__peer-present,play-early,adwo,31037,328,-0.7354767322540283,0.9695121951219512,0.0553210684022296,0.9634146341463414,0.9695121951219512,0.0553210684022296,328,D-post-hoc-diagnostic
mcndroid-static,330,fedavg__peer-present,anzhi,leadbolt,1748,477,4.428171157836914,0.519916142557652,0.06064073226544622,0.48427672955974843,0.519916142557652,0.06064073226544622,477,D-post-hoc-diagnostic
mcndroid-static,330,fedavg__peer-present,appchina,revmob,2118,520,6.095442771911621,0.18076923076923077,0.039660056657223795,0.20384615384615384,0.18076923076923077,0.039660056657223795,520,D-post-hoc-diagnostic
mcndroid-static,330,fedavg__peer-present,anzhi,hiddad,1748,274,4.428171157836914,0.1897810218978102,0.06064073226544622,0.16423357664233576,0.1897810218978102,0.06064073226544622,274,D-post-hoc-diagnostic
mcndroid-static,330,fedavg__family-absent-everywhere,anzhi,dowgin,1748,3468,4.058385372161865,0.7024221453287197,0.055491990846681924,0.6750288350634371,0.7024221453287197,0.055491990846681924,3468,D-post-hoc-diagnostic
mcndroid-static,330,fedavg__family-absent-everywhere,play-late,airpush,43008,1168,-1.8676494359970093,0.375,0.051990327380952384,0.3690068493150685,0.375,0.051990327380952384,1168,D-post-hoc-diagnostic
mcndroid-static,330,fedavg__family-absent-everywhere,anzhi,gappusin,1748,494,4.058385372161865,0.41700404858299595,0.055491990846681924,0.39473684210526316,0.41700404858299595,0.055491990846681924,494,D-post-hoc-diagnostic
mcndroid-static,330,fedavg__family-absent-everywhere,play-early,adwo,31037,328,-1.2634963989257812,0.7530487804878049,0.05699648806263492,0.7347560975609756,0.7530487804878049,0.05699648806263492,328,D-post-hoc-diagnostic
mcndroid-static,330,fedavg__family-absent-everywhere,anzhi,leadbolt,1748,477,4.058385372161865,0.13626834381551362,0.055491990846681924,0.1320754716981132,0.13626834381551362,0.055491990846681924,477,D-post-hoc-diagnostic
mcndroid-static,330,fedavg__family-absent-everywhere,appchina,revmob,2118,520,4.19546365737915,0.06538461538461539,0.04627006610009443,0.075,0.06538461538461539,0.04627006610009443,520,D-post-hoc-diagnostic
mcndroid-static,330,fedavg__family-absent-everywhere,anzhi,hiddad,1748,274,4.058385372161865,0.1678832116788321,0.055491990846681924,0.15328467153284672,0.1678832116788321,0.055491990846681924,274,D-post-hoc-diagnostic
mcndroid-static,331,central__full-exposure,play-early,dowgin,30926,3444,-0.6916080117225647,0.9715447154471545,0.0467891094871629,0.9721254355400697,0.9715447154471545,0.0467891094871629,3444,D-post-hoc-diagnostic
mcndroid-static,331,central__full-exposure,play-late,airpush,44704,1229,-3.3868203163146973,0.7998372660699756,0.045969040801717966,0.80553295362083,0.7998372660699756,0.045969040801717966,1229,D-post-hoc-diagnostic
mcndroid-static,331,central__full-exposure,anzhi,gappusin,3232,485,9.105799674987793,0.6309278350515464,0.025061881188118813,0.7752577319587629,0.6309278350515464,0.025061881188118813,485,D-post-hoc-diagnostic
mcndroid-static,331,central__full-exposure,anzhi,adwo,3232,314,9.105799674987793,0.7770700636942676,0.025061881188118813,0.8407643312101911,0.7770700636942676,0.025061881188118813,314,D-post-hoc-diagnostic
mcndroid-static,331,central__full-exposure,play-early,leadbolt,30926,528,-0.6916080117225647,0.8882575757575758,0.0467891094871629,0.8882575757575758,0.8882575757575758,0.0467891094871629,528,D-post-hoc-diagnostic
mcndroid-static,331,central__full-exposure,appchina,revmob,2046,525,9.007051467895508,0.24571428571428572,0.04056695992179863,0.29714285714285715,0.24571428571428572,0.04056695992179863,525,D-post-hoc-diagnostic
mcndroid-static,331,central__full-exposure,anzhi,hiddad,3232,476,9.105799674987793,0.0819327731092437,0.025061881188118813,0.09873949579831932,0.0819327731092437,0.025061881188118813,476,D-post-hoc-diagnostic
mcndroid-static,331,fedavg__peer-present,play-early,dowgin,30926,3444,0.024188965559005737,0.929732868757259,0.05296514259846084,0.9279907084785134,0.929732868757259,0.05296514259846084,3444,D-post-hoc-diagnostic
mcndroid-static,331,fedavg__peer-present,play-late,airpush,44704,1229,-1.4462040662765503,0.7721724979658259,0.04610325697924123,0.772986167615948,0.7721724979658259,0.04610325697924123,1229,D-post-hoc-diagnostic
mcndroid-static,331,fedavg__peer-present,anzhi,gappusin,3232,485,5.005496025085449,0.5793814432989691,0.026608910891089108,0.711340206185567,0.5793814432989691,0.026608910891089108,485,D-post-hoc-diagnostic
mcndroid-static,331,fedavg__peer-present,anzhi,adwo,3232,314,5.005496025085449,0.7006369426751592,0.026608910891089108,0.821656050955414,0.7006369426751592,0.026608910891089108,314,D-post-hoc-diagnostic
mcndroid-static,331,fedavg__peer-present,play-early,leadbolt,30926,528,0.024188965559005737,0.7840909090909091,0.05296514259846084,0.7689393939393939,0.7840909090909091,0.05296514259846084,528,D-post-hoc-diagnostic
mcndroid-static,331,fedavg__peer-present,appchina,revmob,2046,525,5.453708171844482,0.38476190476190475,0.04007820136852395,0.42857142857142855,0.38476190476190475,0.04007820136852395,525,D-post-hoc-diagnostic
mcndroid-static,331,fedavg__peer-present,anzhi,hiddad,3232,476,5.005496025085449,0.12184873949579832,0.026608910891089108,0.16176470588235295,0.12184873949579832,0.026608910891089108,476,D-post-hoc-diagnostic
mcndroid-static,331,fedavg__family-absent-everywhere,play-early,dowgin,30926,3444,-0.8707131147384644,0.9001161440185831,0.04824419582228546,0.9009872241579558,0.9001161440185831,0.04824419582228546,3444,D-post-hoc-diagnostic
mcndroid-static,331,fedavg__family-absent-everywhere,play-late,airpush,44704,1229,-1.8776848316192627,0.5671277461350691,0.045074266284896206,0.5720097640358015,0.5671277461350691,0.045074266284896206,1229,D-post-hoc-diagnostic
mcndroid-static,331,fedavg__family-absent-everywhere,anzhi,gappusin,3232,485,4.158170700073242,0.32989690721649484,0.02599009900990099,0.4329896907216495,0.32989690721649484,0.02599009900990099,485,D-post-hoc-diagnostic
mcndroid-static,331,fedavg__family-absent-everywhere,anzhi,adwo,3232,314,4.158170700073242,0.5414012738853503,0.02599009900990099,0.6656050955414012,0.5414012738853503,0.02599009900990099,314,D-post-hoc-diagnostic
mcndroid-static,331,fedavg__family-absent-everywhere,play-early,leadbolt,30926,528,-0.8707131147384644,0.3162878787878788,0.04824419582228546,0.32386363636363635,0.3162878787878788,0.04824419582228546,528,D-post-hoc-diagnostic
mcndroid-static,331,fedavg__family-absent-everywhere,appchina,revmob,2046,525,3.4427735805511475,0.08761904761904762,0.04838709677419355,0.08761904761904762,0.08761904761904762,0.04838709677419355,525,D-post-hoc-diagnostic
mcndroid-static,331,fedavg__family-absent-everywhere,anzhi,hiddad,3232,476,4.158170700073242,0.10504201680672269,0.02599009900990099,0.12605042016806722,0.10504201680672269,0.02599009900990099,476,D-post-hoc-diagnostic
mcndroid-static,332,central__full-exposure,anzhi,dowgin,2059,2771,4.068461894989014,0.8928184770840851,0.09810587663914522,0.8412125586430892,0.8928184770840851,0.09810587663914522,2771,D-post-hoc-diagnostic
mcndroid-static,332,central__full-exposure,anzhi,airpush,2059,1663,4.068461894989014,0.5333734215273602,0.09810587663914522,0.4702345159350571,0.5333734215273602,0.09810587663914522,1663,D-post-hoc-diagnostic
mcndroid-static,332,central__full-exposure,anzhi,gappusin,2059,601,4.068461894989014,0.6589018302828619,0.09810587663914522,0.5723793677204659,0.6589018302828619,0.09810587663914522,601,D-post-hoc-diagnostic
mcndroid-static,332,central__full-exposure,appchina,adwo,2028,310,7.2683939933776855,0.8612903225806452,0.046351084812623275,0.8741935483870967,0.8612903225806452,0.046351084812623275,310,D-post-hoc-diagnostic
mcndroid-static,332,central__full-exposure,play-early,leadbolt,32805,717,-2.3952548503875732,0.7140864714086471,0.05919829294314891,0.702928870292887,0.7140864714086471,0.05919829294314891,717,D-post-hoc-diagnostic
mcndroid-static,332,central__full-exposure,appchina,revmob,2028,448,7.2683939933776855,0.47767857142857145,0.046351084812623275,0.5200892857142857,0.47767857142857145,0.046351084812623275,448,D-post-hoc-diagnostic
mcndroid-static,332,central__full-exposure,play-late,hiddad,43512,518,-4.791853427886963,0.7625482625482626,0.04959551388122817,0.7625482625482626,0.7625482625482626,0.04959551388122817,518,D-post-hoc-diagnostic
mcndroid-static,332,fedavg__peer-present,anzhi,dowgin,2059,2771,1.3144464492797852,0.8401299169974739,0.09227780475959203,0.7470227354745579,0.8401299169974739,0.09227780475959203,2771,D-post-hoc-diagnostic
mcndroid-static,332,fedavg__peer-present,anzhi,airpush,2059,1663,1.3144464492797852,0.629585087191822,0.09227780475959203,0.5009019843656043,0.629585087191822,0.09227780475959203,1663,D-post-hoc-diagnostic
mcndroid-static,332,fedavg__peer-present,anzhi,gappusin,2059,601,1.3144464492797852,0.6821963394342762,0.09227780475959203,0.5391014975041597,0.6821963394342762,0.09227780475959203,601,D-post-hoc-diagnostic
mcndroid-static,332,fedavg__peer-present,appchina,adwo,2028,310,4.611050605773926,0.7741935483870968,0.046351084812623275,0.7935483870967742,0.7741935483870968,0.046351084812623275,310,D-post-hoc-diagnostic
mcndroid-static,332,fedavg__peer-present,play-early,leadbolt,32805,717,-0.8860609531402588,0.6582984658298466,0.05285779606767261,0.6527196652719666,0.6582984658298466,0.05285779606767261,717,D-post-hoc-diagnostic
mcndroid-static,332,fedavg__peer-present,appchina,revmob,2028,448,4.611050605773926,0.5200892857142857,0.046351084812623275,0.5334821428571429,0.5200892857142857,0.046351084812623275,448,D-post-hoc-diagnostic
mcndroid-static,332,fedavg__peer-present,play-late,hiddad,43512,518,-2.5293612480163574,0.7683397683397684,0.05288196359624931,0.7644787644787645,0.7683397683397684,0.05288196359624931,518,D-post-hoc-diagnostic
mcndroid-static,332,fedavg__family-absent-everywhere,anzhi,dowgin,2059,2771,1.0976296663284302,0.8231685312161674,0.0947061680427392,0.7145434861060989,0.8231685312161674,0.0947061680427392,2771,D-post-hoc-diagnostic
mcndroid-static,332,fedavg__family-absent-everywhere,anzhi,airpush,2059,1663,1.0976296663284302,0.15033072760072158,0.0947061680427392,0.10162357185808779,0.15033072760072158,0.0947061680427392,1663,D-post-hoc-diagnostic
mcndroid-static,332,fedavg__family-absent-everywhere,anzhi,gappusin,2059,601,1.0976296663284302,0.34775374376039936,0.0947061680427392,0.24126455906821964,0.34775374376039936,0.0947061680427392,601,D-post-hoc-diagnostic
mcndroid-static,332,fedavg__family-absent-everywhere,appchina,adwo,2028,310,4.026753902435303,0.635483870967742,0.04388560157790927,0.635483870967742,0.635483870967742,0.04388560157790927,310,D-post-hoc-diagnostic
mcndroid-static,332,fedavg__family-absent-everywhere,play-early,leadbolt,32805,717,-1.611233115196228,0.3891213389121339,0.05480871818320378,0.3807531380753138,0.3891213389121339,0.05480871818320378,717,D-post-hoc-diagnostic
mcndroid-static,332,fedavg__family-absent-everywhere,appchina,revmob,2028,448,4.026753902435303,0.203125,0.04388560157790927,0.203125,0.203125,0.04388560157790927,448,D-post-hoc-diagnostic
mcndroid-static,332,fedavg__family-absent-everywhere,play-late,hiddad,43512,518,-2.6572141647338867,0.6756756756756757,0.05276705276705277,0.6756756756756757,0.6756756756756757,0.05276705276705277,518,D-post-hoc-diagnostic
mcndroid-static,333,central__full-exposure,play-early,dowgin,31353,2858,0.23619094491004944,0.9737578726382086,0.05042579657449048,0.9734079776067179,0.9737578726382086,0.05042579657449048,2858,D-post-hoc-diagnostic
mcndroid-static,333,central__full-exposure,appchina,airpush,2075,1075,5.90748929977417,0.6846511627906977,0.07325301204819278,0.6334883720930232,0.6846511627906977,0.07325301204819278,1075,D-post-hoc-diagnostic
mcndroid-static,333,central__full-exposure,play-early,gappusin,31353,546,0.23619094491004944,0.9322344322344323,0.05042579657449048,0.9304029304029304,0.9322344322344323,0.05042579657449048,546,D-post-hoc-diagnostic
mcndroid-static,333,central__full-exposure,appchina,adwo,2075,337,5.90748929977417,0.6943620178041543,0.07325301204819278,0.6053412462908012,0.6943620178041543,0.07325301204819278,337,D-post-hoc-diagnostic
mcndroid-static,333,central__full-exposure,play-early,leadbolt,31353,641,0.23619094491004944,0.7082683307332294,0.05042579657449048,0.7067082683307332,0.7082683307332294,0.05042579657449048,641,D-post-hoc-diagnostic
mcndroid-static,333,central__full-exposure,appchina,revmob,2075,412,5.90748929977417,0.6796116504854369,0.07325301204819278,0.5461165048543689,0.6796116504854369,0.07325301204819278,412,D-post-hoc-diagnostic
mcndroid-static,333,central__full-exposure,appchina,hiddad,2075,228,5.90748929977417,0.2149122807017544,0.07325301204819278,0.16228070175438597,0.2149122807017544,0.07325301204819278,228,D-post-hoc-diagnostic
mcndroid-static,333,fedavg__peer-present,play-early,dowgin,31353,2858,0.3087913990020752,0.9198740377886634,0.05144643255828788,0.9184744576627012,0.9198740377886634,0.05144643255828788,2858,D-post-hoc-diagnostic
mcndroid-static,333,fedavg__peer-present,appchina,airpush,2075,1075,3.08211350440979,0.7274418604651163,0.061204819277108434,0.6167441860465116,0.7274418604651163,0.061204819277108434,1075,D-post-hoc-diagnostic
mcndroid-static,333,fedavg__peer-present,play-early,gappusin,31353,546,0.3087913990020752,0.8571428571428571,0.05144643255828788,0.8516483516483516,0.8571428571428571,0.05144643255828788,546,D-post-hoc-diagnostic
mcndroid-static,333,fedavg__peer-present,appchina,adwo,2075,337,3.08211350440979,0.6468842729970327,0.061204819277108434,0.629080118694362,0.6468842729970327,0.061204819277108434,337,D-post-hoc-diagnostic
mcndroid-static,333,fedavg__peer-present,play-early,leadbolt,31353,641,0.3087913990020752,0.6333853354134166,0.05144643255828788,0.6302652106084243,0.6333853354134166,0.05144643255828788,641,D-post-hoc-diagnostic
mcndroid-static,333,fedavg__peer-present,appchina,revmob,2075,412,3.08211350440979,0.7330097087378641,0.061204819277108434,0.6262135922330098,0.7330097087378641,0.061204819277108434,412,D-post-hoc-diagnostic
mcndroid-static,333,fedavg__peer-present,appchina,hiddad,2075,228,3.08211350440979,0.29385964912280704,0.061204819277108434,0.21052631578947367,0.29385964912280704,0.061204819277108434,228,D-post-hoc-diagnostic
mcndroid-static,333,fedavg__family-absent-everywhere,play-early,dowgin,31353,2858,-0.9395278692245483,0.8960811756473058,0.05313686090645233,0.8901329601119664,0.8960811756473058,0.05313686090645233,2858,D-post-hoc-diagnostic
mcndroid-static,333,fedavg__family-absent-everywhere,appchina,airpush,2075,1075,1.8955215215682983,0.3032558139534884,0.061686746987951804,0.2855813953488372,0.3032558139534884,0.061686746987951804,1075,D-post-hoc-diagnostic
mcndroid-static,333,fedavg__family-absent-everywhere,play-early,gappusin,31353,546,-0.9395278692245483,0.5677655677655677,0.05313686090645233,0.554945054945055,0.5677655677655677,0.05313686090645233,546,D-post-hoc-diagnostic
mcndroid-static,333,fedavg__family-absent-everywhere,appchina,adwo,2075,337,1.8955215215682983,0.5252225519287834,0.061686746987951804,0.5044510385756676,0.5252225519287834,0.061686746987951804,337,D-post-hoc-diagnostic
mcndroid-static,333,fedavg__family-absent-everywhere,play-early,leadbolt,31353,641,-0.9395278692245483,0.37285491419656785,0.05313686090645233,0.34477379095163807,0.37285491419656785,0.05313686090645233,641,D-post-hoc-diagnostic
mcndroid-static,333,fedavg__family-absent-everywhere,appchina,revmob,2075,412,1.8955215215682983,0.21359223300970873,0.061686746987951804,0.20631067961165048,0.21359223300970873,0.061686746987951804,412,D-post-hoc-diagnostic
mcndroid-static,333,fedavg__family-absent-everywhere,appchina,hiddad,2075,228,1.8955215215682983,0.2324561403508772,0.061686746987951804,0.21929824561403508,0.2324561403508772,0.061686746987951804,228,D-post-hoc-diagnostic
mcndroid-static,334,central__full-exposure,appchina,dowgin,1969,3373,8.073704719543457,0.8194485621108806,0.05485017775520569,0.8081826267417729,0.8194485621108806,0.05485017775520569,3373,D-post-hoc-diagnostic
mcndroid-static,334,central__full-exposure,appchina,airpush,1969,1439,8.073704719543457,0.4593467685892981,0.05485017775520569,0.45031271716469773,0.4593467685892981,0.05485017775520569,1439,D-post-hoc-diagnostic
mcndroid-static,334,central__full-exposure,play-early,gappusin,31762,536,0.8396387100219727,0.9365671641791045,0.047289213525596625,0.9421641791044776,0.9365671641791045,0.047289213525596625,536,D-post-hoc-diagnostic
mcndroid-static,334,central__full-exposure,appchina,adwo,1969,358,8.073704719543457,0.7318435754189944,0.05485017775520569,0.7094972067039106,0.7318435754189944,0.05485017775520569,358,D-post-hoc-diagnostic
mcndroid-static,334,central__full-exposure,appchina,leadbolt,1969,493,8.073704719543457,0.537525354969574,0.05485017775520569,0.4908722109533469,0.537525354969574,0.05485017775520569,493,D-post-hoc-diagnostic
mcndroid-static,334,central__full-exposure,play-late,revmob,43601,378,-1.8815006017684937,0.9259259259259259,0.047498910575445516,0.9259259259259259,0.9259259259259259,0.047498910575445516,378,D-post-hoc-diagnostic
mcndroid-static,334,central__full-exposure,play-early,hiddad,31762,278,0.8396387100219727,0.6330935251798561,0.047289213525596625,0.6438848920863309,0.6330935251798561,0.047289213525596625,278,D-post-hoc-diagnostic
mcndroid-static,334,fedavg__peer-present,appchina,dowgin,1969,3373,4.3788371086120605,0.7438482063445004,0.0457084814626714,0.7577823895641862,0.7438482063445004,0.0457084814626714,3373,D-post-hoc-diagnostic
mcndroid-static,334,fedavg__peer-present,appchina,airpush,1969,1439,4.3788371086120605,0.4009728978457262,0.0457084814626714,0.42043085476025016,0.4009728978457262,0.0457084814626714,1439,D-post-hoc-diagnostic
mcndroid-static,334,fedavg__peer-present,play-early,gappusin,31762,536,-0.9181605577468872,0.9235074626865671,0.05749008248850828,0.914179104477612,0.9235074626865671,0.05749008248850828,536,D-post-hoc-diagnostic
mcndroid-static,334,fedavg__peer-present,appchina,adwo,1969,358,4.3788371086120605,0.5726256983240223,0.0457084814626714,0.5754189944134078,0.5726256983240223,0.0457084814626714,358,D-post-hoc-diagnostic
mcndroid-static,334,fedavg__peer-present,appchina,leadbolt,1969,493,4.3788371086120605,0.5253549695740365,0.0457084814626714,0.5496957403651116,0.5253549695740365,0.0457084814626714,493,D-post-hoc-diagnostic
mcndroid-static,334,fedavg__peer-present,play-late,revmob,43601,378,-1.5196123123168945,0.8862433862433863,0.04740716956033118,0.8915343915343915,0.8862433862433863,0.04740716956033118,378,D-post-hoc-diagnostic
mcndroid-static,334,fedavg__peer-present,play-early,hiddad,31762,278,-0.9181605577468872,0.6079136690647482,0.05749008248850828,0.60431654676259,0.6079136690647482,0.05749008248850828,278,D-post-hoc-diagnostic
mcndroid-static,334,fedavg__family-absent-everywhere,appchina,dowgin,1969,3373,3.424075126647949,0.7408834865105247,0.05180294565769426,0.7352505188259709,0.7408834865105247,0.05180294565769426,3373,D-post-hoc-diagnostic
mcndroid-static,334,fedavg__family-absent-everywhere,appchina,airpush,1969,1439,3.424075126647949,0.12856150104239056,0.05180294565769426,0.12578179291174427,0.12856150104239056,0.05180294565769426,1439,D-post-hoc-diagnostic
mcndroid-static,334,fedavg__family-absent-everywhere,play-early,gappusin,31762,536,-1.1870861053466797,0.5970149253731343,0.05506580190164347,0.5802238805970149,0.5970149253731343,0.05506580190164347,536,D-post-hoc-diagnostic
mcndroid-static,334,fedavg__family-absent-everywhere,appchina,adwo,1969,358,3.424075126647949,0.4581005586592179,0.05180294565769426,0.45251396648044695,0.4581005586592179,0.05180294565769426,358,D-post-hoc-diagnostic
mcndroid-static,334,fedavg__family-absent-everywhere,appchina,leadbolt,1969,493,3.424075126647949,0.2515212981744422,0.05180294565769426,0.24949290060851928,0.2515212981744422,0.05180294565769426,493,D-post-hoc-diagnostic
mcndroid-static,334,fedavg__family-absent-everywhere,play-late,revmob,43601,378,-2.0210793018341064,0.2619047619047619,0.05027407628265407,0.2619047619047619,0.2619047619047619,0.05027407628265407,378,D-post-hoc-diagnostic
mcndroid-static,334,fedavg__family-absent-everywhere,play-early,hiddad,31762,278,-1.1870861053466797,0.4460431654676259,0.05506580190164347,0.420863309352518,0.4460431654676259,0.05506580190164347,278,D-post-hoc-diagnostic
mcndroid-static,335,central__full-exposure,appchina,dowgin,2170,3208,7.1258158683776855,0.7895885286783042,0.05714285714285714,0.7577930174563591,0.7895885286783042,0.05714285714285714,3208,D-post-hoc-diagnostic
mcndroid-static,335,central__full-exposure,appchina,airpush,2170,1778,7.1258158683776855,0.47075365579302586,0.05714285714285714,0.36051743532058494,0.47075365579302586,0.05714285714285714,1778,D-post-hoc-diagnostic
mcndroid-static,335,central__full-exposure,anzhi,gappusin,1697,583,7.492020606994629,0.7821612349914236,0.05774896876841485,0.758147512864494,0.7821612349914236,0.05774896876841485,583,D-post-hoc-diagnostic
mcndroid-static,335,central__full-exposure,appchina,adwo,2170,387,7.1258158683776855,0.7054263565891473,0.05714285714285714,0.6511627906976745,0.7054263565891473,0.05714285714285714,387,D-post-hoc-diagnostic
mcndroid-static,335,central__full-exposure,anzhi,leadbolt,1697,575,7.492020606994629,0.4817391304347826,0.05774896876841485,0.4469565217391304,0.4817391304347826,0.05774896876841485,575,D-post-hoc-diagnostic
mcndroid-static,335,central__full-exposure,appchina,revmob,2170,506,7.1258158683776855,0.233201581027668,0.05714285714285714,0.20355731225296442,0.233201581027668,0.05714285714285714,506,D-post-hoc-diagnostic
mcndroid-static,335,central__full-exposure,play-late,hiddad,44322,270,-3.6229822635650635,0.5888888888888889,0.04043138847524931,0.6111111111111112,0.5888888888888889,0.04043138847524931,270,D-post-hoc-diagnostic
mcndroid-static,335,fedavg__peer-present,appchina,dowgin,2170,3208,6.468219757080078,0.5255610972568578,0.03271889400921659,0.726932668329177,0.5255610972568578,0.03271889400921659,3208,D-post-hoc-diagnostic
mcndroid-static,335,fedavg__peer-present,appchina,airpush,2170,1778,6.468219757080078,0.46962879640044997,0.03271889400921659,0.5258717660292463,0.46962879640044997,0.03271889400921659,1778,D-post-hoc-diagnostic
mcndroid-static,335,fedavg__peer-present,anzhi,gappusin,1697,583,4.133981704711914,0.7221269296740995,0.06776664702416028,0.62778730703259,0.7221269296740995,0.06776664702416028,583,D-post-hoc-diagnostic
mcndroid-static,335,fedavg__peer-present,appchina,adwo,2170,387,6.468219757080078,0.6666666666666666,0.03271889400921659,0.7235142118863049,0.6666666666666666,0.03271889400921659,387,D-post-hoc-diagnostic
mcndroid-static,335,fedavg__peer-present,anzhi,leadbolt,1697,575,4.133981704711914,0.56,0.06776664702416028,0.44869565217391305,0.56,0.06776664702416028,575,D-post-hoc-diagnostic
mcndroid-static,335,fedavg__peer-present,appchina,revmob,2170,506,6.468219757080078,0.32608695652173914,0.03271889400921659,0.4683794466403162,0.32608695652173914,0.03271889400921659,506,D-post-hoc-diagnostic
mcndroid-static,335,fedavg__peer-present,play-late,hiddad,44322,270,-1.075924277305603,0.3296296296296296,0.04643292270204413,0.3296296296296296,0.3296296296296296,0.04643292270204413,270,D-post-hoc-diagnostic
mcndroid-static,335,fedavg__family-absent-everywhere,appchina,dowgin,2170,3208,5.8467020988464355,0.5031172069825436,0.026728110599078342,0.7213216957605985,0.5031172069825436,0.026728110599078342,3208,D-post-hoc-diagnostic
mcndroid-static,335,fedavg__family-absent-everywhere,appchina,airpush,2170,1778,5.8467020988464355,0.15860517435320584,0.026728110599078342,0.2215973003374578,0.15860517435320584,0.026728110599078342,1778,D-post-hoc-diagnostic
mcndroid-static,335,fedavg__family-absent-everywhere,anzhi,gappusin,1697,583,3.295654535293579,0.3927958833619211,0.06423099587507367,0.35334476843910806,0.3927958833619211,0.06423099587507367,583,D-post-hoc-diagnostic
mcndroid-static,335,fedavg__family-absent-everywhere,appchina,adwo,2170,387,5.8467020988464355,0.4780361757105943,0.026728110599078342,0.5581395348837209,0.4780361757105943,0.026728110599078342,387,D-post-hoc-diagnostic
mcndroid-static,335,fedavg__family-absent-everywhere,anzhi,leadbolt,1697,575,3.295654535293579,0.20521739130434782,0.06423099587507367,0.15304347826086956,0.20521739130434782,0.06423099587507367,575,D-post-hoc-diagnostic
mcndroid-static,335,fedavg__family-absent-everywhere,appchina,revmob,2170,506,5.8467020988464355,0.116600790513834,0.026728110599078342,0.15217391304347827,0.116600790513834,0.026728110599078342,506,D-post-hoc-diagnostic
mcndroid-static,335,fedavg__family-absent-everywhere,play-late,hiddad,44322,270,-1.5024157762527466,0.2851851851851852,0.046320111908307385,0.2962962962962963,0.2851851851851852,0.046320111908307385,270,D-post-hoc-diagnostic
mcndroid-static,336,central__full-exposure,play-early,dowgin,32363,3045,-0.13781510293483734,0.9704433497536946,0.04684361771158422,0.9733990147783251,0.9704433497536946,0.04684361771158422,3045,D-post-hoc-diagnostic
mcndroid-static,336,central__full-exposure,anzhi,airpush,1903,1309,6.0996012687683105,0.5859434682964094,0.07514450867052024,0.5194805194805194,0.5859434682964094,0.07514450867052024,1309,D-post-hoc-diagnostic
mcndroid-static,336,central__full-exposure,play-early,gappusin,32363,513,-0.13781510293483734,0.9434697855750487,0.04684361771158422,0.9454191033138402,0.9434697855750487,0.04684361771158422,513,D-post-hoc-diagnostic
mcndroid-static,336,central__full-exposure,anzhi,adwo,1903,256,6.0996012687683105,0.82421875,0.07514450867052024,0.734375,0.82421875,0.07514450867052024,256,D-post-hoc-diagnostic
mcndroid-static,336,central__full-exposure,anzhi,leadbolt,1903,586,6.0996012687683105,0.552901023890785,0.07514450867052024,0.4197952218430034,0.552901023890785,0.07514450867052024,586,D-post-hoc-diagnostic
mcndroid-static,336,central__full-exposure,appchina,revmob,1969,464,7.336949825286865,0.4375,0.05942102590147283,0.39870689655172414,0.4375,0.05942102590147283,464,D-post-hoc-diagnostic
mcndroid-static,336,central__full-exposure,play-early,hiddad,32363,268,-0.13781510293483734,0.5746268656716418,0.04684361771158422,0.585820895522388,0.5746268656716418,0.04684361771158422,268,D-post-hoc-diagnostic
mcndroid-static,336,fedavg__peer-present,play-early,dowgin,32363,3045,0.31058958172798157,0.9307060755336617,0.04913017952600192,0.9313628899835796,0.9307060755336617,0.04913017952600192,3045,D-post-hoc-diagnostic
mcndroid-static,336,fedavg__peer-present,anzhi,airpush,1903,1309,2.905858278274536,0.758594346829641,0.08355228586442459,0.679144385026738,0.758594346829641,0.08355228586442459,1309,D-post-hoc-diagnostic
mcndroid-static,336,fedavg__peer-present,play-early,gappusin,32363,513,0.31058958172798157,0.9083820662768031,0.04913017952600192,0.9103313840155945,0.9083820662768031,0.04913017952600192,513,D-post-hoc-diagnostic
mcndroid-static,336,fedavg__peer-present,anzhi,adwo,1903,256,2.905858278274536,0.7890625,0.08355228586442459,0.7109375,0.7890625,0.08355228586442459,256,D-post-hoc-diagnostic
mcndroid-static,336,fedavg__peer-present,anzhi,leadbolt,1903,586,2.905858278274536,0.6331058020477816,0.08355228586442459,0.4590443686006826,0.6331058020477816,0.08355228586442459,586,D-post-hoc-diagnostic
mcndroid-static,336,fedavg__peer-present,appchina,revmob,1969,464,6.1647233963012695,0.5474137931034483,0.03250380904012189,0.6939655172413793,0.5474137931034483,0.03250380904012189,464,D-post-hoc-diagnostic
mcndroid-static,336,fedavg__peer-present,play-early,hiddad,32363,268,0.31058958172798157,0.3694029850746269,0.04913017952600192,0.3694029850746269,0.3694029850746269,0.04913017952600192,268,D-post-hoc-diagnostic
mcndroid-static,336,fedavg__family-absent-everywhere,play-early,dowgin,32363,3045,-0.048667699098587036,0.9149425287356322,0.04678181874362698,0.9218390804597701,0.9149425287356322,0.04678181874362698,3045,D-post-hoc-diagnostic
mcndroid-static,336,fedavg__family-absent-everywhere,anzhi,airpush,1903,1309,2.5138514041900635,0.4362108479755539,0.07461902259590121,0.40565317035905274,0.4362108479755539,0.07461902259590121,1309,D-post-hoc-diagnostic
mcndroid-static,336,fedavg__family-absent-everywhere,play-early,gappusin,32363,513,-0.048667699098587036,0.52046783625731,0.04678181874362698,0.5263157894736842,0.52046783625731,0.04678181874362698,513,D-post-hoc-diagnostic
mcndroid-static,336,fedavg__family-absent-everywhere,anzhi,adwo,1903,256,2.5138514041900635,0.5859375,0.07461902259590121,0.5546875,0.5859375,0.07461902259590121,256,D-post-hoc-diagnostic
mcndroid-static,336,fedavg__family-absent-everywhere,anzhi,leadbolt,1903,586,2.5138514041900635,0.16382252559726962,0.07461902259590121,0.14846416382252559,0.16382252559726962,0.07461902259590121,586,D-post-hoc-diagnostic
mcndroid-static,336,fedavg__family-absent-everywhere,appchina,revmob,1969,464,4.773306369781494,0.04956896551724138,0.037582529202640935,0.07327586206896551,0.04956896551724138,0.037582529202640935,464,D-post-hoc-diagnostic
mcndroid-static,336,fedavg__family-absent-everywhere,play-early,hiddad,32363,268,-0.048667699098587036,0.332089552238806,0.04678181874362698,0.35447761194029853,0.332089552238806,0.04678181874362698,268,D-post-hoc-diagnostic
mcndroid-static,337,central__full-exposure,appchina,dowgin,2001,2681,10.053288459777832,0.7124207385303991,0.02798600699650175,0.7817978366281239,0.7124207385303991,0.02798600699650175,2681,D-post-hoc-diagnostic
mcndroid-static,337,central__full-exposure,play-early,airpush,29706,1251,-0.37741661071777344,0.9064748201438849,0.04924930990372316,0.9072741806554756,0.9064748201438849,0.04924930990372316,1251,D-post-hoc-diagnostic
mcndroid-static,337,central__full-exposure,play-early,gappusin,29706,529,-0.37741661071777344,0.9489603024574669,0.04924930990372316,0.9508506616257089,0.9489603024574669,0.04924930990372316,529,D-post-hoc-diagnostic
mcndroid-static,337,central__full-exposure,anzhi,adwo,3412,262,9.687898635864258,0.7557251908396947,0.021981242672919107,0.8587786259541985,0.7557251908396947,0.021981242672919107,262,D-post-hoc-diagnostic
mcndroid-static,337,central__full-exposure,appchina,leadbolt,2001,465,10.053288459777832,0.3978494623655914,0.02798600699650175,0.49032258064516127,0.3978494623655914,0.02798600699650175,465,D-post-hoc-diagnostic
mcndroid-static,337,central__full-exposure,appchina,revmob,2001,470,10.053288459777832,0.13617021276595745,0.02798600699650175,0.19148936170212766,0.13617021276595745,0.02798600699650175,470,D-post-hoc-diagnostic
mcndroid-static,337,central__full-exposure,play-early,hiddad,29706,201,-0.37741661071777344,0.4129353233830846,0.04924930990372316,0.4129353233830846,0.4129353233830846,0.04924930990372316,201,D-post-hoc-diagnostic
mcndroid-static,337,fedavg__peer-present,appchina,dowgin,2001,2681,4.298393249511719,0.7348004475941813,0.046476761619190406,0.7500932487877657,0.7348004475941813,0.046476761619190406,2681,D-post-hoc-diagnostic
mcndroid-static,337,fedavg__peer-present,play-early,airpush,29706,1251,0.05277419090270996,0.7410071942446043,0.04958594223389214,0.7426059152677857,0.7410071942446043,0.04958594223389214,1251,D-post-hoc-diagnostic
mcndroid-static,337,fedavg__peer-present,play-early,gappusin,29706,529,0.05277419090270996,0.8922495274102079,0.04958594223389214,0.8922495274102079,0.8922495274102079,0.04958594223389214,529,D-post-hoc-diagnostic
mcndroid-static,337,fedavg__peer-present,anzhi,adwo,3412,262,4.7368364334106445,0.767175572519084,0.025498241500586168,0.8396946564885496,0.767175572519084,0.025498241500586168,262,D-post-hoc-diagnostic
mcndroid-static,337,fedavg__peer-present,appchina,leadbolt,2001,465,4.298393249511719,0.443010752688172,0.046476761619190406,0.47096774193548385,0.443010752688172,0.046476761619190406,465,D-post-hoc-diagnostic
mcndroid-static,337,fedavg__peer-present,appchina,revmob,2001,470,4.298393249511719,0.2978723404255319,0.046476761619190406,0.3893617021276596,0.2978723404255319,0.046476761619190406,470,D-post-hoc-diagnostic
mcndroid-static,337,fedavg__peer-present,play-early,hiddad,29706,201,0.05277419090270996,0.4228855721393035,0.04958594223389214,0.4228855721393035,0.4228855721393035,0.04958594223389214,201,D-post-hoc-diagnostic
mcndroid-static,337,fedavg__family-absent-everywhere,appchina,dowgin,2001,2681,2.764960527420044,0.752331219694144,0.05347326336831584,0.7463632972771354,0.752331219694144,0.05347326336831584,2681,D-post-hoc-diagnostic
mcndroid-static,337,fedavg__family-absent-everywhere,play-early,airpush,29706,1251,-0.4536128342151642,0.3669064748201439,0.04945128930182455,0.37170263788968827,0.3669064748201439,0.04945128930182455,1251,D-post-hoc-diagnostic
mcndroid-static,337,fedavg__family-absent-everywhere,play-early,gappusin,29706,529,-0.4536128342151642,0.5879017013232514,0.04945128930182455,0.5879017013232514,0.5879017013232514,0.04945128930182455,529,D-post-hoc-diagnostic
mcndroid-static,337,fedavg__family-absent-everywhere,anzhi,adwo,3412,262,3.805593490600586,0.648854961832061,0.021101992966002344,0.7480916030534351,0.648854961832061,0.021101992966002344,262,D-post-hoc-diagnostic
mcndroid-static,337,fedavg__family-absent-everywhere,appchina,leadbolt,2001,465,2.764960527420044,0.16774193548387098,0.05347326336831584,0.16774193548387098,0.16774193548387098,0.05347326336831584,465,D-post-hoc-diagnostic
mcndroid-static,337,fedavg__family-absent-everywhere,appchina,revmob,2001,470,2.764960527420044,0.07234042553191489,0.05347326336831584,0.06808510638297872,0.07234042553191489,0.05347326336831584,470,D-post-hoc-diagnostic
mcndroid-static,337,fedavg__family-absent-everywhere,play-early,hiddad,29706,201,-0.4536128342151642,0.3333333333333333,0.04945128930182455,0.3333333333333333,0.3333333333333333,0.04945128930182455,201,D-post-hoc-diagnostic
mcndroid-static,338,central__full-exposure,play-early,dowgin,30917,2670,0.6274000406265259,0.9625468164794008,0.05420965811689362,0.9621722846441948,0.9625468164794008,0.05420965811689362,2670,D-post-hoc-diagnostic
mcndroid-static,338,central__full-exposure,anzhi,airpush,1687,1349,9.503979682922363,0.43884358784284655,0.058091286307053944,0.3795404002965159,0.43884358784284655,0.058091286307053944,1349,D-post-hoc-diagnostic
mcndroid-static,338,central__full-exposure,play-early,gappusin,30917,439,0.6274000406265259,0.9567198177676538,0.05420965811689362,0.9567198177676538,0.9567198177676538,0.05420965811689362,439,D-post-hoc-diagnostic
mcndroid-static,338,central__full-exposure,anzhi,adwo,1687,305,9.503979682922363,0.5901639344262295,0.058091286307053944,0.5704918032786885,0.5901639344262295,0.058091286307053944,305,D-post-hoc-diagnostic
mcndroid-static,338,central__full-exposure,play-early,leadbolt,30917,568,0.6274000406265259,0.7834507042253521,0.05420965811689362,0.7834507042253521,0.7834507042253521,0.05420965811689362,568,D-post-hoc-diagnostic
mcndroid-static,338,central__full-exposure,appchina,revmob,1978,449,7.716878890991211,0.5567928730512249,0.06066734074823053,0.5167037861915368,0.5567928730512249,0.06066734074823053,449,D-post-hoc-diagnostic
mcndroid-static,338,central__full-exposure,appchina,hiddad,1978,293,7.716878890991211,0.17406143344709898,0.06066734074823053,0.16040955631399317,0.17406143344709898,0.06066734074823053,293,D-post-hoc-diagnostic
mcndroid-static,338,fedavg__peer-present,play-early,dowgin,30917,2670,-0.8060653209686279,0.9400749063670412,0.05644143998447456,0.9288389513108615,0.9400749063670412,0.05644143998447456,2670,D-post-hoc-diagnostic
mcndroid-static,338,fedavg__peer-present,anzhi,airpush,1687,1349,5.987493515014648,0.32616753150481836,0.06046235921754594,0.3031875463306153,0.32616753150481836,0.06046235921754594,1349,D-post-hoc-diagnostic
mcndroid-static,338,fedavg__peer-present,play-early,gappusin,30917,439,-0.8060653209686279,0.9339407744874715,0.05644143998447456,0.9316628701594533,0.9339407744874715,0.05644143998447456,439,D-post-hoc-diagnostic
mcndroid-static,338,fedavg__peer-present,anzhi,adwo,1687,305,5.987493515014648,0.5737704918032787,0.06046235921754594,0.5508196721311476,0.5737704918032787,0.06046235921754594,305,D-post-hoc-diagnostic
mcndroid-static,338,fedavg__peer-present,play-early,leadbolt,30917,568,-0.8060653209686279,0.6302816901408451,0.05644143998447456,0.6109154929577465,0.6302816901408451,0.05644143998447456,568,D-post-hoc-diagnostic
mcndroid-static,338,fedavg__peer-present,appchina,revmob,1978,449,3.546412467956543,0.6391982182628062,0.06521739130434782,0.4209354120267261,0.6391982182628062,0.06521739130434782,449,D-post-hoc-diagnostic
mcndroid-static,338,fedavg__peer-present,appchina,hiddad,1978,293,3.546412467956543,0.2764505119453925,0.06521739130434782,0.24232081911262798,0.2764505119453925,0.06521739130434782,293,D-post-hoc-diagnostic
mcndroid-static,338,fedavg__family-absent-everywhere,play-early,dowgin,30917,2670,-1.2313764095306396,0.9067415730337078,0.05375683281042792,0.9063670411985019,0.9067415730337078,0.05375683281042792,2670,D-post-hoc-diagnostic
mcndroid-static,338,fedavg__family-absent-everywhere,anzhi,airpush,1687,1349,5.176979064941406,0.15937731653076354,0.05868405453467694,0.11415863602668644,0.15937731653076354,0.05868405453467694,1349,D-post-hoc-diagnostic
mcndroid-static,338,fedavg__family-absent-everywhere,play-early,gappusin,30917,439,-1.2313764095306396,0.5148063781321185,0.05375683281042792,0.5034168564920274,0.5148063781321185,0.05375683281042792,439,D-post-hoc-diagnostic
mcndroid-static,338,fedavg__family-absent-everywhere,anzhi,adwo,1687,305,5.176979064941406,0.4098360655737705,0.05868405453467694,0.38688524590163936,0.4098360655737705,0.05868405453467694,305,D-post-hoc-diagnostic
mcndroid-static,338,fedavg__family-absent-everywhere,play-early,leadbolt,30917,568,-1.2313764095306396,0.375,0.05375683281042792,0.3644366197183099,0.375,0.05375683281042792,568,D-post-hoc-diagnostic
mcndroid-static,338,fedavg__family-absent-everywhere,appchina,revmob,1978,449,2.6647021770477295,0.23162583518930957,0.06016177957532862,0.22717149220489977,0.23162583518930957,0.06016177957532862,449,D-post-hoc-diagnostic
mcndroid-static,338,fedavg__family-absent-everywhere,appchina,hiddad,1978,293,2.6647021770477295,0.24914675767918087,0.06016177957532862,0.23890784982935154,0.24914675767918087,0.06016177957532862,293,D-post-hoc-diagnostic
mcndroid-static,339,central__full-exposure,anzhi,dowgin,1864,2813,7.415977478027344,0.7116956985424814,0.050965665236051505,0.7109847138286527,0.7116956985424814,0.050965665236051505,2813,D-post-hoc-diagnostic
mcndroid-static,339,central__full-exposure,appchina,airpush,2110,1581,6.698331832885742,0.49778621125869704,0.057345971563981045,0.47185325743200507,0.49778621125869704,0.057345971563981045,1581,D-post-hoc-diagnostic
mcndroid-static,339,central__full-exposure,play-early,gappusin,31551,519,-0.9186956882476807,0.9402697495183044,0.05660676365249913,0.9364161849710982,0.9402697495183044,0.05660676365249913,519,D-post-hoc-diagnostic
mcndroid-static,339,central__full-exposure,play-early,adwo,31551,319,-0.9186956882476807,0.9686520376175548,0.05660676365249913,0.9686520376175548,0.9686520376175548,0.05660676365249913,319,D-post-hoc-diagnostic
mcndroid-static,339,central__full-exposure,appchina,leadbolt,2110,712,6.698331832885742,0.4705056179775281,0.057345971563981045,0.4410112359550562,0.4705056179775281,0.057345971563981045,712,D-post-hoc-diagnostic
mcndroid-static,339,central__full-exposure,appchina,revmob,2110,537,6.698331832885742,0.4134078212290503,0.057345971563981045,0.3761638733705773,0.4134078212290503,0.057345971563981045,537,D-post-hoc-diagnostic
mcndroid-static,339,central__full-exposure,play-late,hiddad,44328,220,-3.429581880569458,0.5863636363636363,0.05263039162606028,0.5818181818181818,0.5863636363636363,0.05263039162606028,220,D-post-hoc-diagnostic
mcndroid-static,339,fedavg__peer-present,anzhi,dowgin,1864,2813,3.746283531188965,0.6704585851404194,0.053111587982832616,0.665481692143619,0.6704585851404194,0.053111587982832616,2813,D-post-hoc-diagnostic
mcndroid-static,339,fedavg__peer-present,appchina,airpush,2110,1581,4.2967376708984375,0.4497153700189753,0.04407582938388625,0.46236559139784944,0.4497153700189753,0.04407582938388625,1581,D-post-hoc-diagnostic
mcndroid-static,339,fedavg__peer-present,play-early,gappusin,31551,519,0.11052672564983368,0.8651252408477842,0.04725682228772464,0.8689788053949904,0.8651252408477842,0.04725682228772464,519,D-post-hoc-diagnostic
mcndroid-static,339,fedavg__peer-present,play-early,adwo,31551,319,0.11052672564983368,0.9435736677115988,0.04725682228772464,0.9467084639498433,0.9435736677115988,0.04725682228772464,319,D-post-hoc-diagnostic
mcndroid-static,339,fedavg__peer-present,appchina,leadbolt,2110,712,4.2967376708984375,0.42275280898876405,0.04407582938388625,0.42837078651685395,0.42275280898876405,0.04407582938388625,712,D-post-hoc-diagnostic
mcndroid-static,339,fedavg__peer-present,appchina,revmob,2110,537,4.2967376708984375,0.5232774674115456,0.04407582938388625,0.5493482309124768,0.5232774674115456,0.04407582938388625,537,D-post-hoc-diagnostic
mcndroid-static,339,fedavg__peer-present,play-late,hiddad,44328,220,-2.2666678428649902,0.5909090909090909,0.054074174336762315,0.5909090909090909,0.5909090909090909,0.054074174336762315,220,D-post-hoc-diagnostic
mcndroid-static,339,fedavg__family-absent-everywhere,anzhi,dowgin,1864,2813,3.9552557468414307,0.6260220405261286,0.050965665236051505,0.6253110558123001,0.6260220405261286,0.050965665236051505,2813,D-post-hoc-diagnostic
mcndroid-static,339,fedavg__family-absent-everywhere,appchina,airpush,2110,1581,4.170736312866211,0.211258697027198,0.035071090047393366,0.25996204933586337,0.211258697027198,0.035071090047393366,1581,D-post-hoc-diagnostic
mcndroid-static,339,fedavg__family-absent-everywhere,play-early,gappusin,31551,519,-0.1785316914319992,0.605009633911368,0.04633767550949257,0.628131021194605,0.605009633911368,0.04633767550949257,519,D-post-hoc-diagnostic
mcndroid-static,339,fedavg__family-absent-everywhere,play-early,adwo,31551,319,-0.1785316914319992,0.8338557993730408,0.04633767550949257,0.8369905956112853,0.8338557993730408,0.04633767550949257,319,D-post-hoc-diagnostic
mcndroid-static,339,fedavg__family-absent-everywhere,appchina,leadbolt,2110,712,4.170736312866211,0.18820224719101122,0.035071090047393366,0.20786516853932585,0.18820224719101122,0.035071090047393366,712,D-post-hoc-diagnostic
mcndroid-static,339,fedavg__family-absent-everywhere,appchina,revmob,2110,537,4.170736312866211,0.1303538175046555,0.035071090047393366,0.148975791433892,0.1303538175046555,0.035071090047393366,537,D-post-hoc-diagnostic
mcndroid-static,339,fedavg__family-absent-everywhere,play-late,hiddad,44328,220,-2.0354573726654053,0.6090909090909091,0.05380346507850568,0.6045454545454545,0.6090909090909091,0.05380346507850568,220,D-post-hoc-diagnostic
call-graph,330,central__full-exposure,anzhi,dowgin,1748,3468,8.25838851928711,0.5406574394463668,0.059496567505720827,0.497116493656286,0.5406574394463668,0.059496567505720827,3468,D-post-hoc-diagnostic
call-graph,330,central__full-exposure,play-late,airpush,43008,1168,-3.3090415000915527,0.9871575342465754,0.05115327380952381,0.9845890410958904,0.9871575342465754,0.05115327380952381,1168,D-post-hoc-diagnostic
call-graph,330,central__full-exposure,anzhi,gappusin,1748,494,8.25838851928711,0.5728744939271255,0.059496567505720827,0.5263157894736842,0.5728744939271255,0.059496567505720827,494,D-post-hoc-diagnostic
call-graph,330,central__full-exposure,play-early,adwo,31037,328,1.0513241291046143,0.8719512195121951,0.05258240164964397,0.8658536585365854,0.8719512195121951,0.05258240164964397,328,D-post-hoc-diagnostic
call-graph,330,central__full-exposure,anzhi,leadbolt,1748,477,8.25838851928711,0.7672955974842768,0.059496567505720827,0.7190775681341719,0.7672955974842768,0.059496567505720827,477,D-post-hoc-diagnostic
call-graph,330,central__full-exposure,appchina,revmob,2118,520,9.170034408569336,0.31346153846153846,0.032577903682719546,0.5673076923076923,0.31346153846153846,0.032577903682719546,520,D-post-hoc-diagnostic
call-graph,330,central__full-exposure,anzhi,hiddad,1748,274,8.25838851928711,0.1386861313868613,0.059496567505720827,0.1386861313868613,0.1386861313868613,0.059496567505720827,274,D-post-hoc-diagnostic
call-graph,330,fedavg__peer-present,anzhi,dowgin,1748,3468,3.0577681064605713,0.48471741637831606,0.05835240274599542,0.45011534025374855,0.48471741637831606,0.05835240274599542,3468,D-post-hoc-diagnostic
call-graph,330,fedavg__peer-present,play-late,airpush,43008,1168,-0.9468914866447449,0.9606164383561644,0.05089750744047619,0.9606164383561644,0.9606164383561644,0.05089750744047619,1168,D-post-hoc-diagnostic
call-graph,330,fedavg__peer-present,anzhi,gappusin,1748,494,3.0577681064605713,0.7145748987854251,0.05835240274599542,0.6700404858299596,0.7145748987854251,0.05835240274599542,494,D-post-hoc-diagnostic
call-graph,330,fedavg__peer-present,play-early,adwo,31037,328,0.30219322443008423,0.9725609756097561,0.06440699809904307,0.9390243902439024,0.9725609756097561,0.06440699809904307,328,D-post-hoc-diagnostic
call-graph,330,fedavg__peer-present,anzhi,leadbolt,1748,477,3.0577681064605713,0.8930817610062893,0.05835240274599542,0.8742138364779874,0.8930817610062893,0.05835240274599542,477,D-post-hoc-diagnostic
call-graph,330,fedavg__peer-present,appchina,revmob,2118,520,3.8433194160461426,0.6307692307692307,0.040132200188857416,0.7038461538461539,0.6307692307692307,0.040132200188857416,520,D-post-hoc-diagnostic
call-graph,330,fedavg__peer-present,anzhi,hiddad,1748,274,3.0577681064605713,0.22992700729927007,0.05835240274599542,0.19708029197080293,0.22992700729927007,0.05835240274599542,274,D-post-hoc-diagnostic
call-graph,330,fedavg__family-absent-everywhere,anzhi,dowgin,1748,3468,3.3395183086395264,0.4244521337946944,0.05320366132723112,0.41810841983852365,0.4244521337946944,0.05320366132723112,3468,D-post-hoc-diagnostic
call-graph,330,fedavg__family-absent-everywhere,play-late,airpush,43008,1168,-1.1546266078948975,0.696917808219178,0.053478422619047616,0.6797945205479452,0.696917808219178,0.053478422619047616,1168,D-post-hoc-diagnostic
call-graph,330,fedavg__family-absent-everywhere,anzhi,gappusin,1748,494,3.3395183086395264,0.5080971659919028,0.05320366132723112,0.4757085020242915,0.5080971659919028,0.05320366132723112,494,D-post-hoc-diagnostic
call-graph,330,fedavg__family-absent-everywhere,play-early,adwo,31037,328,0.03702613338828087,0.7804878048780488,0.06160389212874956,0.6890243902439024,0.7804878048780488,0.06160389212874956,328,D-post-hoc-diagnostic
call-graph,330,fedavg__family-absent-everywhere,anzhi,leadbolt,1748,477,3.3395183086395264,0.14255765199161424,0.05320366132723112,0.1278825995807128,0.14255765199161424,0.05320366132723112,477,D-post-hoc-diagnostic
call-graph,330,fedavg__family-absent-everywhere,appchina,revmob,2118,520,3.947509527206421,0.18653846153846154,0.03871576959395656,0.20192307692307693,0.18653846153846154,0.03871576959395656,520,D-post-hoc-diagnostic
call-graph,330,fedavg__family-absent-everywhere,anzhi,hiddad,1748,274,3.3395183086395264,0.19708029197080293,0.05320366132723112,0.19343065693430658,0.19708029197080293,0.05320366132723112,274,D-post-hoc-diagnostic
call-graph,331,central__full-exposure,play-early,dowgin,30926,3444,1.789589762687683,0.9157955865272939,0.042876544008277825,0.9279907084785134,0.9157955865272939,0.042876544008277825,3444,D-post-hoc-diagnostic
call-graph,331,central__full-exposure,play-late,airpush,44704,1229,-4.102288722991943,0.9528071602929211,0.048854688618468145,0.9528071602929211,0.9528071602929211,0.048854688618468145,1229,D-post-hoc-diagnostic
call-graph,331,central__full-exposure,anzhi,gappusin,3232,485,6.850086212158203,0.622680412371134,0.021658415841584157,0.8,0.622680412371134,0.021658415841584157,485,D-post-hoc-diagnostic
call-graph,331,central__full-exposure,anzhi,adwo,3232,314,6.850086212158203,0.4840764331210191,0.021658415841584157,0.678343949044586,0.4840764331210191,0.021658415841584157,314,D-post-hoc-diagnostic
call-graph,331,central__full-exposure,play-early,leadbolt,30926,528,1.789589762687683,0.9659090909090909,0.042876544008277825,0.9678030303030303,0.9659090909090909,0.042876544008277825,528,D-post-hoc-diagnostic
call-graph,331,central__full-exposure,appchina,revmob,2046,525,6.512080669403076,0.32,0.04985337243401759,0.32,0.32,0.04985337243401759,525,D-post-hoc-diagnostic
call-graph,331,central__full-exposure,anzhi,hiddad,3232,476,6.850086212158203,0.4495798319327731,0.021658415841584157,0.4495798319327731,0.4495798319327731,0.021658415841584157,476,D-post-hoc-diagnostic
call-graph,331,fedavg__peer-present,play-early,dowgin,30926,3444,0.5791888236999512,0.8159117305458768,0.05357951238440147,0.8092334494773519,0.8159117305458768,0.05357951238440147,3444,D-post-hoc-diagnostic
call-graph,331,fedavg__peer-present,play-late,airpush,44704,1229,-0.5832930207252502,0.8356387306753458,0.04520848246241947,0.8380797396257119,0.8356387306753458,0.04520848246241947,1229,D-post-hoc-diagnostic
call-graph,331,fedavg__peer-present,anzhi,gappusin,3232,485,3.521444082260132,0.6659793814432989,0.027537128712871287,0.7752577319587629,0.6659793814432989,0.027537128712871287,485,D-post-hoc-diagnostic
call-graph,331,fedavg__peer-present,anzhi,adwo,3232,314,3.521444082260132,0.6496815286624203,0.027537128712871287,0.7866242038216561,0.6496815286624203,0.027537128712871287,314,D-post-hoc-diagnostic
call-graph,331,fedavg__peer-present,play-early,leadbolt,30926,528,0.5791888236999512,0.8806818181818182,0.05357951238440147,0.8806818181818182,0.8806818181818182,0.05357951238440147,528,D-post-hoc-diagnostic
call-graph,331,fedavg__peer-present,appchina,revmob,2046,525,3.1603341102600098,0.8076190476190476,0.05474095796676442,0.8057142857142857,0.8076190476190476,0.05474095796676442,525,D-post-hoc-diagnostic
call-graph,331,fedavg__peer-present,anzhi,hiddad,3232,476,3.521444082260132,0.4789915966386555,0.027537128712871287,0.49159663865546216,0.4789915966386555,0.027537128712871287,476,D-post-hoc-diagnostic
call-graph,331,fedavg__family-absent-everywhere,play-early,dowgin,30926,3444,-0.07095464318990707,0.7894889663182346,0.0486322188449848,0.794425087108014,0.7894889663182346,0.0486322188449848,3444,D-post-hoc-diagnostic
call-graph,331,fedavg__family-absent-everywhere,play-late,airpush,44704,1229,-1.460541009902954,0.4532139951179821,0.04438081603435934,0.47111472742066723,0.4532139951179821,0.04438081603435934,1229,D-post-hoc-diagnostic
call-graph,331,fedavg__family-absent-everywhere,anzhi,gappusin,3232,485,2.4596810340881348,0.35051546391752575,0.0327970297029703,0.44948453608247424,0.35051546391752575,0.0327970297029703,485,D-post-hoc-diagnostic
call-graph,331,fedavg__family-absent-everywhere,anzhi,adwo,3232,314,2.4596810340881348,0.37579617834394907,0.0327970297029703,0.4745222929936306,0.37579617834394907,0.0327970297029703,314,D-post-hoc-diagnostic
call-graph,331,fedavg__family-absent-everywhere,play-early,leadbolt,30926,528,-0.07095464318990707,0.4375,0.0486322188449848,0.4412878787878788,0.4375,0.0486322188449848,528,D-post-hoc-diagnostic
call-graph,331,fedavg__family-absent-everywhere,appchina,revmob,2046,525,2.4992780685424805,0.25523809523809526,0.056207233626588464,0.25142857142857145,0.25523809523809526,0.056207233626588464,525,D-post-hoc-diagnostic
call-graph,331,fedavg__family-absent-everywhere,anzhi,hiddad,3232,476,2.4596810340881348,0.09873949579831932,0.0327970297029703,0.11764705882352941,0.09873949579831932,0.0327970297029703,476,D-post-hoc-diagnostic
call-graph,332,central__full-exposure,anzhi,dowgin,2059,2771,7.432138919830322,0.7134608444604836,0.07770762506070908,0.6387585709130278,0.7134608444604836,0.07770762506070908,2771,D-post-hoc-diagnostic
call-graph,332,central__full-exposure,anzhi,airpush,2059,1663,7.432138919830322,0.8406494287432351,0.07770762506070908,0.7474443776307877,0.8406494287432351,0.07770762506070908,1663,D-post-hoc-diagnostic
call-graph,332,central__full-exposure,anzhi,gappusin,2059,601,7.432138919830322,0.5424292845257903,0.07770762506070908,0.4475873544093178,0.5424292845257903,0.07770762506070908,601,D-post-hoc-diagnostic
call-graph,332,central__full-exposure,appchina,adwo,2028,310,9.847567558288574,0.5193548387096775,0.03550295857988166,0.6096774193548387,0.5193548387096775,0.03550295857988166,310,D-post-hoc-diagnostic
call-graph,332,central__full-exposure,play-early,leadbolt,32805,717,1.0266330242156982,0.8688981868898187,0.05273586343545191,0.8633193863319386,0.8688981868898187,0.05273586343545191,717,D-post-hoc-diagnostic
call-graph,332,central__full-exposure,appchina,revmob,2028,448,9.847567558288574,0.390625,0.03550295857988166,0.4486607142857143,0.390625,0.03550295857988166,448,D-post-hoc-diagnostic
call-graph,332,central__full-exposure,play-late,hiddad,43512,518,-3.1450865268707275,0.33204633204633205,0.049940246368817796,0.33204633204633205,0.33204633204633205,0.049940246368817796,518,D-post-hoc-diagnostic
call-graph,332,fedavg__peer-present,anzhi,dowgin,2059,2771,1.7019156217575073,0.6290147961024901,0.09810587663914522,0.5348249729339588,0.6290147961024901,0.09810587663914522,2771,D-post-hoc-diagnostic
call-graph,332,fedavg__peer-present,anzhi,airpush,2059,1663,1.7019156217575073,0.936259771497294,0.09810587663914522,0.8803367408298256,0.936259771497294,0.09810587663914522,1663,D-post-hoc-diagnostic
call-graph,332,fedavg__peer-present,anzhi,gappusin,2059,601,1.7019156217575073,0.7986688851913477,0.09810587663914522,0.5074875207986689,0.7986688851913477,0.09810587663914522,601,D-post-hoc-diagnostic
call-graph,332,fedavg__peer-present,appchina,adwo,2028,310,3.586292028427124,0.603225806451613,0.04437869822485207,0.6387096774193548,0.603225806451613,0.04437869822485207,310,D-post-hoc-diagnostic
call-graph,332,fedavg__peer-present,play-early,leadbolt,32805,717,0.05845718830823898,0.793584379358438,0.05267489711934156,0.7866108786610879,0.793584379358438,0.05267489711934156,717,D-post-hoc-diagnostic
call-graph,332,fedavg__peer-present,appchina,revmob,2028,448,3.586292028427124,0.5446428571428571,0.04437869822485207,0.5535714285714286,0.5446428571428571,0.04437869822485207,448,D-post-hoc-diagnostic
call-graph,332,fedavg__peer-present,play-late,hiddad,43512,518,-1.1910645961761475,0.29922779922779924,0.05007813936385365,0.29922779922779924,0.29922779922779924,0.05007813936385365,518,D-post-hoc-diagnostic
call-graph,332,fedavg__family-absent-everywhere,anzhi,dowgin,2059,2771,1.9512228965759277,0.5734391916275713,0.07139388052452647,0.5128112594731143,0.5734391916275713,0.07139388052452647,2771,D-post-hoc-diagnostic
call-graph,332,fedavg__family-absent-everywhere,anzhi,airpush,2059,1663,1.9512228965759277,0.12627781118460613,0.07139388052452647,0.10162357185808779,0.12627781118460613,0.07139388052452647,1663,D-post-hoc-diagnostic
call-graph,332,fedavg__family-absent-everywhere,anzhi,gappusin,2059,601,1.9512228965759277,0.4176372712146423,0.07139388052452647,0.35108153078202997,0.4176372712146423,0.07139388052452647,601,D-post-hoc-diagnostic
call-graph,332,fedavg__family-absent-everywhere,appchina,adwo,2028,310,3.030514717102051,0.5290322580645161,0.045364891518737675,0.5483870967741935,0.5290322580645161,0.045364891518737675,310,D-post-hoc-diagnostic
call-graph,332,fedavg__family-absent-everywhere,play-early,leadbolt,32805,717,-0.5641648173332214,0.4421199442119944,0.051181222374638013,0.4407252440725244,0.4421199442119944,0.051181222374638013,717,D-post-hoc-diagnostic
call-graph,332,fedavg__family-absent-everywhere,appchina,revmob,2028,448,3.030514717102051,0.21651785714285715,0.045364891518737675,0.22098214285714285,0.21651785714285715,0.045364891518737675,448,D-post-hoc-diagnostic
call-graph,332,fedavg__family-absent-everywhere,play-late,hiddad,43512,518,-1.8923463821411133,0.28957528957528955,0.050284978856407425,0.28957528957528955,0.28957528957528955,0.050284978856407425,518,D-post-hoc-diagnostic
call-graph,333,central__full-exposure,play-early,dowgin,31353,2858,0.886225163936615,0.9324702589223233,0.05166969667974357,0.9293212036389084,0.9324702589223233,0.05166969667974357,2858,D-post-hoc-diagnostic
call-graph,333,central__full-exposure,appchina,airpush,2075,1075,6.124966144561768,0.7869767441860465,0.052048192771084335,0.7813953488372093,0.7869767441860465,0.052048192771084335,1075,D-post-hoc-diagnostic
call-graph,333,central__full-exposure,play-early,gappusin,31353,546,0.886225163936615,0.9377289377289377,0.05166969667974357,0.9322344322344323,0.9377289377289377,0.05166969667974357,546,D-post-hoc-diagnostic
call-graph,333,central__full-exposure,appchina,adwo,2075,337,6.124966144561768,0.4540059347181009,0.052048192771084335,0.45103857566765576,0.4540059347181009,0.052048192771084335,337,D-post-hoc-diagnostic
call-graph,333,central__full-exposure,play-early,leadbolt,31353,641,0.886225163936615,0.8112324492979719,0.05166969667974357,0.8112324492979719,0.8112324492979719,0.05166969667974357,641,D-post-hoc-diagnostic
call-graph,333,central__full-exposure,appchina,revmob,2075,412,6.124966144561768,0.28398058252427183,0.052048192771084335,0.2815533980582524,0.28398058252427183,0.052048192771084335,412,D-post-hoc-diagnostic
call-graph,333,central__full-exposure,appchina,hiddad,2075,228,6.124966144561768,0.2412280701754386,0.052048192771084335,0.23684210526315788,0.2412280701754386,0.052048192771084335,228,D-post-hoc-diagnostic
call-graph,333,fedavg__peer-present,play-early,dowgin,31353,2858,0.7425752282142639,0.8212036389083275,0.05300928140847766,0.8131560531840448,0.8212036389083275,0.05300928140847766,2858,D-post-hoc-diagnostic
call-graph,333,fedavg__peer-present,appchina,airpush,2075,1075,2.387791633605957,0.8725581395348837,0.055903614457831326,0.8493023255813954,0.8725581395348837,0.055903614457831326,1075,D-post-hoc-diagnostic
call-graph,333,fedavg__peer-present,play-early,gappusin,31353,546,0.7425752282142639,0.8754578754578755,0.05300928140847766,0.8632841117216118,0.8754578754578755,0.05300928140847766,546,D-post-hoc-diagnostic
call-graph,333,fedavg__peer-present,appchina,adwo,2075,337,2.387791633605957,0.45103857566765576,0.055903614457831326,0.42433234421364985,0.45103857566765576,0.055903614457831326,337,D-post-hoc-diagnostic
call-graph,333,fedavg__peer-present,play-early,leadbolt,31353,641,0.7425752282142639,0.7550702028081123,0.05300928140847766,0.7519500780031201,0.7550702028081123,0.05300928140847766,641,D-post-hoc-diagnostic
call-graph,333,fedavg__peer-present,appchina,revmob,2075,412,2.387791633605957,0.662621359223301,0.055903614457831326,0.616504854368932,0.662621359223301,0.055903614457831326,412,D-post-hoc-diagnostic
call-graph,333,fedavg__peer-present,appchina,hiddad,2075,228,2.387791633605957,0.2850877192982456,0.055903614457831326,0.2675438596491228,0.2850877192982456,0.055903614457831326,228,D-post-hoc-diagnostic
call-graph,333,fedavg__family-absent-everywhere,play-early,dowgin,31353,2858,-0.17903752624988556,0.7666200139958013,0.04787420661499697,0.7711686494051785,0.7666200139958013,0.04787420661499697,2858,D-post-hoc-diagnostic
call-graph,333,fedavg__family-absent-everywhere,appchina,airpush,2075,1075,1.7871357202529907,0.20651162790697675,0.05831325301204819,0.18604651162790697,0.20651162790697675,0.05831325301204819,1075,D-post-hoc-diagnostic
call-graph,333,fedavg__family-absent-everywhere,play-early,gappusin,31353,546,-0.17903752624988556,0.7380952380952381,0.04787420661499697,0.7527472527472527,0.7380952380952381,0.04787420661499697,546,D-post-hoc-diagnostic
call-graph,333,fedavg__family-absent-everywhere,appchina,adwo,2075,337,1.7871357202529907,0.3649851632047478,0.05831325301204819,0.3353115727002967,0.3649851632047478,0.05831325301204819,337,D-post-hoc-diagnostic
call-graph,333,fedavg__family-absent-everywhere,play-early,leadbolt,31353,641,-0.17903752624988556,0.42121684867394693,0.04787420661499697,0.42745709828393136,0.42121684867394693,0.04787420661499697,641,D-post-hoc-diagnostic
call-graph,333,fedavg__family-absent-everywhere,appchina,revmob,2075,412,1.7871357202529907,0.10679611650485436,0.05831325301204819,0.07281553398058252,0.10679611650485436,0.05831325301204819,412,D-post-hoc-diagnostic
call-graph,333,fedavg__family-absent-everywhere,appchina,hiddad,2075,228,1.7871357202529907,0.20175438596491227,0.05831325301204819,0.20175438596491227,0.20175438596491227,0.05831325301204819,228,D-post-hoc-diagnostic
call-graph,334,central__full-exposure,appchina,dowgin,1969,3373,7.297706604003906,0.5223836347465165,0.0563737938039614,0.5037058997924696,0.5223836347465165,0.0563737938039614,3373,D-post-hoc-diagnostic
call-graph,334,central__full-exposure,appchina,airpush,1969,1439,7.297706604003906,0.8241834607366226,0.0563737938039614,0.8040305767894371,0.8241834607366226,0.0563737938039614,1439,D-post-hoc-diagnostic
call-graph,334,central__full-exposure,play-early,gappusin,31762,536,0.44329383969306946,0.9496268656716418,0.05024872489137964,0.9496268656716418,0.9496268656716418,0.05024872489137964,536,D-post-hoc-diagnostic
call-graph,334,central__full-exposure,appchina,adwo,1969,358,7.297706604003906,0.4106145251396648,0.0563737938039614,0.37988826815642457,0.4106145251396648,0.0563737938039614,358,D-post-hoc-diagnostic
call-graph,334,central__full-exposure,appchina,leadbolt,1969,493,7.297706604003906,0.8417849898580122,0.0563737938039614,0.8154158215010142,0.8417849898580122,0.0563737938039614,493,D-post-hoc-diagnostic
call-graph,334,central__full-exposure,play-late,revmob,43601,378,-2.589862585067749,0.9417989417989417,0.04878328478704617,0.9470899470899471,0.9417989417989417,0.04878328478704617,378,D-post-hoc-diagnostic
call-graph,334,central__full-exposure,play-early,hiddad,31762,278,0.44329383969306946,0.5179856115107914,0.05024872489137964,0.5179856115107914,0.5179856115107914,0.05024872489137964,278,D-post-hoc-diagnostic
call-graph,334,fedavg__peer-present,appchina,dowgin,1969,3373,3.3172738552093506,0.6193299733175215,0.06348400203148806,0.5388230062259117,0.6193299733175215,0.06348400203148806,3373,D-post-hoc-diagnostic
call-graph,334,fedavg__peer-present,appchina,airpush,1969,1439,3.3172738552093506,0.8589298123697012,0.06348400203148806,0.6608756080611535,0.8589298123697012,0.06348400203148806,1439,D-post-hoc-diagnostic
call-graph,334,fedavg__peer-present,play-early,gappusin,31762,536,0.49466389417648315,0.8899253731343284,0.04385743970782696,0.9197761194029851,0.8899253731343284,0.04385743970782696,536,D-post-hoc-diagnostic
call-graph,334,fedavg__peer-present,appchina,adwo,1969,358,3.3172738552093506,0.4441340782122905,0.06348400203148806,0.36033519553072624,0.4441340782122905,0.06348400203148806,358,D-post-hoc-diagnostic
call-graph,334,fedavg__peer-present,appchina,leadbolt,1969,493,3.3172738552093506,0.8600405679513184,0.06348400203148806,0.821501014198783,0.8600405679513184,0.06348400203148806,493,D-post-hoc-diagnostic
call-graph,334,fedavg__peer-present,play-late,revmob,43601,378,-0.8497098088264465,0.9074074074074074,0.04697139973853811,0.91005291005291,0.9074074074074074,0.04697139973853811,378,D-post-hoc-diagnostic
call-graph,334,fedavg__peer-present,play-early,hiddad,31762,278,0.49466389417648315,0.49640287769784175,0.04385743970782696,0.5467625899280576,0.49640287769784175,0.04385743970782696,278,D-post-hoc-diagnostic
call-graph,334,fedavg__family-absent-everywhere,appchina,dowgin,1969,3373,3.217273712158203,0.45656685443225614,0.05434230573895378,0.44678327898013637,0.45656685443225614,0.05434230573895378,3373,D-post-hoc-diagnostic
call-graph,334,fedavg__family-absent-everywhere,appchina,airpush,1969,1439,3.217273712158203,0.13273106323835998,0.05434230573895378,0.12647671994440585,0.13273106323835998,0.05434230573895378,1439,D-post-hoc-diagnostic
call-graph,334,fedavg__family-absent-everywhere,play-early,gappusin,31762,536,0.42524945735931396,0.7686567164179104,0.04568352118884201,0.7798507462686567,0.7686567164179104,0.04568352118884201,536,D-post-hoc-diagnostic
call-graph,334,fedavg__family-absent-everywhere,appchina,adwo,1969,358,3.217273712158203,0.29329608938547486,0.05434230573895378,0.29329608938547486,0.29329608938547486,0.05434230573895378,358,D-post-hoc-diagnostic
call-graph,334,fedavg__family-absent-everywhere,appchina,leadbolt,1969,493,3.217273712158203,0.26774847870182555,0.05434230573895378,0.25557809330628806,0.26774847870182555,0.05434230573895378,493,D-post-hoc-diagnostic
call-graph,334,fedavg__family-absent-everywhere,play-late,revmob,43601,378,-1.011610984802246,0.31216931216931215,0.04889796105593908,0.31216931216931215,0.31216931216931215,0.04889796105593908,378,D-post-hoc-diagnostic
call-graph,334,fedavg__family-absent-everywhere,play-early,hiddad,31762,278,0.42524945735931396,0.4064748201438849,0.04568352118884201,0.420863309352518,0.4064748201438849,0.04568352118884201,278,D-post-hoc-diagnostic
call-graph,335,central__full-exposure,appchina,dowgin,2170,3208,6.451908111572266,0.6228179551122195,0.0456221198156682,0.6334164588528678,0.6228179551122195,0.0456221198156682,3208,D-post-hoc-diagnostic
call-graph,335,central__full-exposure,appchina,airpush,2170,1778,6.451908111572266,0.65748031496063,0.0456221198156682,0.6681664791901012,0.65748031496063,0.0456221198156682,1778,D-post-hoc-diagnostic
call-graph,335,central__full-exposure,anzhi,gappusin,1697,583,5.862941741943359,0.5334476843910806,0.060106069534472596,0.4734133790737564,0.5334476843910806,0.060106069534472596,583,D-post-hoc-diagnostic
call-graph,335,central__full-exposure,appchina,adwo,2170,387,6.451908111572266,0.42118863049095606,0.0456221198156682,0.4444444444444444,0.42118863049095606,0.0456221198156682,387,D-post-hoc-diagnostic
call-graph,335,central__full-exposure,anzhi,leadbolt,1697,575,5.862941741943359,0.7669565217391304,0.060106069534472596,0.7321739130434782,0.7669565217391304,0.060106069534472596,575,D-post-hoc-diagnostic
call-graph,335,central__full-exposure,appchina,revmob,2170,506,6.451908111572266,0.1976284584980237,0.0456221198156682,0.19960474308300397,0.1976284584980237,0.0456221198156682,506,D-post-hoc-diagnostic
call-graph,335,central__full-exposure,play-late,hiddad,44322,270,-3.1234519481658936,0.5333333333333333,0.04320653400117323,0.5370370370370371,0.5333333333333333,0.04320653400117323,270,D-post-hoc-diagnostic
call-graph,335,fedavg__peer-present,appchina,dowgin,2170,3208,3.5666072368621826,0.59071072319202,0.04976958525345622,0.59071072319202,0.59071072319202,0.04976958525345622,3208,D-post-hoc-diagnostic
call-graph,335,fedavg__peer-present,appchina,airpush,2170,1778,3.5666072368621826,0.7266591676040495,0.04976958525345622,0.7277840269966255,0.7266591676040495,0.04976958525345622,1778,D-post-hoc-diagnostic
call-graph,335,fedavg__peer-present,anzhi,gappusin,1697,583,3.613264322280884,0.6415094339622641,0.06246317030053035,0.5145797598627787,0.6415094339622641,0.06246317030053035,583,D-post-hoc-diagnostic
call-graph,335,fedavg__peer-present,appchina,adwo,2170,387,3.5666072368621826,0.4392764857881137,0.04976958525345622,0.4392764857881137,0.4392764857881137,0.04976958525345622,387,D-post-hoc-diagnostic
call-graph,335,fedavg__peer-present,anzhi,leadbolt,1697,575,3.613264322280884,0.8573913043478261,0.06246317030053035,0.7513043478260869,0.8573913043478261,0.06246317030053035,575,D-post-hoc-diagnostic
call-graph,335,fedavg__peer-present,appchina,revmob,2170,506,3.5666072368621826,0.4189723320158103,0.04976958525345622,0.4209486166007905,0.4189723320158103,0.04976958525345622,506,D-post-hoc-diagnostic
call-graph,335,fedavg__peer-present,play-late,hiddad,44322,270,-0.8889433741569519,0.3814814814814815,0.03923559406163982,0.4111111111111111,0.3814814814814815,0.03923559406163982,270,D-post-hoc-diagnostic
call-graph,335,fedavg__family-absent-everywhere,appchina,dowgin,2170,3208,2.845963716506958,0.46851620947630923,0.0423963133640553,0.4834788029925187,0.46851620947630923,0.0423963133640553,3208,D-post-hoc-diagnostic
call-graph,335,fedavg__family-absent-everywhere,appchina,airpush,2170,1778,2.845963716506958,0.11304836895388076,0.0423963133640553,0.12429696287964004,0.11304836895388076,0.0423963133640553,1778,D-post-hoc-diagnostic
call-graph,335,fedavg__family-absent-everywhere,anzhi,gappusin,1697,583,2.6756649017333984,0.30017152658662094,0.06069534472598703,0.25728987993138935,0.30017152658662094,0.06069534472598703,583,D-post-hoc-diagnostic
call-graph,335,fedavg__family-absent-everywhere,appchina,adwo,2170,387,2.845963716506958,0.32558139534883723,0.0423963133640553,0.3462532299741602,0.32558139534883723,0.0423963133640553,387,D-post-hoc-diagnostic
call-graph,335,fedavg__family-absent-everywhere,anzhi,leadbolt,1697,575,2.6756649017333984,0.09739130434782609,0.06069534472598703,0.06260869565217392,0.09739130434782609,0.06069534472598703,575,D-post-hoc-diagnostic
call-graph,335,fedavg__family-absent-everywhere,appchina,revmob,2170,506,2.845963716506958,0.13438735177865613,0.0423963133640553,0.1600790513833992,0.13438735177865613,0.0423963133640553,506,D-post-hoc-diagnostic
call-graph,335,fedavg__family-absent-everywhere,play-late,hiddad,44322,270,-1.7209887504577637,0.35555555555555557,0.04124362619015388,0.3851851851851852,0.35555555555555557,0.04124362619015388,270,D-post-hoc-diagnostic
call-graph,336,central__full-exposure,play-early,dowgin,32363,3045,0.750336229801178,0.9435139573070608,0.04811049655470754,0.9454844006568145,0.9435139573070608,0.04811049655470754,3045,D-post-hoc-diagnostic
call-graph,336,central__full-exposure,anzhi,airpush,1903,1309,6.413735389709473,0.7891520244461421,0.06673673147661587,0.7563025210084033,0.7891520244461421,0.06673673147661587,1309,D-post-hoc-diagnostic
call-graph,336,central__full-exposure,play-early,gappusin,32363,513,0.750336229801178,0.9649122807017544,0.04811049655470754,0.9707602339181286,0.9649122807017544,0.04811049655470754,513,D-post-hoc-diagnostic
call-graph,336,central__full-exposure,anzhi,adwo,1903,256,6.413735389709473,0.50390625,0.06673673147661587,0.4453125,0.50390625,0.06673673147661587,256,D-post-hoc-diagnostic
call-graph,336,central__full-exposure,anzhi,leadbolt,1903,586,6.413735389709473,0.7696245733788396,0.06673673147661587,0.7133105802047781,0.7696245733788396,0.06673673147661587,586,D-post-hoc-diagnostic
call-graph,336,central__full-exposure,appchina,revmob,1969,464,7.749576568603516,0.3620689655172414,0.04977145759268664,0.36637931034482757,0.3620689655172414,0.04977145759268664,464,D-post-hoc-diagnostic
call-graph,336,central__full-exposure,play-early,hiddad,32363,268,0.750336229801178,0.4626865671641791,0.04811049655470754,0.4664179104477612,0.4626865671641791,0.04811049655470754,268,D-post-hoc-diagnostic
call-graph,336,fedavg__peer-present,play-early,dowgin,32363,3045,0.30722951889038086,0.8683087027914614,0.042146896146834346,0.8860426929392446,0.8683087027914614,0.042146896146834346,3045,D-post-hoc-diagnostic
call-graph,336,fedavg__peer-present,anzhi,airpush,1903,1309,2.4297986030578613,0.8731856378915203,0.06621124540199684,0.8586707410236822,0.8731856378915203,0.06621124540199684,1309,D-post-hoc-diagnostic
call-graph,336,fedavg__peer-present,play-early,gappusin,32363,513,0.30722951889038086,0.9103313840155945,0.042146896146834346,0.9278752436647173,0.9103313840155945,0.042146896146834346,513,D-post-hoc-diagnostic
call-graph,336,fedavg__peer-present,anzhi,adwo,1903,256,2.4297986030578613,0.71484375,0.06621124540199684,0.6640625,0.71484375,0.06621124540199684,256,D-post-hoc-diagnostic
call-graph,336,fedavg__peer-present,anzhi,leadbolt,1903,586,2.4297986030578613,0.8447098976109215,0.06621124540199684,0.825938566552901,0.8447098976109215,0.06621124540199684,586,D-post-hoc-diagnostic
call-graph,336,fedavg__peer-present,appchina,revmob,1969,464,3.17864990234375,0.7004310344827587,0.04418486541391569,0.7004310344827587,0.7004310344827587,0.04418486541391569,464,D-post-hoc-diagnostic
call-graph,336,fedavg__peer-present,play-early,hiddad,32363,268,0.30722951889038086,0.48880597014925375,0.042146896146834346,0.5,0.48880597014925375,0.042146896146834346,268,D-post-hoc-diagnostic
call-graph,336,fedavg__family-absent-everywhere,play-early,dowgin,32363,3045,0.10256864130496979,0.6827586206896552,0.04350647344189352,0.7047619047619048,0.6827586206896552,0.04350647344189352,3045,D-post-hoc-diagnostic
call-graph,336,fedavg__family-absent-everywhere,anzhi,airpush,1903,1309,2.0514163970947266,0.19633307868601987,0.07724645296899632,0.16119174942704353,0.19633307868601987,0.07724645296899632,1309,D-post-hoc-diagnostic
call-graph,336,fedavg__family-absent-everywhere,play-early,gappusin,32363,513,0.10256864130496979,0.7992202729044834,0.04350647344189352,0.8362573099415205,0.7992202729044834,0.04350647344189352,513,D-post-hoc-diagnostic
call-graph,336,fedavg__family-absent-everywhere,anzhi,adwo,1903,256,2.0514163970947266,0.46484375,0.07724645296899632,0.421875,0.46484375,0.07724645296899632,256,D-post-hoc-diagnostic
call-graph,336,fedavg__family-absent-everywhere,anzhi,leadbolt,1903,586,2.0514163970947266,0.2696245733788396,0.07724645296899632,0.22866894197952217,0.2696245733788396,0.07724645296899632,586,D-post-hoc-diagnostic
call-graph,336,fedavg__family-absent-everywhere,appchina,revmob,1969,464,2.8935046195983887,0.05387931034482758,0.0457084814626714,0.0625,0.05387931034482758,0.0457084814626714,464,D-post-hoc-diagnostic
call-graph,336,fedavg__family-absent-everywhere,play-early,hiddad,32363,268,0.10256864130496979,0.29850746268656714,0.04350647344189352,0.31716417910447764,0.29850746268656714,0.04350647344189352,268,D-post-hoc-diagnostic
call-graph,337,central__full-exposure,appchina,dowgin,2001,2681,6.884781360626221,0.6199179410667661,0.05147426286856572,0.6143230138008205,0.6199179410667661,0.05147426286856572,2681,D-post-hoc-diagnostic
call-graph,337,central__full-exposure,play-early,airpush,29706,1251,0.15081548690795898,0.9592326139088729,0.044469130815323506,0.9600319744204636,0.9592326139088729,0.044469130815323506,1251,D-post-hoc-diagnostic
call-graph,337,central__full-exposure,play-early,gappusin,29706,529,0.15081548690795898,0.943289224952741,0.044469130815323506,0.943289224952741,0.943289224952741,0.044469130815323506,529,D-post-hoc-diagnostic
call-graph,337,central__full-exposure,anzhi,adwo,3412,262,6.556752681732178,0.5419847328244275,0.032825322391559206,0.6679389312977099,0.5419847328244275,0.032825322391559206,262,D-post-hoc-diagnostic
call-graph,337,central__full-exposure,appchina,leadbolt,2001,465,6.884781360626221,0.7612903225806451,0.05147426286856572,0.7548387096774194,0.7612903225806451,0.05147426286856572,465,D-post-hoc-diagnostic
call-graph,337,central__full-exposure,appchina,revmob,2001,470,6.884781360626221,0.251063829787234,0.05147426286856572,0.24680851063829787,0.251063829787234,0.05147426286856572,470,D-post-hoc-diagnostic
call-graph,337,central__full-exposure,play-early,hiddad,29706,201,0.15081548690795898,0.29850746268656714,0.044469130815323506,0.31343283582089554,0.29850746268656714,0.044469130815323506,201,D-post-hoc-diagnostic
call-graph,337,fedavg__peer-present,appchina,dowgin,2001,2681,3.606208086013794,0.6743752331219695,0.054972513743128434,0.6646773591943305,0.6743752331219695,0.054972513743128434,2681,D-post-hoc-diagnostic
call-graph,337,fedavg__peer-present,play-early,airpush,29706,1251,1.130264163017273,0.7545963229416467,0.045445364572813576,0.7617905675459632,0.7545963229416467,0.045445364572813576,1251,D-post-hoc-diagnostic
call-graph,337,fedavg__peer-present,play-early,gappusin,29706,529,1.130264163017273,0.8846880907372401,0.045445364572813576,0.9054820415879017,0.8846880907372401,0.045445364572813576,529,D-post-hoc-diagnostic
call-graph,337,fedavg__peer-present,anzhi,adwo,3412,262,3.5139477252960205,0.5877862595419847,0.0369284876905041,0.6564885496183206,0.5877862595419847,0.0369284876905041,262,D-post-hoc-diagnostic
call-graph,337,fedavg__peer-present,appchina,leadbolt,2001,465,3.606208086013794,0.8881720430107527,0.054972513743128434,0.8774193548387097,0.8881720430107527,0.054972513743128434,465,D-post-hoc-diagnostic
call-graph,337,fedavg__peer-present,appchina,revmob,2001,470,3.606208086013794,0.502127659574468,0.054972513743128434,0.4787234042553192,0.502127659574468,0.054972513743128434,470,D-post-hoc-diagnostic
call-graph,337,fedavg__peer-present,play-early,hiddad,29706,201,1.130264163017273,0.31343283582089554,0.045445364572813576,0.32338308457711445,0.31343283582089554,0.045445364572813576,201,D-post-hoc-diagnostic
call-graph,337,fedavg__family-absent-everywhere,appchina,dowgin,2001,2681,2.2392101287841797,0.47892577396493846,0.05997001499250375,0.4565460649011563,0.47892577396493846,0.05997001499250375,2681,D-post-hoc-diagnostic
call-graph,337,fedavg__family-absent-everywhere,play-early,airpush,29706,1251,0.46824079751968384,0.4052757793764988,0.03948697232882246,0.434052757793765,0.4052757793764988,0.03948697232882246,1251,D-post-hoc-diagnostic
call-graph,337,fedavg__family-absent-everywhere,play-early,gappusin,29706,529,0.46824079751968384,0.7958412098298677,0.03948697232882246,0.8279773156899811,0.7958412098298677,0.03948697232882246,529,D-post-hoc-diagnostic
call-graph,337,fedavg__family-absent-everywhere,anzhi,adwo,3412,262,2.7028329372406006,0.41603053435114506,0.03048065650644783,0.5763358778625954,0.41603053435114506,0.03048065650644783,262,D-post-hoc-diagnostic
call-graph,337,fedavg__family-absent-everywhere,appchina,leadbolt,2001,465,2.2392101287841797,0.4774193548387097,0.05997001499250375,0.4236559139784946,0.4774193548387097,0.05997001499250375,465,D-post-hoc-diagnostic
call-graph,337,fedavg__family-absent-everywhere,appchina,revmob,2001,470,2.2392101287841797,0.09574468085106383,0.05997001499250375,0.0851063829787234,0.09574468085106383,0.05997001499250375,470,D-post-hoc-diagnostic
call-graph,337,fedavg__family-absent-everywhere,play-early,hiddad,29706,201,0.46824079751968384,0.20398009950248755,0.03948697232882246,0.23383084577114427,0.20398009950248755,0.03948697232882246,201,D-post-hoc-diagnostic
call-graph,338,central__full-exposure,play-early,dowgin,30917,2670,0.3185276985168457,0.9052434456928838,0.05598861467800886,0.897003745318352,0.9052434456928838,0.05598861467800886,2670,D-post-hoc-diagnostic
call-graph,338,central__full-exposure,anzhi,airpush,1687,1349,6.753044128417969,0.7501853224610823,0.06401896858328393,0.7227575982209044,0.7501853224610823,0.06401896858328393,1349,D-post-hoc-diagnostic
call-graph,338,central__full-exposure,play-early,gappusin,30917,439,0.3185276985168457,0.9066059225512528,0.05598861467800886,0.9020501138952164,0.9066059225512528,0.05598861467800886,439,D-post-hoc-diagnostic
call-graph,338,central__full-exposure,anzhi,adwo,1687,305,6.753044128417969,0.5311475409836065,0.06401896858328393,0.43934426229508194,0.5311475409836065,0.06401896858328393,305,D-post-hoc-diagnostic
call-graph,338,central__full-exposure,play-early,leadbolt,30917,568,0.3185276985168457,0.9348591549295775,0.05598861467800886,0.9225352112676056,0.9348591549295775,0.05598861467800886,568,D-post-hoc-diagnostic
call-graph,338,central__full-exposure,appchina,revmob,1978,449,6.12417459487915,0.5434298440979956,0.06420626895854398,0.5100222717149221,0.5434298440979956,0.06420626895854398,449,D-post-hoc-diagnostic
call-graph,338,central__full-exposure,appchina,hiddad,1978,293,6.12417459487915,0.19112627986348124,0.06420626895854398,0.18088737201365188,0.19112627986348124,0.06420626895854398,293,D-post-hoc-diagnostic
call-graph,338,fedavg__peer-present,play-early,dowgin,30917,2670,0.2858714759349823,0.8295880149812734,0.052010220914060226,0.8247191011235955,0.8295880149812734,0.052010220914060226,2670,D-post-hoc-diagnostic
call-graph,338,fedavg__peer-present,anzhi,airpush,1687,1349,3.681755781173706,0.815418828762046,0.05275637225844695,0.8117123795404003,0.815418828762046,0.05275637225844695,1349,D-post-hoc-diagnostic
call-graph,338,fedavg__peer-present,play-early,gappusin,30917,439,0.2858714759349823,0.9157175398633257,0.052010220914060226,0.908883826879271,0.9157175398633257,0.052010220914060226,439,D-post-hoc-diagnostic
call-graph,338,fedavg__peer-present,anzhi,adwo,1687,305,3.681755781173706,0.5672131147540984,0.05275637225844695,0.521311475409836,0.5672131147540984,0.05275637225844695,305,D-post-hoc-diagnostic
call-graph,338,fedavg__peer-present,play-early,leadbolt,30917,568,0.2858714759349823,0.8838028169014085,0.052010220914060226,0.8785211267605634,0.8838028169014085,0.052010220914060226,568,D-post-hoc-diagnostic
call-graph,338,fedavg__peer-present,appchina,revmob,1978,449,3.439420461654663,0.534521158129176,0.04802831142568251,0.5590200445434298,0.534521158129176,0.04802831142568251,449,D-post-hoc-diagnostic
call-graph,338,fedavg__peer-present,appchina,hiddad,1978,293,3.439420461654663,0.19795221843003413,0.04802831142568251,0.19795221843003413,0.19795221843003413,0.04802831142568251,293,D-post-hoc-diagnostic
call-graph,338,fedavg__family-absent-everywhere,play-early,dowgin,30917,2670,0.193857342004776,0.7209737827715356,0.053465730827699974,0.7119850187265918,0.7209737827715356,0.053465730827699974,2670,D-post-hoc-diagnostic
call-graph,338,fedavg__family-absent-everywhere,anzhi,airpush,1687,1349,3.234283924102783,0.24017790956263899,0.05690574985180794,0.23424759080800592,0.24017790956263899,0.05690574985180794,1349,D-post-hoc-diagnostic
call-graph,338,fedavg__family-absent-everywhere,play-early,gappusin,30917,439,0.193857342004776,0.7562642369020501,0.053465730827699974,0.744874715261959,0.7562642369020501,0.053465730827699974,439,D-post-hoc-diagnostic
call-graph,338,fedavg__family-absent-everywhere,anzhi,adwo,1687,305,3.234283924102783,0.4262295081967213,0.05690574985180794,0.40327868852459015,0.4262295081967213,0.05690574985180794,305,D-post-hoc-diagnostic
call-graph,338,fedavg__family-absent-everywhere,play-early,leadbolt,30917,568,0.193857342004776,0.6742957746478874,0.053465730827699974,0.6584507042253521,0.6742957746478874,0.053465730827699974,568,D-post-hoc-diagnostic
call-graph,338,fedavg__family-absent-everywhere,appchina,revmob,1978,449,2.6238698959350586,0.2650334075723831,0.05813953488372093,0.24498886414253898,0.2650334075723831,0.05813953488372093,449,D-post-hoc-diagnostic
call-graph,338,fedavg__family-absent-everywhere,appchina,hiddad,1978,293,2.6238698959350586,0.19795221843003413,0.05813953488372093,0.19795221843003413,0.19795221843003413,0.05813953488372093,293,D-post-hoc-diagnostic
call-graph,339,central__full-exposure,anzhi,dowgin,1864,2813,8.265608787536621,0.5552790615001777,0.06223175965665236,0.5289726270885176,0.5552790615001777,0.06223175965665236,2813,D-post-hoc-diagnostic
call-graph,339,central__full-exposure,appchina,airpush,2110,1581,8.182866096496582,0.756483238456673,0.045023696682464455,0.7659709044908286,0.756483238456673,0.045023696682464455,1581,D-post-hoc-diagnostic
call-graph,339,central__full-exposure,play-early,gappusin,31551,519,1.572195291519165,0.9132947976878613,0.046686317390890936,0.9229287090558767,0.9132947976878613,0.046686317390890936,519,D-post-hoc-diagnostic
call-graph,339,central__full-exposure,play-early,adwo,31551,319,1.572195291519165,0.8652037617554859,0.046686317390890936,0.8746081504702194,0.8652037617554859,0.046686317390890936,319,D-post-hoc-diagnostic
call-graph,339,central__full-exposure,appchina,leadbolt,2110,712,8.182866096496582,0.6123595505617978,0.045023696682464455,0.6165730337078652,0.6123595505617978,0.045023696682464455,712,D-post-hoc-diagnostic
call-graph,339,central__full-exposure,appchina,revmob,2110,537,8.182866096496582,0.2905027932960894,0.045023696682464455,0.29981378026070765,0.2905027932960894,0.045023696682464455,537,D-post-hoc-diagnostic
call-graph,339,central__full-exposure,play-late,hiddad,44328,220,-3.286912679672241,0.509090909090909,0.05423208807074535,0.5,0.509090909090909,0.05423208807074535,220,D-post-hoc-diagnostic
call-graph,339,fedavg__peer-present,anzhi,dowgin,1864,2813,3.0540292263031006,0.47280483469605405,0.06330472103004292,0.4443654461429079,0.47280483469605405,0.06330472103004292,2813,D-post-hoc-diagnostic
call-graph,339,fedavg__peer-present,appchina,airpush,2110,1581,3.1960809230804443,0.6464263124604681,0.04834123222748815,0.6483238456672992,0.6464263124604681,0.04834123222748815,1581,D-post-hoc-diagnostic
call-graph,339,fedavg__peer-present,play-early,gappusin,31551,519,0.11470429599285126,0.9152215799614644,0.05087001996767139,0.9152215799614644,0.9152215799614644,0.05087001996767139,519,D-post-hoc-diagnostic
call-graph,339,fedavg__peer-present,play-early,adwo,31551,319,0.11470429599285126,0.9404388714733543,0.05087001996767139,0.9373040752351097,0.9404388714733543,0.05087001996767139,319,D-post-hoc-diagnostic
call-graph,339,fedavg__peer-present,appchina,leadbolt,2110,712,3.1960809230804443,0.6783707865168539,0.04834123222748815,0.6783707865168539,0.6783707865168539,0.04834123222748815,712,D-post-hoc-diagnostic
call-graph,339,fedavg__peer-present,appchina,revmob,2110,537,3.1960809230804443,0.6070763500931099,0.04834123222748815,0.6089385474860335,0.6070763500931099,0.04834123222748815,537,D-post-hoc-diagnostic
call-graph,339,fedavg__peer-present,play-late,hiddad,44328,220,-1.6830610036849976,0.38636363636363635,0.04884046201046743,0.39545454545454545,0.38636363636363635,0.04884046201046743,220,D-post-hoc-diagnostic
call-graph,339,fedavg__family-absent-everywhere,anzhi,dowgin,1864,2813,2.7835028171539307,0.42836829008176325,0.06062231759656652,0.40526128688233204,0.42836829008176325,0.06062231759656652,2813,D-post-hoc-diagnostic
call-graph,339,fedavg__family-absent-everywhere,appchina,airpush,2110,1581,2.9377987384796143,0.13029728020240355,0.04123222748815166,0.14294750158127767,0.13029728020240355,0.04123222748815166,1581,D-post-hoc-diagnostic
call-graph,339,fedavg__family-absent-everywhere,play-early,gappusin,31551,519,-0.23326648771762848,0.7321772639691715,0.050077652055402364,0.7302504816955684,0.7321772639691715,0.050077652055402364,519,D-post-hoc-diagnostic
call-graph,339,fedavg__family-absent-everywhere,play-early,adwo,31551,319,-0.23326648771762848,0.7304075235109718,0.050077652055402364,0.7304075235109718,0.7304075235109718,0.050077652055402364,319,D-post-hoc-diagnostic
call-graph,339,fedavg__family-absent-everywhere,appchina,leadbolt,2110,712,2.9377987384796143,0.08426966292134831,0.04123222748815166,0.10814606741573034,0.08426966292134831,0.04123222748815166,712,D-post-hoc-diagnostic
call-graph,339,fedavg__family-absent-everywhere,appchina,revmob,2110,537,2.9377987384796143,0.11731843575418995,0.04123222748815166,0.1601489757914339,0.11731843575418995,0.04123222748815166,537,D-post-hoc-diagnostic
call-graph,339,fedavg__family-absent-everywhere,play-late,hiddad,44328,220,-0.746323823928833,0.3,0.0509158996571016,0.3,0.3,0.0509158996571016,220,D-post-hoc-diagnostic
report-json,330,central__full-exposure,anzhi,dowgin,1748,3468,17.07232093811035,0.5222029988465975,0.05034324942791762,0.5193194925028836,0.5222029988465975,0.05034324942791762,3468,D-post-hoc-diagnostic
report-json,330,central__full-exposure,play-late,airpush,43008,1168,-1.5975297689437866,0.7662671232876712,0.053431919642857144,0.7559931506849316,0.7662671232876712,0.053431919642857144,1168,D-post-hoc-diagnostic
report-json,330,central__full-exposure,anzhi,gappusin,1748,494,17.07232093811035,0.4311740890688259,0.05034324942791762,0.42105263157894735,0.4311740890688259,0.05034324942791762,494,D-post-hoc-diagnostic
report-json,330,central__full-exposure,play-early,adwo,31037,328,2.833507537841797,0.6798780487804879,0.053259013435576895,0.6646341463414634,0.6798780487804879,0.053259013435576895,328,D-post-hoc-diagnostic
report-json,330,central__full-exposure,anzhi,leadbolt,1748,477,17.07232093811035,0.0649895178197065,0.05034324942791762,0.0649895178197065,0.0649895178197065,0.05034324942791762,477,D-post-hoc-diagnostic
report-json,330,central__full-exposure,appchina,revmob,2118,520,14.899473190307617,0.10192307692307692,0.04768649669499528,0.10192307692307692,0.10192307692307692,0.04768649669499528,520,D-post-hoc-diagnostic
report-json,330,central__full-exposure,anzhi,hiddad,1748,274,17.07232093811035,0.13138686131386862,0.05034324942791762,0.13138686131386862,0.13138686131386862,0.05034324942791762,274,D-post-hoc-diagnostic
report-json,330,fedavg__peer-present,anzhi,dowgin,1748,3468,11.759051322937012,0.3070934256055363,0.05205949656750572,0.30074971164936565,0.3070934256055363,0.05205949656750572,3468,D-post-hoc-diagnostic
report-json,330,fedavg__peer-present,play-late,airpush,43008,1168,1.0344581604003906,0.6943493150684932,0.049083891369047616,0.696917808219178,0.6943493150684932,0.049083891369047616,1168,D-post-hoc-diagnostic
report-json,330,fedavg__peer-present,anzhi,gappusin,1748,494,11.759051322937012,0.20242914979757085,0.05205949656750572,0.19635627530364372,0.20242914979757085,0.05205949656750572,494,D-post-hoc-diagnostic
report-json,330,fedavg__peer-present,play-early,adwo,31037,328,2.7110018730163574,0.42073170731707316,0.051196958468924185,0.4054878048780488,0.42073170731707316,0.051196958468924185,328,D-post-hoc-diagnostic
report-json,330,fedavg__peer-present,anzhi,leadbolt,1748,477,11.759051322937012,0.09853249475890985,0.05205949656750572,0.09224318658280922,0.09853249475890985,0.05205949656750572,477,D-post-hoc-diagnostic
report-json,330,fedavg__peer-present,appchina,revmob,2118,520,8.632944107055664,0.275,0.05004721435316336,0.27307692307692305,0.275,0.05004721435316336,520,D-post-hoc-diagnostic
report-json,330,fedavg__peer-present,anzhi,hiddad,1748,274,11.759051322937012,0.16058394160583941,0.05205949656750572,0.15693430656934307,0.16058394160583941,0.05205949656750572,274,D-post-hoc-diagnostic
report-json,330,fedavg__family-absent-everywhere,anzhi,dowgin,1748,3468,13.167993545532227,0.2644175317185698,0.04919908466819222,0.26585928489042676,0.2644175317185698,0.04919908466819222,3468,D-post-hoc-diagnostic
report-json,330,fedavg__family-absent-everywhere,play-late,airpush,43008,1168,1.3692415952682495,0.4383561643835616,0.047107514880952384,0.4426369863013699,0.4383561643835616,0.047107514880952384,1168,D-post-hoc-diagnostic
report-json,330,fedavg__family-absent-everywhere,anzhi,gappusin,1748,494,13.167993545532227,0.09919028340080972,0.04919908466819222,0.10121457489878542,0.09919028340080972,0.04919908466819222,494,D-post-hoc-diagnostic
report-json,330,fedavg__family-absent-everywhere,play-early,adwo,31037,328,2.097776412963867,0.3353658536585366,0.052775719302767664,0.32621951219512196,0.3353658536585366,0.052775719302767664,328,D-post-hoc-diagnostic
report-json,330,fedavg__family-absent-everywhere,anzhi,leadbolt,1748,477,13.167993545532227,0.018867924528301886,0.04919908466819222,0.018867924528301886,0.018867924528301886,0.04919908466819222,477,D-post-hoc-diagnostic
report-json,330,fedavg__family-absent-everywhere,appchina,revmob,2118,520,10.274104118347168,0.13653846153846153,0.042020774315391876,0.16346153846153846,0.13653846153846153,0.042020774315391876,520,D-post-hoc-diagnostic
report-json,330,fedavg__family-absent-everywhere,anzhi,hiddad,1748,274,13.167993545532227,0.15693430656934307,0.04919908466819222,0.16423357664233576,0.15693430656934307,0.04919908466819222,274,D-post-hoc-diagnostic
report-json,331,central__full-exposure,play-early,dowgin,30926,3444,3.6191442012786865,0.8597560975609756,0.05542262174222337,0.8501742160278746,0.8597560975609756,0.05542262174222337,3444,D-post-hoc-diagnostic
report-json,331,central__full-exposure,play-late,airpush,44704,1229,0.09300816059112549,0.6786004882017901,0.04963761632068719,0.6786004882017901,0.6786004882017901,0.04963761632068719,1229,D-post-hoc-diagnostic
report-json,331,central__full-exposure,anzhi,gappusin,3232,485,18.85796356201172,0.51340206185567,0.019492574257425743,0.668041237113402,0.51340206185567,0.019492574257425743,485,D-post-hoc-diagnostic
report-json,331,central__full-exposure,anzhi,adwo,3232,314,18.85796356201172,0.22929936305732485,0.019492574257425743,0.3535031847133758,0.22929936305732485,0.019492574257425743,314,D-post-hoc-diagnostic
report-json,331,central__full-exposure,play-early,leadbolt,30926,528,3.6191442012786865,0.38636363636363635,0.05542262174222337,0.3768939393939394,0.38636363636363635,0.05542262174222337,528,D-post-hoc-diagnostic
report-json,331,central__full-exposure,appchina,revmob,2046,525,15.273289680480957,0.08,0.05278592375366569,0.07428571428571429,0.08,0.05278592375366569,525,D-post-hoc-diagnostic
report-json,331,central__full-exposure,anzhi,hiddad,3232,476,18.85796356201172,0.06932773109243698,0.019492574257425743,0.08403361344537816,0.06932773109243698,0.019492574257425743,476,D-post-hoc-diagnostic
report-json,331,fedavg__peer-present,play-early,dowgin,30926,3444,1.7062795162200928,0.7221254355400697,0.054743581452499517,0.7128339140534262,0.7221254355400697,0.054743581452499517,3444,D-post-hoc-diagnostic
report-json,331,fedavg__peer-present,play-late,airpush,44704,1229,0.39497146010398865,0.6143205858421481,0.05077845382963493,0.611879576891782,0.6143205858421481,0.05077845382963493,1229,D-post-hoc-diagnostic
report-json,331,fedavg__peer-present,anzhi,gappusin,3232,485,12.467209815979004,0.26804123711340205,0.03094059405940594,0.3979381443298969,0.26804123711340205,0.03094059405940594,485,D-post-hoc-diagnostic
report-json,331,fedavg__peer-present,anzhi,adwo,3232,314,12.467209815979004,0.12101910828025478,0.03094059405940594,0.20063694267515925,0.12101910828025478,0.03094059405940594,314,D-post-hoc-diagnostic
report-json,331,fedavg__peer-present,play-early,leadbolt,30926,528,1.7062795162200928,0.26325757575757575,0.054743581452499517,0.23863636363636365,0.26325757575757575,0.054743581452499517,528,D-post-hoc-diagnostic
report-json,331,fedavg__peer-present,appchina,revmob,2046,525,7.9585652351379395,0.17142857142857143,0.04936461388074291,0.17523809523809525,0.17142857142857143,0.04936461388074291,525,D-post-hoc-diagnostic
report-json,331,fedavg__peer-present,anzhi,hiddad,3232,476,12.467209815979004,0.06932773109243698,0.03094059405940594,0.10504201680672269,0.06932773109243698,0.03094059405940594,476,D-post-hoc-diagnostic
report-json,331,fedavg__family-absent-everywhere,play-early,dowgin,30926,3444,1.146183729171753,0.582171893147503,0.052544784323869886,0.5693960511033682,0.582171893147503,0.052544784323869886,3444,D-post-hoc-diagnostic
report-json,331,fedavg__family-absent-everywhere,play-late,airpush,44704,1229,0.41727375984191895,0.3287225386493084,0.05042054402290623,0.3270951993490643,0.3287225386493084,0.05042054402290623,1229,D-post-hoc-diagnostic
report-json,331,fedavg__family-absent-everywhere,anzhi,gappusin,3232,485,11.212307929992676,0.15463917525773196,0.03032178217821782,0.24948453608247423,0.15463917525773196,0.03032178217821782,485,D-post-hoc-diagnostic
report-json,331,fedavg__family-absent-everywhere,anzhi,adwo,3232,314,11.212307929992676,0.14012738853503184,0.03032178217821782,0.1910828025477707,0.14012738853503184,0.03032178217821782,314,D-post-hoc-diagnostic
report-json,331,fedavg__family-absent-everywhere,play-early,leadbolt,30926,528,1.146183729171753,0.17613636363636365,0.052544784323869886,0.17234848484848486,0.17613636363636365,0.052544784323869886,528,D-post-hoc-diagnostic
report-json,331,fedavg__family-absent-everywhere,appchina,revmob,2046,525,7.3755316734313965,0.10285714285714286,0.050342130987292275,0.10285714285714286,0.10285714285714286,0.050342130987292275,525,D-post-hoc-diagnostic
report-json,331,fedavg__family-absent-everywhere,anzhi,hiddad,3232,476,11.212307929992676,0.06722689075630252,0.03032178217821782,0.09453781512605042,0.06722689075630252,0.03032178217821782,476,D-post-hoc-diagnostic
report-json,332,central__full-exposure,anzhi,dowgin,2059,2771,11.815686225891113,0.6975821003247925,0.0747935891209325,0.6319018404907976,0.6975821003247925,0.0747935891209325,2771,D-post-hoc-diagnostic
report-json,332,central__full-exposure,anzhi,airpush,2059,1663,11.815686225891113,0.30306674684305474,0.0747935891209325,0.2375225496091401,0.30306674684305474,0.0747935891209325,1663,D-post-hoc-diagnostic
report-json,332,central__full-exposure,anzhi,gappusin,2059,601,11.815686225891113,0.3860232945091514,0.0747935891209325,0.31281198003327787,0.3860232945091514,0.0747935891209325,601,D-post-hoc-diagnostic
report-json,332,central__full-exposure,appchina,adwo,2028,310,13.21962833404541,0.24516129032258063,0.04388560157790927,0.25806451612903225,0.24516129032258063,0.04388560157790927,310,D-post-hoc-diagnostic
report-json,332,central__full-exposure,play-early,leadbolt,32805,717,2.6302030086517334,0.41143654114365413,0.05505258344764517,0.39609483960948394,0.41143654114365413,0.05505258344764517,717,D-post-hoc-diagnostic
report-json,332,central__full-exposure,appchina,revmob,2028,448,13.21962833404541,0.12723214285714285,0.04388560157790927,0.12723214285714285,0.12723214285714285,0.04388560157790927,448,D-post-hoc-diagnostic
report-json,332,central__full-exposure,play-late,hiddad,43512,518,-2.431516170501709,0.2857142857142857,0.053732303732303734,0.277992277992278,0.2857142857142857,0.053732303732303734,518,D-post-hoc-diagnostic
report-json,332,fedavg__peer-present,anzhi,dowgin,2059,2771,8.031190872192383,0.4146517502706604,0.07139388052452647,0.3182966438108986,0.4146517502706604,0.07139388052452647,2771,D-post-hoc-diagnostic
report-json,332,fedavg__peer-present,anzhi,airpush,2059,1663,8.031190872192383,0.39025856885147325,0.07139388052452647,0.30246542393265186,0.39025856885147325,0.07139388052452647,1663,D-post-hoc-diagnostic
report-json,332,fedavg__peer-present,anzhi,gappusin,2059,601,8.031190872192383,0.2579034941763727,0.07139388052452647,0.17803660565723795,0.2579034941763727,0.07139388052452647,601,D-post-hoc-diagnostic
report-json,332,fedavg__peer-present,appchina,adwo,2028,310,8.354251861572266,0.16451612903225807,0.04783037475345168,0.17419354838709677,0.16451612903225807,0.04783037475345168,310,D-post-hoc-diagnostic
report-json,332,fedavg__peer-present,play-early,leadbolt,32805,717,1.9076557159423828,0.299860529986053,0.056393842402072854,0.28730822873082285,0.299860529986053,0.056393842402072854,717,D-post-hoc-diagnostic
report-json,332,fedavg__peer-present,appchina,revmob,2028,448,8.354251861572266,0.17857142857142858,0.04783037475345168,0.19642857142857142,0.17857142857142858,0.04783037475345168,448,D-post-hoc-diagnostic
report-json,332,fedavg__peer-present,play-late,hiddad,43512,518,1.0411700010299683,0.2625482625482625,0.05062971134399706,0.2625482625482625,0.2625482625482625,0.05062971134399706,518,D-post-hoc-diagnostic
report-json,332,fedavg__family-absent-everywhere,anzhi,dowgin,2059,2771,7.101254463195801,0.42908697221219777,0.07722195240407966,0.280404186214363,0.42908697221219777,0.07722195240407966,2771,D-post-hoc-diagnostic
report-json,332,fedavg__family-absent-everywhere,anzhi,airpush,2059,1663,7.101254463195801,0.06374022850270596,0.07722195240407966,0.03307276007215875,0.06374022850270596,0.07722195240407966,1663,D-post-hoc-diagnostic
report-json,332,fedavg__family-absent-everywhere,anzhi,gappusin,2059,601,7.101254463195801,0.12146422628951747,0.07722195240407966,0.06821963394342762,0.12146422628951747,0.07722195240407966,601,D-post-hoc-diagnostic
report-json,332,fedavg__family-absent-everywhere,appchina,adwo,2028,310,8.816533088684082,0.11612903225806452,0.03994082840236687,0.13870967741935483,0.11612903225806452,0.03994082840236687,310,D-post-hoc-diagnostic
report-json,332,fedavg__family-absent-everywhere,play-early,leadbolt,32805,717,1.6945300102233887,0.23709902370990238,0.05194330132601738,0.23291492329149233,0.23709902370990238,0.05194330132601738,717,D-post-hoc-diagnostic
report-json,332,fedavg__family-absent-everywhere,appchina,revmob,2028,448,8.816533088684082,0.18080357142857142,0.03994082840236687,0.19866071428571427,0.18080357142857142,0.03994082840236687,448,D-post-hoc-diagnostic
report-json,332,fedavg__family-absent-everywhere,play-late,hiddad,43512,518,0.23223598301410675,0.20463320463320464,0.05129619415333701,0.20077220077220076,0.20463320463320464,0.05129619415333701,518,D-post-hoc-diagnostic
report-json,333,central__full-exposure,play-early,dowgin,31353,2858,4.017458438873291,0.8533939818054583,0.05262654291455363,0.8463960811756474,0.8533939818054583,0.05262654291455363,2858,D-post-hoc-diagnostic
report-json,333,central__full-exposure,appchina,airpush,2075,1075,14.32740592956543,0.44651162790697674,0.05831325301204819,0.413953488372093,0.44651162790697674,0.05831325301204819,1075,D-post-hoc-diagnostic
report-json,333,central__full-exposure,play-early,gappusin,31353,546,4.017458438873291,0.7948717948717948,0.05262654291455363,0.7875457875457875,0.7948717948717948,0.05262654291455363,546,D-post-hoc-diagnostic
report-json,333,central__full-exposure,appchina,adwo,2075,337,14.32740592956543,0.18100890207715134,0.05831325301204819,0.1394658753709199,0.18100890207715134,0.05831325301204819,337,D-post-hoc-diagnostic
report-json,333,central__full-exposure,play-early,leadbolt,31353,641,4.017458438873291,0.33541341653666146,0.05262654291455363,0.33073322932917315,0.33541341653666146,0.05262654291455363,641,D-post-hoc-diagnostic
report-json,333,central__full-exposure,appchina,revmob,2075,412,14.32740592956543,0.1383495145631068,0.05831325301204819,0.11407766990291263,0.1383495145631068,0.05831325301204819,412,D-post-hoc-diagnostic
report-json,333,central__full-exposure,appchina,hiddad,2075,228,14.32740592956543,0.19298245614035087,0.05831325301204819,0.17982456140350878,0.19298245614035087,0.05831325301204819,228,D-post-hoc-diagnostic
report-json,333,fedavg__peer-present,play-early,dowgin,31353,2858,4.163706302642822,0.6273617914625612,0.05351959940037636,0.6147655703289013,0.6273617914625612,0.05351959940037636,2858,D-post-hoc-diagnostic
report-json,333,fedavg__peer-present,appchina,airpush,2075,1075,9.357720375061035,0.48372093023255813,0.06313253012048192,0.4241860465116279,0.48372093023255813,0.06313253012048192,1075,D-post-hoc-diagnostic
report-json,333,fedavg__peer-present,play-early,gappusin,31353,546,4.163706302642822,0.6428571428571429,0.05351959940037636,0.6227106227106227,0.6428571428571429,0.05351959940037636,546,D-post-hoc-diagnostic
report-json,333,fedavg__peer-present,appchina,adwo,2075,337,9.357720375061035,0.12166172106824925,0.06313253012048192,0.08011869436201781,0.12166172106824925,0.06313253012048192,337,D-post-hoc-diagnostic
report-json,333,fedavg__peer-present,play-early,leadbolt,31353,641,4.163706302642822,0.20124804992199688,0.05351959940037636,0.19500780031201248,0.20124804992199688,0.05351959940037636,641,D-post-hoc-diagnostic
report-json,333,fedavg__peer-present,appchina,revmob,2075,412,9.357720375061035,0.23300970873786409,0.06313253012048192,0.18689320388349515,0.23300970873786409,0.06313253012048192,412,D-post-hoc-diagnostic
report-json,333,fedavg__peer-present,appchina,hiddad,2075,228,9.357720375061035,0.2719298245614035,0.06313253012048192,0.22807017543859648,0.2719298245614035,0.06313253012048192,228,D-post-hoc-diagnostic
report-json,333,fedavg__family-absent-everywhere,play-early,dowgin,31353,2858,2.3765695095062256,0.4996501049685094,0.052403278793097946,0.4902029391182645,0.4996501049685094,0.052403278793097946,2858,D-post-hoc-diagnostic
report-json,333,fedavg__family-absent-everywhere,appchina,airpush,2075,1075,7.630499839782715,0.12930232558139534,0.06891566265060241,0.09023255813953489,0.12930232558139534,0.06891566265060241,1075,D-post-hoc-diagnostic
report-json,333,fedavg__family-absent-everywhere,play-early,gappusin,31353,546,2.3765695095062256,0.32783882783882784,0.052403278793097946,0.32051282051282054,0.32783882783882784,0.052403278793097946,546,D-post-hoc-diagnostic
report-json,333,fedavg__family-absent-everywhere,appchina,adwo,2075,337,7.630499839782715,0.10979228486646884,0.06891566265060241,0.0771513353115727,0.10979228486646884,0.06891566265060241,337,D-post-hoc-diagnostic
report-json,333,fedavg__family-absent-everywhere,play-early,leadbolt,31353,641,2.3765695095062256,0.1357254290171607,0.052403278793097946,0.1310452418096724,0.1357254290171607,0.052403278793097946,641,D-post-hoc-diagnostic
report-json,333,fedavg__family-absent-everywhere,appchina,revmob,2075,412,7.630499839782715,0.1383495145631068,0.06891566265060241,0.08009708737864078,0.1383495145631068,0.06891566265060241,412,D-post-hoc-diagnostic
report-json,333,fedavg__family-absent-everywhere,appchina,hiddad,2075,228,7.630499839782715,0.23684210526315788,0.06891566265060241,0.20175438596491227,0.23684210526315788,0.06891566265060241,228,D-post-hoc-diagnostic
report-json,334,central__full-exposure,appchina,dowgin,1969,3373,10.579207420349121,0.6646901867773496,0.07313357034027425,0.5804921434924399,0.6646901867773496,0.07313357034027425,3373,D-post-hoc-diagnostic
report-json,334,central__full-exposure,appchina,airpush,1969,1439,10.579207420349121,0.3467685892981237,0.07313357034027425,0.2619874913134121,0.3467685892981237,0.07313357034027425,1439,D-post-hoc-diagnostic
report-json,334,central__full-exposure,play-early,gappusin,31762,536,2.92134428024292,0.746268656716418,0.05251558466091556,0.7425373134328358,0.746268656716418,0.05251558466091556,536,D-post-hoc-diagnostic
report-json,334,central__full-exposure,appchina,adwo,1969,358,10.579207420349121,0.2430167597765363,0.07313357034027425,0.15363128491620112,0.2430167597765363,0.07313357034027425,358,D-post-hoc-diagnostic
report-json,334,central__full-exposure,appchina,leadbolt,1969,493,10.579207420349121,0.21906693711967545,0.07313357034027425,0.1724137931034483,0.21906693711967545,0.07313357034027425,493,D-post-hoc-diagnostic
report-json,334,central__full-exposure,play-late,revmob,43601,378,-0.39630916714668274,0.5423280423280423,0.04667324143941653,0.5588011356304039,0.5423280423280423,0.04667324143941653,378,D-post-hoc-diagnostic
report-json,334,central__full-exposure,play-early,hiddad,31762,278,2.92134428024292,0.3669064748201439,0.05251558466091556,0.36330935251798563,0.3669064748201439,0.05251558466091556,278,D-post-hoc-diagnostic
report-json,334,fedavg__peer-present,appchina,dowgin,1969,3373,9.498254776000977,0.44026089534538987,0.0670391061452514,0.3874888823006226,0.44026089534538987,0.0670391061452514,3373,D-post-hoc-diagnostic
report-json,334,fedavg__peer-present,appchina,airpush,1969,1439,9.498254776000977,0.27449617790132036,0.0670391061452514,0.22724113968033358,0.27449617790132036,0.0670391061452514,1439,D-post-hoc-diagnostic
report-json,334,fedavg__peer-present,play-early,gappusin,31762,536,2.918067455291748,0.5559701492537313,0.05374346703608085,0.5317164179104478,0.5559701492537313,0.05374346703608085,536,D-post-hoc-diagnostic
report-json,334,fedavg__peer-present,appchina,adwo,1969,358,9.498254776000977,0.19553072625698323,0.0670391061452514,0.13687150837988826,0.19553072625698323,0.0670391061452514,358,D-post-hoc-diagnostic
report-json,334,fedavg__peer-present,appchina,leadbolt,1969,493,9.498254776000977,0.19066937119675456,0.0670391061452514,0.16227180527383367,0.19066937119675456,0.0670391061452514,493,D-post-hoc-diagnostic
report-json,334,fedavg__peer-present,play-late,revmob,43601,378,1.7994332313537598,0.47354497354497355,0.04554941400426596,0.49206349206349204,0.47354497354497355,0.04554941400426596,378,D-post-hoc-diagnostic
report-json,334,fedavg__peer-present,play-early,hiddad,31762,278,2.918067455291748,0.4136690647482014,0.05374346703608085,0.4064748201438849,0.4136690647482014,0.05374346703608085,278,D-post-hoc-diagnostic
report-json,334,fedavg__family-absent-everywhere,appchina,dowgin,1969,3373,9.061503410339355,0.29350726356359325,0.06907059421025902,0.23421286688407947,0.29350726356359325,0.06907059421025902,3373,D-post-hoc-diagnostic
report-json,334,fedavg__family-absent-everywhere,appchina,airpush,1969,1439,9.061503410339355,0.05350938151494093,0.06907059421025902,0.04378040305767894,0.05350938151494093,0.06907059421025902,1439,D-post-hoc-diagnostic
report-json,334,fedavg__family-absent-everywhere,play-early,gappusin,31762,536,1.05410635471344,0.2555970149253731,0.053932372016875514,0.2462686567164179,0.2555970149253731,0.053932372016875514,536,D-post-hoc-diagnostic
report-json,334,fedavg__family-absent-everywhere,appchina,adwo,1969,358,9.061503410339355,0.1452513966480447,0.06907059421025902,0.0782122905027933,0.1452513966480447,0.06907059421025902,358,D-post-hoc-diagnostic
report-json,334,fedavg__family-absent-everywhere,appchina,leadbolt,1969,493,9.061503410339355,0.058823529411764705,0.06907059421025902,0.038539553752535496,0.058823529411764705,0.06907059421025902,493,D-post-hoc-diagnostic
report-json,334,fedavg__family-absent-everywhere,play-late,revmob,43601,378,0.8433188199996948,0.335978835978836,0.04690259397720236,0.3386243386243386,0.335978835978836,0.04690259397720236,378,D-post-hoc-diagnostic
report-json,334,fedavg__family-absent-everywhere,play-early,hiddad,31762,278,1.05410635471344,0.35251798561151076,0.053932372016875514,0.3345323741007194,0.35251798561151076,0.053932372016875514,278,D-post-hoc-diagnostic
report-json,335,central__full-exposure,appchina,dowgin,2170,3208,15.80816650390625,0.6206359102244389,0.04331797235023042,0.6465087281795511,0.6206359102244389,0.04331797235023042,3208,D-post-hoc-diagnostic
report-json,335,central__full-exposure,appchina,airpush,2170,1778,15.80816650390625,0.2080989876265467,0.04331797235023042,0.23003374578177727,0.2080989876265467,0.04331797235023042,1778,D-post-hoc-diagnostic
report-json,335,central__full-exposure,anzhi,gappusin,1697,583,18.47286605834961,0.36192109777015435,0.061284619917501476,0.30874785591766724,0.36192109777015435,0.061284619917501476,583,D-post-hoc-diagnostic
report-json,335,central__full-exposure,appchina,adwo,2170,387,15.80816650390625,0.07235142118863049,0.04331797235023042,0.09560723514211886,0.07235142118863049,0.04331797235023042,387,D-post-hoc-diagnostic
report-json,335,central__full-exposure,anzhi,leadbolt,1697,575,18.47286605834961,0.03304347826086956,0.061284619917501476,0.03130434782608696,0.03304347826086956,0.061284619917501476,575,D-post-hoc-diagnostic
report-json,335,central__full-exposure,appchina,revmob,2170,506,15.80816650390625,0.043478260869565216,0.04331797235023042,0.045454545454545456,0.043478260869565216,0.04331797235023042,506,D-post-hoc-diagnostic
report-json,335,central__full-exposure,play-late,hiddad,44322,270,-0.07007568329572678,0.3333333333333333,0.04798971165561121,0.3333333333333333,0.3333333333333333,0.04798971165561121,270,D-post-hoc-diagnostic
report-json,335,fedavg__peer-present,appchina,dowgin,2170,3208,8.959213256835938,0.4579177057356609,0.04838709677419355,0.46415211970074816,0.4579177057356609,0.04838709677419355,3208,D-post-hoc-diagnostic
report-json,335,fedavg__peer-present,appchina,airpush,2170,1778,8.959213256835938,0.23453318335208098,0.04838709677419355,0.2424071991001125,0.23453318335208098,0.04838709677419355,1778,D-post-hoc-diagnostic
report-json,335,fedavg__peer-present,anzhi,gappusin,1697,583,12.73420524597168,0.19210977701543738,0.05303476723629935,0.1835334476843911,0.19210977701543738,0.05303476723629935,583,D-post-hoc-diagnostic
report-json,335,fedavg__peer-present,appchina,adwo,2170,387,8.959213256835938,0.041343669250646,0.04838709677419355,0.041343669250646,0.041343669250646,0.04838709677419355,387,D-post-hoc-diagnostic
report-json,335,fedavg__peer-present,anzhi,leadbolt,1697,575,12.73420524597168,0.06608695652173913,0.05303476723629935,0.06260869565217392,0.06608695652173913,0.05303476723629935,575,D-post-hoc-diagnostic
report-json,335,fedavg__peer-present,appchina,revmob,2170,506,8.959213256835938,0.13043478260869565,0.04838709677419355,0.13636363636363635,0.13043478260869565,0.04838709677419355,506,D-post-hoc-diagnostic
report-json,335,fedavg__peer-present,play-late,hiddad,44322,270,1.1805672645568848,0.29259259259259257,0.0481250846080953,0.3037037037037037,0.29259259259259257,0.0481250846080953,270,D-post-hoc-diagnostic
report-json,335,fedavg__family-absent-everywhere,appchina,dowgin,2170,3208,9.366324424743652,0.29582294264339154,0.03870967741935484,0.3634663341645885,0.29582294264339154,0.03870967741935484,3208,D-post-hoc-diagnostic
report-json,335,fedavg__family-absent-everywhere,appchina,airpush,2170,1778,9.366324424743652,0.08998875140607424,0.03870967741935484,0.1265466816647919,0.08998875140607424,0.03870967741935484,1778,D-post-hoc-diagnostic
report-json,335,fedavg__family-absent-everywhere,anzhi,gappusin,1697,583,13.461283683776855,0.07032590051457976,0.05362404242781379,0.06518010291595197,0.07032590051457976,0.05362404242781379,583,D-post-hoc-diagnostic
report-json,335,fedavg__family-absent-everywhere,appchina,adwo,2170,387,9.366324424743652,0.03875968992248062,0.03870967741935484,0.04909560723514212,0.03875968992248062,0.03870967741935484,387,D-post-hoc-diagnostic
report-json,335,fedavg__family-absent-everywhere,anzhi,leadbolt,1697,575,13.461283683776855,0.03130434782608696,0.05362404242781379,0.02608695652173913,0.03130434782608696,0.05362404242781379,575,D-post-hoc-diagnostic
report-json,335,fedavg__family-absent-everywhere,appchina,revmob,2170,506,9.366324424743652,0.07905138339920949,0.03870967741935484,0.1007905138339921,0.07905138339920949,0.03870967741935484,506,D-post-hoc-diagnostic
report-json,335,fedavg__family-absent-everywhere,play-late,hiddad,44322,270,1.1569759845733643,0.2962962962962963,0.04846351698930554,0.3037037037037037,0.2962962962962963,0.04846351698930554,270,D-post-hoc-diagnostic
report-json,336,central__full-exposure,play-early,dowgin,32363,3045,3.671222686767578,0.8315270935960591,0.0549083830300034,0.825615763546798,0.8315270935960591,0.0549083830300034,3045,D-post-hoc-diagnostic
report-json,336,central__full-exposure,anzhi,airpush,1903,1309,12.509800910949707,0.3819709702062643,0.08460325801366264,0.31856378915202443,0.3819709702062643,0.08460325801366264,1309,D-post-hoc-diagnostic
report-json,336,central__full-exposure,play-early,gappusin,32363,513,3.671222686767578,0.8752436647173489,0.0549083830300034,0.8576998050682261,0.8752436647173489,0.0549083830300034,513,D-post-hoc-diagnostic
report-json,336,central__full-exposure,anzhi,adwo,1903,256,12.509800910949707,0.26953125,0.08460325801366264,0.14453125,0.26953125,0.08460325801366264,256,D-post-hoc-diagnostic
report-json,336,central__full-exposure,anzhi,leadbolt,1903,586,12.509800910949707,0.1296928327645051,0.08460325801366264,0.08703071672354949,0.1296928327645051,0.08460325801366264,586,D-post-hoc-diagnostic
report-json,336,central__full-exposure,appchina,revmob,1969,464,15.316417694091797,0.11853448275862069,0.04824784154393093,0.125,0.11853448275862069,0.04824784154393093,464,D-post-hoc-diagnostic
report-json,336,central__full-exposure,play-early,hiddad,32363,268,3.671222686767578,0.1865671641791045,0.0549083830300034,0.1791044776119403,0.1865671641791045,0.0549083830300034,268,D-post-hoc-diagnostic
report-json,336,fedavg__peer-present,play-early,dowgin,32363,3045,4.589123725891113,0.6426929392446634,0.04984086765751012,0.6433497536945813,0.6426929392446634,0.04984086765751012,3045,D-post-hoc-diagnostic
report-json,336,fedavg__peer-present,anzhi,airpush,1903,1309,9.813865661621094,0.40641711229946526,0.08723068838675775,0.2620320855614973,0.40641711229946526,0.08723068838675775,1309,D-post-hoc-diagnostic
report-json,336,fedavg__peer-present,play-early,gappusin,32363,513,4.589123725891113,0.6569200779727096,0.04984086765751012,0.6588693957115009,0.6569200779727096,0.04984086765751012,513,D-post-hoc-diagnostic
report-json,336,fedavg__peer-present,anzhi,adwo,1903,256,9.813865661621094,0.10546875,0.08723068838675775,0.078125,0.10546875,0.08723068838675775,256,D-post-hoc-diagnostic
report-json,336,fedavg__peer-present,anzhi,leadbolt,1903,586,9.813865661621094,0.1416382252559727,0.08723068838675775,0.07679180887372014,0.1416382252559727,0.08723068838675775,586,D-post-hoc-diagnostic
report-json,336,fedavg__peer-present,appchina,revmob,1969,464,11.54325008392334,0.15301724137931033,0.0457084814626714,0.16810344827586207,0.15301724137931033,0.0457084814626714,464,D-post-hoc-diagnostic
report-json,336,fedavg__peer-present,play-early,hiddad,32363,268,4.589123725891113,0.1791044776119403,0.04984086765751012,0.1791044776119403,0.1791044776119403,0.04984086765751012,268,D-post-hoc-diagnostic
report-json,336,fedavg__family-absent-everywhere,play-early,dowgin,32363,3045,2.5998191833496094,0.535303776683087,0.053425207799029754,0.5198686371100164,0.535303776683087,0.053425207799029754,3045,D-post-hoc-diagnostic
report-json,336,fedavg__family-absent-everywhere,anzhi,airpush,1903,1309,8.44268798828125,0.12987012987012986,0.08039936941671046,0.08097784568372804,0.12987012987012986,0.08039936941671046,1309,D-post-hoc-diagnostic
report-json,336,fedavg__family-absent-everywhere,play-early,gappusin,32363,513,2.5998191833496094,0.3645224171539961,0.053425207799029754,0.36257309941520466,0.3645224171539961,0.053425207799029754,513,D-post-hoc-diagnostic
report-json,336,fedavg__family-absent-everywhere,anzhi,adwo,1903,256,8.44268798828125,0.10546875,0.08039936941671046,0.07421875,0.10546875,0.08039936941671046,256,D-post-hoc-diagnostic
report-json,336,fedavg__family-absent-everywhere,anzhi,leadbolt,1903,586,8.44268798828125,0.03924914675767918,0.08039936941671046,0.025597269624573378,0.03924914675767918,0.08039936941671046,586,D-post-hoc-diagnostic
report-json,336,fedavg__family-absent-everywhere,appchina,revmob,1969,464,9.300613403320312,0.0668103448275862,0.037582529202640935,0.08836206896551724,0.0668103448275862,0.037582529202640935,464,D-post-hoc-diagnostic
report-json,336,fedavg__family-absent-everywhere,play-early,hiddad,32363,268,2.5998191833496094,0.2126865671641791,0.053425207799029754,0.20522388059701493,0.2126865671641791,0.053425207799029754,268,D-post-hoc-diagnostic
report-json,337,central__full-exposure,appchina,dowgin,2001,2681,14.065925598144531,0.6005221932114883,0.04147926036981509,0.6460276016411787,0.6005221932114883,0.04147926036981509,2681,D-post-hoc-diagnostic
report-json,337,central__full-exposure,play-early,airpush,29706,1251,3.2158732414245605,0.662669864108713,0.044166161718171414,0.6794564348521183,0.662669864108713,0.044166161718171414,1251,D-post-hoc-diagnostic
report-json,337,central__full-exposure,play-early,gappusin,29706,529,3.2158732414245605,0.7372400756143668,0.044166161718171414,0.7618147448015122,0.7372400756143668,0.044166161718171414,529,D-post-hoc-diagnostic
report-json,337,central__full-exposure,anzhi,adwo,3412,262,17.059547424316406,0.08778625954198473,0.045427901524032824,0.10687022900763359,0.08778625954198473,0.045427901524032824,262,D-post-hoc-diagnostic
report-json,337,central__full-exposure,appchina,leadbolt,2001,465,14.065925598144531,0.1978494623655914,0.04147926036981509,0.22795698924731184,0.1978494623655914,0.04147926036981509,465,D-post-hoc-diagnostic
report-json,337,central__full-exposure,appchina,revmob,2001,470,14.065925598144531,0.07659574468085106,0.04147926036981509,0.09148936170212765,0.07659574468085106,0.04147926036981509,470,D-post-hoc-diagnostic
report-json,337,central__full-exposure,play-early,hiddad,29706,201,3.2158732414245605,0.24875621890547264,0.044166161718171414,0.2736318407960199,0.24875621890547264,0.044166161718171414,201,D-post-hoc-diagnostic
report-json,337,fedavg__peer-present,appchina,dowgin,2001,2681,9.264701843261719,0.53562103692652,0.04397801099450275,0.5580007459903021,0.53562103692652,0.04397801099450275,2681,D-post-hoc-diagnostic
report-json,337,fedavg__peer-present,play-early,airpush,29706,1251,3.205660581588745,0.44844124700239807,0.04524338517471218,0.478017585931255,0.44844124700239807,0.04524338517471218,1251,D-post-hoc-diagnostic
report-json,337,fedavg__peer-present,play-early,gappusin,29706,529,3.205660581588745,0.5954631379962193,0.04524338517471218,0.6257088846880907,0.5954631379962193,0.04524338517471218,529,D-post-hoc-diagnostic
report-json,337,fedavg__peer-present,anzhi,adwo,3412,262,15.698458671569824,0.07251908396946564,0.026963657678780773,0.13740458015267176,0.07251908396946564,0.026963657678780773,262,D-post-hoc-diagnostic
report-json,337,fedavg__peer-present,appchina,leadbolt,2001,465,9.264701843261719,0.2129032258064516,0.04397801099450275,0.23870967741935484,0.2129032258064516,0.04397801099450275,465,D-post-hoc-diagnostic
report-json,337,fedavg__peer-present,appchina,revmob,2001,470,9.264701843261719,0.15106382978723404,0.04397801099450275,0.16595744680851063,0.15106382978723404,0.04397801099450275,470,D-post-hoc-diagnostic
report-json,337,fedavg__peer-present,play-early,hiddad,29706,201,3.205660581588745,0.263681592039801,0.04524338517471218,0.27860696517412936,0.263681592039801,0.04524338517471218,201,D-post-hoc-diagnostic
report-json,337,fedavg__family-absent-everywhere,appchina,dowgin,2001,2681,8.086091995239258,0.2868332711674748,0.05147426286856572,0.2849682954121596,0.2868332711674748,0.05147426286856572,2681,D-post-hoc-diagnostic
report-json,337,fedavg__family-absent-everywhere,play-early,airpush,29706,1251,1.6396015882492065,0.20223820943245405,0.04483942637850939,0.21502797761790568,0.20223820943245405,0.04483942637850939,1251,D-post-hoc-diagnostic
report-json,337,fedavg__family-absent-everywhere,play-early,gappusin,29706,529,1.6396015882492065,0.3572778827977316,0.04483942637850939,0.3761814744801512,0.3572778827977316,0.04483942637850939,529,D-post-hoc-diagnostic
report-json,337,fedavg__family-absent-everywhere,anzhi,adwo,3412,262,15.12310791015625,0.04961832061068702,0.03223915592028136,0.08396946564885496,0.04961832061068702,0.03223915592028136,262,D-post-hoc-diagnostic
report-json,337,fedavg__family-absent-everywhere,appchina,leadbolt,2001,465,8.086091995239258,0.04086021505376344,0.05147426286856572,0.04086021505376344,0.04086021505376344,0.05147426286856572,465,D-post-hoc-diagnostic
report-json,337,fedavg__family-absent-everywhere,appchina,revmob,2001,470,8.086091995239258,0.06382978723404255,0.05147426286856572,0.06382978723404255,0.06382978723404255,0.05147426286856572,470,D-post-hoc-diagnostic
report-json,337,fedavg__family-absent-everywhere,play-early,hiddad,29706,201,1.6396015882492065,0.31343283582089554,0.04483942637850939,0.34328358208955223,0.31343283582089554,0.04483942637850939,201,D-post-hoc-diagnostic
report-json,338,central__full-exposure,play-early,dowgin,30917,2670,3.233008623123169,0.854681647940075,0.0459617686062684,0.8636704119850187,0.854681647940075,0.0459617686062684,2670,D-post-hoc-diagnostic
report-json,338,central__full-exposure,anzhi,airpush,1687,1349,19.314571380615234,0.15715344699777614,0.04979253112033195,0.1586360266864344,0.15715344699777614,0.04979253112033195,1349,D-post-hoc-diagnostic
report-json,338,central__full-exposure,play-early,gappusin,30917,439,3.233008623123169,0.826879271070615,0.0459617686062684,0.8337129840546698,0.826879271070615,0.0459617686062684,439,D-post-hoc-diagnostic
report-json,338,central__full-exposure,anzhi,adwo,1687,305,19.314571380615234,0.07540983606557378,0.04979253112033195,0.07540983606557378,0.07540983606557378,0.04979253112033195,305,D-post-hoc-diagnostic
report-json,338,central__full-exposure,play-early,leadbolt,30917,568,3.233008623123169,0.2746478873239437,0.0459617686062684,0.27992957746478875,0.2746478873239437,0.0459617686062684,568,D-post-hoc-diagnostic
report-json,338,central__full-exposure,appchina,revmob,1978,449,15.991137504577637,0.111358574610245,0.04095045500505561,0.12026726057906459,0.111358574610245,0.04095045500505561,449,D-post-hoc-diagnostic
report-json,338,central__full-exposure,appchina,hiddad,1978,293,15.991137504577637,0.08191126279863481,0.04095045500505561,0.08532423208191127,0.08191126279863481,0.04095045500505561,293,D-post-hoc-diagnostic
report-json,338,fedavg__peer-present,play-early,dowgin,30917,2670,2.499687671661377,0.6947565543071161,0.05382152213992302,0.6842696629213483,0.6947565543071161,0.05382152213992302,2670,D-post-hoc-diagnostic
report-json,338,fedavg__peer-present,anzhi,airpush,1687,1349,15.343327522277832,0.2520385470719051,0.04149377593360996,0.2920681986656783,0.2520385470719051,0.04149377593360996,1349,D-post-hoc-diagnostic
report-json,338,fedavg__peer-present,play-early,gappusin,30917,439,2.499687671661377,0.6150341685649203,0.05382152213992302,0.5945330296127562,0.6150341685649203,0.05382152213992302,439,D-post-hoc-diagnostic
report-json,338,fedavg__peer-present,anzhi,adwo,1687,305,15.343327522277832,0.08196721311475409,0.04149377593360996,0.10491803278688525,0.08196721311475409,0.04149377593360996,305,D-post-hoc-diagnostic
report-json,338,fedavg__peer-present,play-early,leadbolt,30917,568,2.499687671661377,0.1954225352112676,0.05382152213992302,0.18485915492957747,0.1954225352112676,0.05382152213992302,568,D-post-hoc-diagnostic
report-json,338,fedavg__peer-present,appchina,revmob,1978,449,10.696422576904297,0.23162583518930957,0.04600606673407482,0.24053452115812918,0.23162583518930957,0.04600606673407482,449,D-post-hoc-diagnostic
report-json,338,fedavg__peer-present,appchina,hiddad,1978,293,10.696422576904297,0.09556313993174062,0.04600606673407482,0.09556313993174062,0.09556313993174062,0.04600606673407482,293,D-post-hoc-diagnostic
report-json,338,fedavg__family-absent-everywhere,play-early,dowgin,30917,2670,2.547126293182373,0.5719101123595506,0.053174628844972024,0.5595505617977528,0.5719101123595506,0.053174628844972024,2670,D-post-hoc-diagnostic
report-json,338,fedavg__family-absent-everywhere,anzhi,airpush,1687,1349,15.745757102966309,0.05559673832468495,0.045050385299347954,0.060044477390659746,0.05559673832468495,0.045050385299347954,1349,D-post-hoc-diagnostic
report-json,338,fedavg__family-absent-everywhere,play-early,gappusin,30917,439,2.547126293182373,0.3234624145785877,0.053174628844972024,0.30751708428246016,0.3234624145785877,0.053174628844972024,439,D-post-hoc-diagnostic
report-json,338,fedavg__family-absent-everywhere,anzhi,adwo,1687,305,15.745757102966309,0.04590163934426229,0.045050385299347954,0.04590163934426229,0.04590163934426229,0.045050385299347954,305,D-post-hoc-diagnostic
report-json,338,fedavg__family-absent-everywhere,play-early,leadbolt,30917,568,2.547126293182373,0.08450704225352113,0.053174628844972024,0.08450704225352113,0.08450704225352113,0.053174628844972024,568,D-post-hoc-diagnostic
report-json,338,fedavg__family-absent-everywhere,appchina,revmob,1978,449,8.678436279296875,0.155902004454343,0.054600606673407485,0.14699331848552338,0.155902004454343,0.054600606673407485,449,D-post-hoc-diagnostic
report-json,338,fedavg__family-absent-everywhere,appchina,hiddad,1978,293,8.678436279296875,0.09215017064846416,0.054600606673407485,0.08532423208191127,0.09215017064846416,0.054600606673407485,293,D-post-hoc-diagnostic
report-json,339,central__full-exposure,anzhi,dowgin,1864,2813,19.3931827545166,0.49093494489868467,0.05042918454935622,0.4895129754710274,0.49093494489868467,0.05042918454935622,2813,D-post-hoc-diagnostic
report-json,339,central__full-exposure,appchina,airpush,2110,1581,15.546396255493164,0.4035420619860848,0.05023696682464455,0.40290955091714103,0.4035420619860848,0.05023696682464455,1581,D-post-hoc-diagnostic
report-json,339,central__full-exposure,play-early,gappusin,31551,519,5.162753105163574,0.7495183044315993,0.046020728344584955,0.7687861271676301,0.7495183044315993,0.046020728344584955,519,D-post-hoc-diagnostic
report-json,339,central__full-exposure,play-early,adwo,31551,319,5.162753105163574,0.6677115987460815,0.046020728344584955,0.670846394984326,0.6677115987460815,0.046020728344584955,319,D-post-hoc-diagnostic
report-json,339,central__full-exposure,appchina,leadbolt,2110,712,15.546396255493164,0.1797752808988764,0.05023696682464455,0.17837078651685392,0.1797752808988764,0.05023696682464455,712,D-post-hoc-diagnostic
report-json,339,central__full-exposure,appchina,revmob,2110,537,15.546396255493164,0.1824953445065177,0.05023696682464455,0.18063314711359404,0.1824953445065177,0.05023696682464455,537,D-post-hoc-diagnostic
report-json,339,central__full-exposure,play-late,hiddad,44328,220,-0.7054158449172974,0.4954545454545455,0.05127684533477712,0.4863636363636364,0.4954545454545455,0.05127684533477712,220,D-post-hoc-diagnostic
report-json,339,fedavg__peer-present,anzhi,dowgin,1864,2813,13.180020332336426,0.23604692499111268,0.045064377682403435,0.2523995734091717,0.23604692499111268,0.045064377682403435,2813,D-post-hoc-diagnostic
report-json,339,fedavg__peer-present,appchina,airpush,2110,1581,8.883288383483887,0.42567994939911447,0.042180094786729856,0.4560404807084124,0.42567994939911447,0.042180094786729856,1581,D-post-hoc-diagnostic
report-json,339,fedavg__peer-present,play-early,gappusin,31551,519,3.131300449371338,0.5895953757225434,0.04725682228772464,0.6069364161849711,0.5895953757225434,0.04725682228772464,519,D-post-hoc-diagnostic
report-json,339,fedavg__peer-present,play-early,adwo,31551,319,3.131300449371338,0.3573667711598746,0.04725682228772464,0.3667711598746082,0.3573667711598746,0.04725682228772464,319,D-post-hoc-diagnostic
report-json,339,fedavg__peer-present,appchina,leadbolt,2110,712,8.883288383483887,0.1952247191011236,0.042180094786729856,0.2148876404494382,0.1952247191011236,0.042180094786729856,712,D-post-hoc-diagnostic
report-json,339,fedavg__peer-present,appchina,revmob,2110,537,8.883288383483887,0.2383612662942272,0.042180094786729856,0.27001862197392923,0.2383612662942272,0.042180094786729856,537,D-post-hoc-diagnostic
report-json,339,fedavg__peer-present,play-late,hiddad,44328,220,1.4590853452682495,0.34545454545454546,0.05111893160079408,0.3409090909090909,0.34545454545454546,0.05111893160079408,220,D-post-hoc-diagnostic
report-json,339,fedavg__family-absent-everywhere,anzhi,dowgin,1864,2813,13.072890281677246,0.203697120511909,0.04667381974248927,0.21258442943476716,0.203697120511909,0.04667381974248927,2813,D-post-hoc-diagnostic
report-json,339,fedavg__family-absent-everywhere,appchina,airpush,2110,1581,7.885417938232422,0.12333965844402277,0.05165876777251185,0.116382036685642,0.12333965844402277,0.05165876777251185,1581,D-post-hoc-diagnostic
report-json,339,fedavg__family-absent-everywhere,play-early,gappusin,31551,519,3.109952449798584,0.33911368015414256,0.04424582422110234,0.3468208092485549,0.33911368015414256,0.04424582422110234,519,D-post-hoc-diagnostic
report-json,339,fedavg__family-absent-everywhere,play-early,adwo,31551,319,3.109952449798584,0.2664576802507837,0.04424582422110234,0.28213166144200624,0.2664576802507837,0.04424582422110234,319,D-post-hoc-diagnostic
report-json,339,fedavg__family-absent-everywhere,appchina,leadbolt,2110,712,7.885417938232422,0.06741573033707865,0.05165876777251185,0.060393258426966294,0.06741573033707865,0.05165876777251185,712,D-post-hoc-diagnostic
report-json,339,fedavg__family-absent-everywhere,appchina,revmob,2110,537,7.885417938232422,0.14711359404096835,0.05165876777251185,0.13966480446927373,0.14711359404096835,0.05165876777251185,537,D-post-hoc-diagnostic
report-json,339,fedavg__family-absent-everywhere,play-late,hiddad,44328,220,0.8565464019775391,0.33181818181818185,0.04976538530951092,0.33636363636363636,0.33181818181818185,0.04976538530951092,220,D-post-hoc-diagnostic
