experiment,seed,salt,learner,condition,dose,parameter,tuning_value,phase,client,records,first_loss,final_loss,nonfinite_batches,parameters_finite,flagged,calibration_auroc
exact-effective-dose-primary,310,0,central,exact-dose,10,,,scorer,,20,0.28904604404530626,0.025885592115686296,0,true,false,0.9254246330765397
exact-effective-dose-primary,310,0,central,peer-present,,,,scorer,,20,0.29660153896250624,0.02900049534249813,0,true,false,0.9247202294702412
exact-effective-dose-primary,310,0,central,exact-dose,200,,,scorer,,20,0.3109974759690305,0.026995793302008447,0,true,false,0.9327816415013651
exact-effective-dose-primary,310,0,central,exact-dose,100,,,scorer,,20,0.3005275117590072,0.02744932884865619,0,true,false,0.9301575568577295
exact-effective-dose-primary,310,0,central,exact-dose,50,,,scorer,,20,0.2946614813297353,0.02676607446467623,0,true,false,0.928660908071094
exact-effective-dose-primary,310,0,central,exact-dose,0,,,scorer,,20,0.2870596621898895,0.024669484889253655,0,true,false,0.9207482238998793
exact-effective-dose-primary,310,0,central,family-absent-everywhere,,,,scorer,,20,0.2870596621898895,0.024669484889253655,0,true,false,0.9207482238998793
exact-effective-dose-primary,310,0,central,exact-dose,25,,,scorer,,20,0.2906331204353495,0.02441155656855157,0,true,false,0.9282675067379675
exact-effective-dose-primary,310,0,fedavg,exact-dose,25,,,federated-client,appchina,40,0.4540942112604777,0.08186754087607066,0,true,false,0.9159210447184384
exact-effective-dose-primary,310,0,fedavg,exact-dose,50,,,federated-client,play-early,40,0.5125712553660074,0.07338798542817433,0,true,false,0.9191849236567116
exact-effective-dose-primary,310,0,fedavg,family-absent-everywhere,,,,federated-client,play-early,40,0.49850308895111084,0.07037786146004994,0,true,false,0.9079184104166518
exact-effective-dose-primary,310,0,fedavg,family-absent-everywhere,,,,federated-client,play-late,40,0.2949431538581848,0.0304138387242953,0,true,false,0.9079184104166518
exact-effective-dose-primary,310,0,fedavg,family-absent-everywhere,,,,federated-client,anzhi,40,0.4669370651245117,0.07390695810317993,0,true,false,0.9079184104166518
exact-effective-dose-primary,310,0,fedavg,family-absent-everywhere,,,,federated-client,appchina,40,0.4547910690307617,0.08692337075869243,0,true,false,0.9079184104166518
exact-effective-dose-primary,310,0,fedavg,peer-present,,,,federated-client,play-late,40,0.2993815541267395,0.024377902348836262,0,true,false,0.9184434727469784
exact-effective-dose-primary,310,0,fedavg,exact-dose,0,,,federated-client,play-early,40,0.49850308895111084,0.07037786146004994,0,true,false,0.9079184104166518
exact-effective-dose-primary,310,0,fedavg,exact-dose,0,,,federated-client,play-late,40,0.2949431538581848,0.0304138387242953,0,true,false,0.9079184104166518
exact-effective-dose-primary,310,0,fedavg,exact-dose,0,,,federated-client,anzhi,40,0.4669370651245117,0.07390695810317993,0,true,false,0.9079184104166518
exact-effective-dose-primary,310,0,fedavg,exact-dose,0,,,federated-client,appchina,40,0.4547910690307617,0.08692337075869243,0,true,false,0.9079184104166518
exact-effective-dose-primary,310,0,fedavg,exact-dose,200,,,federated-client,appchina,40,0.4511013428370158,0.07352331280708313,0,true,false,0.923152088188473
exact-effective-dose-primary,310,0,fedavg,exact-dose,10,,,federated-client,play-early,40,0.5014890829722086,0.07015426953633626,0,true,false,0.9107984627770654
exact-effective-dose-primary,310,0,fedavg,exact-dose,10,,,federated-client,play-late,40,0.29863186677296955,0.03192342817783356,0,true,false,0.9107984627770654
exact-effective-dose-primary,310,0,fedavg,exact-dose,10,,,federated-client,anzhi,40,0.46671875317891437,0.07207060853640239,0,true,false,0.9107984627770654
exact-effective-dose-primary,310,0,fedavg,exact-dose,10,,,federated-client,appchina,40,0.45387017726898193,0.08350249131520589,0,true,false,0.9107984627770654
exact-effective-dose-primary,310,0,fedavg,exact-dose,200,,,federated-client,anzhi,40,0.46573758125305176,0.06111437578996023,0,true,false,0.923152088188473
exact-effective-dose-primary,310,0,fedavg,exact-dose,25,,,federated-client,play-early,40,0.5038692156473795,0.07467606166998546,0,true,false,0.9159210447184384
exact-effective-dose-primary,310,0,fedavg,exact-dose,25,,,federated-client,play-late,40,0.30434759457906085,0.030908924837907154,0,true,false,0.9159210447184384
exact-effective-dose-primary,310,0,fedavg,exact-dose,25,,,federated-client,anzhi,40,0.4667174418767293,0.06956929961840312,0,true,false,0.9159210447184384
exact-effective-dose-primary,310,0,fedavg,exact-dose,200,,,federated-client,play-late,40,0.34735528628031415,0.0329606831073761,0,true,false,0.923152088188473
exact-effective-dose-primary,310,0,fedavg,exact-dose,200,,,federated-client,play-early,40,0.5386209885279337,0.075094868739446,0,true,false,0.923152088188473
exact-effective-dose-primary,310,0,fedavg,peer-present,,,,federated-client,play-early,40,0.5081787109375,0.07192120949427287,0,true,false,0.9184434727469784
exact-effective-dose-primary,310,0,fedavg,peer-present,,,,federated-client,anzhi,40,0.4753756920496623,0.0678749680519104,0,true,false,0.9184434727469784
exact-effective-dose-primary,310,0,fedavg,exact-dose,50,,,federated-client,play-late,40,0.31371907393137616,0.029524194697539013,0,true,false,0.9191849236567116
exact-effective-dose-primary,310,0,fedavg,exact-dose,50,,,federated-client,anzhi,40,0.4659131368001302,0.06572268903255463,0,true,false,0.9191849236567116
exact-effective-dose-primary,310,0,fedavg,exact-dose,50,,,federated-client,appchina,40,0.45321818192799884,0.07949739197889964,0,true,false,0.9191849236567116
exact-effective-dose-primary,310,0,fedavg,exact-dose,100,,,federated-client,appchina,40,0.45325454076131183,0.08099435766537984,0,true,false,0.9200176394158479
exact-effective-dose-primary,310,0,fedavg,peer-present,,,,federated-client,appchina,40,0.43998344739278156,0.07479986548423767,0,true,false,0.9184434727469784
exact-effective-dose-primary,310,0,fedavg,exact-dose,100,,,federated-client,play-early,40,0.5211021105448405,0.0736970454454422,0,true,false,0.9200176394158479
exact-effective-dose-primary,310,0,fedavg,exact-dose,100,,,federated-client,play-late,40,0.3258427381515503,0.032586343586444855,0,true,false,0.9200176394158479
exact-effective-dose-primary,310,0,fedavg,exact-dose,100,,,federated-client,anzhi,40,0.46548207600911456,0.06570454438527425,0,true,false,0.9200176394158479
exact-effective-dose-primary,310,0,fedavg,exact-dose,50,,,federated-global,,20,0.26229597131411236,0.0620330652842919,0,true,false,0.9191849236567116
exact-effective-dose-primary,310,0,fedavg,exact-dose,100,,,federated-global,,20,0.2678876469532649,0.06324557277063529,0,true,false,0.9200176394158479
exact-effective-dose-primary,310,0,fedavg,peer-present,,,,federated-global,,20,0.2581797142823537,0.0597434863448143,0,true,false,0.9184434727469784
exact-effective-dose-primary,310,0,fedavg,exact-dose,25,,,federated-global,,20,0.25795429199934006,0.06425545675059159,0,true,false,0.9159210447184384
exact-effective-dose-primary,310,0,fedavg,exact-dose,10,,,federated-global,,20,0.25527501106262207,0.06441269939144452,0,true,false,0.9107984627770654
exact-effective-dose-primary,310,0,fedavg,exact-dose,0,,,federated-global,,20,0.25307266414165497,0.0654055072615544,0,true,false,0.9079184104166518
exact-effective-dose-primary,310,0,fedavg,exact-dose,200,,,federated-global,,20,0.2761327177286148,0.06067331011096636,0,true,false,0.923152088188473
exact-effective-dose-primary,310,0,fedavg,family-absent-everywhere,,,,federated-global,,20,0.25307266414165497,0.0654055072615544,0,true,false,0.9079184104166518
exact-effective-dose-primary,311,0,central,exact-dose,10,,,scorer,,20,0.29384862615707075,0.033315864015132826,0,true,false,0.9263629444659465
exact-effective-dose-primary,311,0,central,peer-present,,,,scorer,,20,0.3009885828545753,0.03483797895147445,0,true,false,0.9305377447859723
exact-effective-dose-primary,311,0,central,exact-dose,200,,,scorer,,20,0.313066340507345,0.03495407358128974,0,true,false,0.9364573210249926
exact-effective-dose-primary,311,0,central,exact-dose,100,,,scorer,,20,0.30760235482073844,0.03410742637958932,0,true,false,0.9351579593857907
exact-effective-dose-primary,311,0,central,exact-dose,50,,,scorer,,20,0.30013384717576047,0.033730826479323364,0,true,false,0.9298678148679228
exact-effective-dose-primary,311,0,central,exact-dose,0,,,scorer,,20,0.2917921188029837,0.03293651469210361,0,true,false,0.9214956744475017
exact-effective-dose-primary,311,0,central,family-absent-everywhere,,,,scorer,,20,0.2917921188029837,0.03293651469210361,0,true,false,0.9214956744475017
exact-effective-dose-primary,311,0,central,exact-dose,25,,,scorer,,20,0.2973895986029442,0.033607196300587755,0,true,false,0.9299638990765953
exact-effective-dose-primary,311,0,fedavg,peer-present,,,,federated-client,appchina,40,0.46638671557108563,0.09039932489395142,0,true,false,0.9222049485049376
exact-effective-dose-primary,311,0,fedavg,exact-dose,50,,,federated-client,play-early,40,0.5216011206309,0.08231862882773082,0,true,false,0.922129147626321
exact-effective-dose-primary,311,0,fedavg,family-absent-everywhere,,,,federated-client,play-early,40,0.508737842241923,0.0809203286965688,0,true,false,0.9064595131685569
exact-effective-dose-primary,311,0,fedavg,family-absent-everywhere,,,,federated-client,play-late,40,0.31585079431533813,0.028572551906108856,0,true,false,0.9064595131685569
exact-effective-dose-primary,311,0,fedavg,family-absent-everywhere,,,,federated-client,anzhi,40,0.47374145189921063,0.08079563577969869,0,true,false,0.9064595131685569
exact-effective-dose-primary,311,0,fedavg,family-absent-everywhere,,,,federated-client,appchina,40,0.4755159219106038,0.09940942128499348,0,true,false,0.9064595131685569
exact-effective-dose-primary,311,0,fedavg,peer-present,,,,federated-client,play-late,40,0.3299717903137207,0.025532208383083344,0,true,false,0.9222049485049376
exact-effective-dose-primary,311,0,fedavg,exact-dose,0,,,federated-client,play-early,40,0.508737842241923,0.0809203286965688,0,true,false,0.9064595131685569
exact-effective-dose-primary,311,0,fedavg,exact-dose,0,,,federated-client,play-late,40,0.31585079431533813,0.028572551906108856,0,true,false,0.9064595131685569
exact-effective-dose-primary,311,0,fedavg,exact-dose,0,,,federated-client,anzhi,40,0.47374145189921063,0.08079563577969869,0,true,false,0.9064595131685569
exact-effective-dose-primary,311,0,fedavg,exact-dose,0,,,federated-client,appchina,40,0.4755159219106038,0.09940942128499348,0,true,false,0.9064595131685569
exact-effective-dose-primary,311,0,fedavg,exact-dose,200,,,federated-client,appchina,40,0.4711810350418091,0.08641903599103291,0,true,false,0.9262543632644897
exact-effective-dose-primary,311,0,fedavg,exact-dose,10,,,federated-client,play-early,40,0.5127575397491455,0.08427400390307109,0,true,false,0.9152407678685589
exact-effective-dose-primary,311,0,fedavg,exact-dose,10,,,federated-client,play-late,40,0.3201095461845398,0.02839500457048416,0,true,false,0.9152407678685589
exact-effective-dose-primary,311,0,fedavg,exact-dose,10,,,federated-client,anzhi,40,0.473808487256368,0.07812849183877309,0,true,false,0.9152407678685589
exact-effective-dose-primary,311,0,fedavg,exact-dose,10,,,federated-client,appchina,40,0.475040078163147,0.09762437144915263,0,true,false,0.9152407678685589
exact-effective-dose-primary,311,0,fedavg,exact-dose,200,,,federated-client,anzhi,40,0.4704950253168742,0.07711369295914967,0,true,false,0.9262543632644897
exact-effective-dose-primary,311,0,fedavg,exact-dose,25,,,federated-client,play-early,40,0.5160084168116251,0.08418769637743632,0,true,false,0.9174454479442996
exact-effective-dose-primary,311,0,fedavg,exact-dose,25,,,federated-client,play-late,40,0.3239867885907491,0.02991640567779541,0,true,false,0.9174454479442996
exact-effective-dose-primary,311,0,fedavg,exact-dose,25,,,federated-client,anzhi,40,0.47358906269073486,0.07729952534039815,0,true,false,0.9174454479442996
exact-effective-dose-primary,311,0,fedavg,exact-dose,25,,,federated-client,appchina,40,0.475072185198466,0.09236482779184978,0,true,false,0.9174454479442996
exact-effective-dose-primary,311,0,fedavg,exact-dose,200,,,federated-client,play-late,40,0.36465521653493244,0.028328766425450642,0,true,false,0.9262543632644897
exact-effective-dose-primary,311,0,fedavg,peer-present,,,,federated-client,play-early,40,0.5248761971791586,0.08294696112473805,0,true,false,0.9222049485049376
exact-effective-dose-primary,311,0,fedavg,exact-dose,200,,,federated-client,play-early,40,0.5471500158309937,0.08756293853123982,0,true,false,0.9262543632644897
exact-effective-dose-primary,311,0,fedavg,exact-dose,50,,,federated-client,play-late,40,0.33053988218307495,0.03052990386883418,0,true,false,0.922129147626321
exact-effective-dose-primary,311,0,fedavg,exact-dose,50,,,federated-client,anzhi,40,0.4738330841064453,0.0777423083782196,0,true,false,0.922129147626321
exact-effective-dose-primary,311,0,fedavg,exact-dose,50,,,federated-client,appchina,40,0.47491459051767987,0.09015663464864095,0,true,false,0.922129147626321
exact-effective-dose-primary,311,0,fedavg,peer-present,,,,federated-client,anzhi,40,0.46616872151692706,0.0847387711207072,0,true,false,0.9222049485049376
exact-effective-dose-primary,311,0,fedavg,exact-dose,100,,,federated-client,appchina,40,0.47381325562795,0.0899492899576823,0,true,false,0.9242381003786629
exact-effective-dose-primary,311,0,fedavg,exact-dose,100,,,federated-client,play-early,40,0.537062406539917,0.0863365928332011,0,true,false,0.9242381003786629
exact-effective-dose-primary,311,0,fedavg,exact-dose,100,,,federated-client,play-late,40,0.3482470115025838,0.03263357530037562,0,true,false,0.9242381003786629
exact-effective-dose-primary,311,0,fedavg,exact-dose,100,,,federated-client,anzhi,40,0.4718906084696452,0.07572008669376373,0,true,false,0.9242381003786629
exact-effective-dose-primary,311,0,fedavg,exact-dose,100,,,federated-global,,20,0.2769116808970769,0.07115988619625568,0,true,false,0.9242381003786629
exact-effective-dose-primary,311,0,fedavg,exact-dose,50,,,federated-global,,20,0.2705296153823535,0.07018686893085639,0,true,false,0.922129147626321
exact-effective-dose-primary,311,0,fedavg,peer-present,,,,federated-global,,20,0.2712632045149803,0.07090431638062,0,true,false,0.9222049485049376
exact-effective-dose-primary,311,0,fedavg,exact-dose,25,,,federated-global,,20,0.2651072045167287,0.07094211379686992,0,true,false,0.9174454479442996
exact-effective-dose-primary,311,0,fedavg,exact-dose,10,,,federated-global,,20,0.2620476633310318,0.07210546794037025,0,true,false,0.9152407678685589
exact-effective-dose-primary,311,0,fedavg,exact-dose,0,,,federated-global,,20,0.25916701058546704,0.07242448441684246,0,true,false,0.9064595131685569
exact-effective-dose-primary,311,0,fedavg,exact-dose,200,,,federated-global,,20,0.2836858083804448,0.06985610847671826,0,true,false,0.9262543632644897
exact-effective-dose-primary,311,0,fedavg,family-absent-everywhere,,,,federated-global,,20,0.25916701058546704,0.07242448441684246,0,true,false,0.9064595131685569
exact-effective-dose-primary,312,0,central,exact-dose,50,,,scorer,,20,0.2959261346370616,0.02608648513225799,0,true,false,0.9244793411814451
exact-effective-dose-primary,312,0,central,peer-present,,,,scorer,,20,0.29490328849630154,0.026602143936968865,0,true,false,0.9246303043027605
exact-effective-dose-primary,312,0,central,exact-dose,25,,,scorer,,20,0.2908781132799514,0.0246686504242268,0,true,false,0.923872328505409
exact-effective-dose-primary,312,0,central,exact-dose,200,,,scorer,,20,0.31227988385139627,0.027868111082848084,0,true,false,0.9309893989142844
exact-effective-dose-primary,312,0,central,exact-dose,100,,,scorer,,20,0.304186760111058,0.02966313159212153,0,true,false,0.9265845382548626
exact-effective-dose-primary,312,0,central,exact-dose,0,,,scorer,,20,0.28466504685422206,0.0245417483309482,0,true,false,0.9151052307924887
exact-effective-dose-primary,312,0,central,family-absent-everywhere,,,,scorer,,20,0.28466504685422206,0.0245417483309482,0,true,false,0.9151052307924887
exact-effective-dose-primary,312,0,central,exact-dose,10,,,scorer,,20,0.2868401547695728,0.023966266753825734,0,true,false,0.9236470352396747
exact-effective-dose-primary,312,0,fedavg,peer-present,,,,federated-client,appchina,40,0.45184771219889325,0.0652427723010381,0,true,false,0.9185662532890216
exact-effective-dose-primary,312,0,fedavg,exact-dose,25,,,federated-client,appchina,40,0.45554661750793457,0.07454538345336914,0,true,false,0.9174577495944197
exact-effective-dose-primary,312,0,fedavg,peer-present,,,,federated-client,anzhi,40,0.4663711388905843,0.08144061764081319,0,true,false,0.9185662532890216
exact-effective-dose-primary,312,0,fedavg,peer-present,,,,federated-client,play-early,40,0.5128912925720215,0.06554819643497467,0,true,false,0.9185662532890216
exact-effective-dose-primary,312,0,fedavg,peer-present,,,,federated-client,play-late,40,0.3264721830685933,0.025277895232041676,0,true,false,0.9185662532890216
exact-effective-dose-primary,312,0,fedavg,family-absent-everywhere,,,,federated-client,play-early,40,0.4737188418706258,0.06237332026163737,0,true,false,0.9064155776355168
exact-effective-dose-primary,312,0,fedavg,family-absent-everywhere,,,,federated-client,play-late,40,0.30144912004470825,0.0329272523522377,0,true,false,0.9064155776355168
exact-effective-dose-primary,312,0,fedavg,family-absent-everywhere,,,,federated-client,anzhi,40,0.46808791160583496,0.08376264572143555,0,true,false,0.9064155776355168
exact-effective-dose-primary,312,0,fedavg,family-absent-everywhere,,,,federated-client,appchina,40,0.45423654715220135,0.07894363502661388,0,true,false,0.9064155776355168
exact-effective-dose-primary,312,0,fedavg,exact-dose,200,,,federated-client,appchina,40,0.4565102656682332,0.06495959063371022,0,true,false,0.9245688870293329
exact-effective-dose-primary,312,0,fedavg,exact-dose,0,,,federated-client,play-early,40,0.4737188418706258,0.06237332026163737,0,true,false,0.9064155776355168
exact-effective-dose-primary,312,0,fedavg,exact-dose,0,,,federated-client,play-late,40,0.30144912004470825,0.0329272523522377,0,true,false,0.9064155776355168
exact-effective-dose-primary,312,0,fedavg,exact-dose,0,,,federated-client,anzhi,40,0.46808791160583496,0.08376264572143555,0,true,false,0.9064155776355168
exact-effective-dose-primary,312,0,fedavg,exact-dose,0,,,federated-client,appchina,40,0.45423654715220135,0.07894363502661388,0,true,false,0.9064155776355168
exact-effective-dose-primary,312,0,fedavg,exact-dose,200,,,federated-client,anzhi,40,0.46834878126780194,0.06744010249773662,0,true,false,0.9245688870293329
exact-effective-dose-primary,312,0,fedavg,exact-dose,10,,,federated-client,play-early,40,0.4779547055562337,0.06020095447699229,0,true,false,0.9130176922949181
exact-effective-dose-primary,312,0,fedavg,exact-dose,10,,,federated-client,play-late,40,0.30260111888249713,0.030988477170467377,0,true,false,0.9130176922949181
exact-effective-dose-primary,312,0,fedavg,exact-dose,10,,,federated-client,anzhi,40,0.46779616673787433,0.07920657594998677,0,true,false,0.9130176922949181
exact-effective-dose-primary,312,0,fedavg,exact-dose,10,,,federated-client,appchina,40,0.45443475246429443,0.07512572904427846,0,true,false,0.9130176922949181
exact-effective-dose-primary,312,0,fedavg,exact-dose,200,,,federated-client,play-late,40,0.34575366973876953,0.03198471417029699,0,true,false,0.9245688870293329
exact-effective-dose-primary,312,0,fedavg,exact-dose,25,,,federated-client,play-early,40,0.48359374205271405,0.06584042310714722,0,true,false,0.9174577495944197
exact-effective-dose-primary,312,0,fedavg,exact-dose,25,,,federated-client,play-late,40,0.3077065547307332,0.03374728560447693,0,true,false,0.9174577495944197
exact-effective-dose-primary,312,0,fedavg,exact-dose,25,,,federated-client,anzhi,40,0.4677429993947347,0.07829843958218892,0,true,false,0.9174577495944197
exact-effective-dose-primary,312,0,fedavg,exact-dose,200,,,federated-client,play-early,40,0.5231462717056274,0.06477057933807373,0,true,false,0.9245688870293329
exact-effective-dose-primary,312,0,fedavg,exact-dose,100,,,federated-client,appchina,40,0.45688581466674805,0.06989700098832448,0,true,false,0.9227454206319993
exact-effective-dose-primary,312,0,fedavg,exact-dose,50,,,federated-client,play-early,40,0.48811904589335126,0.06519989669322968,0,true,false,0.9188115423339398
exact-effective-dose-primary,312,0,fedavg,exact-dose,50,,,federated-client,play-late,40,0.3136337796847026,0.030789474646250408,0,true,false,0.9188115423339398
exact-effective-dose-primary,312,0,fedavg,exact-dose,50,,,federated-client,anzhi,40,0.46721263726552326,0.07481244206428528,0,true,false,0.9188115423339398
exact-effective-dose-primary,312,0,fedavg,exact-dose,50,,,federated-client,appchina,40,0.4559316635131836,0.07404543459415436,0,true,false,0.9188115423339398
exact-effective-dose-primary,312,0,fedavg,exact-dose,100,,,federated-client,anzhi,40,0.46782581011454266,0.07129652301470439,0,true,false,0.9227454206319993
exact-effective-dose-primary,312,0,fedavg,exact-dose,100,,,federated-client,play-early,40,0.5037091970443726,0.06603914002577464,0,true,false,0.9227454206319993
exact-effective-dose-primary,312,0,fedavg,exact-dose,100,,,federated-client,play-late,40,0.33068029085795086,0.029672488570213318,0,true,false,0.9227454206319993
exact-effective-dose-primary,312,0,fedavg,exact-dose,50,,,federated-global,,20,0.2532820552587509,0.06121181199947993,0,true,false,0.9188115423339398
exact-effective-dose-primary,312,0,fedavg,exact-dose,25,,,federated-global,,20,0.24915293355782828,0.06310788293679555,0,true,false,0.9174577495944197
exact-effective-dose-primary,312,0,fedavg,exact-dose,100,,,federated-global,,20,0.2619657615820567,0.059226288149754204,0,true,false,0.9227454206319993
exact-effective-dose-primary,312,0,fedavg,exact-dose,10,,,federated-global,,20,0.24625435968240103,0.06138043416043123,0,true,false,0.9130176922949181
exact-effective-dose-primary,312,0,fedavg,exact-dose,0,,,federated-global,,20,0.24337696532408395,0.06450171334048112,0,true,false,0.9064155776355168
exact-effective-dose-primary,312,0,fedavg,family-absent-everywhere,,,,federated-global,,20,0.24337696532408395,0.06450171334048112,0,true,false,0.9064155776355168
exact-effective-dose-primary,312,0,fedavg,exact-dose,200,,,federated-global,,20,0.2697916626930237,0.05728874665995439,0,true,false,0.9245688870293329
exact-effective-dose-primary,312,0,fedavg,peer-present,,,,federated-global,,20,0.2598791991670926,0.05937737040221691,0,true,false,0.9185662532890216
exact-effective-dose-primary,313,0,central,exact-dose,0,,,scorer,,20,0.28177642822265625,0.031202640939266123,0,true,false,0.9144507280252601
exact-effective-dose-primary,313,0,central,peer-present,,,,scorer,,20,0.28744811200081033,0.030637801961695896,0,true,false,0.9243629688663394
exact-effective-dose-primary,313,0,central,exact-dose,200,,,scorer,,20,0.3074038282353827,0.0354095088674667,0,true,false,0.9359459297270223
exact-effective-dose-primary,313,0,central,exact-dose,100,,,scorer,,20,0.2983627522245367,0.03588727687267547,0,true,false,0.929375784548164
exact-effective-dose-primary,313,0,central,exact-dose,50,,,scorer,,20,0.2915431083516872,0.032625512873872796,0,true,false,0.9273612425699053
exact-effective-dose-primary,313,0,central,exact-dose,25,,,scorer,,20,0.28713309511225277,0.0331585483348116,0,true,false,0.9258272371966519
exact-effective-dose-primary,313,0,central,exact-dose,10,,,scorer,,20,0.2845781813276575,0.03230832485442466,0,true,false,0.9210734793758899
exact-effective-dose-primary,313,0,central,family-absent-everywhere,,,,scorer,,20,0.28177642822265625,0.031202640939266123,0,true,false,0.9144507280252601
exact-effective-dose-primary,313,0,fedavg,family-absent-everywhere,,,,federated-client,play-early,40,0.4863655964533488,0.06853878498077393,0,true,false,0.8974252189363181
exact-effective-dose-primary,313,0,fedavg,exact-dose,50,,,federated-client,play-early,40,0.5042493343353271,0.0733011116584142,0,true,false,0.9064076714678566
exact-effective-dose-primary,313,0,fedavg,family-absent-everywhere,,,,federated-client,appchina,40,0.47377610206604004,0.09850499033927917,0,true,false,0.8974252189363181
exact-effective-dose-primary,313,0,fedavg,peer-present,,,,federated-client,play-early,40,0.4971155325571696,0.07699294884999593,0,true,false,0.9085835694695031
exact-effective-dose-primary,313,0,fedavg,family-absent-everywhere,,,,federated-client,play-late,40,0.28785741329193115,0.030961771806081135,0,true,false,0.8974252189363181
exact-effective-dose-primary,313,0,fedavg,exact-dose,0,,,federated-client,play-early,40,0.4863655964533488,0.06853878498077393,0,true,false,0.8974252189363181
exact-effective-dose-primary,313,0,fedavg,exact-dose,0,,,federated-client,play-late,40,0.28785741329193115,0.030961771806081135,0,true,false,0.8974252189363181
exact-effective-dose-primary,313,0,fedavg,exact-dose,0,,,federated-client,anzhi,40,0.48261964321136475,0.08329109350840251,0,true,false,0.8974252189363181
exact-effective-dose-primary,313,0,fedavg,exact-dose,0,,,federated-client,appchina,40,0.47377610206604004,0.09850499033927917,0,true,false,0.8974252189363181
exact-effective-dose-primary,313,0,fedavg,exact-dose,200,,,federated-client,appchina,40,0.47096041838328045,0.08660422762235005,0,true,false,0.9089468936048529
exact-effective-dose-primary,313,0,fedavg,exact-dose,200,,,federated-client,anzhi,40,0.4819955825805664,0.07163671155770619,0,true,false,0.9089468936048529
exact-effective-dose-primary,313,0,fedavg,exact-dose,10,,,federated-client,play-early,40,0.4911707639694214,0.07543673117955525,0,true,false,0.9039583387848896
exact-effective-dose-primary,313,0,fedavg,exact-dose,10,,,federated-client,play-late,40,0.2946931719779968,0.03158568342526754,0,true,false,0.9039583387848896
exact-effective-dose-primary,313,0,fedavg,exact-dose,10,,,federated-client,anzhi,40,0.48266613483428955,0.07857932647069295,0,true,false,0.9039583387848896
exact-effective-dose-primary,313,0,fedavg,exact-dose,10,,,federated-client,appchina,40,0.47351141770680744,0.0959692398707072,0,true,false,0.9039583387848896
exact-effective-dose-primary,313,0,fedavg,exact-dose,200,,,federated-client,play-late,40,0.33496276537577313,0.030864226321379345,0,true,false,0.9089468936048529
exact-effective-dose-primary,313,0,fedavg,exact-dose,200,,,federated-client,play-early,40,0.5284426212310791,0.0723830908536911,0,true,false,0.9089468936048529
exact-effective-dose-primary,313,0,fedavg,exact-dose,25,,,federated-client,play-early,40,0.49420487880706787,0.07353360454241435,0,true,false,0.9055414293483396
exact-effective-dose-primary,313,0,fedavg,exact-dose,25,,,federated-client,play-late,40,0.2955610354741414,0.03035261482000351,0,true,false,0.9055414293483396
exact-effective-dose-primary,313,0,fedavg,exact-dose,25,,,federated-client,anzhi,40,0.48281288146972656,0.0795458157857259,0,true,false,0.9055414293483396
exact-effective-dose-primary,313,0,fedavg,exact-dose,25,,,federated-client,appchina,40,0.4718713363011678,0.09579067428906758,0,true,false,0.9055414293483396
exact-effective-dose-primary,313,0,fedavg,peer-present,,,,federated-client,play-late,40,0.2820972800254822,0.027824506163597107,0,true,false,0.9085835694695031
exact-effective-dose-primary,313,0,fedavg,peer-present,,,,federated-client,appchina,40,0.4653252363204956,0.09498677651087443,0,true,false,0.9085835694695031
exact-effective-dose-primary,313,0,fedavg,family-absent-everywhere,,,,federated-client,anzhi,40,0.48261964321136475,0.08329109350840251,0,true,false,0.8974252189363181
exact-effective-dose-primary,313,0,fedavg,exact-dose,50,,,federated-client,play-late,40,0.30096517006556195,0.030933988591035206,0,true,false,0.9064076714678566
exact-effective-dose-primary,313,0,fedavg,exact-dose,50,,,federated-client,anzhi,40,0.48328860600789386,0.07676864663759868,0,true,false,0.9064076714678566
exact-effective-dose-primary,313,0,fedavg,exact-dose,50,,,federated-client,appchina,40,0.47208372751871747,0.09399791558583577,0,true,false,0.9064076714678566
exact-effective-dose-primary,313,0,fedavg,exact-dose,100,,,federated-client,appchina,40,0.472658634185791,0.09246880809466045,0,true,false,0.9075056974504702
exact-effective-dose-primary,313,0,fedavg,peer-present,,,,federated-client,anzhi,40,0.4274728298187256,0.051799073815345764,0,true,false,0.9085835694695031
exact-effective-dose-primary,313,0,fedavg,exact-dose,100,,,federated-client,play-early,40,0.5160091320673624,0.07298121352990468,0,true,false,0.9075056974504702
exact-effective-dose-primary,313,0,fedavg,exact-dose,100,,,federated-client,play-late,40,0.31295184294382733,0.034349304934342705,0,true,false,0.9075056974504702
exact-effective-dose-primary,313,0,fedavg,exact-dose,100,,,federated-client,anzhi,40,0.4833140770594279,0.0755369911591212,0,true,false,0.9075056974504702
exact-effective-dose-primary,313,0,fedavg,exact-dose,50,,,federated-global,,20,0.2656080350279808,0.06875041561822097,0,true,false,0.9064076714678566
exact-effective-dose-primary,313,0,fedavg,exact-dose,100,,,federated-global,,20,0.2728559921185176,0.06883407942950726,0,true,false,0.9075056974504702
exact-effective-dose-primary,313,0,fedavg,exact-dose,25,,,federated-global,,20,0.2606110100944837,0.06980567735930283,0,true,false,0.9055414293483396
exact-effective-dose-primary,313,0,fedavg,peer-present,,,,federated-global,,20,0.24611070255438486,0.06290082633495331,0,true,false,0.9085835694695031
exact-effective-dose-primary,313,0,fedavg,exact-dose,10,,,federated-global,,20,0.25723758588234585,0.07039274523655574,0,true,false,0.9039583387848896
exact-effective-dose-primary,313,0,fedavg,exact-dose,0,,,federated-global,,20,0.25337444990873337,0.07032416015863419,0,true,false,0.8974252189363181
exact-effective-dose-primary,313,0,fedavg,exact-dose,200,,,federated-global,,20,0.2801012098789215,0.06537206408878167,0,true,false,0.9089468936048529
exact-effective-dose-primary,313,0,fedavg,family-absent-everywhere,,,,federated-global,,20,0.25337444990873337,0.07032416015863419,0,true,false,0.8974252189363181
exact-effective-dose-primary,314,0,central,exact-dose,200,,,scorer,,20,0.3057805528032019,0.0314021110534668,0,true,false,0.9326595794414453
exact-effective-dose-primary,314,0,central,peer-present,,,,scorer,,20,0.2912436749072785,0.026997477450269335,0,true,false,0.9287151086259482
exact-effective-dose-primary,314,0,central,family-absent-everywhere,,,,scorer,,20,0.28457162735310004,0.025945886652520362,0,true,false,0.9041987918146704
exact-effective-dose-primary,314,0,central,exact-dose,0,,,scorer,,20,0.28457162735310004,0.025945886652520362,0,true,false,0.9041987918146704
exact-effective-dose-primary,314,0,central,exact-dose,10,,,scorer,,20,0.286002443191853,0.02710996536498374,0,true,false,0.9130534079873088
exact-effective-dose-primary,314,0,central,exact-dose,25,,,scorer,,20,0.2887135972367956,0.027806441834632385,0,true,false,0.9199571994950002
exact-effective-dose-primary,314,0,central,exact-dose,50,,,scorer,,20,0.29160840460594667,0.027915901326118632,0,true,false,0.9285034042724138
exact-effective-dose-primary,314,0,central,exact-dose,100,,,scorer,,20,0.29713042238925363,0.027508367883398176,0,true,false,0.9280617363095492
exact-effective-dose-primary,314,0,fedavg,exact-dose,25,,,federated-client,anzhi,40,0.4612199862798055,0.08572107553482056,0,true,false,0.9142433897133827
exact-effective-dose-primary,314,0,fedavg,exact-dose,0,,,federated-client,play-early,40,0.49947333335876465,0.07683669030666351,0,true,false,0.9016353506218016
exact-effective-dose-primary,314,0,fedavg,peer-present,,,,federated-client,play-early,40,0.5192408959070841,0.07386376957098643,0,true,false,0.9202301370718621
exact-effective-dose-primary,314,0,fedavg,peer-present,,,,federated-client,play-late,40,0.3389532168706258,0.03946619977553686,0,true,false,0.9202301370718621
exact-effective-dose-primary,314,0,fedavg,peer-present,,,,federated-client,anzhi,40,0.46265411376953125,0.0819271057844162,0,true,false,0.9202301370718621
exact-effective-dose-primary,314,0,fedavg,exact-dose,200,,,federated-client,appchina,40,0.46070293585459393,0.0652977575858434,0,true,false,0.9231090952793085
exact-effective-dose-primary,314,0,fedavg,exact-dose,200,,,federated-client,anzhi,40,0.4591502745946248,0.08426107962926228,0,true,false,0.9231090952793085
exact-effective-dose-primary,314,0,fedavg,exact-dose,200,,,federated-client,play-late,40,0.3797474304835002,0.03871087233225504,0,true,false,0.9231090952793085
exact-effective-dose-primary,314,0,fedavg,exact-dose,200,,,federated-client,play-early,40,0.5369289716084799,0.07551894585291545,0,true,false,0.9231090952793085
exact-effective-dose-primary,314,0,fedavg,peer-present,,,,federated-client,appchina,40,0.4548381169637044,0.07073299090067546,0,true,false,0.9202301370718621
exact-effective-dose-primary,314,0,fedavg,exact-dose,100,,,federated-client,appchina,40,0.4670144319534302,0.06994406878948212,0,true,false,0.9213149959372352
exact-effective-dose-primary,314,0,fedavg,exact-dose,100,,,federated-client,anzhi,40,0.46058205763498944,0.08350835243860881,0,true,false,0.9213149959372352
exact-effective-dose-primary,314,0,fedavg,exact-dose,100,,,federated-client,play-late,40,0.3557674090067546,0.0396278922756513,0,true,false,0.9213149959372352
exact-effective-dose-primary,314,0,fedavg,exact-dose,100,,,federated-client,play-early,40,0.524087150891622,0.07649217545986176,0,true,false,0.9213149959372352
exact-effective-dose-primary,314,0,fedavg,family-absent-everywhere,,,,federated-client,play-early,40,0.49947333335876465,0.07683669030666351,0,true,false,0.9016353506218016
exact-effective-dose-primary,314,0,fedavg,exact-dose,50,,,federated-client,appchina,40,0.4673733313878377,0.07415617505709331,0,true,false,0.9188723639893345
exact-effective-dose-primary,314,0,fedavg,exact-dose,50,,,federated-client,anzhi,40,0.4613705078760783,0.08286134898662567,0,true,false,0.9188723639893345
exact-effective-dose-primary,314,0,fedavg,exact-dose,50,,,federated-client,play-late,40,0.34424110253651935,0.041607216000556946,0,true,false,0.9188723639893345
exact-effective-dose-primary,314,0,fedavg,exact-dose,50,,,federated-client,play-early,40,0.5131057898203532,0.08230015635490417,0,true,false,0.9188723639893345
exact-effective-dose-primary,314,0,fedavg,family-absent-everywhere,,,,federated-client,play-late,40,0.3243132034937541,0.04107177754243215,0,true,false,0.9016353506218016
exact-effective-dose-primary,314,0,fedavg,exact-dose,25,,,federated-client,appchina,40,0.46745145320892334,0.08069946368535359,0,true,false,0.9142433897133827
exact-effective-dose-primary,314,0,fedavg,family-absent-everywhere,,,,federated-client,anzhi,40,0.462355375289917,0.0858386754989624,0,true,false,0.9016353506218016
exact-effective-dose-primary,314,0,fedavg,exact-dose,25,,,federated-client,play-late,40,0.3353104591369629,0.04081928233305613,0,true,false,0.9142433897133827
exact-effective-dose-primary,314,0,fedavg,exact-dose,25,,,federated-client,play-early,40,0.5062949657440186,0.07996992270151775,0,true,false,0.9142433897133827
exact-effective-dose-primary,314,0,fedavg,family-absent-everywhere,,,,federated-client,appchina,40,0.4672427574793498,0.08082884053389232,0,true,false,0.9016353506218016
exact-effective-dose-primary,314,0,fedavg,exact-dose,10,,,federated-client,appchina,40,0.46744394302368164,0.0816286454598109,0,true,false,0.9054128558391884
exact-effective-dose-primary,314,0,fedavg,exact-dose,10,,,federated-client,anzhi,40,0.4614638884862264,0.08483380079269409,0,true,false,0.9054128558391884
exact-effective-dose-primary,314,0,fedavg,exact-dose,10,,,federated-client,play-late,40,0.3284520705540975,0.04185862839221954,0,true,false,0.9054128558391884
exact-effective-dose-primary,314,0,fedavg,exact-dose,10,,,federated-client,play-early,40,0.5016942421595255,0.08027748763561249,0,true,false,0.9054128558391884
exact-effective-dose-primary,314,0,fedavg,exact-dose,0,,,federated-client,appchina,40,0.4672427574793498,0.08082884053389232,0,true,false,0.9016353506218016
exact-effective-dose-primary,314,0,fedavg,exact-dose,0,,,federated-client,anzhi,40,0.462355375289917,0.0858386754989624,0,true,false,0.9016353506218016
exact-effective-dose-primary,314,0,fedavg,exact-dose,0,,,federated-client,play-late,40,0.3243132034937541,0.04107177754243215,0,true,false,0.9016353506218016
exact-effective-dose-primary,314,0,fedavg,exact-dose,10,,,federated-global,,20,0.25379207730293274,0.07214964057008426,0,true,false,0.9054128558391884
exact-effective-dose-primary,314,0,fedavg,exact-dose,0,,,federated-global,,20,0.25184083729982376,0.0711439959704876,0,true,false,0.9016353506218016
exact-effective-dose-primary,314,0,fedavg,family-absent-everywhere,,,,federated-global,,20,0.25184083729982376,0.0711439959704876,0,true,false,0.9016353506218016
exact-effective-dose-primary,314,0,fedavg,exact-dose,25,,,federated-global,,20,0.25767222543557483,0.07180243606368701,0,true,false,0.9142433897133827
exact-effective-dose-primary,314,0,fedavg,peer-present,,,,federated-global,,20,0.2634412894646327,0.06649751650790374,0,true,false,0.9202301370718621
exact-effective-dose-primary,314,0,fedavg,exact-dose,50,,,federated-global,,20,0.26110751430193585,0.07023122409979503,0,true,false,0.9188723639893345
exact-effective-dose-primary,314,0,fedavg,exact-dose,100,,,federated-global,,20,0.26938099165757495,0.067393122240901,0,true,false,0.9213149959372352
exact-effective-dose-primary,314,0,fedavg,exact-dose,200,,,federated-global,,20,0.27447234590848285,0.06594716385006905,0,true,false,0.9231090952793085
exact-effective-dose-primary,315,0,central,exact-dose,0,,,scorer,,20,0.2842341078088639,0.02528607338032824,0,true,false,0.9219483739970423
exact-effective-dose-primary,315,0,central,exact-dose,200,,,scorer,,20,0.3058586120605469,0.027709666718827918,0,true,false,0.9371623499898826
exact-effective-dose-primary,315,0,central,exact-dose,100,,,scorer,,20,0.2996038883290392,0.02657351088016591,0,true,false,0.9357407730623107
exact-effective-dose-primary,315,0,central,exact-dose,50,,,scorer,,20,0.29306675525421794,0.027706886859650306,0,true,false,0.9325277551702084
exact-effective-dose-primary,315,0,central,exact-dose,25,,,scorer,,20,0.2890424931302984,0.02751804919953042,0,true,false,0.9296746136717186
exact-effective-dose-primary,315,0,central,exact-dose,10,,,scorer,,20,0.2864245759679916,0.028513357994404246,0,true,false,0.9263903968773161
exact-effective-dose-primary,315,0,central,family-absent-everywhere,,,,scorer,,20,0.2842341078088639,0.02528607338032824,0,true,false,0.9219483739970423
exact-effective-dose-primary,315,0,central,peer-present,,,,scorer,,20,0.2934139738691614,0.026639981472745856,0,true,false,0.9324234596076973
exact-effective-dose-primary,315,0,fedavg,exact-dose,10,,,federated-client,appchina,40,0.4455087184906006,0.07106574376424153,0,true,false,0.9148050807633604
exact-effective-dose-primary,315,0,fedavg,peer-present,,,,federated-client,anzhi,40,0.41549352804819745,0.06215070188045502,0,true,false,0.922433925013014
exact-effective-dose-primary,315,0,fedavg,family-absent-everywhere,,,,federated-client,play-late,40,0.29366592566172284,0.02501864731311798,0,true,false,0.909364309031798
exact-effective-dose-primary,315,0,fedavg,family-absent-everywhere,,,,federated-client,anzhi,40,0.4523962338765462,0.07880986233552296,0,true,false,0.909364309031798
exact-effective-dose-primary,315,0,fedavg,family-absent-everywhere,,,,federated-client,appchina,40,0.44507646560668945,0.07096665104230244,0,true,false,0.909364309031798
exact-effective-dose-primary,315,0,fedavg,peer-present,,,,federated-client,play-late,40,0.3111489415168762,0.024348025520642597,0,true,false,0.922433925013014
exact-effective-dose-primary,315,0,fedavg,exact-dose,0,,,federated-client,play-early,40,0.49439839522043866,0.058918630083402,0,true,false,0.909364309031798
exact-effective-dose-primary,315,0,fedavg,exact-dose,0,,,federated-client,play-late,40,0.29366592566172284,0.02501864731311798,0,true,false,0.909364309031798
exact-effective-dose-primary,315,0,fedavg,exact-dose,0,,,federated-client,anzhi,40,0.4523962338765462,0.07880986233552296,0,true,false,0.909364309031798
exact-effective-dose-primary,315,0,fedavg,exact-dose,0,,,federated-client,appchina,40,0.44507646560668945,0.07096665104230244,0,true,false,0.909364309031798
exact-effective-dose-primary,315,0,fedavg,exact-dose,200,,,federated-client,appchina,40,0.4417596260706584,0.062475740909576416,0,true,false,0.9264658889257635
exact-effective-dose-primary,315,0,fedavg,exact-dose,200,,,federated-client,anzhi,40,0.44510122140248615,0.07901777823766072,0,true,false,0.9264658889257635
exact-effective-dose-primary,315,0,fedavg,exact-dose,10,,,federated-client,play-early,40,0.4988395770390828,0.061931878328323364,0,true,false,0.9148050807633604
exact-effective-dose-primary,315,0,fedavg,exact-dose,10,,,federated-client,play-late,40,0.2954740325609843,0.024796453615029652,0,true,false,0.9148050807633604
exact-effective-dose-primary,315,0,fedavg,exact-dose,10,,,federated-client,anzhi,40,0.4526658852895101,0.07917681336402893,0,true,false,0.9148050807633604
exact-effective-dose-primary,315,0,fedavg,peer-present,,,,federated-client,appchina,40,0.44151488939921063,0.06632376710573833,0,true,false,0.922433925013014
exact-effective-dose-primary,315,0,fedavg,exact-dose,200,,,federated-client,play-late,40,0.33715033531188965,0.025308755536874134,0,true,false,0.9264658889257635
exact-effective-dose-primary,315,0,fedavg,exact-dose,200,,,federated-client,play-early,40,0.5279347896575928,0.07100213567415874,0,true,false,0.9264658889257635
exact-effective-dose-primary,315,0,fedavg,exact-dose,25,,,federated-client,play-early,40,0.5025863250096639,0.064012015859286,0,true,false,0.9172115940195272
exact-effective-dose-primary,315,0,fedavg,exact-dose,25,,,federated-client,play-late,40,0.2985079288482666,0.02445545295874278,0,true,false,0.9172115940195272
exact-effective-dose-primary,315,0,fedavg,exact-dose,25,,,federated-client,anzhi,40,0.4519416888554891,0.08245551586151123,0,true,false,0.9172115940195272
exact-effective-dose-primary,315,0,fedavg,exact-dose,25,,,federated-client,appchina,40,0.44500891367594403,0.0694618821144104,0,true,false,0.9172115940195272
exact-effective-dose-primary,315,0,fedavg,exact-dose,100,,,federated-client,appchina,40,0.4460668166478475,0.06295986970265706,0,true,false,0.9251846683001873
exact-effective-dose-primary,315,0,fedavg,family-absent-everywhere,,,,federated-client,play-early,40,0.49439839522043866,0.058918630083402,0,true,false,0.909364309031798
exact-effective-dose-primary,315,0,fedavg,exact-dose,50,,,federated-client,play-early,40,0.5114035606384277,0.06841449936230977,0,true,false,0.9205382020737752
exact-effective-dose-primary,315,0,fedavg,exact-dose,50,,,federated-client,play-late,40,0.30401597420374554,0.023039698600769043,0,true,false,0.9205382020737752
exact-effective-dose-primary,315,0,fedavg,exact-dose,50,,,federated-client,anzhi,40,0.45159892241160077,0.08022327224413554,0,true,false,0.9205382020737752
exact-effective-dose-primary,315,0,fedavg,exact-dose,50,,,federated-client,appchina,40,0.44555052121480304,0.06662833193937938,0,true,false,0.9205382020737752
exact-effective-dose-primary,315,0,fedavg,exact-dose,100,,,federated-client,anzhi,40,0.4487720727920532,0.07785875101884206,0,true,false,0.9251846683001873
exact-effective-dose-primary,315,0,fedavg,peer-present,,,,federated-client,play-early,40,0.5156373977661133,0.07146222392717998,0,true,false,0.922433925013014
exact-effective-dose-primary,315,0,fedavg,exact-dose,100,,,federated-client,play-early,40,0.5223700602849325,0.06744907796382904,0,true,false,0.9251846683001873
exact-effective-dose-primary,315,0,fedavg,exact-dose,100,,,federated-client,play-late,40,0.32032179832458496,0.02305479347705841,0,true,false,0.9251846683001873
exact-effective-dose-primary,315,0,fedavg,exact-dose,50,,,federated-global,,20,0.25342464198668796,0.05957645053664843,0,true,false,0.9205382020737752
exact-effective-dose-primary,315,0,fedavg,exact-dose,25,,,federated-global,,20,0.24912224461634955,0.0600962166984876,0,true,false,0.9172115940195272
exact-effective-dose-primary,315,0,fedavg,exact-dose,100,,,federated-global,,20,0.2589953690767288,0.05783062304059664,0,true,false,0.9251846683001873
exact-effective-dose-primary,315,0,fedavg,peer-present,,,,federated-global,,20,0.24322622269392014,0.056071179608503975,0,true,false,0.922433925013014
exact-effective-dose-primary,315,0,fedavg,exact-dose,10,,,federated-global,,20,0.24699064592520395,0.05924272226790587,0,true,false,0.9148050807633604
exact-effective-dose-primary,315,0,fedavg,exact-dose,0,,,federated-global,,20,0.2438916563987732,0.05842844769358635,0,true,false,0.909364309031798
exact-effective-dose-primary,315,0,fedavg,exact-dose,200,,,federated-global,,20,0.2602636069059372,0.059451102589567505,0,true,false,0.9264658889257635
exact-effective-dose-primary,315,0,fedavg,family-absent-everywhere,,,,federated-global,,20,0.2438916563987732,0.05842844769358635,0,true,false,0.909364309031798
exact-effective-dose-primary,316,0,central,exact-dose,200,,,scorer,,20,0.3143588532792761,0.033629645692541246,0,true,false,0.9280775955866595
exact-effective-dose-primary,316,0,central,exact-dose,100,,,scorer,,20,0.3053571619886033,0.031810111187874,0,true,false,0.9269903813296091
exact-effective-dose-primary,316,0,central,peer-present,,,,scorer,,20,0.29128604239605843,0.0268973264288395,0,true,false,0.9257410886684339
exact-effective-dose-primary,316,0,central,family-absent-everywhere,,,,scorer,,20,0.2895623876693401,0.02835263343567544,0,true,false,0.9175351525763137
exact-effective-dose-primary,316,0,central,exact-dose,0,,,scorer,,20,0.2895623876693401,0.02835263343567544,0,true,false,0.9175351525763137
exact-effective-dose-primary,316,0,central,exact-dose,10,,,scorer,,20,0.2913146323346077,0.0344526691639677,0,true,false,0.9196930827322701
exact-effective-dose-primary,316,0,central,exact-dose,25,,,scorer,,20,0.2953150526006171,0.030540103607989373,0,true,false,0.924412454157009
exact-effective-dose-primary,316,0,central,exact-dose,50,,,scorer,,20,0.3002730836259558,0.029493681927944753,0,true,false,0.9198958917719836
exact-effective-dose-primary,316,0,fedavg,exact-dose,50,,,federated-client,play-early,40,0.47737622261047363,0.0670326699813207,0,true,false,0.9146943667351342
exact-effective-dose-primary,316,0,fedavg,exact-dose,10,,,federated-client,appchina,40,0.4722042878468831,0.08819887042045593,0,true,false,0.9043586711531657
exact-effective-dose-primary,316,0,fedavg,family-absent-everywhere,,,,federated-client,anzhi,40,0.47476017475128174,0.08266705771287282,0,true,false,0.9008654906000836
exact-effective-dose-primary,316,0,fedavg,family-absent-everywhere,,,,federated-client,appchina,40,0.47218453884124756,0.08954827984174092,0,true,false,0.9008654906000836
exact-effective-dose-primary,316,0,fedavg,family-absent-everywhere,,,,federated-client,play-late,40,0.2711670796076457,0.03394696364800135,0,true,false,0.9008654906000836
exact-effective-dose-primary,316,0,fedavg,peer-present,,,,federated-client,play-late,40,0.28333083788553876,0.029075466096401215,0,true,false,0.9171697022831048
exact-effective-dose-primary,316,0,fedavg,exact-dose,0,,,federated-client,play-early,40,0.45510244369506836,0.06373179952303569,0,true,false,0.9008654906000836
exact-effective-dose-primary,316,0,fedavg,exact-dose,0,,,federated-client,play-late,40,0.2711670796076457,0.03394696364800135,0,true,false,0.9008654906000836
exact-effective-dose-primary,316,0,fedavg,exact-dose,0,,,federated-client,anzhi,40,0.47476017475128174,0.08266705771287282,0,true,false,0.9008654906000836
exact-effective-dose-primary,316,0,fedavg,exact-dose,0,,,federated-client,appchina,40,0.47218453884124756,0.08954827984174092,0,true,false,0.9008654906000836
exact-effective-dose-primary,316,0,fedavg,exact-dose,200,,,federated-client,appchina,40,0.47076276938120526,0.07189134260018666,0,true,false,0.9205266996797731
exact-effective-dose-primary,316,0,fedavg,peer-present,,,,federated-client,anzhi,40,0.44483240445454914,0.06072428822517395,0,true,false,0.9171697022831048
exact-effective-dose-primary,316,0,fedavg,exact-dose,10,,,federated-client,play-early,40,0.4610209862391154,0.07169785598913829,0,true,false,0.9043586711531657
exact-effective-dose-primary,316,0,fedavg,exact-dose,10,,,federated-client,play-late,40,0.27575965722401935,0.03217954933643341,0,true,false,0.9043586711531657
exact-effective-dose-primary,316,0,fedavg,exact-dose,10,,,federated-client,anzhi,40,0.47437822818756104,0.0820115605990092,0,true,false,0.9043586711531657
exact-effective-dose-primary,316,0,fedavg,exact-dose,100,,,federated-client,appchina,40,0.4723514715830485,0.07474436362584432,0,true,false,0.9159371885294866
exact-effective-dose-primary,316,0,fedavg,exact-dose,200,,,federated-client,anzhi,40,0.47245438893636066,0.07578344643115997,0,true,false,0.9205266996797731
exact-effective-dose-primary,316,0,fedavg,peer-present,,,,federated-client,appchina,40,0.47328956921895343,0.08747681975364685,0,true,false,0.9171697022831048
exact-effective-dose-primary,316,0,fedavg,exact-dose,25,,,federated-client,play-early,40,0.46819527943929035,0.0678741882244746,0,true,false,0.9123055134112036
exact-effective-dose-primary,316,0,fedavg,exact-dose,25,,,federated-client,play-late,40,0.28068017959594727,0.03252739459276199,0,true,false,0.9123055134112036
exact-effective-dose-primary,316,0,fedavg,exact-dose,25,,,federated-client,anzhi,40,0.47458497683207196,0.08075357973575592,0,true,false,0.9123055134112036
exact-effective-dose-primary,316,0,fedavg,exact-dose,25,,,federated-client,appchina,40,0.47236605485280353,0.08447592457135518,0,true,false,0.9123055134112036
exact-effective-dose-primary,316,0,fedavg,exact-dose,200,,,federated-client,play-late,40,0.3177717129389445,0.03375885387261709,0,true,false,0.9205266996797731
exact-effective-dose-primary,316,0,fedavg,exact-dose,200,,,federated-client,play-early,40,0.5075215895970663,0.06624116003513336,0,true,false,0.9205266996797731
exact-effective-dose-primary,316,0,fedavg,peer-present,,,,federated-client,play-early,40,0.4841994841893514,0.08083565533161163,0,true,false,0.9171697022831048
exact-effective-dose-primary,316,0,fedavg,exact-dose,50,,,federated-client,play-late,40,0.28760941823323566,0.03220584491888682,0,true,false,0.9146943667351342
exact-effective-dose-primary,316,0,fedavg,exact-dose,50,,,federated-client,anzhi,40,0.47434202829996747,0.07969501614570618,0,true,false,0.9146943667351342
exact-effective-dose-primary,316,0,fedavg,exact-dose,50,,,federated-client,appchina,40,0.47199225425720215,0.08205342789491017,0,true,false,0.9146943667351342
exact-effective-dose-primary,316,0,fedavg,family-absent-everywhere,,,,federated-client,play-early,40,0.45510244369506836,0.06373179952303569,0,true,false,0.9008654906000836
exact-effective-dose-primary,316,0,fedavg,exact-dose,100,,,federated-client,play-early,40,0.4948476155598958,0.06630506118138631,0,true,false,0.9159371885294866
exact-effective-dose-primary,316,0,fedavg,exact-dose,100,,,federated-client,play-late,40,0.2988973657290141,0.031574184695879616,0,true,false,0.9159371885294866
exact-effective-dose-primary,316,0,fedavg,exact-dose,100,,,federated-client,anzhi,40,0.47402505079905194,0.076824684937795,0,true,false,0.9159371885294866
exact-effective-dose-primary,316,0,fedavg,peer-present,,,,federated-global,,20,0.24280764907598495,0.06452805735170841,0,true,false,0.9171697022831048
exact-effective-dose-primary,316,0,fedavg,exact-dose,50,,,federated-global,,20,0.2555368021130562,0.06524673973520596,0,true,false,0.9146943667351342
exact-effective-dose-primary,316,0,fedavg,exact-dose,100,,,federated-global,,20,0.2618638351559639,0.06236207361022631,0,true,false,0.9159371885294866
exact-effective-dose-primary,316,0,fedavg,exact-dose,10,,,federated-global,,20,0.24672026187181473,0.0685219590862592,0,true,false,0.9043586711531657
exact-effective-dose-primary,316,0,fedavg,family-absent-everywhere,,,,federated-global,,20,0.2443667228023211,0.0674735251814127,0,true,false,0.9008654906000836
exact-effective-dose-primary,316,0,fedavg,exact-dose,25,,,federated-global,,20,0.2508935009439786,0.06640777178108692,0,true,false,0.9123055134112036
exact-effective-dose-primary,316,0,fedavg,exact-dose,200,,,federated-global,,20,0.26982495188713074,0.06191870073477427,0,true,false,0.9205266996797731
exact-effective-dose-primary,316,0,fedavg,exact-dose,0,,,federated-global,,20,0.2443667228023211,0.0674735251814127,0,true,false,0.9008654906000836
exact-effective-dose-primary,317,0,central,exact-dose,0,,,scorer,,20,0.28552262326504324,0.02650061566778954,0,true,false,0.8734761961366312
exact-effective-dose-primary,317,0,central,exact-dose,200,,,scorer,,20,0.3063758079041826,0.028795336155181237,0,true,false,0.8730728340639748
exact-effective-dose-primary,317,0,central,peer-present,,,,scorer,,20,0.2896784112808552,0.027365862055027737,0,true,false,0.8739580100515026
exact-effective-dose-primary,317,0,central,exact-dose,100,,,scorer,,20,0.300561194724225,0.02649920291088997,0,true,false,0.8692881979001509
exact-effective-dose-primary,317,0,central,exact-dose,50,,,scorer,,20,0.2945513218007189,0.02703386418362881,0,true,false,0.8661270590507697
exact-effective-dose-primary,317,0,central,exact-dose,25,,,scorer,,20,0.2889906903530689,0.032261845913339166,0,true,false,0.8721476505303691
exact-effective-dose-primary,317,0,central,exact-dose,10,,,scorer,,20,0.2870357797500935,0.02763484386687583,0,true,false,0.8887916280452771
exact-effective-dose-primary,317,0,central,family-absent-everywhere,,,,scorer,,20,0.28552262326504324,0.02650061566778954,0,true,false,0.8734761961366312
exact-effective-dose-primary,317,0,fedavg,exact-dose,50,,,federated-client,play-early,40,0.4779462019602458,0.08229457835356395,0,true,false,0.8894147111832137
exact-effective-dose-primary,317,0,fedavg,peer-present,,,,federated-client,appchina,40,0.46422048409779865,0.07879390319188435,0,true,false,0.8986519361964508
exact-effective-dose-primary,317,0,fedavg,family-absent-everywhere,,,,federated-client,anzhi,40,0.475469708442688,0.07956493894259135,0,true,false,0.8964944982589821
exact-effective-dose-primary,317,0,fedavg,family-absent-everywhere,,,,federated-client,appchina,40,0.47121119499206543,0.08737440903981526,0,true,false,0.8964944982589821
exact-effective-dose-primary,317,0,fedavg,family-absent-everywhere,,,,federated-client,play-late,40,0.30159048239390057,0.024206243455410004,0,true,false,0.8964944982589821
exact-effective-dose-primary,317,0,fedavg,exact-dose,200,,,federated-client,appchina,40,0.46909109751383465,0.07980697353680928,0,true,false,0.8882301995240605
exact-effective-dose-primary,317,0,fedavg,exact-dose,0,,,federated-client,play-early,40,0.45213818550109863,0.0765317976474762,0,true,false,0.8964944982589821
exact-effective-dose-primary,317,0,fedavg,exact-dose,0,,,federated-client,play-late,40,0.30159048239390057,0.024206243455410004,0,true,false,0.8964944982589821
exact-effective-dose-primary,317,0,fedavg,exact-dose,0,,,federated-client,anzhi,40,0.475469708442688,0.07956493894259135,0,true,false,0.8964944982589821
exact-effective-dose-primary,317,0,fedavg,exact-dose,0,,,federated-client,appchina,40,0.47121119499206543,0.08737440903981526,0,true,false,0.8964944982589821
exact-effective-dose-primary,317,0,fedavg,exact-dose,200,,,federated-client,anzhi,40,0.47034188111623126,0.070734108487765,0,true,false,0.8882301995240605
exact-effective-dose-primary,317,0,fedavg,family-absent-everywhere,,,,federated-client,play-early,40,0.45213818550109863,0.0765317976474762,0,true,false,0.8964944982589821
exact-effective-dose-primary,317,0,fedavg,exact-dose,10,,,federated-client,play-early,40,0.45593516031901044,0.07728806634744008,0,true,false,0.8942485256123015
exact-effective-dose-primary,317,0,fedavg,exact-dose,10,,,federated-client,play-late,40,0.30303605397542316,0.024479498465855915,0,true,false,0.8942485256123015
exact-effective-dose-primary,317,0,fedavg,exact-dose,10,,,federated-client,anzhi,40,0.47565650939941406,0.07727096974849701,0,true,false,0.8942485256123015
exact-effective-dose-primary,317,0,fedavg,exact-dose,10,,,federated-client,appchina,40,0.4711129665374756,0.08317663272221883,0,true,false,0.8942485256123015
exact-effective-dose-primary,317,0,fedavg,exact-dose,200,,,federated-client,play-late,40,0.34223373730977374,0.0296300674478213,0,true,false,0.8882301995240605
exact-effective-dose-primary,317,0,fedavg,exact-dose,200,,,federated-client,play-early,40,0.5208931763966879,0.07791450619697571,0,true,false,0.8882301995240605
exact-effective-dose-primary,317,0,fedavg,exact-dose,25,,,federated-client,play-early,40,0.4648098945617676,0.07995495696862538,0,true,false,0.8922616810244818
exact-effective-dose-primary,317,0,fedavg,exact-dose,25,,,federated-client,play-late,40,0.3047703504562378,0.02365656445423762,0,true,false,0.8922616810244818
exact-effective-dose-primary,317,0,fedavg,exact-dose,25,,,federated-client,anzhi,40,0.4754282236099243,0.07732950647672017,0,true,false,0.8922616810244818
exact-effective-dose-primary,317,0,fedavg,exact-dose,25,,,federated-client,appchina,40,0.47117412090301514,0.08265804251035054,0,true,false,0.8922616810244818
exact-effective-dose-primary,317,0,fedavg,peer-present,,,,federated-client,play-early,40,0.4978390534718831,0.08032464981079102,0,true,false,0.8986519361964508
exact-effective-dose-primary,317,0,fedavg,exact-dose,100,,,federated-client,appchina,40,0.4707481861114502,0.08119820555051167,0,true,false,0.8897174694608947
exact-effective-dose-primary,317,0,fedavg,peer-present,,,,federated-client,anzhi,40,0.43599363168080646,0.06436741352081299,0,true,false,0.8986519361964508
exact-effective-dose-primary,317,0,fedavg,exact-dose,50,,,federated-client,play-late,40,0.3126692771911621,0.026187606155872345,0,true,false,0.8894147111832137
exact-effective-dose-primary,317,0,fedavg,exact-dose,50,,,federated-client,anzhi,40,0.47544483343760174,0.07487906515598297,0,true,false,0.8894147111832137
exact-effective-dose-primary,317,0,fedavg,exact-dose,50,,,federated-client,appchina,40,0.47129114468892414,0.08027541637420654,0,true,false,0.8894147111832137
exact-effective-dose-primary,317,0,fedavg,exact-dose,100,,,federated-client,anzhi,40,0.4731287956237793,0.07608676950136821,0,true,false,0.8897174694608947
exact-effective-dose-primary,317,0,fedavg,peer-present,,,,federated-client,play-late,40,0.3117903669675191,0.02772181232770284,0,true,false,0.8986519361964508
exact-effective-dose-primary,317,0,fedavg,exact-dose,100,,,federated-client,play-early,40,0.49643246332804364,0.07997740308443706,0,true,false,0.8897174694608947
exact-effective-dose-primary,317,0,fedavg,exact-dose,100,,,federated-client,play-late,40,0.32209962606430054,0.025501877069473267,0,true,false,0.8897174694608947
exact-effective-dose-primary,317,0,fedavg,exact-dose,50,,,federated-global,,20,0.263194739818573,0.06590916650990646,0,true,false,0.8894147111832137
exact-effective-dose-primary,317,0,fedavg,exact-dose,100,,,federated-global,,20,0.26763252168893814,0.06569106380144756,0,true,false,0.8897174694608947
exact-effective-dose-primary,317,0,fedavg,exact-dose,25,,,federated-global,,20,0.25854084889094037,0.06589976760248344,0,true,false,0.8922616810244818
exact-effective-dose-primary,317,0,fedavg,peer-present,,,,federated-global,,20,0.25836044549942017,0.0628019447127978,0,true,false,0.8986519361964508
exact-effective-dose-primary,317,0,fedavg,exact-dose,10,,,federated-global,,20,0.2551186482111613,0.06555379182100296,0,true,false,0.8942485256123015
exact-effective-dose-primary,317,0,fedavg,exact-dose,0,,,federated-global,,20,0.2521488144993782,0.0669193472713232,0,true,false,0.8964944982589821
exact-effective-dose-primary,317,0,fedavg,exact-dose,200,,,federated-global,,20,0.27698907752831775,0.06452141391734283,0,true,false,0.8882301995240605
exact-effective-dose-primary,317,0,fedavg,family-absent-everywhere,,,,federated-global,,20,0.2521488144993782,0.0669193472713232,0,true,false,0.8964944982589821
exact-effective-dose-primary,318,0,central,exact-dose,25,,,scorer,,20,0.2848079965469685,0.02788673309569663,0,true,false,0.9203564371305548
exact-effective-dose-primary,318,0,central,exact-dose,200,,,scorer,,20,0.29982471466064453,0.029059955414305342,0,true,false,0.9280041125698079
exact-effective-dose-primary,318,0,central,peer-present,,,,scorer,,20,0.28102073263614735,0.02649938299300823,0,true,false,0.9266504325017747
exact-effective-dose-primary,318,0,central,exact-dose,100,,,scorer,,20,0.29383906912296376,0.026417790575230374,0,true,false,0.9256554800879068
exact-effective-dose-primary,318,0,central,exact-dose,50,,,scorer,,20,0.28795384346170627,0.02947492295123161,0,true,false,0.9238670123726834
exact-effective-dose-primary,318,0,central,family-absent-everywhere,,,,scorer,,20,0.28039942396448014,0.02605067415440336,0,true,false,0.909530594194214
exact-effective-dose-primary,318,0,central,exact-dose,0,,,scorer,,20,0.28039942396448014,0.02605067415440336,0,true,false,0.909530594194214
exact-effective-dose-primary,318,0,central,exact-dose,10,,,scorer,,20,0.2820444107055664,0.02660934214896344,0,true,false,0.9164381709356667
exact-effective-dose-primary,318,0,fedavg,family-absent-everywhere,,,,federated-client,play-early,40,0.47463274002075195,0.0574499766031901,0,true,false,0.9024205165744726
exact-effective-dose-primary,318,0,fedavg,exact-dose,10,,,federated-client,appchina,40,0.45760424931844074,0.0828323761622111,0,true,false,0.9064821562406142
exact-effective-dose-primary,318,0,fedavg,family-absent-everywhere,,,,federated-client,anzhi,40,0.47262537479400635,0.08677700161933899,0,true,false,0.9024205165744726
exact-effective-dose-primary,318,0,fedavg,family-absent-everywhere,,,,federated-client,appchina,40,0.45752986272176105,0.08553067843119304,0,true,false,0.9024205165744726
exact-effective-dose-primary,318,0,fedavg,exact-dose,200,,,federated-client,appchina,40,0.4524077574412028,0.07377313077449799,0,true,false,0.921295696223611
exact-effective-dose-primary,318,0,fedavg,exact-dose,200,,,federated-client,anzhi,40,0.4703730344772339,0.07461840907732646,0,true,false,0.921295696223611
exact-effective-dose-primary,318,0,fedavg,exact-dose,0,,,federated-client,play-early,40,0.47463274002075195,0.0574499766031901,0,true,false,0.9024205165744726
exact-effective-dose-primary,318,0,fedavg,exact-dose,0,,,federated-client,play-late,40,0.2957119146982829,0.027842290699481964,0,true,false,0.9024205165744726
exact-effective-dose-primary,318,0,fedavg,exact-dose,0,,,federated-client,anzhi,40,0.47262537479400635,0.08677700161933899,0,true,false,0.9024205165744726
exact-effective-dose-primary,318,0,fedavg,exact-dose,0,,,federated-client,appchina,40,0.45752986272176105,0.08553067843119304,0,true,false,0.9024205165744726
exact-effective-dose-primary,318,0,fedavg,exact-dose,200,,,federated-client,play-late,40,0.2992616295814514,0.02139874796072642,0,true,false,0.921295696223611
exact-effective-dose-primary,318,0,fedavg,peer-present,,,,federated-client,anzhi,40,0.4258093039194743,0.07277356584866841,0,true,false,0.9174128247392902
exact-effective-dose-primary,318,0,fedavg,exact-dose,10,,,federated-client,play-early,40,0.4811666011810303,0.05940006673336029,0,true,false,0.9064821562406142
exact-effective-dose-primary,318,0,fedavg,exact-dose,10,,,federated-client,play-late,40,0.2957119146982829,0.027000372608502705,0,true,false,0.9064821562406142
exact-effective-dose-primary,318,0,fedavg,exact-dose,10,,,federated-client,anzhi,40,0.4722614685694377,0.08708872397740682,0,true,false,0.9064821562406142
exact-effective-dose-primary,318,0,fedavg,peer-present,,,,federated-client,play-early,40,0.5136826038360596,0.07053244610627492,0,true,false,0.9174128247392902
exact-effective-dose-primary,318,0,fedavg,exact-dose,200,,,federated-client,play-early,40,0.5390472014745077,0.07201924920082092,0,true,false,0.921295696223611
exact-effective-dose-primary,318,0,fedavg,peer-present,,,,federated-client,appchina,40,0.4475783904393514,0.08093588550885518,0,true,false,0.9174128247392902
exact-effective-dose-primary,318,0,fedavg,exact-dose,25,,,federated-client,play-early,40,0.4874877134958903,0.0663553923368454,0,true,false,0.9092176552553667
exact-effective-dose-primary,318,0,fedavg,exact-dose,25,,,federated-client,play-late,40,0.2964850862820943,0.027528276046117146,0,true,false,0.9092176552553667
exact-effective-dose-primary,318,0,fedavg,exact-dose,25,,,federated-client,anzhi,40,0.47252142429351807,0.08513589700063069,0,true,false,0.9092176552553667
exact-effective-dose-primary,318,0,fedavg,exact-dose,25,,,federated-client,appchina,40,0.45795706907908124,0.08068904777367909,0,true,false,0.9092176552553667
exact-effective-dose-primary,318,0,fedavg,exact-dose,50,,,federated-client,play-early,40,0.49729641278584796,0.07336101929346721,0,true,false,0.9140047221981278
exact-effective-dose-primary,318,0,fedavg,exact-dose,50,,,federated-client,play-late,40,0.2964850862820943,0.025175772607326508,0,true,false,0.9140047221981278
exact-effective-dose-primary,318,0,fedavg,exact-dose,50,,,federated-client,anzhi,40,0.47307153542836505,0.08427944779396057,0,true,false,0.9140047221981278
exact-effective-dose-primary,318,0,fedavg,exact-dose,50,,,federated-client,appchina,40,0.45658353964487713,0.07939054071903229,0,true,false,0.9140047221981278
exact-effective-dose-primary,318,0,fedavg,peer-present,,,,federated-client,play-late,40,0.3191637396812439,0.02898996074994405,0,true,false,0.9174128247392902
exact-effective-dose-primary,318,0,fedavg,exact-dose,100,,,federated-client,play-early,40,0.5165867805480957,0.07195111612478892,0,true,false,0.9150235499190978
exact-effective-dose-primary,318,0,fedavg,exact-dose,100,,,federated-client,play-late,40,0.29760001103083294,0.025591169794400532,0,true,false,0.9150235499190978
exact-effective-dose-primary,318,0,fedavg,exact-dose,100,,,federated-client,anzhi,40,0.4727262655893962,0.0815165638923645,0,true,false,0.9150235499190978
exact-effective-dose-primary,318,0,fedavg,exact-dose,100,,,federated-client,appchina,40,0.4558756351470947,0.0768927385409673,0,true,false,0.9150235499190978
exact-effective-dose-primary,318,0,fedavg,family-absent-everywhere,,,,federated-client,play-late,40,0.2957119146982829,0.027842290699481964,0,true,false,0.9024205165744726
exact-effective-dose-primary,318,0,fedavg,exact-dose,100,,,federated-global,,20,0.26532591382662457,0.06398789708813031,0,true,false,0.9150235499190978
exact-effective-dose-primary,318,0,fedavg,exact-dose,50,,,federated-global,,20,0.259435032804807,0.06555169510344665,0,true,false,0.9140047221981278
exact-effective-dose-primary,318,0,fedavg,exact-dose,25,,,federated-global,,20,0.25582414368788403,0.06492715328931808,0,true,false,0.9092176552553667
exact-effective-dose-primary,318,0,fedavg,family-absent-everywhere,,,,federated-global,,20,0.2503207325935364,0.06439998683830102,0,true,false,0.9024205165744726
exact-effective-dose-primary,318,0,fedavg,exact-dose,10,,,federated-global,,20,0.2530524929364522,0.06408038487037022,0,true,false,0.9064821562406142
exact-effective-dose-primary,318,0,fedavg,exact-dose,0,,,federated-global,,20,0.2503207325935364,0.06439998683830102,0,true,false,0.9024205165744726
exact-effective-dose-primary,318,0,fedavg,peer-present,,,,federated-global,,20,0.24869678169488907,0.06330796455343564,0,true,false,0.9174128247392902
exact-effective-dose-primary,318,0,fedavg,exact-dose,200,,,federated-global,,20,0.2676850308974584,0.06045238425334295,0,true,false,0.921295696223611
exact-effective-dose-primary,319,0,central,exact-dose,200,,,scorer,,20,0.30340701975720996,0.027850282953140584,0,true,false,0.9342578892824731
exact-effective-dose-primary,319,0,central,peer-present,,,,scorer,,20,0.28989686357214095,0.02973751818880122,0,true,false,0.9275750934924311
exact-effective-dose-primary,319,0,central,family-absent-everywhere,,,,scorer,,20,0.28320876588212684,0.027237151531462975,0,true,false,0.9219330439220442
exact-effective-dose-primary,319,0,central,exact-dose,0,,,scorer,,20,0.28320876588212684,0.027237151531462975,0,true,false,0.9219330439220442
exact-effective-dose-primary,319,0,central,exact-dose,10,,,scorer,,20,0.28571585391430143,0.027589828410047167,0,true,false,0.9248319391957254
exact-effective-dose-primary,319,0,central,exact-dose,25,,,scorer,,20,0.28904427873327376,0.025658772346821238,0,true,false,0.9229301244771658
exact-effective-dose-primary,319,0,central,exact-dose,50,,,scorer,,20,0.2914247918636241,0.024601949022171346,0,true,false,0.9221765483919134
exact-effective-dose-primary,319,0,central,exact-dose,100,,,scorer,,20,0.2956659641671688,0.026273950617364112,0,true,false,0.9313206708231396
exact-effective-dose-primary,319,0,fedavg,exact-dose,50,,,federated-client,appchina,40,0.4576987822850545,0.07214478154977162,0,true,false,0.9175286499236494
exact-effective-dose-primary,319,0,fedavg,exact-dose,25,,,federated-client,play-late,40,0.3024482727050781,0.022938994069894154,0,true,false,0.9171398642010885
exact-effective-dose-primary,319,0,fedavg,peer-present,,,,federated-client,play-early,40,0.5118522246678671,0.06303723156452179,0,true,false,0.920190044372393
exact-effective-dose-primary,319,0,fedavg,peer-present,,,,federated-client,play-late,40,0.30655954281489056,0.02794519563515981,0,true,false,0.920190044372393
exact-effective-dose-primary,319,0,fedavg,peer-present,,,,federated-client,anzhi,40,0.4717637300491333,0.07429646948973338,0,true,false,0.920190044372393
exact-effective-dose-primary,319,0,fedavg,peer-present,,,,federated-client,appchina,40,0.44059133529663086,0.07070452471574147,0,true,false,0.920190044372393
exact-effective-dose-primary,319,0,fedavg,exact-dose,200,,,federated-client,appchina,40,0.45210103193918866,0.06921632587909698,0,true,false,0.9168684840869529
exact-effective-dose-primary,319,0,fedavg,family-absent-everywhere,,,,federated-client,play-early,40,0.5020687977472941,0.060954550902048744,0,true,false,0.9103000361326584
exact-effective-dose-primary,319,0,fedavg,family-absent-everywhere,,,,federated-client,play-late,40,0.291489839553833,0.022188452382882435,0,true,false,0.9103000361326584
exact-effective-dose-primary,319,0,fedavg,family-absent-everywhere,,,,federated-client,anzhi,40,0.4596605698267619,0.07237355411052704,0,true,false,0.9103000361326584
exact-effective-dose-primary,319,0,fedavg,family-absent-everywhere,,,,federated-client,appchina,40,0.4577806393305461,0.07818056643009186,0,true,false,0.9103000361326584
exact-effective-dose-primary,319,0,fedavg,exact-dose,200,,,federated-client,anzhi,40,0.45870518684387207,0.06714145839214325,0,true,false,0.9168684840869529
exact-effective-dose-primary,319,0,fedavg,exact-dose,0,,,federated-client,play-early,40,0.5020687977472941,0.060954550902048744,0,true,false,0.9103000361326584
exact-effective-dose-primary,319,0,fedavg,exact-dose,0,,,federated-client,play-late,40,0.291489839553833,0.022188452382882435,0,true,false,0.9103000361326584
exact-effective-dose-primary,319,0,fedavg,exact-dose,0,,,federated-client,anzhi,40,0.4596605698267619,0.07237355411052704,0,true,false,0.9103000361326584
exact-effective-dose-primary,319,0,fedavg,exact-dose,0,,,federated-client,appchina,40,0.4577806393305461,0.07818056643009186,0,true,false,0.9103000361326584
exact-effective-dose-primary,319,0,fedavg,exact-dose,200,,,federated-client,play-late,40,0.3575112422307332,0.031669763227303825,0,true,false,0.9168684840869529
exact-effective-dose-primary,319,0,fedavg,exact-dose,10,,,federated-client,play-early,40,0.5052990516026815,0.06440752744674683,0,true,false,0.9133190178082323
exact-effective-dose-primary,319,0,fedavg,exact-dose,10,,,federated-client,play-late,40,0.2969168821970622,0.02256304274002711,0,true,false,0.9133190178082323
exact-effective-dose-primary,319,0,fedavg,exact-dose,10,,,federated-client,anzhi,40,0.4595695336659749,0.06913957993189494,0,true,false,0.9133190178082323
exact-effective-dose-primary,319,0,fedavg,exact-dose,10,,,federated-client,appchina,40,0.4578217665354411,0.07495510578155518,0,true,false,0.9133190178082323
exact-effective-dose-primary,319,0,fedavg,exact-dose,200,,,federated-client,play-early,40,0.5302128791809082,0.06573075552781422,0,true,false,0.9168684840869529
exact-effective-dose-primary,319,0,fedavg,exact-dose,25,,,federated-client,play-early,40,0.5087180534998575,0.06174155076344808,0,true,false,0.9171398642010885
exact-effective-dose-primary,319,0,fedavg,exact-dose,100,,,federated-client,appchina,40,0.4571613073348999,0.07036265730857849,0,true,false,0.9182703467989791
exact-effective-dose-primary,319,0,fedavg,exact-dose,25,,,federated-client,anzhi,40,0.45973626772562665,0.06640871365865071,0,true,false,0.9171398642010885
exact-effective-dose-primary,319,0,fedavg,exact-dose,25,,,federated-client,appchina,40,0.45786909262339276,0.0741138756275177,0,true,false,0.9171398642010885
exact-effective-dose-primary,319,0,fedavg,exact-dose,100,,,federated-client,anzhi,40,0.45928382873535156,0.06617242097854614,0,true,false,0.9182703467989791
exact-effective-dose-primary,319,0,fedavg,exact-dose,50,,,federated-client,play-early,40,0.5110290845235189,0.06206656495730082,0,true,false,0.9175286499236494
exact-effective-dose-primary,319,0,fedavg,exact-dose,50,,,federated-client,play-late,40,0.3157857259114583,0.024437392751375835,0,true,false,0.9175286499236494
exact-effective-dose-primary,319,0,fedavg,exact-dose,50,,,federated-client,anzhi,40,0.4595960776011149,0.06739487747351329,0,true,false,0.9175286499236494
exact-effective-dose-primary,319,0,fedavg,exact-dose,100,,,federated-client,play-late,40,0.33120350042978924,0.023039343456427257,0,true,false,0.9182703467989791
exact-effective-dose-primary,319,0,fedavg,exact-dose,100,,,federated-client,play-early,40,0.5194145441055298,0.06502779324849446,0,true,false,0.9182703467989791
exact-effective-dose-primary,319,0,fedavg,exact-dose,50,,,federated-global,,20,0.2614585558573405,0.056510904182990394,0,true,false,0.9175286499236494
exact-effective-dose-primary,319,0,fedavg,exact-dose,25,,,federated-global,,20,0.2581534708539645,0.05630078352987766,0,true,false,0.9171398642010885
exact-effective-dose-primary,319,0,fedavg,exact-dose,100,,,federated-global,,20,0.2674495081106822,0.05615055374801159,0,true,false,0.9182703467989791
exact-effective-dose-primary,319,0,fedavg,exact-dose,10,,,federated-global,,20,0.25487397362788516,0.057766313975056015,0,true,false,0.9133190178082323
exact-effective-dose-primary,319,0,fedavg,exact-dose,0,,,federated-global,,20,0.2510051255424817,0.05842428095638752,0,true,false,0.9103000361326584
exact-effective-dose-primary,319,0,fedavg,family-absent-everywhere,,,,federated-global,,20,0.2510051255424817,0.05842428095638752,0,true,false,0.9103000361326584
exact-effective-dose-primary,319,0,fedavg,peer-present,,,,federated-global,,20,0.2628413463632266,0.058995855351289116,0,true,false,0.920190044372393
exact-effective-dose-primary,319,0,fedavg,exact-dose,200,,,federated-global,,20,0.2732656002044678,0.05843957575658957,0,true,false,0.9168684840869529
exact-effective-dose-replication,310,0,central,exact-dose,10,,,scorer,,20,0.2982364816868559,0.030121879374727288,0,true,false,0.9173207977010392
exact-effective-dose-replication,310,0,central,peer-present,,,,scorer,,20,0.29420759322795464,0.027484995253542636,0,true,false,0.9260093165974667
exact-effective-dose-replication,310,0,central,exact-dose,200,,,scorer,,20,0.2997848226668987,0.030264983785913347,0,true,false,0.928493268524415
exact-effective-dose-replication,310,0,central,exact-dose,100,,,scorer,,20,0.2994314964781416,0.029828408931164032,0,true,false,0.9299141799635939
exact-effective-dose-replication,310,0,central,exact-dose,50,,,scorer,,20,0.2987393318338597,0.030399221055051114,0,true,false,0.9267958886726078
exact-effective-dose-replication,310,0,central,exact-dose,25,,,scorer,,20,0.297985259522783,0.03033859171765916,0,true,false,0.9207999245180559
exact-effective-dose-replication,310,0,central,exact-dose,0,,,scorer,,20,0.29806638271250624,0.029267034632094364,0,true,false,0.9205099483983553
exact-effective-dose-replication,310,0,central,family-absent-everywhere,,,,scorer,,20,0.29806638271250624,0.029267034632094364,0,true,false,0.9205099483983553
exact-effective-dose-replication,310,0,fedavg,exact-dose,50,,,federated-client,play-early,40,0.5191884835561117,0.08015737434228261,0,true,false,0.9175009297709039
exact-effective-dose-replication,310,0,fedavg,peer-present,,,,federated-client,appchina,40,0.4367547829945882,0.07894939680894215,0,true,false,0.9180443547957758
exact-effective-dose-replication,310,0,fedavg,family-absent-everywhere,,,,federated-client,play-early,40,0.5181810061136881,0.08041433990001678,0,true,false,0.9148056778488343
exact-effective-dose-replication,310,0,fedavg,family-absent-everywhere,,,,federated-client,play-late,40,0.294803261756897,0.030581216017405193,0,true,false,0.9148056778488343
exact-effective-dose-replication,310,0,fedavg,family-absent-everywhere,,,,federated-client,anzhi,40,0.4503494103749593,0.06572543581326802,0,true,false,0.9148056778488343
exact-effective-dose-replication,310,0,fedavg,family-absent-everywhere,,,,federated-client,appchina,40,0.4437136650085449,0.07057897249857585,0,true,false,0.9148056778488343
exact-effective-dose-replication,310,0,fedavg,exact-dose,200,,,federated-client,appchina,40,0.4437052408854167,0.07517501215140025,0,true,false,0.917702941744564
exact-effective-dose-replication,310,0,fedavg,exact-dose,0,,,federated-client,play-early,40,0.5181810061136881,0.08041433990001678,0,true,false,0.9148056778488343
exact-effective-dose-replication,310,0,fedavg,exact-dose,0,,,federated-client,play-late,40,0.294803261756897,0.030581216017405193,0,true,false,0.9148056778488343
exact-effective-dose-replication,310,0,fedavg,exact-dose,0,,,federated-client,anzhi,40,0.4503494103749593,0.06572543581326802,0,true,false,0.9148056778488343
exact-effective-dose-replication,310,0,fedavg,exact-dose,0,,,federated-client,appchina,40,0.4437136650085449,0.07057897249857585,0,true,false,0.9148056778488343
exact-effective-dose-replication,310,0,fedavg,exact-dose,200,,,federated-client,anzhi,40,0.44566917419433594,0.055454244216283165,0,true,false,0.917702941744564
exact-effective-dose-replication,310,0,fedavg,exact-dose,10,,,federated-client,play-early,40,0.5187254349390665,0.08120638132095337,0,true,false,0.9165848234106302
exact-effective-dose-replication,310,0,fedavg,exact-dose,10,,,federated-client,play-late,40,0.29650763670603436,0.030296156803766888,0,true,false,0.9165848234106302
exact-effective-dose-replication,310,0,fedavg,exact-dose,10,,,federated-client,anzhi,40,0.4503824710845947,0.06572758158047994,0,true,false,0.9165848234106302
exact-effective-dose-replication,310,0,fedavg,exact-dose,10,,,federated-client,appchina,40,0.44445717334747314,0.0717070996761322,0,true,false,0.9165848234106302
exact-effective-dose-replication,310,0,fedavg,exact-dose,200,,,federated-client,play-late,40,0.3188217282295227,0.025558598339557648,0,true,false,0.917702941744564
exact-effective-dose-replication,310,0,fedavg,peer-present,,,,federated-client,play-early,40,0.5053227742513021,0.08216474950313568,0,true,false,0.9180443547957758
exact-effective-dose-replication,310,0,fedavg,exact-dose,25,,,federated-client,play-early,40,0.5191695292790731,0.08011358976364136,0,true,false,0.9177406353077558
exact-effective-dose-replication,310,0,fedavg,exact-dose,25,,,federated-client,play-late,40,0.29854100942611694,0.027550682425498962,0,true,false,0.9177406353077558
exact-effective-dose-replication,310,0,fedavg,exact-dose,25,,,federated-client,anzhi,40,0.450433611869812,0.06344207127888997,0,true,false,0.9177406353077558
exact-effective-dose-replication,310,0,fedavg,exact-dose,25,,,federated-client,appchina,40,0.44410622119903564,0.07330046594142914,0,true,false,0.9177406353077558
exact-effective-dose-replication,310,0,fedavg,exact-dose,200,,,federated-client,play-early,40,0.5171836217244467,0.07967554032802582,0,true,false,0.917702941744564
exact-effective-dose-replication,310,0,fedavg,peer-present,,,,federated-client,play-late,40,0.30189818143844604,0.02786404887835185,0,true,false,0.9180443547957758
exact-effective-dose-replication,310,0,fedavg,exact-dose,100,,,federated-client,appchina,40,0.4467061360677083,0.07816519339879353,0,true,false,0.9179237019439274
exact-effective-dose-replication,310,0,fedavg,exact-dose,50,,,federated-client,play-late,40,0.30131155252456665,0.02757978190978368,0,true,false,0.9175009297709039
exact-effective-dose-replication,310,0,fedavg,exact-dose,50,,,federated-client,anzhi,40,0.45053549607594806,0.06490961213906606,0,true,false,0.9175009297709039
exact-effective-dose-replication,310,0,fedavg,exact-dose,50,,,federated-client,appchina,40,0.44539229075113934,0.07591237127780914,0,true,false,0.9175009297709039
exact-effective-dose-replication,310,0,fedavg,exact-dose,100,,,federated-client,anzhi,40,0.44847269852956134,0.05976331730683645,0,true,false,0.9179237019439274
exact-effective-dose-replication,310,0,fedavg,peer-present,,,,federated-client,anzhi,40,0.44284915924072266,0.06378613412380219,0,true,false,0.9180443547957758
exact-effective-dose-replication,310,0,fedavg,exact-dose,100,,,federated-client,play-early,40,0.5169173876444498,0.07934810221195221,0,true,false,0.9179237019439274
exact-effective-dose-replication,310,0,fedavg,exact-dose,100,,,federated-client,play-late,40,0.30690179268519086,0.025352810819943745,0,true,false,0.9179237019439274
exact-effective-dose-replication,310,0,fedavg,exact-dose,50,,,federated-global,,20,0.2615429659684499,0.062139784917235374,0,true,false,0.9175009297709039
exact-effective-dose-replication,310,0,fedavg,exact-dose,100,,,federated-global,,20,0.2608625094095866,0.060657355934381485,0,true,false,0.9179237019439274
exact-effective-dose-replication,310,0,fedavg,peer-present,,,,federated-global,,20,0.24961750706036887,0.06319108232855797,0,true,false,0.9180443547957758
exact-effective-dose-replication,310,0,fedavg,exact-dose,25,,,federated-global,,20,0.26072006672620773,0.06110170235236486,0,true,false,0.9177406353077558
exact-effective-dose-replication,310,0,fedavg,exact-dose,10,,,federated-global,,20,0.26014674703280133,0.0622343048453331,0,true,false,0.9165848234106302
exact-effective-dose-replication,310,0,fedavg,exact-dose,0,,,federated-global,,20,0.2592251126964887,0.06182499105731646,0,true,false,0.9148056778488343
exact-effective-dose-replication,310,0,fedavg,family-absent-everywhere,,,,federated-global,,20,0.2592251126964887,0.06182499105731646,0,true,false,0.9148056778488343
exact-effective-dose-replication,310,0,fedavg,exact-dose,200,,,federated-global,,20,0.2604456692934036,0.05896584875881672,0,true,false,0.917702941744564
exact-effective-dose-replication,311,0,central,exact-dose,200,,,scorer,,20,0.2976013143011864,0.03434944660105604,0,true,false,0.927562776131888
exact-effective-dose-replication,311,0,central,peer-present,,,,scorer,,20,0.29724906353240316,0.03340404084388246,0,true,false,0.932816522984221
exact-effective-dose-replication,311,0,central,exact-dose,100,,,scorer,,20,0.30204281908400515,0.03293511208067549,0,true,false,0.9336029663855973
exact-effective-dose-replication,311,0,central,exact-dose,50,,,scorer,,20,0.30356009463046457,0.03235930077573086,0,true,false,0.9320697886630662
exact-effective-dose-replication,311,0,central,exact-dose,25,,,scorer,,20,0.302717979918135,0.03129174100591781,0,true,false,0.9305321690761508
exact-effective-dose-replication,311,0,central,exact-dose,10,,,scorer,,20,0.30146016465856673,0.03172537621031416,0,true,false,0.9319167685441676
exact-effective-dose-replication,311,0,central,exact-dose,0,,,scorer,,20,0.30095912040548123,0.03044275780941578,0,true,false,0.930460811463937
exact-effective-dose-replication,311,0,central,family-absent-everywhere,,,,scorer,,20,0.30095912040548123,0.03044275780941578,0,true,false,0.930460811463937
exact-effective-dose-replication,311,0,fedavg,family-absent-everywhere,,,,federated-client,play-early,40,0.528561552365621,0.0831540475289027,0,true,false,0.9169642259994815
exact-effective-dose-replication,311,0,fedavg,peer-present,,,,federated-client,anzhi,40,0.4472573200861613,0.07282806932926178,0,true,false,0.9228417565185367
exact-effective-dose-replication,311,0,fedavg,family-absent-everywhere,,,,federated-client,play-late,40,0.3228503266970317,0.027611595888932545,0,true,false,0.9169642259994815
exact-effective-dose-replication,311,0,fedavg,family-absent-everywhere,,,,federated-client,anzhi,40,0.4431583086649577,0.07466088235378265,0,true,false,0.9169642259994815
exact-effective-dose-replication,311,0,fedavg,family-absent-everywhere,,,,federated-client,appchina,40,0.47282763322194415,0.0799260288476944,0,true,false,0.9169642259994815
exact-effective-dose-replication,311,0,fedavg,exact-dose,200,,,federated-client,appchina,40,0.4668107032775879,0.08391632636388142,0,true,false,0.9162813593708758
exact-effective-dose-replication,311,0,fedavg,exact-dose,0,,,federated-client,play-early,40,0.528561552365621,0.0831540475289027,0,true,false,0.9169642259994815
exact-effective-dose-replication,311,0,fedavg,exact-dose,0,,,federated-client,play-late,40,0.3228503266970317,0.027611595888932545,0,true,false,0.9169642259994815
exact-effective-dose-replication,311,0,fedavg,exact-dose,0,,,federated-client,anzhi,40,0.4431583086649577,0.07466088235378265,0,true,false,0.9169642259994815
exact-effective-dose-replication,311,0,fedavg,exact-dose,0,,,federated-client,appchina,40,0.47282763322194415,0.0799260288476944,0,true,false,0.9169642259994815
exact-effective-dose-replication,311,0,fedavg,exact-dose,200,,,federated-client,anzhi,40,0.43568627039591473,0.07069553931554158,0,true,false,0.9162813593708758
exact-effective-dose-replication,311,0,fedavg,exact-dose,200,,,federated-client,play-late,40,0.32596715291341144,0.025673893590768177,0,true,false,0.9162813593708758
exact-effective-dose-replication,311,0,fedavg,exact-dose,10,,,federated-client,play-early,40,0.5288535356521606,0.08425818880399068,0,true,false,0.9186041680943834
exact-effective-dose-replication,311,0,fedavg,exact-dose,10,,,federated-client,play-late,40,0.3228503266970317,0.02723391354084015,0,true,false,0.9186041680943834
exact-effective-dose-replication,311,0,fedavg,exact-dose,10,,,federated-client,anzhi,40,0.4428294499715169,0.07508722444375356,0,true,false,0.9186041680943834
exact-effective-dose-replication,311,0,fedavg,exact-dose,10,,,federated-client,appchina,40,0.4719896713892619,0.0830078770716985,0,true,false,0.9186041680943834
exact-effective-dose-replication,311,0,fedavg,exact-dose,200,,,federated-client,play-early,40,0.5309135913848877,0.0848360260327657,0,true,false,0.9162813593708758
exact-effective-dose-replication,311,0,fedavg,peer-present,,,,federated-client,appchina,40,0.46510879198710126,0.08998489379882812,0,true,false,0.9228417565185367
exact-effective-dose-replication,311,0,fedavg,exact-dose,25,,,federated-client,play-early,40,0.5317937533060709,0.08330164353052776,0,true,false,0.9185708789088801
exact-effective-dose-replication,311,0,fedavg,exact-dose,25,,,federated-client,play-late,40,0.3228503266970317,0.027133571604887646,0,true,false,0.9185708789088801
exact-effective-dose-replication,311,0,fedavg,exact-dose,25,,,federated-client,anzhi,40,0.4433756271998088,0.07654350996017456,0,true,false,0.9185708789088801
exact-effective-dose-replication,311,0,fedavg,exact-dose,25,,,federated-client,appchina,40,0.4720960060755412,0.08474588394165039,0,true,false,0.9185708789088801
exact-effective-dose-replication,311,0,fedavg,peer-present,,,,federated-client,play-early,40,0.5345387856165568,0.08528452118237813,0,true,false,0.9228417565185367
exact-effective-dose-replication,311,0,fedavg,exact-dose,100,,,federated-client,appchina,40,0.47114773591359455,0.08952678243319194,0,true,false,0.9180781685791782
exact-effective-dose-replication,311,0,fedavg,exact-dose,50,,,federated-client,play-early,40,0.5323898792266846,0.08434389034907024,0,true,false,0.9187372019999867
exact-effective-dose-replication,311,0,fedavg,exact-dose,50,,,federated-client,play-late,40,0.3228503266970317,0.027161896228790283,0,true,false,0.9187372019999867
exact-effective-dose-replication,311,0,fedavg,exact-dose,50,,,federated-client,anzhi,40,0.44214316209157306,0.07612419128417969,0,true,false,0.9187372019999867
exact-effective-dose-replication,311,0,fedavg,exact-dose,50,,,federated-client,appchina,40,0.4702572425206502,0.08538420995076497,0,true,false,0.9187372019999867
exact-effective-dose-replication,311,0,fedavg,exact-dose,100,,,federated-client,anzhi,40,0.43858444690704346,0.07496711115042369,0,true,false,0.9180781685791782
exact-effective-dose-replication,311,0,fedavg,peer-present,,,,federated-client,play-late,40,0.318853755791982,0.02444771925608317,0,true,false,0.9228417565185367
exact-effective-dose-replication,311,0,fedavg,exact-dose,100,,,federated-client,play-early,40,0.5324608484903971,0.08510841925938924,0,true,false,0.9180781685791782
exact-effective-dose-replication,311,0,fedavg,exact-dose,100,,,federated-client,play-late,40,0.32390836874643963,0.02822281668583552,0,true,false,0.9180781685791782
exact-effective-dose-replication,311,0,fedavg,exact-dose,50,,,federated-global,,20,0.2634141768018405,0.0682535469532013,0,true,false,0.9187372019999867
exact-effective-dose-replication,311,0,fedavg,peer-present,,,,federated-global,,20,0.26483332614103955,0.0681363008916378,0,true,false,0.9228417565185367
exact-effective-dose-replication,311,0,fedavg,exact-dose,100,,,federated-global,,20,0.26105857143799466,0.06945628238221009,0,true,false,0.9180781685791782
exact-effective-dose-replication,311,0,fedavg,exact-dose,25,,,federated-global,,20,0.2647176558772723,0.06793115225931008,0,true,false,0.9185708789088801
exact-effective-dose-replication,311,0,fedavg,exact-dose,10,,,federated-global,,20,0.2640999034047127,0.06739680096507072,0,true,false,0.9186041680943834
exact-effective-dose-replication,311,0,fedavg,exact-dose,0,,,federated-global,,20,0.2640981699029605,0.06633813865482807,0,true,false,0.9169642259994815
exact-effective-dose-replication,311,0,fedavg,family-absent-everywhere,,,,federated-global,,20,0.2640981699029605,0.06633813865482807,0,true,false,0.9169642259994815
exact-effective-dose-replication,311,0,fedavg,exact-dose,200,,,federated-global,,20,0.25688501199086505,0.06628044632573922,0,true,false,0.9162813593708758
exact-effective-dose-replication,312,0,central,exact-dose,10,,,scorer,,20,0.2867396131474921,0.023670617570268348,0,true,false,0.9264467053482276
exact-effective-dose-replication,312,0,central,peer-present,,,,scorer,,20,0.2883945221596576,0.02794534094790195,0,true,false,0.9258814474229006
exact-effective-dose-replication,312,0,central,exact-dose,200,,,scorer,,20,0.28499509933147027,0.024835599229690877,0,true,false,0.9262852627075521
exact-effective-dose-replication,312,0,central,exact-dose,100,,,scorer,,20,0.28723814132365777,0.027592212595838182,0,true,false,0.9233917269814335
exact-effective-dose-replication,312,0,central,exact-dose,50,,,scorer,,20,0.28818846763448513,0.02364679093056537,0,true,false,0.9253570407502999
exact-effective-dose-replication,312,0,central,exact-dose,25,,,scorer,,20,0.28759913748883187,0.026390101047272376,0,true,false,0.9264095091985644
exact-effective-dose-replication,312,0,central,exact-dose,0,,,scorer,,20,0.28672516599614567,0.02087264618975051,0,true,false,0.9221742070983754
exact-effective-dose-replication,312,0,central,family-absent-everywhere,,,,scorer,,20,0.28672516599614567,0.02087264618975051,0,true,false,0.9221742070983754
exact-effective-dose-replication,312,0,fedavg,family-absent-everywhere,,,,federated-client,play-early,40,0.5167814493179321,0.07191544771194458,0,true,false,0.9158433416019025
exact-effective-dose-replication,312,0,fedavg,exact-dose,25,,,federated-client,appchina,40,0.45585862795511883,0.07363080978393555,0,true,false,0.9185860736259727
exact-effective-dose-replication,312,0,fedavg,exact-dose,200,,,federated-client,appchina,40,0.4543629089991252,0.07054447134335835,0,true,false,0.9183344099153828
exact-effective-dose-replication,312,0,fedavg,family-absent-everywhere,,,,federated-client,play-late,40,0.3235206405321757,0.029839105904102325,0,true,false,0.9158433416019025
exact-effective-dose-replication,312,0,fedavg,family-absent-everywhere,,,,federated-client,anzhi,40,0.4402455488840739,0.07140959302584331,0,true,false,0.9158433416019025
exact-effective-dose-replication,312,0,fedavg,family-absent-everywhere,,,,federated-client,appchina,40,0.4555400212605794,0.06702147424221039,0,true,false,0.9158433416019025
exact-effective-dose-replication,312,0,fedavg,exact-dose,200,,,federated-client,anzhi,40,0.4359058936436971,0.068595752120018,0,true,false,0.9183344099153828
exact-effective-dose-replication,312,0,fedavg,exact-dose,0,,,federated-client,play-early,40,0.5167814493179321,0.07191544771194458,0,true,false,0.9158433416019025
exact-effective-dose-replication,312,0,fedavg,exact-dose,0,,,federated-client,play-late,40,0.3235206405321757,0.029839105904102325,0,true,false,0.9158433416019025
exact-effective-dose-replication,312,0,fedavg,exact-dose,0,,,federated-client,anzhi,40,0.4402455488840739,0.07140959302584331,0,true,false,0.9158433416019025
exact-effective-dose-replication,312,0,fedavg,exact-dose,0,,,federated-client,appchina,40,0.4555400212605794,0.06702147424221039,0,true,false,0.9158433416019025
exact-effective-dose-replication,312,0,fedavg,exact-dose,200,,,federated-client,play-late,40,0.32744932174682617,0.024774464468161266,0,true,false,0.9183344099153828
exact-effective-dose-replication,312,0,fedavg,exact-dose,10,,,federated-client,play-early,40,0.5183260440826416,0.07172474265098572,0,true,false,0.9173705816968235
exact-effective-dose-replication,312,0,fedavg,exact-dose,10,,,federated-client,play-late,40,0.3235206405321757,0.02884867290655772,0,true,false,0.9173705816968235
exact-effective-dose-replication,312,0,fedavg,exact-dose,200,,,federated-client,play-early,40,0.5237135887145996,0.06937761108080547,0,true,false,0.9183344099153828
exact-effective-dose-replication,312,0,fedavg,exact-dose,10,,,federated-client,anzhi,40,0.440570871035258,0.0718119740486145,0,true,false,0.9173705816968235
exact-effective-dose-replication,312,0,fedavg,exact-dose,10,,,federated-client,appchina,40,0.4552704493204753,0.06746090948581696,0,true,false,0.9173705816968235
exact-effective-dose-replication,312,0,fedavg,peer-present,,,,federated-client,play-late,40,0.3264721830685933,0.029290514687697094,0,true,false,0.9177631157558316
exact-effective-dose-replication,312,0,fedavg,peer-present,,,,federated-client,play-early,40,0.5140068928400675,0.06683429578940074,0,true,false,0.9177631157558316
exact-effective-dose-replication,312,0,fedavg,exact-dose,25,,,federated-client,play-early,40,0.5188200871149699,0.07579949994881947,0,true,false,0.9185860736259727
exact-effective-dose-replication,312,0,fedavg,exact-dose,100,,,federated-client,appchina,40,0.4556207259496053,0.07088445127010345,0,true,false,0.917597650441801
exact-effective-dose-replication,312,0,fedavg,exact-dose,25,,,federated-client,play-late,40,0.32376418511072796,0.026027657091617584,0,true,false,0.9185860736259727
exact-effective-dose-replication,312,0,fedavg,exact-dose,25,,,federated-client,anzhi,40,0.44050681591033936,0.0739725132783254,0,true,false,0.9185860736259727
exact-effective-dose-replication,312,0,fedavg,exact-dose,100,,,federated-client,anzhi,40,0.4403078556060791,0.07074543337027232,0,true,false,0.917597650441801
exact-effective-dose-replication,312,0,fedavg,exact-dose,100,,,federated-client,play-late,40,0.327264408270518,0.02790132661660512,0,true,false,0.917597650441801
exact-effective-dose-replication,312,0,fedavg,peer-present,,,,federated-client,appchina,40,0.45208489894866943,0.06468265255292256,0,true,false,0.9177631157558316
exact-effective-dose-replication,312,0,fedavg,exact-dose,100,,,federated-client,play-early,40,0.5205814838409424,0.0711480329434077,0,true,false,0.917597650441801
exact-effective-dose-replication,312,0,fedavg,exact-dose,50,,,federated-client,play-early,40,0.5214403867721558,0.07263425489266713,0,true,false,0.9188372615427213
exact-effective-dose-replication,312,0,fedavg,exact-dose,50,,,federated-client,play-late,40,0.3254686991373698,0.029404801627000172,0,true,false,0.9188372615427213
exact-effective-dose-replication,312,0,fedavg,exact-dose,50,,,federated-client,anzhi,40,0.4406369924545288,0.0723310907681783,0,true,false,0.9188372615427213
exact-effective-dose-replication,312,0,fedavg,exact-dose,50,,,federated-client,appchina,40,0.456447958946228,0.06837609906991322,0,true,false,0.9188372615427213
exact-effective-dose-replication,312,0,fedavg,peer-present,,,,federated-client,anzhi,40,0.44040481249491376,0.06860187153021495,0,true,false,0.9177631157558316
exact-effective-dose-replication,312,0,fedavg,exact-dose,50,,,federated-global,,20,0.25883835305770236,0.06068656158943971,0,true,false,0.9188372615427213
exact-effective-dose-replication,312,0,fedavg,exact-dose,25,,,federated-global,,20,0.2579597110549609,0.0623576200256745,0,true,false,0.9185860736259727
exact-effective-dose-replication,312,0,fedavg,exact-dose,100,,,federated-global,,20,0.2556053052345912,0.060169811050097145,0,true,false,0.917597650441801
exact-effective-dose-replication,312,0,fedavg,exact-dose,10,,,federated-global,,20,0.2576511725783348,0.05996157477299372,0,true,false,0.9173705816968235
exact-effective-dose-replication,312,0,fedavg,exact-dose,0,,,federated-global,,20,0.25729065388441086,0.06004640522102515,0,true,false,0.9158433416019025
exact-effective-dose-replication,312,0,fedavg,family-absent-everywhere,,,,federated-global,,20,0.25729065388441086,0.06004640522102515,0,true,false,0.9158433416019025
exact-effective-dose-replication,312,0,fedavg,peer-present,,,,federated-global,,20,0.25136704991261166,0.05735233364005884,0,true,false,0.9177631157558316
exact-effective-dose-replication,312,0,fedavg,exact-dose,200,,,federated-global,,20,0.24984033405780792,0.05832307475308577,0,true,false,0.9183344099153828
exact-effective-dose-replication,313,0,central,exact-dose,100,,,scorer,,20,0.29139579610621674,0.0336537056780876,0,true,false,0.9302605390618456
exact-effective-dose-replication,313,0,central,exact-dose,50,,,scorer,,20,0.290282371196341,0.03377287184938471,0,true,false,0.9297403380809994
exact-effective-dose-replication,313,0,central,family-absent-everywhere,,,,scorer,,20,0.2894481293698575,0.0285269706807238,0,true,false,0.9189892163664286
exact-effective-dose-replication,313,0,central,exact-dose,25,,,scorer,,20,0.28977597013432926,0.02933364726127462,0,true,false,0.9261365349245564
exact-effective-dose-replication,313,0,central,exact-dose,200,,,scorer,,20,0.29024130232790685,0.03071566845508332,0,true,false,0.9256099430537533
exact-effective-dose-replication,313,0,central,exact-dose,10,,,scorer,,20,0.28996473677614903,0.027048055161821082,0,true,false,0.9192711991832021
exact-effective-dose-replication,313,0,central,exact-dose,0,,,scorer,,20,0.2894481293698575,0.0285269706807238,0,true,false,0.9189892163664286
exact-effective-dose-replication,313,0,central,peer-present,,,,scorer,,20,0.2908019207893534,0.02873395858926976,0,true,false,0.9266078779383397
exact-effective-dose-replication,313,0,fedavg,exact-dose,200,,,federated-client,anzhi,40,0.4497665564219157,0.05351555844148,0,true,false,0.9079656624908702
exact-effective-dose-replication,313,0,fedavg,exact-dose,25,,,federated-client,play-late,40,0.279072105884552,0.024090851346651714,0,true,false,0.904747622950301
exact-effective-dose-replication,313,0,fedavg,peer-present,,,,federated-client,play-late,40,0.2885122299194336,0.03323959310849508,0,true,false,0.9097320429876334
exact-effective-dose-replication,313,0,fedavg,family-absent-everywhere,,,,federated-client,anzhi,40,0.45421886444091797,0.055096631248792015,0,true,false,0.9024535337905407
exact-effective-dose-replication,313,0,fedavg,peer-present,,,,federated-client,anzhi,40,0.43186652660369873,0.05521667500336965,0,true,false,0.9097320429876334
exact-effective-dose-replication,313,0,fedavg,peer-present,,,,federated-client,appchina,40,0.456534465154012,0.09562719861666362,0,true,false,0.9097320429876334
exact-effective-dose-replication,313,0,fedavg,exact-dose,200,,,federated-client,appchina,40,0.45458197593688965,0.08670112490653992,0,true,false,0.9079656624908702
exact-effective-dose-replication,313,0,fedavg,family-absent-everywhere,,,,federated-client,play-early,40,0.5145208040873209,0.07895272970199585,0,true,false,0.9024535337905407
exact-effective-dose-replication,313,0,fedavg,family-absent-everywhere,,,,federated-client,appchina,40,0.4590343236923218,0.07520485917727153,0,true,false,0.9024535337905407
exact-effective-dose-replication,313,0,fedavg,family-absent-everywhere,,,,federated-client,play-late,40,0.279072105884552,0.025032075742880504,0,true,false,0.9024535337905407
exact-effective-dose-replication,313,0,fedavg,exact-dose,0,,,federated-client,play-early,40,0.5145208040873209,0.07895272970199585,0,true,false,0.9024535337905407
exact-effective-dose-replication,313,0,fedavg,exact-dose,0,,,federated-client,play-late,40,0.279072105884552,0.025032075742880504,0,true,false,0.9024535337905407
exact-effective-dose-replication,313,0,fedavg,exact-dose,0,,,federated-client,anzhi,40,0.45421886444091797,0.055096631248792015,0,true,false,0.9024535337905407
exact-effective-dose-replication,313,0,fedavg,exact-dose,0,,,federated-client,appchina,40,0.4590343236923218,0.07520485917727153,0,true,false,0.9024535337905407
exact-effective-dose-replication,313,0,fedavg,exact-dose,200,,,federated-client,play-late,40,0.28023723761240643,0.025530459980169933,0,true,false,0.9079656624908702
exact-effective-dose-replication,313,0,fedavg,exact-dose,200,,,federated-client,play-early,40,0.5114469528198242,0.07809283832708995,0,true,false,0.9079656624908702
exact-effective-dose-replication,313,0,fedavg,exact-dose,10,,,federated-client,play-early,40,0.514296809832255,0.0802498459815979,0,true,false,0.9029004971298774
exact-effective-dose-replication,313,0,fedavg,exact-dose,10,,,federated-client,play-late,40,0.279072105884552,0.02378109594186147,0,true,false,0.9029004971298774
exact-effective-dose-replication,313,0,fedavg,exact-dose,10,,,federated-client,anzhi,40,0.45443816979726154,0.0523757537206014,0,true,false,0.9029004971298774
exact-effective-dose-replication,313,0,fedavg,exact-dose,10,,,federated-client,appchina,40,0.4588619867960612,0.07429622113704681,0,true,false,0.9029004971298774
exact-effective-dose-replication,313,0,fedavg,exact-dose,100,,,federated-client,appchina,40,0.45824968814849854,0.08342031637827556,0,true,false,0.906593785145747
exact-effective-dose-replication,313,0,fedavg,exact-dose,100,,,federated-client,anzhi,40,0.4518449703852336,0.054354930917421974,0,true,false,0.906593785145747
exact-effective-dose-replication,313,0,fedavg,exact-dose,25,,,federated-client,play-early,40,0.511417547861735,0.07936650017897288,0,true,false,0.904747622950301
exact-effective-dose-replication,313,0,fedavg,exact-dose,100,,,federated-client,play-late,40,0.2802279591560364,0.024902356167634327,0,true,false,0.906593785145747
exact-effective-dose-replication,313,0,fedavg,peer-present,,,,federated-client,play-early,40,0.5206954479217529,0.07298876345157623,0,true,false,0.9097320429876334
exact-effective-dose-replication,313,0,fedavg,exact-dose,25,,,federated-client,anzhi,40,0.45443153381347656,0.052947560946146645,0,true,false,0.904747622950301
exact-effective-dose-replication,313,0,fedavg,exact-dose,100,,,federated-client,play-early,40,0.5128786563873291,0.07779835661252339,0,true,false,0.906593785145747
exact-effective-dose-replication,313,0,fedavg,exact-dose,25,,,federated-client,appchina,40,0.4578133821487427,0.0772302895784378,0,true,false,0.904747622950301
exact-effective-dose-replication,313,0,fedavg,exact-dose,50,,,federated-client,appchina,40,0.4576621452967326,0.0783361146847407,0,true,false,0.906658459199695
exact-effective-dose-replication,313,0,fedavg,exact-dose,50,,,federated-client,play-early,40,0.512747327486674,0.07956579824288686,0,true,false,0.906658459199695
exact-effective-dose-replication,313,0,fedavg,exact-dose,50,,,federated-client,play-late,40,0.27935439348220825,0.024480218688646953,0,true,false,0.906658459199695
exact-effective-dose-replication,313,0,fedavg,exact-dose,50,,,federated-client,anzhi,40,0.453255295753479,0.05418328444163004,0,true,false,0.906658459199695
exact-effective-dose-replication,313,0,fedavg,exact-dose,25,,,federated-global,,20,0.25301821033159894,0.05840880051255226,0,true,false,0.904747622950301
exact-effective-dose-replication,313,0,fedavg,exact-dose,50,,,federated-global,,20,0.2525690868496895,0.05914135401447614,0,true,false,0.906658459199695
exact-effective-dose-replication,313,0,fedavg,exact-dose,10,,,federated-global,,20,0.254403034845988,0.057675729195276894,0,true,false,0.9029004971298774
exact-effective-dose-replication,313,0,fedavg,exact-dose,100,,,federated-global,,20,0.25179509073495865,0.060118990018963814,0,true,false,0.906593785145747
exact-effective-dose-replication,313,0,fedavg,exact-dose,0,,,federated-global,,20,0.2544909119606018,0.05857157396773497,0,true,false,0.9024535337905407
exact-effective-dose-replication,313,0,fedavg,family-absent-everywhere,,,,federated-global,,20,0.2544909119606018,0.05857157396773497,0,true,false,0.9024535337905407
exact-effective-dose-replication,313,0,fedavg,peer-present,,,,federated-global,,20,0.24839657296737036,0.06426805754502614,0,true,false,0.9097320429876334
exact-effective-dose-replication,313,0,fedavg,exact-dose,200,,,federated-global,,20,0.24753562112649283,0.060959995413819947,0,true,false,0.9079656624908702
exact-effective-dose-replication,314,0,central,exact-dose,25,,,scorer,,20,0.2968648545285489,0.027608001485784003,0,true,false,0.927730998093499
exact-effective-dose-replication,314,0,central,exact-dose,50,,,scorer,,20,0.2980472889352352,0.025326574102361152,0,true,false,0.928142115803221
exact-effective-dose-replication,314,0,central,family-absent-everywhere,,,,scorer,,20,0.2961503698470745,0.02684395617627083,0,true,false,0.9265120657600802
exact-effective-dose-replication,314,0,central,exact-dose,10,,,scorer,,20,0.2965742070624169,0.02782649689532341,0,true,false,0.9263297452640398
exact-effective-dose-replication,314,0,central,exact-dose,100,,,scorer,,20,0.2979107511804459,0.028456878154835802,0,true,false,0.929142358412873
exact-effective-dose-replication,314,0,central,exact-dose,200,,,scorer,,20,0.29796573963571105,0.02805402938355791,0,true,false,0.9303326120427796
exact-effective-dose-replication,314,0,central,exact-dose,0,,,scorer,,20,0.2961503698470745,0.02684395617627083,0,true,false,0.9265120657600802
exact-effective-dose-replication,314,0,central,peer-present,,,,scorer,,20,0.2897730482385514,0.02863496668795322,0,true,false,0.9309167207106794
exact-effective-dose-replication,314,0,fedavg,exact-dose,50,,,federated-client,play-late,40,0.3334031899770101,0.04035230974356333,0,true,false,0.9195185748065425
exact-effective-dose-replication,314,0,fedavg,exact-dose,0,,,federated-client,anzhi,40,0.4608551661173503,0.0768421192963918,0,true,false,0.916511187859841
exact-effective-dose-replication,314,0,fedavg,exact-dose,200,,,federated-client,appchina,40,0.46317100524902344,0.06988397240638733,0,true,false,0.9201755755052862
exact-effective-dose-replication,314,0,fedavg,exact-dose,200,,,federated-client,anzhi,40,0.45710476239522296,0.07019065817197163,0,true,false,0.9201755755052862
exact-effective-dose-replication,314,0,fedavg,peer-present,,,,federated-client,appchina,40,0.46265681584676105,0.06978500882784526,0,true,false,0.920031795077669
exact-effective-dose-replication,314,0,fedavg,peer-present,,,,federated-client,anzhi,40,0.4446269671122233,0.07676764329274495,0,true,false,0.920031795077669
exact-effective-dose-replication,314,0,fedavg,peer-present,,,,federated-client,play-late,40,0.3284686803817749,0.0361777072151502,0,true,false,0.920031795077669
exact-effective-dose-replication,314,0,fedavg,peer-present,,,,federated-client,play-early,40,0.5247782468795776,0.07912257313728333,0,true,false,0.920031795077669
exact-effective-dose-replication,314,0,fedavg,family-absent-everywhere,,,,federated-client,play-late,40,0.3272965947786967,0.03629142294327418,0,true,false,0.916511187859841
exact-effective-dose-replication,314,0,fedavg,family-absent-everywhere,,,,federated-client,anzhi,40,0.4608551661173503,0.0768421192963918,0,true,false,0.916511187859841
exact-effective-dose-replication,314,0,fedavg,family-absent-everywhere,,,,federated-client,appchina,40,0.47068480650583905,0.06709028283754985,0,true,false,0.916511187859841
exact-effective-dose-replication,314,0,fedavg,exact-dose,200,,,federated-client,play-late,40,0.3490458329518636,0.03750645120938619,0,true,false,0.9201755755052862
exact-effective-dose-replication,314,0,fedavg,exact-dose,0,,,federated-client,play-early,40,0.523682713508606,0.0802123099565506,0,true,false,0.916511187859841
exact-effective-dose-replication,314,0,fedavg,exact-dose,0,,,federated-client,play-late,40,0.3272965947786967,0.03629142294327418,0,true,false,0.916511187859841
exact-effective-dose-replication,314,0,fedavg,exact-dose,200,,,federated-client,play-early,40,0.5219952662785848,0.07888422906398773,0,true,false,0.9201755755052862
exact-effective-dose-replication,314,0,fedavg,exact-dose,100,,,federated-client,play-late,40,0.339702566464742,0.03768207132816315,0,true,false,0.9193559998374924
exact-effective-dose-replication,314,0,fedavg,exact-dose,0,,,federated-client,appchina,40,0.47068480650583905,0.06709028283754985,0,true,false,0.916511187859841
exact-effective-dose-replication,314,0,fedavg,exact-dose,100,,,federated-client,appchina,40,0.46667957305908203,0.067916934688886,0,true,false,0.9193559998374924
exact-effective-dose-replication,314,0,fedavg,exact-dose,10,,,federated-client,play-early,40,0.5241984128952026,0.08110578854878743,0,true,false,0.918143064036534
exact-effective-dose-replication,314,0,fedavg,exact-dose,10,,,federated-client,play-late,40,0.3281967838605245,0.03811662644147873,0,true,false,0.918143064036534
exact-effective-dose-replication,314,0,fedavg,exact-dose,100,,,federated-client,anzhi,40,0.4587908983230591,0.07333065569400787,0,true,false,0.9193559998374924
exact-effective-dose-replication,314,0,fedavg,exact-dose,10,,,federated-client,anzhi,40,0.4608457088470459,0.07539377113183339,0,true,false,0.918143064036534
exact-effective-dose-replication,314,0,fedavg,exact-dose,10,,,federated-client,appchina,40,0.47089195251464844,0.06874899566173553,0,true,false,0.918143064036534
exact-effective-dose-replication,314,0,fedavg,family-absent-everywhere,,,,federated-client,play-early,40,0.523682713508606,0.0802123099565506,0,true,false,0.916511187859841
exact-effective-dose-replication,314,0,fedavg,exact-dose,25,,,federated-client,play-early,40,0.5259395043055216,0.08176060517628987,0,true,false,0.9189001876932891
exact-effective-dose-replication,314,0,fedavg,exact-dose,25,,,federated-client,play-late,40,0.33138855298360187,0.0390054260691007,0,true,false,0.9189001876932891
exact-effective-dose-replication,314,0,fedavg,exact-dose,25,,,federated-client,anzhi,40,0.4609241882960002,0.07365988691647847,0,true,false,0.9189001876932891
exact-effective-dose-replication,314,0,fedavg,exact-dose,25,,,federated-client,appchina,40,0.46960242589314777,0.0667731910943985,0,true,false,0.9189001876932891
exact-effective-dose-replication,314,0,fedavg,exact-dose,50,,,federated-client,play-early,40,0.5268323024113973,0.08036799728870392,0,true,false,0.9195185748065425
exact-effective-dose-replication,314,0,fedavg,exact-dose,50,,,federated-client,anzhi,40,0.46067861715952557,0.07545345028241475,0,true,false,0.9195185748065425
exact-effective-dose-replication,314,0,fedavg,exact-dose,50,,,federated-client,appchina,40,0.4688419500986735,0.06743381917476654,0,true,false,0.9195185748065425
exact-effective-dose-replication,314,0,fedavg,exact-dose,100,,,federated-client,play-early,40,0.52298637231191,0.0775622973839442,0,true,false,0.9193559998374924
exact-effective-dose-replication,314,0,fedavg,exact-dose,10,,,federated-global,,20,0.27110855281352997,0.06584129544595878,0,true,false,0.918143064036534
exact-effective-dose-replication,314,0,fedavg,exact-dose,50,,,federated-global,,20,0.272040660182635,0.06590189412236214,0,true,false,0.9195185748065425
exact-effective-dose-replication,314,0,fedavg,exact-dose,25,,,federated-global,,20,0.27209122975667316,0.06529977731406689,0,true,false,0.9189001876932891
exact-effective-dose-replication,314,0,fedavg,exact-dose,100,,,federated-global,,20,0.2676503161589305,0.0641229897737503,0,true,false,0.9193559998374924
exact-effective-dose-replication,314,0,fedavg,exact-dose,0,,,federated-global,,20,0.2707618474960327,0.06510903375844161,0,true,false,0.916511187859841
exact-effective-dose-replication,314,0,fedavg,family-absent-everywhere,,,,federated-global,,20,0.2707618474960327,0.06510903375844161,0,true,false,0.916511187859841
exact-effective-dose-replication,314,0,fedavg,peer-present,,,,federated-global,,20,0.265214925010999,0.06546323311825593,0,true,false,0.920031795077669
exact-effective-dose-replication,314,0,fedavg,exact-dose,200,,,federated-global,,20,0.26614169776439667,0.06411632771293323,0,true,false,0.9201755755052862
exact-effective-dose-replication,315,0,central,exact-dose,25,,,scorer,,20,0.2925902224601583,0.025446868957357205,0,true,false,0.9318867115786386
exact-effective-dose-replication,315,0,central,exact-dose,50,,,scorer,,20,0.2923009141962579,0.024591866959916785,0,true,false,0.9316381166679766
exact-effective-dose-replication,315,0,central,family-absent-everywhere,,,,scorer,,20,0.2924005224349651,0.02611262747581969,0,true,false,0.9286606101997469
exact-effective-dose-replication,315,0,central,exact-dose,100,,,scorer,,20,0.2907053359011386,0.029051298790789666,0,true,false,0.934327412242963
exact-effective-dose-replication,315,0,central,exact-dose,10,,,scorer,,20,0.2921878530624065,0.025178914374493537,0,true,false,0.9268179911684835
exact-effective-dose-replication,315,0,central,exact-dose,0,,,scorer,,20,0.2924005224349651,0.02611262747581969,0,true,false,0.9286606101997469
exact-effective-dose-replication,315,0,central,exact-dose,200,,,scorer,,20,0.28945707767567735,0.026319222247346917,0,true,false,0.9345488836106721
exact-effective-dose-replication,315,0,central,peer-present,,,,scorer,,20,0.28638013880303564,0.025094798270692217,0,true,false,0.9318049761347845
exact-effective-dose-replication,315,0,fedavg,exact-dose,10,,,federated-client,play-late,40,0.30052171150843304,0.021085175375143688,0,true,false,0.919920297559594
exact-effective-dose-replication,315,0,fedavg,exact-dose,25,,,federated-client,play-late,40,0.30052171150843304,0.02097423126300176,0,true,false,0.9213644144364154
exact-effective-dose-replication,315,0,fedavg,peer-present,,,,federated-client,play-early,40,0.5188556512196859,0.06747233867645264,0,true,false,0.9231004632945495
exact-effective-dose-replication,315,0,fedavg,peer-present,,,,federated-client,play-late,40,0.30383193492889404,0.023668256898721058,0,true,false,0.9231004632945495
exact-effective-dose-replication,315,0,fedavg,peer-present,,,,federated-client,anzhi,40,0.4175666570663452,0.0642786721388499,0,true,false,0.9231004632945495
exact-effective-dose-replication,315,0,fedavg,peer-present,,,,federated-client,appchina,40,0.4279051224390666,0.07153576115767162,0,true,false,0.9231004632945495
exact-effective-dose-replication,315,0,fedavg,exact-dose,200,,,federated-client,appchina,40,0.43921057383219403,0.06304495533307393,0,true,false,0.9218799626574605
exact-effective-dose-replication,315,0,fedavg,family-absent-everywhere,,,,federated-client,play-early,40,0.5122230052947998,0.07555245359738667,0,true,false,0.9188816612534145
exact-effective-dose-replication,315,0,fedavg,family-absent-everywhere,,,,federated-client,play-late,40,0.3004438479741414,0.02090540776650111,0,true,false,0.9188816612534145
exact-effective-dose-replication,315,0,fedavg,family-absent-everywhere,,,,federated-client,anzhi,40,0.4414823055267334,0.06587922076384227,0,true,false,0.9188816612534145
exact-effective-dose-replication,315,0,fedavg,family-absent-everywhere,,,,federated-client,appchina,40,0.4358866612116496,0.06443879504998525,0,true,false,0.9188816612534145
exact-effective-dose-replication,315,0,fedavg,exact-dose,200,,,federated-client,anzhi,40,0.4337166945139567,0.0637495219707489,0,true,false,0.9218799626574605
exact-effective-dose-replication,315,0,fedavg,exact-dose,0,,,federated-client,play-early,40,0.5122230052947998,0.07555245359738667,0,true,false,0.9188816612534145
exact-effective-dose-replication,315,0,fedavg,exact-dose,0,,,federated-client,play-late,40,0.3004438479741414,0.02090540776650111,0,true,false,0.9188816612534145
exact-effective-dose-replication,315,0,fedavg,exact-dose,0,,,federated-client,anzhi,40,0.4414823055267334,0.06587922076384227,0,true,false,0.9188816612534145
exact-effective-dose-replication,315,0,fedavg,exact-dose,0,,,federated-client,appchina,40,0.4358866612116496,0.06443879504998525,0,true,false,0.9188816612534145
exact-effective-dose-replication,315,0,fedavg,exact-dose,200,,,federated-client,play-late,40,0.30106282234191895,0.021196213861306507,0,true,false,0.9218799626574605
exact-effective-dose-replication,315,0,fedavg,exact-dose,10,,,federated-client,play-early,40,0.512152910232544,0.07639013230800629,0,true,false,0.919920297559594
exact-effective-dose-replication,315,0,fedavg,exact-dose,200,,,federated-client,play-early,40,0.5085730950037638,0.06928111116091411,0,true,false,0.9218799626574605
exact-effective-dose-replication,315,0,fedavg,exact-dose,10,,,federated-client,anzhi,40,0.4414058526357015,0.06714419523874919,0,true,false,0.919920297559594
exact-effective-dose-replication,315,0,fedavg,exact-dose,10,,,federated-client,appchina,40,0.43612027168273926,0.06505877276261647,0,true,false,0.919920297559594
exact-effective-dose-replication,315,0,fedavg,exact-dose,100,,,federated-client,appchina,40,0.43951714038848877,0.06871701776981354,0,true,false,0.9222044885044922
exact-effective-dose-replication,315,0,fedavg,exact-dose,25,,,federated-client,play-early,40,0.5123383601506551,0.07446746031443278,0,true,false,0.9213644144364154
exact-effective-dose-replication,315,0,fedavg,exact-dose,100,,,federated-client,anzhi,40,0.4377621014912923,0.06586772203445435,0,true,false,0.9222044885044922
exact-effective-dose-replication,315,0,fedavg,exact-dose,25,,,federated-client,anzhi,40,0.44089516003926593,0.06635716060797374,0,true,false,0.9213644144364154
exact-effective-dose-replication,315,0,fedavg,exact-dose,25,,,federated-client,appchina,40,0.4367879629135132,0.0660603145758311,0,true,false,0.9213644144364154
exact-effective-dose-replication,315,0,fedavg,exact-dose,100,,,federated-client,play-late,40,0.3009786009788513,0.019750650972127914,0,true,false,0.9222044885044922
exact-effective-dose-replication,315,0,fedavg,exact-dose,50,,,federated-client,play-early,40,0.5158393780390421,0.07309865951538086,0,true,false,0.9215576545747606
exact-effective-dose-replication,315,0,fedavg,exact-dose,50,,,federated-client,play-late,40,0.30052171150843304,0.02106843888759613,0,true,false,0.9215576545747606
exact-effective-dose-replication,315,0,fedavg,exact-dose,50,,,federated-client,anzhi,40,0.4410843054453532,0.06669862568378448,0,true,false,0.9215576545747606
exact-effective-dose-replication,315,0,fedavg,exact-dose,50,,,federated-client,appchina,40,0.43773603439331055,0.06588764488697052,0,true,false,0.9215576545747606
exact-effective-dose-replication,315,0,fedavg,exact-dose,100,,,federated-client,play-early,40,0.515025774637858,0.0726627806822459,0,true,false,0.9222044885044922
exact-effective-dose-replication,315,0,fedavg,exact-dose,50,,,federated-global,,20,0.25095035135746,0.056688342243433,0,true,false,0.9215576545747606
exact-effective-dose-replication,315,0,fedavg,exact-dose,25,,,federated-global,,20,0.25088220338026684,0.056964791690309845,0,true,false,0.9213644144364154
exact-effective-dose-replication,315,0,fedavg,exact-dose,10,,,federated-global,,20,0.2517901808023453,0.057419568921128906,0,true,false,0.919920297559594
exact-effective-dose-replication,315,0,fedavg,exact-dose,100,,,federated-global,,20,0.24857047696908316,0.05674954286466042,0,true,false,0.9222044885044922
exact-effective-dose-replication,315,0,fedavg,exact-dose,0,,,federated-global,,20,0.25261511156956357,0.056693969294428825,0,true,false,0.9188816612534145
exact-effective-dose-replication,315,0,fedavg,family-absent-everywhere,,,,federated-global,,20,0.25261511156956357,0.056693969294428825,0,true,false,0.9188816612534145
exact-effective-dose-replication,315,0,fedavg,peer-present,,,,federated-global,,20,0.24075935781002045,0.0567387572179238,0,true,false,0.9231004632945495
exact-effective-dose-replication,315,0,fedavg,exact-dose,200,,,federated-global,,20,0.24136968205372492,0.054317950581510864,0,true,false,0.9218799626574605
exact-effective-dose-replication,316,0,central,family-absent-everywhere,,,,scorer,,20,0.2892743983167283,0.02612712789089122,0,true,false,0.9229547923924897
exact-effective-dose-replication,316,0,central,exact-dose,200,,,scorer,,20,0.28942840657335644,0.023425779444106083,0,true,false,0.9274492620309691
exact-effective-dose-replication,316,0,central,peer-present,,,,scorer,,20,0.29324052688923286,0.028980447890910695,0,true,false,0.9306282699607986
exact-effective-dose-replication,316,0,central,exact-dose,100,,,scorer,,20,0.28990995123031293,0.026245175523960843,0,true,false,0.924701663275592
exact-effective-dose-replication,316,0,central,exact-dose,50,,,scorer,,20,0.29125430736135927,0.02529113089784663,0,true,false,0.9297044576121508
exact-effective-dose-replication,316,0,central,exact-dose,25,,,scorer,,20,0.29056812854523356,0.025099838033635566,0,true,false,0.9246807370543729
exact-effective-dose-replication,316,0,central,exact-dose,10,,,scorer,,20,0.2897751787875561,0.02541277256417782,0,true,false,0.9252841263081272
exact-effective-dose-replication,316,0,central,exact-dose,0,,,scorer,,20,0.2892743983167283,0.02612712789089122,0,true,false,0.9229547923924897
exact-effective-dose-replication,316,0,fedavg,peer-present,,,,federated-client,appchina,40,0.46986039479573566,0.08801639080047607,0,true,false,0.9198639092822329
exact-effective-dose-replication,316,0,fedavg,exact-dose,10,,,federated-client,anzhi,40,0.45831839243570965,0.06903962294260661,0,true,false,0.9171884585519763
exact-effective-dose-replication,316,0,fedavg,family-absent-everywhere,,,,federated-client,play-late,40,0.2880720297495524,0.03092755377292633,0,true,false,0.9153556798413386
exact-effective-dose-replication,316,0,fedavg,family-absent-everywhere,,,,federated-client,anzhi,40,0.45885801315307617,0.06756174564361572,0,true,false,0.9153556798413386
exact-effective-dose-replication,316,0,fedavg,family-absent-everywhere,,,,federated-client,appchina,40,0.4598507483800252,0.07524804770946503,0,true,false,0.9153556798413386
exact-effective-dose-replication,316,0,fedavg,exact-dose,10,,,federated-client,appchina,40,0.46037471294403076,0.07714756329854329,0,true,false,0.9171884585519763
exact-effective-dose-replication,316,0,fedavg,exact-dose,200,,,federated-client,appchina,40,0.4591861565907796,0.08204382161299388,0,true,false,0.9203322462256353
exact-effective-dose-replication,316,0,fedavg,exact-dose,0,,,federated-client,play-early,40,0.47906585534413654,0.07476240396499634,0,true,false,0.9153556798413386
exact-effective-dose-replication,316,0,fedavg,exact-dose,0,,,federated-client,play-late,40,0.2880720297495524,0.03092755377292633,0,true,false,0.9153556798413386
exact-effective-dose-replication,316,0,fedavg,exact-dose,0,,,federated-client,anzhi,40,0.45885801315307617,0.06756174564361572,0,true,false,0.9153556798413386
exact-effective-dose-replication,316,0,fedavg,exact-dose,0,,,federated-client,appchina,40,0.4598507483800252,0.07524804770946503,0,true,false,0.9153556798413386
exact-effective-dose-replication,316,0,fedavg,exact-dose,200,,,federated-client,anzhi,40,0.44906413555145264,0.06198410193125407,0,true,false,0.9203322462256353
exact-effective-dose-replication,316,0,fedavg,family-absent-everywhere,,,,federated-client,play-early,40,0.47906585534413654,0.07476240396499634,0,true,false,0.9153556798413386
exact-effective-dose-replication,316,0,fedavg,exact-dose,10,,,federated-client,play-early,40,0.4796364704767863,0.0742365966240565,0,true,false,0.9171884585519763
exact-effective-dose-replication,316,0,fedavg,exact-dose,10,,,federated-client,play-late,40,0.2880720297495524,0.03171310325463613,0,true,false,0.9171884585519763
exact-effective-dose-replication,316,0,fedavg,exact-dose,100,,,federated-client,anzhi,40,0.45622559388478595,0.06515119969844818,0,true,false,0.9179430514760698
exact-effective-dose-replication,316,0,fedavg,exact-dose,200,,,federated-client,play-late,40,0.2925761342048645,0.030703415473302204,0,true,false,0.9203322462256353
exact-effective-dose-replication,316,0,fedavg,exact-dose,200,,,federated-client,play-early,40,0.4721459150314331,0.07113900283972423,0,true,false,0.9203322462256353
exact-effective-dose-replication,316,0,fedavg,peer-present,,,,federated-client,play-early,40,0.4841994841893514,0.0793419082959493,0,true,false,0.9198639092822329
exact-effective-dose-replication,316,0,fedavg,exact-dose,25,,,federated-client,play-early,40,0.4821159839630127,0.07519573469956715,0,true,false,0.9176452822999638
exact-effective-dose-replication,316,0,fedavg,exact-dose,25,,,federated-client,play-late,40,0.28867805004119873,0.03147119035323461,0,true,false,0.9176452822999638
exact-effective-dose-replication,316,0,fedavg,exact-dose,25,,,federated-client,anzhi,40,0.45848997433980304,0.0679086297750473,0,true,false,0.9176452822999638
exact-effective-dose-replication,316,0,fedavg,exact-dose,25,,,federated-client,appchina,40,0.46060359477996826,0.07698503136634827,0,true,false,0.9176452822999638
exact-effective-dose-replication,316,0,fedavg,exact-dose,100,,,federated-client,appchina,40,0.4597439765930176,0.07984516024589539,0,true,false,0.9179430514760698
exact-effective-dose-replication,316,0,fedavg,peer-present,,,,federated-client,anzhi,40,0.4363956054051717,0.06708768010139465,0,true,false,0.9198639092822329
exact-effective-dose-replication,316,0,fedavg,exact-dose,50,,,federated-client,play-early,40,0.4828858772913615,0.07161092261473338,0,true,false,0.9181308188857912
exact-effective-dose-replication,316,0,fedavg,exact-dose,50,,,federated-client,play-late,40,0.28896184762318927,0.030849484105904896,0,true,false,0.9181308188857912
exact-effective-dose-replication,316,0,fedavg,exact-dose,50,,,federated-client,anzhi,40,0.4585786660512288,0.06649162371953328,0,true,false,0.9181308188857912
exact-effective-dose-replication,316,0,fedavg,exact-dose,50,,,federated-client,appchina,40,0.46125634511311847,0.0773869256178538,0,true,false,0.9181308188857912
exact-effective-dose-replication,316,0,fedavg,peer-present,,,,federated-client,play-late,40,0.28694506486256915,0.028994515538215637,0,true,false,0.9198639092822329
exact-effective-dose-replication,316,0,fedavg,exact-dose,100,,,federated-client,play-early,40,0.4816005229949951,0.07058106859525044,0,true,false,0.9179430514760698
exact-effective-dose-replication,316,0,fedavg,exact-dose,100,,,federated-client,play-late,40,0.29174524545669556,0.032409081856409706,0,true,false,0.9179430514760698
exact-effective-dose-replication,316,0,fedavg,peer-present,,,,federated-global,,20,0.24085127313931784,0.06586012368400891,0,true,false,0.9198639092822329
exact-effective-dose-replication,316,0,fedavg,exact-dose,50,,,federated-global,,20,0.2458896959821383,0.06158473901450634,0,true,false,0.9181308188857912
exact-effective-dose-replication,316,0,fedavg,family-absent-everywhere,,,,federated-global,,20,0.24602819979190826,0.062124937772750854,0,true,false,0.9153556798413386
exact-effective-dose-replication,316,0,fedavg,exact-dose,100,,,federated-global,,20,0.24358544250329336,0.06199662759900093,0,true,false,0.9179430514760698
exact-effective-dose-replication,316,0,fedavg,exact-dose,25,,,federated-global,,20,0.24635659903287888,0.06289014654854934,0,true,false,0.9176452822999638
exact-effective-dose-replication,316,0,fedavg,exact-dose,10,,,federated-global,,20,0.24587366978327432,0.06303422152996063,0,true,false,0.9171884585519763
exact-effective-dose-replication,316,0,fedavg,exact-dose,0,,,federated-global,,20,0.24602819979190826,0.062124937772750854,0,true,false,0.9153556798413386
exact-effective-dose-replication,316,0,fedavg,exact-dose,200,,,federated-global,,20,0.2402582069238027,0.061467585464318596,0,true,false,0.9203322462256353
exact-effective-dose-replication,317,0,central,exact-dose,50,,,scorer,,20,0.2970967597149788,0.029331166693504822,0,true,false,0.8803239072031485
exact-effective-dose-replication,317,0,central,exact-dose,100,,,scorer,,20,0.29761499039670253,0.027285253747980645,0,true,false,0.884860439401892
exact-effective-dose-replication,317,0,central,peer-present,,,,scorer,,20,0.28603565946538395,0.0263641616131397,0,true,false,0.8733316509574044
exact-effective-dose-replication,317,0,central,family-absent-everywhere,,,,scorer,,20,0.2946944946938373,0.026710941436442922,0,true,false,0.8857407502507207
exact-effective-dose-replication,317,0,central,exact-dose,0,,,scorer,,20,0.2946944946938373,0.026710941436442922,0,true,false,0.8857407502507207
exact-effective-dose-replication,317,0,central,exact-dose,200,,,scorer,,20,0.2991989216905959,0.025785892567736036,0,true,false,0.8594173773481733
exact-effective-dose-replication,317,0,central,exact-dose,10,,,scorer,,20,0.29582175802677235,0.025957642717564358,0,true,false,0.890229497498788
exact-effective-dose-replication,317,0,central,exact-dose,25,,,scorer,,20,0.2961621791758436,0.0277660552491533,0,true,false,0.8692198394496459
exact-effective-dose-replication,317,0,fedavg,peer-present,,,,federated-client,appchina,40,0.46074211597442627,0.07545334100723267,0,true,false,0.8967122612221196
exact-effective-dose-replication,317,0,fedavg,exact-dose,10,,,federated-client,anzhi,40,0.45112693309783936,0.06761136154333751,0,true,false,0.8856011639034889
exact-effective-dose-replication,317,0,fedavg,family-absent-everywhere,,,,federated-client,play-late,40,0.3129652539889018,0.025472834706306458,0,true,false,0.8838264451781068
exact-effective-dose-replication,317,0,fedavg,family-absent-everywhere,,,,federated-client,anzhi,40,0.45082441965738934,0.06608028213183086,0,true,false,0.8838264451781068
exact-effective-dose-replication,317,0,fedavg,family-absent-everywhere,,,,federated-client,appchina,40,0.46929935614267987,0.07243793706099193,0,true,false,0.8838264451781068
exact-effective-dose-replication,317,0,fedavg,exact-dose,50,,,federated-client,appchina,40,0.471399466196696,0.07255018750826518,0,true,false,0.8858078417722078
exact-effective-dose-replication,317,0,fedavg,peer-present,,,,federated-client,play-late,40,0.31502177317937213,0.028786403437455494,0,true,false,0.8967122612221196
exact-effective-dose-replication,317,0,fedavg,exact-dose,0,,,federated-client,play-early,40,0.4933737516403198,0.08191939194997151,0,true,false,0.8838264451781068
exact-effective-dose-replication,317,0,fedavg,exact-dose,0,,,federated-client,play-late,40,0.3129652539889018,0.025472834706306458,0,true,false,0.8838264451781068
exact-effective-dose-replication,317,0,fedavg,exact-dose,0,,,federated-client,anzhi,40,0.45082441965738934,0.06608028213183086,0,true,false,0.8838264451781068
exact-effective-dose-replication,317,0,fedavg,exact-dose,0,,,federated-client,appchina,40,0.46929935614267987,0.07243793706099193,0,true,false,0.8838264451781068
exact-effective-dose-replication,317,0,fedavg,exact-dose,50,,,federated-client,anzhi,40,0.4497361977895101,0.06975116332372029,0,true,false,0.8858078417722078
exact-effective-dose-replication,317,0,fedavg,exact-dose,50,,,federated-client,play-late,40,0.31419670581817627,0.022722475230693817,0,true,false,0.8858078417722078
exact-effective-dose-replication,317,0,fedavg,exact-dose,50,,,federated-client,play-early,40,0.5041875044504801,0.08178010582923889,0,true,false,0.8858078417722078
exact-effective-dose-replication,317,0,fedavg,peer-present,,,,federated-client,anzhi,40,0.4528052012125651,0.05800739427407583,0,true,false,0.8967122612221196
exact-effective-dose-replication,317,0,fedavg,peer-present,,,,federated-client,play-early,40,0.494487722714742,0.08395759264628093,0,true,false,0.8967122612221196
exact-effective-dose-replication,317,0,fedavg,exact-dose,25,,,federated-client,appchina,40,0.47012511889139813,0.07185276846090953,0,true,false,0.8844145652918862
exact-effective-dose-replication,317,0,fedavg,exact-dose,25,,,federated-client,anzhi,40,0.45060181617736816,0.07025408248106639,0,true,false,0.8844145652918862
exact-effective-dose-replication,317,0,fedavg,exact-dose,25,,,federated-client,play-late,40,0.31336774428685504,0.024380197127660114,0,true,false,0.8844145652918862
exact-effective-dose-replication,317,0,fedavg,exact-dose,25,,,federated-client,play-early,40,0.4987146059672038,0.0813548316558202,0,true,false,0.8844145652918862
exact-effective-dose-replication,317,0,fedavg,exact-dose,10,,,federated-client,appchina,40,0.4697114626566569,0.07137434184551239,0,true,false,0.8856011639034889
exact-effective-dose-replication,317,0,fedavg,exact-dose,200,,,federated-client,appchina,40,0.4729206959406535,0.07336629430452983,0,true,false,0.8991680753969519
exact-effective-dose-replication,317,0,fedavg,exact-dose,200,,,federated-client,anzhi,40,0.4435280958811442,0.06753684083620708,0,true,false,0.8991680753969519
exact-effective-dose-replication,317,0,fedavg,exact-dose,200,,,federated-client,play-late,40,0.3193235596021016,0.021511877576510113,0,true,false,0.8991680753969519
exact-effective-dose-replication,317,0,fedavg,family-absent-everywhere,,,,federated-client,play-early,40,0.4933737516403198,0.08191939194997151,0,true,false,0.8838264451781068
exact-effective-dose-replication,317,0,fedavg,exact-dose,200,,,federated-client,play-early,40,0.5096172094345093,0.08339951435724895,0,true,false,0.8991680753969519
exact-effective-dose-replication,317,0,fedavg,exact-dose,10,,,federated-client,play-early,40,0.49628408749898273,0.07952422400315602,0,true,false,0.8856011639034889
exact-effective-dose-replication,317,0,fedavg,exact-dose,100,,,federated-client,play-early,40,0.50726850827535,0.08190015455087025,0,true,false,0.8984442376140519
exact-effective-dose-replication,317,0,fedavg,exact-dose,10,,,federated-client,play-late,40,0.3129652539889018,0.023660202821095783,0,true,false,0.8856011639034889
exact-effective-dose-replication,317,0,fedavg,exact-dose,100,,,federated-client,play-late,40,0.3153899709383647,0.024187050759792328,0,true,false,0.8984442376140519
exact-effective-dose-replication,317,0,fedavg,exact-dose,100,,,federated-client,appchina,40,0.4716591040293376,0.07183217505613963,0,true,false,0.8984442376140519
exact-effective-dose-replication,317,0,fedavg,exact-dose,100,,,federated-client,anzhi,40,0.44631556669871014,0.06879475712776184,0,true,false,0.8984442376140519
exact-effective-dose-replication,317,0,fedavg,exact-dose,100,,,federated-global,,20,0.2603067010641098,0.061678534373641014,0,true,false,0.8984442376140519
exact-effective-dose-replication,317,0,fedavg,exact-dose,50,,,federated-global,,20,0.26154639571905136,0.061700982972979546,0,true,false,0.8858078417722078
exact-effective-dose-replication,317,0,fedavg,exact-dose,10,,,federated-global,,20,0.2590223004420598,0.06054253255327543,0,true,false,0.8856011639034889
exact-effective-dose-replication,317,0,fedavg,peer-present,,,,federated-global,,20,0.256802998483181,0.06155118284126123,0,true,false,0.8967122612221196
exact-effective-dose-replication,317,0,fedavg,exact-dose,200,,,federated-global,,20,0.2593092272679011,0.061453631768623986,0,true,false,0.8991680753969519
exact-effective-dose-replication,317,0,fedavg,exact-dose,25,,,federated-global,,20,0.25982463856538135,0.06196046993136406,0,true,false,0.8844145652918862
exact-effective-dose-replication,317,0,fedavg,exact-dose,0,,,federated-global,,20,0.2581883619228999,0.061477611462275185,0,true,false,0.8838264451781068
exact-effective-dose-replication,317,0,fedavg,family-absent-everywhere,,,,federated-global,,20,0.2581883619228999,0.061477611462275185,0,true,false,0.8838264451781068
exact-effective-dose-replication,318,0,central,exact-dose,100,,,scorer,,20,0.2897543399891955,0.029689220671958113,0,true,false,0.9205868718249008
exact-effective-dose-replication,318,0,central,exact-dose,200,,,scorer,,20,0.2882014335469997,0.0279843807220459,0,true,false,0.9245141830945602
exact-effective-dose-replication,318,0,central,peer-present,,,,scorer,,20,0.28791458048719043,0.026386022567749023,0,true,false,0.9256006420766706
exact-effective-dose-replication,318,0,central,family-absent-everywhere,,,,scorer,,20,0.2879295552030523,0.0266222319704421,0,true,false,0.9175492951448104
exact-effective-dose-replication,318,0,central,exact-dose,0,,,scorer,,20,0.2879295552030523,0.0266222319704421,0,true,false,0.9175492951448104
exact-effective-dose-replication,318,0,central,exact-dose,10,,,scorer,,20,0.2887349635996717,0.026583975933967753,0,true,false,0.919192690556715
exact-effective-dose-replication,318,0,central,exact-dose,25,,,scorer,,20,0.28914546966552734,0.028546247076480947,0,true,false,0.9252051441303838
exact-effective-dose-replication,318,0,central,exact-dose,50,,,scorer,,20,0.28905274005646403,0.027532610487430654,0,true,false,0.919972013736508
exact-effective-dose-replication,318,0,fedavg,exact-dose,100,,,federated-client,anzhi,40,0.44932111104329425,0.06998686492443085,0,true,false,0.9182990682044551
exact-effective-dose-replication,318,0,fedavg,exact-dose,10,,,federated-client,anzhi,40,0.45229029655456543,0.0709904929002126,0,true,false,0.9172195915997682
exact-effective-dose-replication,318,0,fedavg,exact-dose,50,,,federated-client,appchina,40,0.45206443468729657,0.07814339796702068,0,true,false,0.9173336048928404
exact-effective-dose-replication,318,0,fedavg,exact-dose,50,,,federated-client,anzhi,40,0.44934455553690594,0.06840769946575165,0,true,false,0.9173336048928404
exact-effective-dose-replication,318,0,fedavg,exact-dose,50,,,federated-client,play-late,40,0.3309038082758586,0.02561770627895991,0,true,false,0.9173336048928404
exact-effective-dose-replication,318,0,fedavg,exact-dose,50,,,federated-client,play-early,40,0.5071069002151489,0.06742258369922638,0,true,false,0.9173336048928404
exact-effective-dose-replication,318,0,fedavg,exact-dose,200,,,federated-client,appchina,40,0.4495251576105754,0.07884376744429271,0,true,false,0.9170456900289459
exact-effective-dose-replication,318,0,fedavg,exact-dose,100,,,federated-client,play-early,40,0.5046871105829874,0.06838784118493398,0,true,false,0.9182990682044551
exact-effective-dose-replication,318,0,fedavg,exact-dose,100,,,federated-client,play-late,40,0.3325839638710022,0.026922454436620075,0,true,false,0.9182990682044551
exact-effective-dose-replication,318,0,fedavg,exact-dose,25,,,federated-client,appchina,40,0.45231250921885174,0.07759339114030202,0,true,false,0.9174453726518248
exact-effective-dose-replication,318,0,fedavg,exact-dose,100,,,federated-client,appchina,40,0.4510986804962158,0.08305988709131877,0,true,false,0.9182990682044551
exact-effective-dose-replication,318,0,fedavg,exact-dose,25,,,federated-client,anzhi,40,0.4511789878209432,0.07093521455923717,0,true,false,0.9174453726518248
exact-effective-dose-replication,318,0,fedavg,exact-dose,25,,,federated-client,play-late,40,0.33003948132197064,0.02778089294830958,0,true,false,0.9174453726518248
exact-effective-dose-replication,318,0,fedavg,exact-dose,200,,,federated-client,play-early,40,0.5128029982248942,0.06387636065483093,0,true,false,0.9170456900289459
exact-effective-dose-replication,318,0,fedavg,peer-present,,,,federated-client,play-early,40,0.5068056980768839,0.0708485593398412,0,true,false,0.9181303755443991
exact-effective-dose-replication,318,0,fedavg,peer-present,,,,federated-client,play-late,40,0.32525716225306195,0.027820656696955364,0,true,false,0.9181303755443991
exact-effective-dose-replication,318,0,fedavg,peer-present,,,,federated-client,anzhi,40,0.42510004838307697,0.0721765011548996,0,true,false,0.9181303755443991
exact-effective-dose-replication,318,0,fedavg,peer-present,,,,federated-client,appchina,40,0.44080881277720135,0.08398079872131348,0,true,false,0.9181303755443991
exact-effective-dose-replication,318,0,fedavg,exact-dose,25,,,federated-client,play-early,40,0.5055511395136515,0.0682231734196345,0,true,false,0.9174453726518248
exact-effective-dose-replication,318,0,fedavg,exact-dose,200,,,federated-client,anzhi,40,0.44208455085754395,0.06450084845225017,0,true,false,0.9170456900289459
exact-effective-dose-replication,318,0,fedavg,family-absent-everywhere,,,,federated-client,play-early,40,0.5041473706563314,0.07005409896373749,0,true,false,0.9156000124729108
exact-effective-dose-replication,318,0,fedavg,family-absent-everywhere,,,,federated-client,play-late,40,0.32886725664138794,0.028884604573249817,0,true,false,0.9156000124729108
exact-effective-dose-replication,318,0,fedavg,family-absent-everywhere,,,,federated-client,anzhi,40,0.4531858762105306,0.07140231132507324,0,true,false,0.9156000124729108
exact-effective-dose-replication,318,0,fedavg,family-absent-everywhere,,,,federated-client,appchina,40,0.45303694407145184,0.07836075623830159,0,true,false,0.9156000124729108
exact-effective-dose-replication,318,0,fedavg,exact-dose,10,,,federated-client,appchina,40,0.4528513749440511,0.07542364796002705,0,true,false,0.9172195915997682
exact-effective-dose-replication,318,0,fedavg,exact-dose,200,,,federated-client,play-late,40,0.3355722427368164,0.02627190699179967,0,true,false,0.9170456900289459
exact-effective-dose-replication,318,0,fedavg,exact-dose,0,,,federated-client,play-early,40,0.5041473706563314,0.07005409896373749,0,true,false,0.9156000124729108
exact-effective-dose-replication,318,0,fedavg,exact-dose,0,,,federated-client,play-late,40,0.32886725664138794,0.028884604573249817,0,true,false,0.9156000124729108
exact-effective-dose-replication,318,0,fedavg,exact-dose,0,,,federated-client,anzhi,40,0.4531858762105306,0.07140231132507324,0,true,false,0.9156000124729108
exact-effective-dose-replication,318,0,fedavg,exact-dose,0,,,federated-client,appchina,40,0.45303694407145184,0.07836075623830159,0,true,false,0.9156000124729108
exact-effective-dose-replication,318,0,fedavg,exact-dose,10,,,federated-client,play-late,40,0.32927532990773517,0.02821344385544459,0,true,false,0.9172195915997682
exact-effective-dose-replication,318,0,fedavg,exact-dose,10,,,federated-client,play-early,40,0.5048588116963705,0.07011527319749196,0,true,false,0.9172195915997682
exact-effective-dose-replication,318,0,fedavg,exact-dose,50,,,federated-global,,20,0.2571779116988182,0.059897846852739654,0,true,false,0.9173336048928404
exact-effective-dose-replication,318,0,fedavg,exact-dose,0,,,federated-global,,20,0.2569294025500615,0.06217544277509054,0,true,false,0.9156000124729108
exact-effective-dose-replication,318,0,fedavg,family-absent-everywhere,,,,federated-global,,20,0.2569294025500615,0.06217544277509054,0,true,false,0.9156000124729108
exact-effective-dose-replication,318,0,fedavg,exact-dose,10,,,federated-global,,20,0.2570973187685013,0.06118571447829405,0,true,false,0.9172195915997682
exact-effective-dose-replication,318,0,fedavg,peer-present,,,,federated-global,,20,0.25100786487261456,0.06370662897825241,0,true,false,0.9181303755443991
exact-effective-dose-replication,318,0,fedavg,exact-dose,100,,,federated-global,,20,0.256401131550471,0.06208926190932592,0,true,false,0.9182990682044551
exact-effective-dose-replication,318,0,fedavg,exact-dose,25,,,federated-global,,20,0.2573874468604724,0.06113316801687082,0,true,false,0.9174453726518248
exact-effective-dose-replication,318,0,fedavg,exact-dose,200,,,federated-global,,20,0.2539039080341657,0.058373220885793366,0,true,false,0.9170456900289459
exact-effective-dose-replication,319,0,central,exact-dose,10,,,scorer,,20,0.2923981483946455,0.026792371526677558,0,true,false,0.9339549742216929
exact-effective-dose-replication,319,0,central,exact-dose,200,,,scorer,,20,0.29230200990717464,0.028927108074756378,0,true,false,0.9355444431388243
exact-effective-dose-replication,319,0,central,family-absent-everywhere,,,,scorer,,20,0.29155451186159825,0.02446844476334592,0,true,false,0.9296972598341254
exact-effective-dose-replication,319,0,central,exact-dose,100,,,scorer,,20,0.29232010942824344,0.028501764256903466,0,true,false,0.9352455297773802
exact-effective-dose-replication,319,0,central,exact-dose,50,,,scorer,,20,0.292556864150027,0.025437311923250237,0,true,false,0.9339630543260232
exact-effective-dose-replication,319,0,central,exact-dose,25,,,scorer,,20,0.29275466026143826,0.026391635549829363,0,true,false,0.9340039187274498
exact-effective-dose-replication,319,0,central,peer-present,,,,scorer,,20,0.2910282053845994,0.027141715617890052,0,true,false,0.9308500369456234
exact-effective-dose-replication,319,0,central,exact-dose,0,,,scorer,,20,0.29155451186159825,0.02446844476334592,0,true,false,0.9296972598341254
exact-effective-dose-replication,319,0,fedavg,exact-dose,200,,,federated-client,anzhi,40,0.4418954054514567,0.0588628351688385,0,true,false,0.9230274423268178
exact-effective-dose-replication,319,0,fedavg,family-absent-everywhere,,,,federated-client,play-early,40,0.5169941186904907,0.06856721639633179,0,true,false,0.9185502660112727
exact-effective-dose-replication,319,0,fedavg,family-absent-everywhere,,,,federated-client,anzhi,40,0.44886426130930585,0.05945122241973877,0,true,false,0.9185502660112727
exact-effective-dose-replication,319,0,fedavg,family-absent-everywhere,,,,federated-client,play-late,40,0.30497485399246216,0.02083340287208557,0,true,false,0.9185502660112727
exact-effective-dose-replication,319,0,fedavg,exact-dose,200,,,federated-client,appchina,40,0.45593420664469403,0.0630606859922409,0,true,false,0.9230274423268178
exact-effective-dose-replication,319,0,fedavg,exact-dose,25,,,federated-client,appchina,40,0.45716079076131183,0.06705226004123688,0,true,false,0.9208729477201826
exact-effective-dose-replication,319,0,fedavg,exact-dose,25,,,federated-client,anzhi,40,0.4476046959559123,0.06138285994529724,0,true,false,0.9208729477201826
exact-effective-dose-replication,319,0,fedavg,family-absent-everywhere,,,,federated-client,appchina,40,0.45713873704274494,0.06627525885899861,0,true,false,0.9185502660112727
exact-effective-dose-replication,319,0,fedavg,exact-dose,25,,,federated-client,play-late,40,0.30747564633687335,0.022208777566750843,0,true,false,0.9208729477201826
exact-effective-dose-replication,319,0,fedavg,exact-dose,25,,,federated-client,play-early,40,0.5181910594304403,0.07120104630788167,0,true,false,0.9208729477201826
exact-effective-dose-replication,319,0,fedavg,peer-present,,,,federated-client,play-early,40,0.5175948937733968,0.06993044416109721,0,true,false,0.9229614397308982
exact-effective-dose-replication,319,0,fedavg,exact-dose,200,,,federated-client,play-late,40,0.326952596505483,0.020735582957665127,0,true,false,0.9230274423268178
exact-effective-dose-replication,319,0,fedavg,exact-dose,10,,,federated-client,appchina,40,0.4568815628687541,0.06638088325659434,0,true,false,0.9200508828067154
exact-effective-dose-replication,319,0,fedavg,peer-present,,,,federated-client,play-late,40,0.3069433569908142,0.023610100150108337,0,true,false,0.9229614397308982
exact-effective-dose-replication,319,0,fedavg,exact-dose,10,,,federated-client,anzhi,40,0.44827953974405926,0.06155016521612803,0,true,false,0.9200508828067154
exact-effective-dose-replication,319,0,fedavg,exact-dose,100,,,federated-client,anzhi,40,0.44565049807230633,0.06220473845799764,0,true,false,0.9206228566340324
exact-effective-dose-replication,319,0,fedavg,exact-dose,10,,,federated-client,play-late,40,0.30625486373901367,0.0213380033771197,0,true,false,0.9200508828067154
exact-effective-dose-replication,319,0,fedavg,exact-dose,10,,,federated-client,play-early,40,0.5170888106028239,0.06895666321118672,0,true,false,0.9200508828067154
exact-effective-dose-replication,319,0,fedavg,exact-dose,50,,,federated-client,play-early,40,0.5154920021692911,0.07085083425045013,0,true,false,0.9200409292715098
exact-effective-dose-replication,319,0,fedavg,exact-dose,200,,,federated-client,play-early,40,0.5113678375879923,0.06881612539291382,0,true,false,0.9230274423268178
exact-effective-dose-replication,319,0,fedavg,exact-dose,100,,,federated-client,appchina,40,0.45785756905873615,0.06603558858235677,0,true,false,0.9206228566340324
exact-effective-dose-replication,319,0,fedavg,exact-dose,0,,,federated-client,appchina,40,0.45713873704274494,0.06627525885899861,0,true,false,0.9185502660112727
exact-effective-dose-replication,319,0,fedavg,exact-dose,0,,,federated-client,anzhi,40,0.44886426130930585,0.05945122241973877,0,true,false,0.9185502660112727
exact-effective-dose-replication,319,0,fedavg,exact-dose,0,,,federated-client,play-late,40,0.30497485399246216,0.02083340287208557,0,true,false,0.9185502660112727
exact-effective-dose-replication,319,0,fedavg,exact-dose,0,,,federated-client,play-early,40,0.5169941186904907,0.06856721639633179,0,true,false,0.9185502660112727
exact-effective-dose-replication,319,0,fedavg,peer-present,,,,federated-client,anzhi,40,0.44266215960184735,0.0645059992869695,0,true,false,0.9229614397308982
exact-effective-dose-replication,319,0,fedavg,exact-dose,50,,,federated-client,play-late,40,0.3098243673642476,0.02189275125662486,0,true,false,0.9200409292715098
exact-effective-dose-replication,319,0,fedavg,peer-present,,,,federated-client,appchina,40,0.45227086544036865,0.06421070794264476,0,true,false,0.9229614397308982
exact-effective-dose-replication,319,0,fedavg,exact-dose,50,,,federated-client,anzhi,40,0.44742484887441,0.05968442062536875,0,true,false,0.9200409292715098
exact-effective-dose-replication,319,0,fedavg,exact-dose,50,,,federated-client,appchina,40,0.45826780796051025,0.0654081255197525,0,true,false,0.9200409292715098
exact-effective-dose-replication,319,0,fedavg,exact-dose,100,,,federated-client,play-early,40,0.5129679441452026,0.07009075085322063,0,true,false,0.9206228566340324
exact-effective-dose-replication,319,0,fedavg,exact-dose,100,,,federated-client,play-late,40,0.3169853885968526,0.021554437776406605,0,true,false,0.9206228566340324
exact-effective-dose-replication,319,0,fedavg,exact-dose,10,,,federated-global,,20,0.2602812747160594,0.0545564287652572,0,true,false,0.9200508828067154
exact-effective-dose-replication,319,0,fedavg,family-absent-everywhere,,,,federated-global,,20,0.2599061156312625,0.05378177513678869,0,true,false,0.9185502660112727
exact-effective-dose-replication,319,0,fedavg,peer-present,,,,federated-global,,20,0.25851360708475113,0.05556431288520495,0,true,false,0.9229614397308982
exact-effective-dose-replication,319,0,fedavg,exact-dose,50,,,federated-global,,20,0.2604360381762187,0.054459032913049064,0,true,false,0.9200409292715098
exact-effective-dose-replication,319,0,fedavg,exact-dose,25,,,federated-global,,20,0.2608238011598587,0.05546123596529166,0,true,false,0.9208729477201826
exact-effective-dose-replication,319,0,fedavg,exact-dose,100,,,federated-global,,20,0.2596520607670148,0.05497137891749541,0,true,false,0.9206228566340324
exact-effective-dose-replication,319,0,fedavg,exact-dose,0,,,federated-global,,20,0.2599061156312625,0.05378177513678869,0,true,false,0.9185502660112727
exact-effective-dose-replication,319,0,fedavg,exact-dose,200,,,federated-global,,20,0.2578250418106715,0.052868807377914585,0,true,false,0.9230274423268178
large-family-set-1,300,0,central,full-exposure,,,,scorer,,20,0.28395137381046376,0.02576920580356679,0,true,false,0.9294383590998998
large-family-set-1,300,0,central,peer-present,,,,scorer,,20,0.2811210104759703,0.027138481748865007,0,true,false,0.9297060238990119
large-family-set-1,300,0,central,family-absent-everywhere,,,,scorer,,20,0.2912519333210397,0.03353202850260633,0,true,false,0.9245189503167727
large-family-set-1,300,0,fedavg,family-absent-everywhere,,,,federated-client,appchina,40,0.4677244822184245,0.08220287164052327,0,true,false,0.9149557508088417
large-family-set-1,300,0,fedavg,family-absent-everywhere,,,,federated-client,anzhi,40,0.46752476692199707,0.09053229292233785,0,true,false,0.9149557508088417
large-family-set-1,300,0,fedavg,full-exposure,,,,federated-client,appchina,40,0.4642763137817383,0.08214389781157176,0,true,false,0.9207896155885992
large-family-set-1,300,0,fedavg,peer-present,,,,federated-client,play-early,40,0.5032678047815958,0.07529096802075703,0,true,false,0.9208556550081912
large-family-set-1,300,0,fedavg,full-exposure,,,,federated-client,anzhi,40,0.4302186568578084,0.07312977313995361,0,true,false,0.9207896155885992
large-family-set-1,300,0,fedavg,peer-present,,,,federated-client,play-late,40,0.2845677932103475,0.03090250740448634,0,true,false,0.9208556550081912
large-family-set-1,300,0,fedavg,peer-present,,,,federated-client,anzhi,40,0.43283971150716144,0.06942038734753926,0,true,false,0.9208556550081912
large-family-set-1,300,0,fedavg,peer-present,,,,federated-client,appchina,40,0.4685426155726115,0.08111392954985301,0,true,false,0.9208556550081912
large-family-set-1,300,0,fedavg,full-exposure,,,,federated-client,play-late,40,0.2845677932103475,0.03352488577365875,0,true,false,0.9207896155885992
large-family-set-1,300,0,fedavg,family-absent-everywhere,,,,federated-client,play-early,40,0.5009816487630209,0.06888604164123535,0,true,false,0.9149557508088417
large-family-set-1,300,0,fedavg,family-absent-everywhere,,,,federated-client,play-late,40,0.2746129234631856,0.03060131271680196,0,true,false,0.9149557508088417
large-family-set-1,300,0,fedavg,full-exposure,,,,federated-client,play-early,40,0.5099331140518188,0.07172555228074391,0,true,false,0.9207896155885992
large-family-set-1,300,0,fedavg,family-absent-everywhere,,,,federated-global,,20,0.2584480469425519,0.06805562973022461,0,true,false,0.9149557508088417
large-family-set-1,300,0,fedavg,peer-present,,,,federated-global,,20,0.24617127080758414,0.06418194808065891,0,true,false,0.9208556550081912
large-family-set-1,300,0,fedavg,full-exposure,,,,federated-global,,20,0.25034984946250916,0.06513102725148201,0,true,false,0.9207896155885992
large-family-set-1,300,0,local,peer-present,,,,scorer,anzhi,10,0.4241362412770589,0.08534212907155354,0,true,false,0.9343509870605371
large-family-set-1,300,0,local,peer-present,,,,scorer,play-late,10,0.3043277859687805,0.04850751658280691,0,true,false,0.9343509870605371
large-family-set-1,300,0,local,peer-present,,,,scorer,appchina,10,0.4640129804611206,0.10471026102701823,0,true,false,0.9343509870605371
large-family-set-1,300,0,local,peer-present,,,,scorer,play-early,10,0.5345256328582764,0.0818299154440562,0,true,false,0.9343509870605371
large-family-set-1,301,0,central,family-absent-everywhere,,,,scorer,,20,0.2924626735930747,0.029252364280376027,0,true,false,0.9208268438334796
large-family-set-1,301,0,central,peer-present,,,,scorer,,20,0.2902256580109292,0.02782704475078177,0,true,false,0.9291214540644303
large-family-set-1,301,0,central,full-exposure,,,,scorer,,20,0.2862988532857692,0.02891693723962662,0,true,false,0.927563620363877
large-family-set-1,301,0,fedavg,family-absent-everywhere,,,,federated-client,appchina,40,0.4550449053446452,0.06017549832661947,0,true,false,0.9176810490203134
large-family-set-1,301,0,fedavg,family-absent-everywhere,,,,federated-client,play-late,40,0.2780057191848755,0.030896623929341633,0,true,false,0.9176810490203134
large-family-set-1,301,0,fedavg,full-exposure,,,,federated-client,appchina,40,0.44750813643137616,0.060010294119517006,0,true,false,0.9259732883721122
large-family-set-1,301,0,fedavg,full-exposure,,,,federated-client,anzhi,40,0.4250474770863851,0.06678828100363414,0,true,false,0.9259732883721122
large-family-set-1,301,0,fedavg,full-exposure,,,,federated-client,play-late,40,0.29668285449345905,0.033089786767959595,0,true,false,0.9259732883721122
large-family-set-1,301,0,fedavg,peer-present,,,,federated-client,play-early,40,0.5015420118967692,0.0730040967464447,0,true,false,0.923813830913034
large-family-set-1,301,0,fedavg,peer-present,,,,federated-client,play-late,40,0.2704444130261739,0.03508680065472921,0,true,false,0.923813830913034
large-family-set-1,301,0,fedavg,peer-present,,,,federated-client,anzhi,40,0.4371100266774495,0.07387132942676544,0,true,false,0.923813830913034
large-family-set-1,301,0,fedavg,peer-present,,,,federated-client,appchina,40,0.45173033078511554,0.06219849983851115,0,true,false,0.923813830913034
large-family-set-1,301,0,fedavg,full-exposure,,,,federated-client,play-early,40,0.5015420118967692,0.07485385239124298,0,true,false,0.9259732883721122
large-family-set-1,301,0,fedavg,family-absent-everywhere,,,,federated-client,play-early,40,0.49124062061309814,0.06438866257667542,0,true,false,0.9176810490203134
large-family-set-1,301,0,fedavg,family-absent-everywhere,,,,federated-client,anzhi,40,0.46434350808461505,0.08861749370892842,0,true,false,0.9176810490203134
large-family-set-1,301,0,fedavg,family-absent-everywhere,,,,federated-global,,20,0.25603945553302765,0.061019569635391235,0,true,false,0.9176810490203134
large-family-set-1,301,0,fedavg,peer-present,,,,federated-global,,20,0.2495603213707606,0.061040181666612625,0,true,false,0.923813830913034
large-family-set-1,301,0,fedavg,full-exposure,,,,federated-global,,20,0.24933339407046637,0.05868555357058843,0,true,false,0.9259732883721122
large-family-set-1,301,0,local,peer-present,,,,scorer,appchina,10,0.42579885323842365,0.09787214795748393,0,true,false,0.9334628036894114
large-family-set-1,301,0,local,peer-present,,,,scorer,anzhi,10,0.4402806758880615,0.09925230344136556,0,true,false,0.9334628036894114
large-family-set-1,301,0,local,peer-present,,,,scorer,play-late,10,0.2863813638687134,0.05029416580994924,0,true,false,0.9334628036894114
large-family-set-1,301,0,local,peer-present,,,,scorer,play-early,10,0.5070823033650717,0.08841663599014282,0,true,false,0.9334628036894114
large-family-set-1,302,0,central,peer-present,,,,scorer,,20,0.28448265156847363,0.025351816035331563,0,true,false,0.9383974600196806
large-family-set-1,302,0,central,full-exposure,,,,scorer,,20,0.2845910457854575,0.02922411675148822,0,true,false,0.9370115688130966
large-family-set-1,302,0,central,family-absent-everywhere,,,,scorer,,20,0.29375291377940077,0.02540359598525027,0,true,false,0.9319773172039447
large-family-set-1,302,0,fedavg,family-absent-everywhere,,,,federated-client,play-late,40,0.2844239870707194,0.024072155356407166,0,true,false,0.9232736739491004
large-family-set-1,302,0,fedavg,full-exposure,,,,federated-client,anzhi,40,0.4319068193435669,0.06709898511568706,0,true,false,0.9252064286559228
large-family-set-1,302,0,fedavg,peer-present,,,,federated-client,play-early,40,0.508582353591919,0.06288188695907593,0,true,false,0.9252020656420515
large-family-set-1,302,0,fedavg,peer-present,,,,federated-client,play-late,40,0.28530701001485187,0.034723023573557533,0,true,false,0.9252020656420515
large-family-set-1,302,0,fedavg,peer-present,,,,federated-client,anzhi,40,0.4393621285756429,0.06948896249135335,0,true,false,0.9252020656420515
large-family-set-1,302,0,fedavg,peer-present,,,,federated-client,appchina,40,0.4526844422022502,0.081126868724823,0,true,false,0.9252020656420515
large-family-set-1,302,0,fedavg,full-exposure,,,,federated-client,appchina,40,0.4461476802825928,0.07984101275602977,0,true,false,0.9252064286559228
large-family-set-1,302,0,fedavg,full-exposure,,,,federated-client,play-late,40,0.30019015073776245,0.02748071899016698,0,true,false,0.9252064286559228
large-family-set-1,302,0,fedavg,family-absent-everywhere,,,,federated-client,play-early,40,0.505293607711792,0.05897424121697744,0,true,false,0.9232736739491004
large-family-set-1,302,0,fedavg,full-exposure,,,,federated-client,play-early,40,0.5153297185897827,0.06257111330827077,0,true,false,0.9252064286559228
large-family-set-1,302,0,fedavg,family-absent-everywhere,,,,federated-client,anzhi,40,0.4773671627044678,0.06694941222667694,0,true,false,0.9232736739491004
large-family-set-1,302,0,fedavg,family-absent-everywhere,,,,federated-client,appchina,40,0.4603193998336792,0.0728507786989212,0,true,false,0.9232736739491004
large-family-set-1,302,0,fedavg,family-absent-everywhere,,,,federated-global,,20,0.2580643817782402,0.05571164687474569,0,true,false,0.9232736739491004
large-family-set-1,302,0,fedavg,peer-present,,,,federated-global,,20,0.24523692578077316,0.062055185437202454,0,true,false,0.9252020656420515
large-family-set-1,302,0,fedavg,full-exposure,,,,federated-global,,20,0.25079742322365445,0.05924795754253864,0,true,false,0.9252064286559228
large-family-set-1,302,0,local,peer-present,,,,scorer,play-late,10,0.2936082084973653,0.044904619455337524,0,true,false,0.9332164269704052
large-family-set-1,302,0,local,peer-present,,,,scorer,anzhi,10,0.4282204310099284,0.0895696481068929,0,true,false,0.9332164269704052
large-family-set-1,302,0,local,peer-present,,,,scorer,play-early,10,0.531815767288208,0.0731777052084605,0,true,false,0.9332164269704052
large-family-set-1,302,0,local,peer-present,,,,scorer,appchina,10,0.4357672532399495,0.09990555047988892,0,true,false,0.9332164269704052
large-family-set-1,303,0,central,peer-present,,,,scorer,,20,0.2813018839410011,0.027979028985855428,0,true,false,0.9242646411547302
large-family-set-1,303,0,central,family-absent-everywhere,,,,scorer,,20,0.2844209671020508,0.027389871313216838,0,true,false,0.9188788282471849
large-family-set-1,303,0,central,full-exposure,,,,scorer,,20,0.27918079051565614,0.031122519614848684,0,true,false,0.9223140419772168
large-family-set-1,303,0,fedavg,family-absent-everywhere,,,,federated-client,appchina,40,0.4740111430486043,0.08066508173942566,0,true,false,0.9115995518843283
large-family-set-1,303,0,fedavg,full-exposure,,,,federated-client,play-early,40,0.513290286064148,0.07676196098327637,0,true,false,0.9159153647277071
large-family-set-1,303,0,fedavg,peer-present,,,,federated-client,play-early,40,0.5202252467473348,0.07403590281804402,0,true,false,0.9169109786892401
large-family-set-1,303,0,fedavg,peer-present,,,,federated-client,play-late,40,0.29432861010233563,0.032665811479091644,0,true,false,0.9169109786892401
large-family-set-1,303,0,fedavg,peer-present,,,,federated-client,anzhi,40,0.45257091522216797,0.06419218083222707,0,true,false,0.9169109786892401
large-family-set-1,303,0,fedavg,peer-present,,,,federated-client,appchina,40,0.4583817720413208,0.07727956275145213,0,true,false,0.9169109786892401
large-family-set-1,303,0,fedavg,full-exposure,,,,federated-client,appchina,40,0.47125836213429767,0.07743966082731883,0,true,false,0.9159153647277071
large-family-set-1,303,0,fedavg,full-exposure,,,,federated-client,anzhi,40,0.44985965887705487,0.06904290616512299,0,true,false,0.9159153647277071
large-family-set-1,303,0,fedavg,family-absent-everywhere,,,,federated-client,play-early,40,0.5111181338628134,0.06764456629753113,0,true,false,0.9115995518843283
large-family-set-1,303,0,fedavg,family-absent-everywhere,,,,federated-client,play-late,40,0.2953910032908122,0.0327331672112147,0,true,false,0.9115995518843283
large-family-set-1,303,0,fedavg,family-absent-everywhere,,,,federated-client,anzhi,40,0.473624587059021,0.08825582265853882,0,true,false,0.9115995518843283
large-family-set-1,303,0,fedavg,full-exposure,,,,federated-client,play-late,40,0.30247147878011066,0.02868126581112544,0,true,false,0.9159153647277071
large-family-set-1,303,0,fedavg,peer-present,,,,federated-global,,20,0.24898535013198853,0.06204336447020372,0,true,false,0.9169109786892401
large-family-set-1,303,0,fedavg,family-absent-everywhere,,,,federated-global,,20,0.2549881786108017,0.06732465947667758,0,true,false,0.9115995518843283
large-family-set-1,303,0,fedavg,full-exposure,,,,federated-global,,20,0.2478658432761828,0.0629814484467109,0,true,false,0.9159153647277071
large-family-set-1,303,0,local,peer-present,,,,scorer,appchina,10,0.4731772343317668,0.10020060340563457,0,true,false,0.9249413262715717
large-family-set-1,303,0,local,peer-present,,,,scorer,play-early,10,0.4717543125152588,0.08083362380663554,0,true,false,0.9249413262715717
large-family-set-1,303,0,local,peer-present,,,,scorer,anzhi,10,0.4743571678797404,0.07859207689762115,0,true,false,0.9249413262715717
large-family-set-1,303,0,local,peer-present,,,,scorer,play-late,10,0.30908379952112836,0.039464364449183144,0,true,false,0.9249413262715717
large-family-set-1,304,0,central,full-exposure,,,,scorer,,20,0.2919565566042636,0.03146906355594067,0,true,false,0.9342609527718274
large-family-set-1,304,0,central,family-absent-everywhere,,,,scorer,,20,0.29338175185183263,0.029042046120826233,0,true,false,0.9286584464367064
large-family-set-1,304,0,central,peer-present,,,,scorer,,20,0.2854990857712766,0.029888817604551924,0,true,false,0.929062603894387
large-family-set-1,304,0,fedavg,family-absent-everywhere,,,,federated-client,play-late,40,0.3156328002611796,0.0315369168917338,0,true,false,0.9171808703653417
large-family-set-1,304,0,fedavg,full-exposure,,,,federated-client,anzhi,40,0.43681832154591876,0.06743293007214864,0,true,false,0.9239304648266685
large-family-set-1,304,0,fedavg,peer-present,,,,federated-client,play-late,40,0.30855828523635864,0.027900750438372295,0,true,false,0.92243877522773
large-family-set-1,304,0,fedavg,peer-present,,,,federated-client,play-early,40,0.5440419514973959,0.07843261460463206,0,true,false,0.92243877522773
large-family-set-1,304,0,fedavg,peer-present,,,,federated-client,anzhi,40,0.43588078022003174,0.06525216499964397,0,true,false,0.92243877522773
large-family-set-1,304,0,fedavg,peer-present,,,,federated-client,appchina,40,0.4486660162607829,0.07452947398026784,0,true,false,0.92243877522773
large-family-set-1,304,0,fedavg,full-exposure,,,,federated-client,appchina,40,0.45209383964538574,0.07514345645904541,0,true,false,0.9239304648266685
large-family-set-1,304,0,fedavg,full-exposure,,,,federated-client,play-late,40,0.3267489473025004,0.026703526576360066,0,true,false,0.9239304648266685
large-family-set-1,304,0,fedavg,family-absent-everywhere,,,,federated-client,play-early,40,0.5280999342600504,0.0727953960498174,0,true,false,0.9171808703653417
large-family-set-1,304,0,fedavg,full-exposure,,,,federated-client,play-early,40,0.5324302117029825,0.07220955689748128,0,true,false,0.9239304648266685
large-family-set-1,304,0,fedavg,family-absent-everywhere,,,,federated-client,anzhi,40,0.46512091159820557,0.08479644854863484,0,true,false,0.9171808703653417
large-family-set-1,304,0,fedavg,family-absent-everywhere,,,,federated-client,appchina,40,0.45367081960042316,0.07416705290476482,0,true,false,0.9171808703653417
large-family-set-1,304,0,fedavg,family-absent-everywhere,,,,federated-global,,20,0.2625880762934685,0.06582395359873772,0,true,false,0.9171808703653417
large-family-set-1,304,0,fedavg,peer-present,,,,federated-global,,20,0.25787263611952466,0.06152875100572904,0,true,false,0.92243877522773
large-family-set-1,304,0,fedavg,full-exposure,,,,federated-global,,20,0.25417794038852054,0.06037236750125885,0,true,false,0.9239304648266685
large-family-set-1,304,0,local,peer-present,,,,scorer,play-late,10,0.28900061051050824,0.03546378513177236,0,true,false,0.9304303094284291
large-family-set-1,304,0,local,peer-present,,,,scorer,play-early,10,0.4971303145090739,0.0750655730565389,0,true,false,0.9304303094284291
large-family-set-1,304,0,local,peer-present,,,,scorer,anzhi,10,0.46516720453898114,0.08366358280181885,0,true,false,0.9304303094284291
large-family-set-1,304,0,local,peer-present,,,,scorer,appchina,10,0.4438851277033488,0.09871284166971843,0,true,false,0.9304303094284291
large-family-set-1,305,0,central,peer-present,,,,scorer,,20,0.2917360955096306,0.02744233861882636,0,true,false,0.9335935030493246
large-family-set-1,305,0,central,full-exposure,,,,scorer,,20,0.2857819009334483,0.030348397315816678,0,true,false,0.9353297923366212
large-family-set-1,305,0,central,family-absent-everywhere,,,,scorer,,20,0.28704320623519575,0.026363699994188673,0,true,false,0.927448692006091
large-family-set-1,305,0,fedavg,full-exposure,,,,federated-client,appchina,40,0.48583439985911053,0.08836986621220906,0,true,false,0.9192737613958549
large-family-set-1,305,0,fedavg,full-exposure,,,,federated-client,play-late,40,0.27620480457941693,0.026145845651626587,0,true,false,0.9192737613958549
large-family-set-1,305,0,fedavg,peer-present,,,,federated-client,play-early,40,0.4818414052327474,0.06777641177177429,0,true,false,0.9186884426145334
large-family-set-1,305,0,fedavg,peer-present,,,,federated-client,play-late,40,0.27620480457941693,0.02738966792821884,0,true,false,0.9186884426145334
large-family-set-1,305,0,fedavg,peer-present,,,,federated-client,anzhi,40,0.48910220464070636,0.0773514707883199,0,true,false,0.9186884426145334
large-family-set-1,305,0,fedavg,peer-present,,,,federated-client,appchina,40,0.48583439985911053,0.0907049576441447,0,true,false,0.9186884426145334
large-family-set-1,305,0,fedavg,full-exposure,,,,federated-client,anzhi,40,0.4653614362080892,0.06737519800662994,0,true,false,0.9192737613958549
large-family-set-1,305,0,fedavg,family-absent-everywhere,,,,federated-client,play-early,40,0.48253103097279865,0.06831628084182739,0,true,false,0.9126222879132965
large-family-set-1,305,0,fedavg,family-absent-everywhere,,,,federated-client,play-late,40,0.26413581768671673,0.028112327059110005,0,true,false,0.9126222879132965
large-family-set-1,305,0,fedavg,family-absent-everywhere,,,,federated-client,anzhi,40,0.4863555431365967,0.07943851252396901,0,true,false,0.9126222879132965
large-family-set-1,305,0,fedavg,family-absent-everywhere,,,,federated-client,appchina,40,0.484119971593221,0.09470860163370769,0,true,false,0.9126222879132965
large-family-set-1,305,0,fedavg,full-exposure,,,,federated-client,play-early,40,0.4846913019816081,0.07109180092811584,0,true,false,0.9192737613958549
large-family-set-1,305,0,fedavg,peer-present,,,,federated-global,,20,0.2569299141565959,0.06580562703311443,0,true,false,0.9186884426145334
large-family-set-1,305,0,fedavg,family-absent-everywhere,,,,federated-global,,20,0.2553260177373886,0.06764393051465352,0,true,false,0.9126222879132965
large-family-set-1,305,0,fedavg,full-exposure,,,,federated-global,,20,0.2472591002782186,0.06324567769964536,0,true,false,0.9192737613958549
large-family-set-1,305,0,local,peer-present,,,,scorer,play-early,10,0.5133426189422607,0.08617340524991353,0,true,false,0.9321241739782771
large-family-set-1,305,0,local,peer-present,,,,scorer,anzhi,10,0.44106507301330566,0.10802167654037476,0,true,false,0.9321241739782771
large-family-set-1,305,0,local,peer-present,,,,scorer,play-late,10,0.29763152201970416,0.036456525325775146,0,true,false,0.9321241739782771
large-family-set-1,305,0,local,peer-present,,,,scorer,appchina,10,0.45106518268585205,0.11604765057563782,0,true,false,0.9321241739782771
large-family-set-1,306,0,central,full-exposure,,,,scorer,,20,0.2915137270663647,0.030397427842972127,0,true,false,0.916380780942961
large-family-set-1,306,0,central,peer-present,,,,scorer,,20,0.28929732708220784,0.02839967037769074,0,true,false,0.9153053537330127
large-family-set-1,306,0,central,family-absent-everywhere,,,,scorer,,20,0.3021329920342628,0.02675048848415943,0,true,false,0.9130333816222514
large-family-set-1,306,0,fedavg,family-absent-everywhere,,,,federated-client,appchina,40,0.44693020979563397,0.08438933889071147,0,true,false,0.9055582380647248
large-family-set-1,306,0,fedavg,peer-present,,,,federated-client,play-late,40,0.30581416686375934,0.027010070780913036,0,true,false,0.9110135224909213
large-family-set-1,306,0,fedavg,peer-present,,,,federated-client,anzhi,40,0.43055498600006104,0.06584301094214122,0,true,false,0.9110135224909213
large-family-set-1,306,0,fedavg,peer-present,,,,federated-client,appchina,40,0.4419459104537964,0.08431114753087361,0,true,false,0.9110135224909213
large-family-set-1,306,0,fedavg,full-exposure,,,,federated-client,appchina,40,0.43751176198323566,0.07579828798770905,0,true,false,0.9099133310763637
large-family-set-1,306,0,fedavg,family-absent-everywhere,,,,federated-client,play-early,40,0.5212393204371134,0.06706131001313527,0,true,false,0.9055582380647248
large-family-set-1,306,0,fedavg,family-absent-everywhere,,,,federated-client,play-late,40,0.30758605400721234,0.029013718167940777,0,true,false,0.9055582380647248
large-family-set-1,306,0,fedavg,family-absent-everywhere,,,,federated-client,anzhi,40,0.47483007113138836,0.08863299091657002,0,true,false,0.9055582380647248
large-family-set-1,306,0,fedavg,peer-present,,,,federated-client,play-early,40,0.5308026472727457,0.07309608161449432,0,true,false,0.9110135224909213
large-family-set-1,306,0,fedavg,full-exposure,,,,federated-client,play-early,40,0.5353003740310669,0.07376416524251302,0,true,false,0.9099133310763637
large-family-set-1,306,0,fedavg,full-exposure,,,,federated-client,play-late,40,0.31480203072230023,0.029271145661671955,0,true,false,0.9099133310763637
large-family-set-1,306,0,fedavg,full-exposure,,,,federated-client,anzhi,40,0.43916340668996173,0.07021527985731761,0,true,false,0.9099133310763637
large-family-set-1,306,0,fedavg,peer-present,,,,federated-global,,20,0.25451646993557614,0.06256507771710555,0,true,false,0.9110135224909213
large-family-set-1,306,0,fedavg,family-absent-everywhere,,,,federated-global,,20,0.25953103601932526,0.06727433949708939,0,true,false,0.9055582380647248
large-family-set-1,306,0,fedavg,full-exposure,,,,federated-global,,20,0.25145097076892853,0.06226221968730291,0,true,false,0.9099133310763637
large-family-set-1,306,0,local,peer-present,,,,scorer,anzhi,10,0.439381202061971,0.08873785535494487,0,true,false,0.9230105612427518
large-family-set-1,306,0,local,peer-present,,,,scorer,appchina,10,0.4618796904881795,0.09399547179539998,0,true,false,0.9230105612427518
large-family-set-1,306,0,local,peer-present,,,,scorer,play-late,10,0.28803632656733197,0.0437555859486262,0,true,false,0.9230105612427518
large-family-set-1,306,0,local,peer-present,,,,scorer,play-early,10,0.5076601902643839,0.08731670180956523,0,true,false,0.9230105612427518
large-family-set-1,307,0,central,peer-present,,,,scorer,,20,0.28708269241008355,0.025716314924524187,0,true,false,0.9198192155289965
large-family-set-1,307,0,central,family-absent-everywhere,,,,scorer,,20,0.2930221354707758,0.024458537710473894,0,true,false,0.9184011474027688
large-family-set-1,307,0,central,full-exposure,,,,scorer,,20,0.2869421979214283,0.026567875070774807,0,true,false,0.9221233323877555
large-family-set-1,307,0,fedavg,full-exposure,,,,federated-client,anzhi,40,0.41972963015238446,0.06028086940447489,0,true,false,0.9131091757076785
large-family-set-1,307,0,fedavg,family-absent-everywhere,,,,federated-client,play-late,40,0.3178491195042928,0.027791159848372143,0,true,false,0.9082792750276565
large-family-set-1,307,0,fedavg,full-exposure,,,,federated-client,appchina,40,0.42894800504048664,0.06413554648558299,0,true,false,0.9131091757076785
large-family-set-1,307,0,fedavg,peer-present,,,,federated-client,anzhi,40,0.41450552145640057,0.05773894985516866,0,true,false,0.9123990739311917
large-family-set-1,307,0,fedavg,full-exposure,,,,federated-client,play-late,40,0.33602623144785565,0.025088538726170857,0,true,false,0.9131091757076785
large-family-set-1,307,0,fedavg,full-exposure,,,,federated-client,play-early,40,0.5356466770172119,0.07103737195332845,0,true,false,0.9131091757076785
large-family-set-1,307,0,fedavg,peer-present,,,,federated-client,play-early,40,0.5423231919606527,0.07584703465302785,0,true,false,0.9123990739311917
large-family-set-1,307,0,fedavg,peer-present,,,,federated-client,appchina,40,0.4293810526529948,0.06881677607695262,0,true,false,0.9123990739311917
large-family-set-1,307,0,fedavg,family-absent-everywhere,,,,federated-client,appchina,40,0.42943239212036133,0.061244030793507896,0,true,false,0.9082792750276565
large-family-set-1,307,0,fedavg,peer-present,,,,federated-client,play-late,40,0.3234034776687622,0.02636119971672694,0,true,false,0.9123990739311917
large-family-set-1,307,0,fedavg,family-absent-everywhere,,,,federated-client,play-early,40,0.5165420373280843,0.06843923528989156,0,true,false,0.9082792750276565
large-family-set-1,307,0,fedavg,family-absent-everywhere,,,,federated-client,anzhi,40,0.454013188680013,0.06829457978407542,0,true,false,0.9082792750276565
large-family-set-1,307,0,fedavg,peer-present,,,,federated-global,,20,0.25184640288352966,0.05719099007546902,0,true,false,0.9123990739311917
large-family-set-1,307,0,fedavg,family-absent-everywhere,,,,federated-global,,20,0.2605893686413765,0.056442251428961754,0,true,false,0.9082792750276565
large-family-set-1,307,0,fedavg,full-exposure,,,,federated-global,,20,0.2539829711119334,0.0551355816423893,0,true,false,0.9131091757076785
large-family-set-1,307,0,local,peer-present,,,,scorer,appchina,10,0.47648688157399494,0.09498591224352519,0,true,false,0.9213774896276988
large-family-set-1,307,0,local,peer-present,,,,scorer,anzhi,10,0.4417583147684733,0.07852265735467275,0,true,false,0.9213774896276988
large-family-set-1,307,0,local,peer-present,,,,scorer,play-late,10,0.29027966658274335,0.04554485778013865,0,true,false,0.9213774896276988
large-family-set-1,307,0,local,peer-present,,,,scorer,play-early,10,0.48304617404937744,0.08796773354212443,0,true,false,0.9213774896276988
large-family-set-1,308,0,central,full-exposure,,,,scorer,,20,0.2888713390269178,0.023949519116827783,0,true,false,0.9230124747933782
large-family-set-1,308,0,central,peer-present,,,,scorer,,20,0.2947486715113863,0.02489824244316588,0,true,false,0.9271277204032057
large-family-set-1,308,0,central,family-absent-everywhere,,,,scorer,,20,0.28939776724957406,0.023642501932509403,0,true,false,0.9252960437339189
large-family-set-1,308,0,fedavg,peer-present,,,,federated-client,anzhi,40,0.4686261812845866,0.06852035721143086,0,true,false,0.9067850203521012
large-family-set-1,308,0,fedavg,family-absent-everywhere,,,,federated-client,play-late,40,0.30203332503636676,0.031998892625172935,0,true,false,0.9027047207943576
large-family-set-1,308,0,fedavg,full-exposure,,,,federated-client,appchina,40,0.45509982109069824,0.06441741685072581,0,true,false,0.9081401114731071
large-family-set-1,308,0,fedavg,full-exposure,,,,federated-client,anzhi,40,0.4394006331761678,0.06698184212048848,0,true,false,0.9081401114731071
large-family-set-1,308,0,fedavg,full-exposure,,,,federated-client,play-late,40,0.316389004389445,0.031103665630022686,0,true,false,0.9081401114731071
large-family-set-1,308,0,fedavg,full-exposure,,,,federated-client,play-early,40,0.5255861282348633,0.07067904869715373,0,true,false,0.9081401114731071
large-family-set-1,308,0,fedavg,peer-present,,,,federated-client,play-early,40,0.5177194674809774,0.06284081935882568,0,true,false,0.9067850203521012
large-family-set-1,308,0,fedavg,peer-present,,,,federated-client,play-late,40,0.30882054567337036,0.03312574823697408,0,true,false,0.9067850203521012
large-family-set-1,308,0,fedavg,peer-present,,,,federated-client,appchina,40,0.44890713691711426,0.057668844858805336,0,true,false,0.9067850203521012
large-family-set-1,308,0,fedavg,family-absent-everywhere,,,,federated-client,appchina,40,0.4507224162419637,0.0629514753818512,0,true,false,0.9027047207943576
large-family-set-1,308,0,fedavg,family-absent-everywhere,,,,federated-client,anzhi,40,0.4806864658991496,0.07426217198371887,0,true,false,0.9027047207943576
large-family-set-1,308,0,fedavg,family-absent-everywhere,,,,federated-client,play-early,40,0.5101400216420492,0.06539217134316762,0,true,false,0.9027047207943576
large-family-set-1,308,0,fedavg,family-absent-everywhere,,,,federated-global,,20,0.26123347133398056,0.058651177833477654,0,true,false,0.9027047207943576
large-family-set-1,308,0,fedavg,peer-present,,,,federated-global,,20,0.26317381858825684,0.055538942416508995,0,true,false,0.9067850203521012
large-family-set-1,308,0,fedavg,full-exposure,,,,federated-global,,20,0.25450803339481354,0.05829549332459768,0,true,false,0.9081401114731071
large-family-set-1,308,0,local,peer-present,,,,scorer,play-early,10,0.5196167230606079,0.08621396621068318,0,true,false,0.9170948137199338
large-family-set-1,308,0,local,peer-present,,,,scorer,play-late,10,0.3121689160664876,0.03629201650619507,0,true,false,0.9170948137199338
large-family-set-1,308,0,local,peer-present,,,,scorer,anzhi,10,0.4688316583633423,0.1014085312684377,0,true,false,0.9170948137199338
large-family-set-1,308,0,local,peer-present,,,,scorer,appchina,10,0.46957675615946454,0.09113577008247375,0,true,false,0.9170948137199338
large-family-set-1,309,0,central,family-absent-everywhere,,,,scorer,,20,0.28972445143030046,0.028903509708161048,0,true,false,0.9139449158725338
large-family-set-1,309,0,central,peer-present,,,,scorer,,20,0.28696348312053277,0.027506333716372226,0,true,false,0.9260313476764419
large-family-set-1,309,0,central,full-exposure,,,,scorer,,20,0.2854583415579289,0.024659055344601895,0,true,false,0.9227485115456459
large-family-set-1,309,0,fedavg,peer-present,,,,federated-client,play-early,40,0.5088270505269369,0.07067065437634786,0,true,false,0.9104452993113986
large-family-set-1,309,0,fedavg,full-exposure,,,,federated-client,play-early,40,0.5008542537689209,0.06715530653794606,0,true,false,0.9120296371780526
large-family-set-1,309,0,fedavg,full-exposure,,,,federated-client,appchina,40,0.4379524389902751,0.06861354907353719,0,true,false,0.9120296371780526
large-family-set-1,309,0,fedavg,full-exposure,,,,federated-client,anzhi,40,0.4148029088973999,0.05095477898915609,0,true,false,0.9120296371780526
large-family-set-1,309,0,fedavg,full-exposure,,,,federated-client,play-late,40,0.29947696129481,0.021647786100705464,0,true,false,0.9120296371780526
large-family-set-1,309,0,fedavg,family-absent-everywhere,,,,federated-client,appchina,40,0.4353462855021159,0.07420592506726582,0,true,false,0.9017718170405034
large-family-set-1,309,0,fedavg,family-absent-everywhere,,,,federated-client,anzhi,40,0.4537818431854248,0.061131094892819725,0,true,false,0.9017718170405034
large-family-set-1,309,0,fedavg,peer-present,,,,federated-client,play-late,40,0.29919906457265216,0.021987934907277424,0,true,false,0.9104452993113986
large-family-set-1,309,0,fedavg,peer-present,,,,federated-client,anzhi,40,0.4160841703414917,0.04877318938573202,0,true,false,0.9104452993113986
large-family-set-1,309,0,fedavg,peer-present,,,,federated-client,appchina,40,0.43345944086710614,0.06753825147946675,0,true,false,0.9104452993113986
large-family-set-1,309,0,fedavg,family-absent-everywhere,,,,federated-client,play-late,40,0.2852821151415507,0.017366028080383938,0,true,false,0.9017718170405034
large-family-set-1,309,0,fedavg,family-absent-everywhere,,,,federated-client,play-early,40,0.4887989362080892,0.06276275714238484,0,true,false,0.9017718170405034
large-family-set-1,309,0,fedavg,peer-present,,,,federated-global,,20,0.23863129566113153,0.052242507537206016,0,true,false,0.9104452993113986
large-family-set-1,309,0,fedavg,family-absent-everywhere,,,,federated-global,,20,0.25183751930793125,0.05386645129571358,0,true,false,0.9017718170405034
large-family-set-1,309,0,fedavg,full-exposure,,,,federated-global,,20,0.23857768376668295,0.052092855175336204,0,true,false,0.9120296371780526
large-family-set-1,309,0,local,peer-present,,,,scorer,appchina,10,0.4532254139582316,0.10732685526212056,0,true,false,0.9215522935994945
large-family-set-1,309,0,local,peer-present,,,,scorer,anzhi,10,0.46203120549519855,0.07898166278998058,0,true,false,0.9215522935994945
large-family-set-1,309,0,local,peer-present,,,,scorer,play-late,10,0.32892409960428876,0.039571275313695274,0,true,false,0.9215522935994945
large-family-set-1,309,0,local,peer-present,,,,scorer,play-early,10,0.547843853632609,0.08539073665936787,0,true,false,0.9215522935994945
large-family-set-2,300,0,central,full-exposure,,,,scorer,,20,0.28395137381046376,0.02576920580356679,0,true,false,0.9294383590998998
large-family-set-2,300,0,central,family-absent-everywhere,,,,scorer,,20,0.2876453399658203,0.030347157031931776,0,true,false,0.922266499936419
large-family-set-2,300,0,central,peer-present,,,,scorer,,20,0.28229514588700966,0.02630640598053628,0,true,false,0.9258418242198442
large-family-set-2,300,0,fedavg,family-absent-everywhere,,,,federated-client,play-early,40,0.49200089772542316,0.06705435117085774,0,true,false,0.9167834610864457
large-family-set-2,300,0,fedavg,family-absent-everywhere,,,,federated-client,anzhi,40,0.4577856461207072,0.07086377839247386,0,true,false,0.9167834610864457
large-family-set-2,300,0,fedavg,full-exposure,,,,federated-client,appchina,40,0.4642763137817383,0.08214389781157176,0,true,false,0.9207896155885992
large-family-set-2,300,0,fedavg,peer-present,,,,federated-client,play-early,40,0.5089872678120931,0.07216886679331462,0,true,false,0.9192690443256005
large-family-set-2,300,0,fedavg,peer-present,,,,federated-client,play-late,40,0.28553422292073566,0.033110578854878746,0,true,false,0.9192690443256005
large-family-set-2,300,0,fedavg,peer-present,,,,federated-client,anzhi,40,0.4326850970586141,0.07100421190261841,0,true,false,0.9192690443256005
large-family-set-2,300,0,fedavg,peer-present,,,,federated-client,appchina,40,0.4653804699579875,0.08316381275653839,0,true,false,0.9192690443256005
large-family-set-2,300,0,fedavg,full-exposure,,,,federated-client,play-late,40,0.2845677932103475,0.03352488577365875,0,true,false,0.9207896155885992
large-family-set-2,300,0,fedavg,full-exposure,,,,federated-client,play-early,40,0.5099331140518188,0.07172555228074391,0,true,false,0.9207896155885992
large-family-set-2,300,0,fedavg,full-exposure,,,,federated-client,anzhi,40,0.4302186568578084,0.07312977313995361,0,true,false,0.9207896155885992
large-family-set-2,300,0,fedavg,family-absent-everywhere,,,,federated-client,play-late,40,0.28032567103703815,0.0337288628021876,0,true,false,0.9167834610864457
large-family-set-2,300,0,fedavg,family-absent-everywhere,,,,federated-client,appchina,40,0.4576214551925659,0.07961684465408325,0,true,false,0.9167834610864457
large-family-set-2,300,0,fedavg,family-absent-everywhere,,,,federated-global,,20,0.24971308062473932,0.06281595925490062,0,true,false,0.9167834610864457
large-family-set-2,300,0,fedavg,peer-present,,,,federated-global,,20,0.24998774627844492,0.06486186757683754,0,true,false,0.9192690443256005
large-family-set-2,300,0,fedavg,full-exposure,,,,federated-global,,20,0.25034984946250916,0.06513102725148201,0,true,false,0.9207896155885992
large-family-set-2,300,0,local,peer-present,,,,scorer,appchina,10,0.46911998589833576,0.10437625646591187,0,true,false,0.9328428209287086
large-family-set-2,300,0,local,peer-present,,,,scorer,play-late,10,0.3042696913083394,0.04569655160109202,0,true,false,0.9328428209287086
large-family-set-2,300,0,local,peer-present,,,,scorer,play-early,10,0.5311574935913086,0.07693685591220856,0,true,false,0.9328428209287086
large-family-set-2,300,0,local,peer-present,,,,scorer,anzhi,10,0.41678814093271893,0.08865820368131001,0,true,false,0.9328428209287086
large-family-set-2,301,0,central,peer-present,,,,scorer,,20,0.29320503803009684,0.02808556911793161,0,true,false,0.9316274772648514
large-family-set-2,301,0,central,full-exposure,,,,scorer,,20,0.2862988532857692,0.02891693723962662,0,true,false,0.927563620363877
large-family-set-2,301,0,central,family-absent-everywhere,,,,scorer,,20,0.2890041026663273,0.030342236478277978,0,true,false,0.9287799828822011
large-family-set-2,301,0,fedavg,peer-present,,,,federated-client,anzhi,40,0.44339434305826825,0.06876643002033234,0,true,false,0.9248376153120952
large-family-set-2,301,0,fedavg,family-absent-everywhere,,,,federated-client,anzhi,40,0.4600951671600342,0.06953500707944234,0,true,false,0.9240551379887161
large-family-set-2,301,0,fedavg,full-exposure,,,,federated-client,appchina,40,0.44750813643137616,0.060010294119517006,0,true,false,0.9259732883721122
large-family-set-2,301,0,fedavg,peer-present,,,,federated-client,play-early,40,0.5040268500645956,0.07044972976048787,0,true,false,0.9248376153120952
large-family-set-2,301,0,fedavg,peer-present,,,,federated-client,play-late,40,0.2990920344988505,0.03124288221200307,0,true,false,0.9248376153120952
large-family-set-2,301,0,fedavg,full-exposure,,,,federated-client,anzhi,40,0.4250474770863851,0.06678828100363414,0,true,false,0.9259732883721122
large-family-set-2,301,0,fedavg,peer-present,,,,federated-client,appchina,40,0.4564996560414632,0.06726651390393575,0,true,false,0.9248376153120952
large-family-set-2,301,0,fedavg,full-exposure,,,,federated-client,play-late,40,0.29668285449345905,0.033089786767959595,0,true,false,0.9259732883721122
large-family-set-2,301,0,fedavg,full-exposure,,,,federated-client,play-early,40,0.5015420118967692,0.07485385239124298,0,true,false,0.9259732883721122
large-family-set-2,301,0,fedavg,family-absent-everywhere,,,,federated-client,play-early,40,0.49643103281656903,0.06848731637001038,0,true,false,0.9240551379887161
large-family-set-2,301,0,fedavg,family-absent-everywhere,,,,federated-client,play-late,40,0.29470038414001465,0.030793339014053345,0,true,false,0.9240551379887161
large-family-set-2,301,0,fedavg,family-absent-everywhere,,,,federated-client,appchina,40,0.452919602394104,0.05993932982285818,0,true,false,0.9240551379887161
large-family-set-2,301,0,fedavg,family-absent-everywhere,,,,federated-global,,20,0.2501296525200208,0.05718874807159106,0,true,false,0.9240551379887161
large-family-set-2,301,0,fedavg,peer-present,,,,federated-global,,20,0.2561672603090604,0.05943138897418976,0,true,false,0.9248376153120952
large-family-set-2,301,0,fedavg,full-exposure,,,,federated-global,,20,0.24933339407046637,0.05868555357058843,0,true,false,0.9259732883721122
large-family-set-2,301,0,local,peer-present,,,,scorer,anzhi,10,0.4520118633906047,0.10249023636182149,0,true,false,0.9327804666163567
large-family-set-2,301,0,local,peer-present,,,,scorer,play-late,10,0.2996453444163005,0.04897045095761617,0,true,false,0.9327804666163567
large-family-set-2,301,0,local,peer-present,,,,scorer,play-early,10,0.486885945002238,0.0895570417245229,0,true,false,0.9327804666163567
large-family-set-2,301,0,local,peer-present,,,,scorer,appchina,10,0.4272247552871704,0.10026788711547852,0,true,false,0.9327804666163567
large-family-set-2,302,0,central,full-exposure,,,,scorer,,20,0.2845910457854575,0.02922411675148822,0,true,false,0.9370115688130966
large-family-set-2,302,0,central,family-absent-everywhere,,,,scorer,,20,0.2934189045682867,0.029012165171034793,0,true,false,0.9369829074814172
large-family-set-2,302,0,central,peer-present,,,,scorer,,20,0.28838778556661404,0.026147350351861182,0,true,false,0.9362114637695015
large-family-set-2,302,0,fedavg,peer-present,,,,federated-client,anzhi,40,0.44199009736378986,0.06635014216105144,0,true,false,0.925584116788205
large-family-set-2,302,0,fedavg,full-exposure,,,,federated-client,anzhi,40,0.4319068193435669,0.06709898511568706,0,true,false,0.9252064286559228
large-family-set-2,302,0,fedavg,full-exposure,,,,federated-client,appchina,40,0.4461476802825928,0.07984101275602977,0,true,false,0.9252064286559228
large-family-set-2,302,0,fedavg,peer-present,,,,federated-client,play-early,40,0.5113619565963745,0.06686313450336456,0,true,false,0.925584116788205
large-family-set-2,302,0,fedavg,peer-present,,,,federated-client,play-late,40,0.30019015073776245,0.027906181911627453,0,true,false,0.925584116788205
large-family-set-2,302,0,fedavg,full-exposure,,,,federated-client,play-late,40,0.30019015073776245,0.02748071899016698,0,true,false,0.9252064286559228
large-family-set-2,302,0,fedavg,peer-present,,,,federated-client,appchina,40,0.4531823396682739,0.0777918001015981,0,true,false,0.925584116788205
large-family-set-2,302,0,fedavg,full-exposure,,,,federated-client,play-early,40,0.5153297185897827,0.06257111330827077,0,true,false,0.9252064286559228
large-family-set-2,302,0,fedavg,family-absent-everywhere,,,,federated-client,appchina,40,0.47075819969177246,0.07461702326933543,0,true,false,0.9243372480748068
large-family-set-2,302,0,fedavg,family-absent-everywhere,,,,federated-client,play-early,40,0.5120859146118164,0.06320847074190776,0,true,false,0.9243372480748068
large-family-set-2,302,0,fedavg,family-absent-everywhere,,,,federated-client,play-late,40,0.2977014978726705,0.027023710310459137,0,true,false,0.9243372480748068
large-family-set-2,302,0,fedavg,family-absent-everywhere,,,,federated-client,anzhi,40,0.45598383744557697,0.06745636959870656,0,true,false,0.9243372480748068
large-family-set-2,302,0,fedavg,family-absent-everywhere,,,,federated-global,,20,0.25482488920291263,0.05807639348010222,0,true,false,0.9243372480748068
large-family-set-2,302,0,fedavg,peer-present,,,,federated-global,,20,0.2453957423567772,0.059727814669410385,0,true,false,0.925584116788205
large-family-set-2,302,0,fedavg,full-exposure,,,,federated-global,,20,0.25079742322365445,0.05924795754253864,0,true,false,0.9252064286559228
large-family-set-2,302,0,local,peer-present,,,,scorer,play-early,10,0.5371323426564535,0.07983737190564473,0,true,false,0.934837127410859
large-family-set-2,302,0,local,peer-present,,,,scorer,anzhi,10,0.4287246863047282,0.08446836471557617,0,true,false,0.934837127410859
large-family-set-2,302,0,local,peer-present,,,,scorer,appchina,10,0.4364483753840129,0.09551280736923218,0,true,false,0.934837127410859
large-family-set-2,302,0,local,peer-present,,,,scorer,play-late,10,0.30494481325149536,0.04060846070448557,0,true,false,0.934837127410859
large-family-set-2,303,0,central,full-exposure,,,,scorer,,20,0.27918079051565614,0.031122519614848684,0,true,false,0.9223140419772168
large-family-set-2,303,0,central,family-absent-everywhere,,,,scorer,,20,0.28614510881139876,0.028405214877838782,0,true,false,0.9192897059521347
large-family-set-2,303,0,central,peer-present,,,,scorer,,20,0.2849129615946019,0.025588880193994402,0,true,false,0.9231139241239248
large-family-set-2,303,0,fedavg,full-exposure,,,,federated-client,play-late,40,0.30247147878011066,0.02868126581112544,0,true,false,0.9159153647277071
large-family-set-2,303,0,fedavg,full-exposure,,,,federated-client,anzhi,40,0.44985965887705487,0.06904290616512299,0,true,false,0.9159153647277071
large-family-set-2,303,0,fedavg,full-exposure,,,,federated-client,play-early,40,0.513290286064148,0.07676196098327637,0,true,false,0.9159153647277071
large-family-set-2,303,0,fedavg,peer-present,,,,federated-client,play-early,40,0.5179862578709921,0.07065657277901967,0,true,false,0.9155411033267434
large-family-set-2,303,0,fedavg,peer-present,,,,federated-client,play-late,40,0.3037330110867818,0.03016140063603719,0,true,false,0.9155411033267434
large-family-set-2,303,0,fedavg,peer-present,,,,federated-client,anzhi,40,0.45372851689656574,0.06348034242788951,0,true,false,0.9155411033267434
large-family-set-2,303,0,fedavg,peer-present,,,,federated-client,appchina,40,0.47125836213429767,0.07500160733858745,0,true,false,0.9155411033267434
large-family-set-2,303,0,fedavg,full-exposure,,,,federated-client,appchina,40,0.47125836213429767,0.07743966082731883,0,true,false,0.9159153647277071
large-family-set-2,303,0,fedavg,family-absent-everywhere,,,,federated-client,play-early,40,0.5023717085520426,0.07223638892173767,0,true,false,0.9116258268426439
large-family-set-2,303,0,fedavg,family-absent-everywhere,,,,federated-client,play-late,40,0.2962299585342407,0.031659784416357674,0,true,false,0.9116258268426439
large-family-set-2,303,0,fedavg,family-absent-everywhere,,,,federated-client,anzhi,40,0.4650529623031616,0.07491124669710796,0,true,false,0.9116258268426439
large-family-set-2,303,0,fedavg,family-absent-everywhere,,,,federated-client,appchina,40,0.4707142909367879,0.07886890073617299,0,true,false,0.9116258268426439
large-family-set-2,303,0,fedavg,full-exposure,,,,federated-global,,20,0.2478658432761828,0.0629814484467109,0,true,false,0.9159153647277071
large-family-set-2,303,0,fedavg,peer-present,,,,federated-global,,20,0.2479171926776568,0.05982498079538345,0,true,false,0.9155411033267434
large-family-set-2,303,0,fedavg,family-absent-everywhere,,,,federated-global,,20,0.24721726526816687,0.06441908019284408,0,true,false,0.9116258268426439
large-family-set-2,303,0,local,peer-present,,,,scorer,appchina,10,0.48165273666381836,0.10303982098897298,0,true,false,0.9257579418776499
large-family-set-2,303,0,local,peer-present,,,,scorer,anzhi,10,0.48137954870859784,0.09052270650863647,0,true,false,0.9257579418776499
large-family-set-2,303,0,local,peer-present,,,,scorer,play-late,10,0.3196981151898702,0.04496259490648905,0,true,false,0.9257579418776499
large-family-set-2,303,0,local,peer-present,,,,scorer,play-early,10,0.4665428002675374,0.08078966041405995,0,true,false,0.9257579418776499
large-family-set-2,304,0,central,full-exposure,,,,scorer,,20,0.2919565566042636,0.03146906355594067,0,true,false,0.9342609527718274
large-family-set-2,304,0,central,family-absent-everywhere,,,,scorer,,20,0.2910628420241336,0.029374586774947795,0,true,false,0.9321362150173652
large-family-set-2,304,0,central,peer-present,,,,scorer,,20,0.29058434100861247,0.031514969277889174,0,true,false,0.934548980836495
large-family-set-2,304,0,fedavg,full-exposure,,,,federated-client,appchina,40,0.45209383964538574,0.07514345645904541,0,true,false,0.9239304648266685
large-family-set-2,304,0,fedavg,family-absent-everywhere,,,,federated-client,play-late,40,0.3312520384788513,0.02826677014430364,0,true,false,0.9228940977583705
large-family-set-2,304,0,fedavg,full-exposure,,,,federated-client,anzhi,40,0.43681832154591876,0.06743293007214864,0,true,false,0.9239304648266685
large-family-set-2,304,0,fedavg,full-exposure,,,,federated-client,play-late,40,0.3267489473025004,0.026703526576360066,0,true,false,0.9239304648266685
large-family-set-2,304,0,fedavg,full-exposure,,,,federated-client,play-early,40,0.5324302117029825,0.07220955689748128,0,true,false,0.9239304648266685
large-family-set-2,304,0,fedavg,peer-present,,,,federated-client,play-early,40,0.5317882696787516,0.07447948555151622,0,true,false,0.9252932041263627
large-family-set-2,304,0,fedavg,peer-present,,,,federated-client,play-late,40,0.3267489473025004,0.027928451697031658,0,true,false,0.9252932041263627
large-family-set-2,304,0,fedavg,peer-present,,,,federated-client,anzhi,40,0.4250813325246175,0.06545137365659077,0,true,false,0.9252932041263627
large-family-set-2,304,0,fedavg,peer-present,,,,federated-client,appchina,40,0.44990646839141846,0.07855559885501862,0,true,false,0.9252932041263627
large-family-set-2,304,0,fedavg,family-absent-everywhere,,,,federated-client,appchina,40,0.45582584540049237,0.07499900460243225,0,true,false,0.9228940977583705
large-family-set-2,304,0,fedavg,family-absent-everywhere,,,,federated-client,play-early,40,0.5347903966903687,0.0698667864004771,0,true,false,0.9228940977583705
large-family-set-2,304,0,fedavg,family-absent-everywhere,,,,federated-client,anzhi,40,0.4415416717529297,0.0755635400613149,0,true,false,0.9228940977583705
large-family-set-2,304,0,fedavg,peer-present,,,,federated-global,,20,0.2526714925964673,0.061603727440039315,0,true,false,0.9252932041263627
large-family-set-2,304,0,fedavg,family-absent-everywhere,,,,federated-global,,20,0.2581426526109378,0.06217402530213197,0,true,false,0.9228940977583705
large-family-set-2,304,0,fedavg,full-exposure,,,,federated-global,,20,0.25417794038852054,0.06037236750125885,0,true,false,0.9239304648266685
large-family-set-2,304,0,local,peer-present,,,,scorer,appchina,10,0.4331694046656291,0.10677547256151836,0,true,false,0.9328445811059752
large-family-set-2,304,0,local,peer-present,,,,scorer,anzhi,10,0.4601006507873535,0.08909714221954346,0,true,false,0.9328445811059752
large-family-set-2,304,0,local,peer-present,,,,scorer,play-late,10,0.3009052475293477,0.036136023700237274,0,true,false,0.9328445811059752
large-family-set-2,304,0,local,peer-present,,,,scorer,play-early,10,0.49797805150349933,0.07720379531383514,0,true,false,0.9328445811059752
large-family-set-2,305,0,central,peer-present,,,,scorer,,20,0.28568902928778467,0.02633761091435209,0,true,false,0.932437227632406
large-family-set-2,305,0,central,full-exposure,,,,scorer,,20,0.2857819009334483,0.030348397315816678,0,true,false,0.9353297923366212
large-family-set-2,305,0,central,family-absent-everywhere,,,,scorer,,20,0.28886441981538813,0.030806516079192468,0,true,false,0.9271719362843968
large-family-set-2,305,0,fedavg,family-absent-everywhere,,,,federated-client,play-early,40,0.4828120470046997,0.07205076018969218,0,true,false,0.9185174750065727
large-family-set-2,305,0,fedavg,family-absent-everywhere,,,,federated-client,anzhi,40,0.4599291880925496,0.07513625423113506,0,true,false,0.9185174750065727
large-family-set-2,305,0,fedavg,full-exposure,,,,federated-client,appchina,40,0.48583439985911053,0.08836986621220906,0,true,false,0.9192737613958549
large-family-set-2,305,0,fedavg,peer-present,,,,federated-client,play-early,40,0.4846913019816081,0.06826616326967876,0,true,false,0.9174025953993912
large-family-set-2,305,0,fedavg,peer-present,,,,federated-client,play-late,40,0.27823056777318317,0.02569737782080968,0,true,false,0.9174025953993912
large-family-set-2,305,0,fedavg,peer-present,,,,federated-client,anzhi,40,0.48229865233103436,0.07326748967170715,0,true,false,0.9174025953993912
large-family-set-2,305,0,fedavg,peer-present,,,,federated-client,appchina,40,0.4851742188135783,0.09032567342122395,0,true,false,0.9174025953993912
large-family-set-2,305,0,fedavg,full-exposure,,,,federated-client,anzhi,40,0.4653614362080892,0.06737519800662994,0,true,false,0.9192737613958549
large-family-set-2,305,0,fedavg,full-exposure,,,,federated-client,play-late,40,0.27620480457941693,0.026145845651626587,0,true,false,0.9192737613958549
large-family-set-2,305,0,fedavg,full-exposure,,,,federated-client,play-early,40,0.4846913019816081,0.07109180092811584,0,true,false,0.9192737613958549
large-family-set-2,305,0,fedavg,family-absent-everywhere,,,,federated-client,play-late,40,0.264207661151886,0.026459549864133198,0,true,false,0.9185174750065727
large-family-set-2,305,0,fedavg,family-absent-everywhere,,,,federated-client,appchina,40,0.48086969057718915,0.09234357873598735,0,true,false,0.9185174750065727
large-family-set-2,305,0,fedavg,family-absent-everywhere,,,,federated-global,,20,0.24336214115222296,0.06649753575523694,0,true,false,0.9185174750065727
large-family-set-2,305,0,fedavg,peer-present,,,,federated-global,,20,0.24914601196845373,0.06438917604585488,0,true,false,0.9174025953993912
large-family-set-2,305,0,fedavg,full-exposure,,,,federated-global,,20,0.2472591002782186,0.06324567769964536,0,true,false,0.9192737613958549
large-family-set-2,305,0,local,peer-present,,,,scorer,anzhi,10,0.4254035949707031,0.09378393491109212,0,true,false,0.933429450996402
large-family-set-2,305,0,local,peer-present,,,,scorer,play-early,10,0.5221414963404337,0.09024030963579814,0,true,false,0.933429450996402
large-family-set-2,305,0,local,peer-present,,,,scorer,play-late,10,0.29403295119603473,0.03723047425349554,0,true,false,0.933429450996402
large-family-set-2,305,0,local,peer-present,,,,scorer,appchina,10,0.44435850779215497,0.11734943588574727,0,true,false,0.933429450996402
large-family-set-2,306,0,central,full-exposure,,,,scorer,,20,0.2915137270663647,0.030397427842972127,0,true,false,0.916380780942961
large-family-set-2,306,0,central,family-absent-everywhere,,,,scorer,,20,0.2918094472682222,0.029995603764310798,0,true,false,0.9151751390808242
large-family-set-2,306,0,central,peer-present,,,,scorer,,20,0.28998977579969043,0.02584157091505984,0,true,false,0.9195093327080125
large-family-set-2,306,0,fedavg,peer-present,,,,federated-client,play-early,40,0.5353003740310669,0.07211168110370636,0,true,false,0.9123945028018804
large-family-set-2,306,0,fedavg,family-absent-everywhere,,,,federated-client,anzhi,40,0.44818095366160077,0.08148384590943654,0,true,false,0.9065172416825947
large-family-set-2,306,0,fedavg,full-exposure,,,,federated-client,appchina,40,0.43751176198323566,0.07579828798770905,0,true,false,0.9099133310763637
large-family-set-2,306,0,fedavg,full-exposure,,,,federated-client,anzhi,40,0.43916340668996173,0.07021527985731761,0,true,false,0.9099133310763637
large-family-set-2,306,0,fedavg,peer-present,,,,federated-client,play-late,40,0.3131836454073588,0.029056938985983532,0,true,false,0.9123945028018804
large-family-set-2,306,0,fedavg,peer-present,,,,federated-client,anzhi,40,0.43006328741709393,0.06899369756380717,0,true,false,0.9123945028018804
large-family-set-2,306,0,fedavg,peer-present,,,,federated-client,appchina,40,0.4572659333546956,0.07652085522810619,0,true,false,0.9123945028018804
large-family-set-2,306,0,fedavg,full-exposure,,,,federated-client,play-late,40,0.31480203072230023,0.029271145661671955,0,true,false,0.9099133310763637
large-family-set-2,306,0,fedavg,full-exposure,,,,federated-client,play-early,40,0.5353003740310669,0.07376416524251302,0,true,false,0.9099133310763637
large-family-set-2,306,0,fedavg,family-absent-everywhere,,,,federated-client,play-early,40,0.5223141113917033,0.0717986027399699,0,true,false,0.9065172416825947
large-family-set-2,306,0,fedavg,family-absent-everywhere,,,,federated-client,play-late,40,0.3156602780024211,0.028687213857968647,0,true,false,0.9065172416825947
large-family-set-2,306,0,fedavg,family-absent-everywhere,,,,federated-client,appchina,40,0.45068379243214923,0.07796602447827657,0,true,false,0.9065172416825947
large-family-set-2,306,0,fedavg,family-absent-everywhere,,,,federated-global,,20,0.254026435315609,0.06498392174641292,0,true,false,0.9065172416825947
large-family-set-2,306,0,fedavg,peer-present,,,,federated-global,,20,0.25466328859329224,0.06167079322040081,0,true,false,0.9123945028018804
large-family-set-2,306,0,fedavg,full-exposure,,,,federated-global,,20,0.25145097076892853,0.06226221968730291,0,true,false,0.9099133310763637
large-family-set-2,306,0,local,peer-present,,,,scorer,anzhi,10,0.4333442449569702,0.08670955896377563,0,true,false,0.9227051468272931
large-family-set-2,306,0,local,peer-present,,,,scorer,play-late,10,0.29977893829345703,0.050118098656336464,0,true,false,0.9227051468272931
large-family-set-2,306,0,local,peer-present,,,,scorer,play-early,10,0.518493135770162,0.09012927611668904,0,true,false,0.9227051468272931
large-family-set-2,306,0,local,peer-present,,,,scorer,appchina,10,0.46510342756907147,0.09108488758405049,0,true,false,0.9227051468272931
large-family-set-2,307,0,central,peer-present,,,,scorer,,20,0.28690165661750955,0.026141818533552453,0,true,false,0.9182492073081928
large-family-set-2,307,0,central,full-exposure,,,,scorer,,20,0.2869421979214283,0.026567875070774807,0,true,false,0.9221233323877555
large-family-set-2,307,0,central,family-absent-everywhere,,,,scorer,,20,0.28716024439385596,0.026204114264630256,0,true,false,0.9240634112094482
large-family-set-2,307,0,fedavg,peer-present,,,,federated-client,appchina,40,0.4334533214569092,0.0696696788072586,0,true,false,0.9136789961325911
large-family-set-2,307,0,fedavg,family-absent-everywhere,,,,federated-client,appchina,40,0.43820146719614667,0.06424190104007721,0,true,false,0.9075722735465409
large-family-set-2,307,0,fedavg,full-exposure,,,,federated-client,appchina,40,0.42894800504048664,0.06413554648558299,0,true,false,0.9131091757076785
large-family-set-2,307,0,fedavg,peer-present,,,,federated-client,play-early,40,0.5388995409011841,0.07491608460744222,0,true,false,0.9136789961325911
large-family-set-2,307,0,fedavg,peer-present,,,,federated-client,play-late,40,0.33602623144785565,0.02257415900627772,0,true,false,0.9136789961325911
large-family-set-2,307,0,fedavg,peer-present,,,,federated-client,anzhi,40,0.4116218487421672,0.061533123254776,0,true,false,0.9136789961325911
large-family-set-2,307,0,fedavg,family-absent-everywhere,,,,federated-client,play-early,40,0.5305667320887247,0.07059958080450694,0,true,false,0.9075722735465409
large-family-set-2,307,0,fedavg,full-exposure,,,,federated-client,anzhi,40,0.41972963015238446,0.06028086940447489,0,true,false,0.9131091757076785
large-family-set-2,307,0,fedavg,full-exposure,,,,federated-client,play-late,40,0.33602623144785565,0.025088538726170857,0,true,false,0.9131091757076785
large-family-set-2,307,0,fedavg,full-exposure,,,,federated-client,play-early,40,0.5356466770172119,0.07103737195332845,0,true,false,0.9131091757076785
large-family-set-2,307,0,fedavg,family-absent-everywhere,,,,federated-client,play-late,40,0.33738001187642414,0.02568288892507553,0,true,false,0.9075722735465409
large-family-set-2,307,0,fedavg,family-absent-everywhere,,,,federated-client,anzhi,40,0.4346352418263753,0.05841432511806488,0,true,false,0.9075722735465409
large-family-set-2,307,0,fedavg,full-exposure,,,,federated-global,,20,0.2539829711119334,0.0551355816423893,0,true,false,0.9131091757076785
large-family-set-2,307,0,fedavg,peer-present,,,,federated-global,,20,0.2501842627922694,0.05717326141893864,0,true,false,0.9136789961325911
large-family-set-2,307,0,fedavg,family-absent-everywhere,,,,federated-global,,20,0.25485490759213764,0.05473467397193114,0,true,false,0.9075722735465409
large-family-set-2,307,0,local,peer-present,,,,scorer,appchina,10,0.4653170903523763,0.09940369923909505,0,true,false,0.9216468969696135
large-family-set-2,307,0,local,peer-present,,,,scorer,play-early,10,0.48818429311116535,0.08483629425366719,0,true,false,0.9216468969696135
large-family-set-2,307,0,local,peer-present,,,,scorer,play-late,10,0.30743563175201416,0.043396840492884316,0,true,false,0.9216468969696135
large-family-set-2,307,0,local,peer-present,,,,scorer,anzhi,10,0.4288093646367391,0.0753663827975591,0,true,false,0.9216468969696135
large-family-set-2,308,0,central,peer-present,,,,scorer,,20,0.28534000477892285,0.0261921578265251,0,true,false,0.9270657509221718
large-family-set-2,308,0,central,full-exposure,,,,scorer,,20,0.2888713390269178,0.023949519116827783,0,true,false,0.9230124747933782
large-family-set-2,308,0,central,family-absent-everywhere,,,,scorer,,20,0.28513076457571473,0.023239338651616523,0,true,false,0.9235742567193785
large-family-set-2,308,0,fedavg,peer-present,,,,federated-client,play-early,40,0.5169558525085449,0.06672173738479614,0,true,false,0.9060910133609329
large-family-set-2,308,0,fedavg,full-exposure,,,,federated-client,anzhi,40,0.4394006331761678,0.06698184212048848,0,true,false,0.9081401114731071
large-family-set-2,308,0,fedavg,full-exposure,,,,federated-client,play-late,40,0.316389004389445,0.031103665630022686,0,true,false,0.9081401114731071
large-family-set-2,308,0,fedavg,full-exposure,,,,federated-client,play-early,40,0.5255861282348633,0.07067904869715373,0,true,false,0.9081401114731071
large-family-set-2,308,0,fedavg,peer-present,,,,federated-client,play-late,40,0.3066708445549011,0.028938797612984974,0,true,false,0.9060910133609329
large-family-set-2,308,0,fedavg,peer-present,,,,federated-client,anzhi,40,0.4520990053812663,0.0636067936817805,0,true,false,0.9060910133609329
large-family-set-2,308,0,fedavg,peer-present,,,,federated-client,appchina,40,0.4535200198491414,0.06048522889614105,0,true,false,0.9060910133609329
large-family-set-2,308,0,fedavg,full-exposure,,,,federated-client,appchina,40,0.45509982109069824,0.06441741685072581,0,true,false,0.9081401114731071
large-family-set-2,308,0,fedavg,family-absent-everywhere,,,,federated-client,play-early,40,0.5217572848002116,0.06550606588522594,0,true,false,0.9062391822132554
large-family-set-2,308,0,fedavg,family-absent-everywhere,,,,federated-client,play-late,40,0.3065774242083232,0.03190613041321436,0,true,false,0.9062391822132554
large-family-set-2,308,0,fedavg,family-absent-everywhere,,,,federated-client,anzhi,40,0.4555000066757202,0.07002662618954976,0,true,false,0.9062391822132554
large-family-set-2,308,0,fedavg,family-absent-everywhere,,,,federated-client,appchina,40,0.4570821523666382,0.05974683662255605,0,true,false,0.9062391822132554
large-family-set-2,308,0,fedavg,peer-present,,,,federated-global,,20,0.25479281693696976,0.05493813939392567,0,true,false,0.9060910133609329
large-family-set-2,308,0,fedavg,family-absent-everywhere,,,,federated-global,,20,0.25142064938942593,0.05679641477763653,0,true,false,0.9062391822132554
large-family-set-2,308,0,fedavg,full-exposure,,,,federated-global,,20,0.25450803339481354,0.05829549332459768,0,true,false,0.9081401114731071
large-family-set-2,308,0,local,peer-present,,,,scorer,play-late,10,0.3028995394706726,0.030308584372202556,0,true,false,0.9157031684517062
large-family-set-2,308,0,local,peer-present,,,,scorer,appchina,10,0.4704752763112386,0.08388472596804301,0,true,false,0.9157031684517062
large-family-set-2,308,0,local,peer-present,,,,scorer,play-early,10,0.5168680349985758,0.08542871475219727,0,true,false,0.9157031684517062
large-family-set-2,308,0,local,peer-present,,,,scorer,anzhi,10,0.4679458538691203,0.0883330504099528,0,true,false,0.9157031684517062
large-family-set-2,309,0,central,full-exposure,,,,scorer,,20,0.2854583415579289,0.024659055344601895,0,true,false,0.9227485115456459
large-family-set-2,309,0,central,family-absent-everywhere,,,,scorer,,20,0.292886754299732,0.025072610124628594,0,true,false,0.9243919525933325
large-family-set-2,309,0,central,peer-present,,,,scorer,,20,0.28339272357047873,0.028523173738033213,0,true,false,0.9200335242426433
large-family-set-2,309,0,fedavg,full-exposure,,,,federated-client,appchina,40,0.4379524389902751,0.06861354907353719,0,true,false,0.9120296371780526
large-family-set-2,309,0,fedavg,full-exposure,,,,federated-client,play-early,40,0.5008542537689209,0.06715530653794606,0,true,false,0.9120296371780526
large-family-set-2,309,0,fedavg,full-exposure,,,,federated-client,anzhi,40,0.4148029088973999,0.05095477898915609,0,true,false,0.9120296371780526
large-family-set-2,309,0,fedavg,full-exposure,,,,federated-client,play-late,40,0.29947696129481,0.021647786100705464,0,true,false,0.9120296371780526
large-family-set-2,309,0,fedavg,peer-present,,,,federated-client,play-early,40,0.5086748997370402,0.06905384361743927,0,true,false,0.9111030939940022
large-family-set-2,309,0,fedavg,peer-present,,,,federated-client,play-late,40,0.2923763593037923,0.022015211482842762,0,true,false,0.9111030939940022
large-family-set-2,309,0,fedavg,peer-present,,,,federated-client,anzhi,40,0.40914320945739746,0.04953899482885996,0,true,false,0.9111030939940022
large-family-set-2,309,0,fedavg,peer-present,,,,federated-client,appchina,40,0.4318056106567383,0.06827996671199799,0,true,false,0.9111030939940022
large-family-set-2,309,0,fedavg,family-absent-everywhere,,,,federated-client,play-early,40,0.5027955770492554,0.07173392673333485,0,true,false,0.9097130826709275
large-family-set-2,309,0,fedavg,family-absent-everywhere,,,,federated-client,play-late,40,0.2923763593037923,0.022887247304121654,0,true,false,0.9097130826709275
large-family-set-2,309,0,fedavg,family-absent-everywhere,,,,federated-client,anzhi,40,0.42265363534291583,0.05354286233584086,0,true,false,0.9097130826709275
large-family-set-2,309,0,fedavg,family-absent-everywhere,,,,federated-client,appchina,40,0.4346453348795573,0.0728654017051061,0,true,false,0.9097130826709275
large-family-set-2,309,0,fedavg,full-exposure,,,,federated-global,,20,0.23857768376668295,0.052092855175336204,0,true,false,0.9120296371780526
large-family-set-2,309,0,fedavg,peer-present,,,,federated-global,,20,0.23767939706643423,0.052222004160284996,0,true,false,0.9111030939940022
large-family-set-2,309,0,fedavg,family-absent-everywhere,,,,federated-global,,20,0.24131550888220468,0.05525735951960087,0,true,false,0.9097130826709275
large-family-set-2,309,0,local,peer-present,,,,scorer,anzhi,10,0.4785791238149007,0.08491901556650798,0,true,false,0.9226244416501611
large-family-set-2,309,0,local,peer-present,,,,scorer,appchina,10,0.4514073928197225,0.10416861375172932,0,true,false,0.9226244416501611
large-family-set-2,309,0,local,peer-present,,,,scorer,play-early,10,0.5434911251068115,0.08480393886566162,0,true,false,0.9226244416501611
large-family-set-2,309,0,local,peer-present,,,,scorer,play-late,10,0.32778175671895343,0.0409884974360466,0,true,false,0.9226244416501611
large-family-set-3,300,0,central,peer-present,,,,scorer,,20,0.283381867916026,0.029898331520405223,0,true,false,0.9233213299958556
large-family-set-3,300,0,central,full-exposure,,,,scorer,,20,0.28395137381046376,0.02576920580356679,0,true,false,0.9294383590998998
large-family-set-3,300,0,central,family-absent-everywhere,,,,scorer,,20,0.2800941467285156,0.029943910050899424,0,true,false,0.9177714196063395
large-family-set-3,300,0,fedavg,family-absent-everywhere,,,,federated-client,play-late,40,0.2858271598815918,0.03255114456017812,0,true,false,0.918643344944052
large-family-set-3,300,0,fedavg,full-exposure,,,,federated-client,play-late,40,0.2845677932103475,0.03352488577365875,0,true,false,0.9207896155885992
large-family-set-3,300,0,fedavg,peer-present,,,,federated-client,play-early,40,0.5099331140518188,0.07213703791300456,0,true,false,0.9202852602406292
large-family-set-3,300,0,fedavg,peer-present,,,,federated-client,play-late,40,0.2845677932103475,0.02984995146592458,0,true,false,0.9202852602406292
large-family-set-3,300,0,fedavg,peer-present,,,,federated-client,anzhi,40,0.43815430005391437,0.07075148324171703,0,true,false,0.9202852602406292
large-family-set-3,300,0,fedavg,peer-present,,,,federated-client,appchina,40,0.46129600207010907,0.08276369174321492,0,true,false,0.9202852602406292
large-family-set-3,300,0,fedavg,full-exposure,,,,federated-client,appchina,40,0.4642763137817383,0.08214389781157176,0,true,false,0.9207896155885992
large-family-set-3,300,0,fedavg,family-absent-everywhere,,,,federated-client,play-early,40,0.4768675963083903,0.0732762763897578,0,true,false,0.918643344944052
large-family-set-3,300,0,fedavg,full-exposure,,,,federated-client,anzhi,40,0.4302186568578084,0.07312977313995361,0,true,false,0.9207896155885992
large-family-set-3,300,0,fedavg,family-absent-everywhere,,,,federated-client,anzhi,40,0.4357566833496094,0.07500579456488292,0,true,false,0.918643344944052
large-family-set-3,300,0,fedavg,family-absent-everywhere,,,,federated-client,appchina,40,0.46653854846954346,0.0811786154905955,0,true,false,0.918643344944052
large-family-set-3,300,0,fedavg,full-exposure,,,,federated-client,play-early,40,0.5099331140518188,0.07172555228074391,0,true,false,0.9207896155885992
large-family-set-3,300,0,fedavg,peer-present,,,,federated-global,,20,0.25168612599372864,0.06387554109096527,0,true,false,0.9202852602406292
large-family-set-3,300,0,fedavg,family-absent-everywhere,,,,federated-global,,20,0.24307357519865036,0.06550295775135358,0,true,false,0.918643344944052
large-family-set-3,300,0,fedavg,full-exposure,,,,federated-global,,20,0.25034984946250916,0.06513102725148201,0,true,false,0.9207896155885992
large-family-set-3,300,0,local,peer-present,,,,scorer,play-late,10,0.3043277859687805,0.04850751658280691,0,true,false,0.9337466096568611
large-family-set-3,300,0,local,peer-present,,,,scorer,appchina,10,0.46503718694051105,0.1001499593257904,0,true,false,0.9337466096568611
large-family-set-3,300,0,local,peer-present,,,,scorer,anzhi,10,0.42452112833658856,0.0909860630830129,0,true,false,0.9337466096568611
large-family-set-3,300,0,local,peer-present,,,,scorer,play-early,10,0.5399812062581381,0.08554877837498982,0,true,false,0.9337466096568611
large-family-set-3,301,0,central,peer-present,,,,scorer,,20,0.2915218434435256,0.031080481853890927,0,true,false,0.9319942969784826
large-family-set-3,301,0,central,full-exposure,,,,scorer,,20,0.2862988532857692,0.02891693723962662,0,true,false,0.927563620363877
large-family-set-3,301,0,central,family-absent-everywhere,,,,scorer,,20,0.2833494226983253,0.031504034996032715,0,true,false,0.9086474487034053
large-family-set-3,301,0,fedavg,peer-present,,,,federated-client,appchina,40,0.46041067441304523,0.0649158904949824,0,true,false,0.9259605001915624
large-family-set-3,301,0,fedavg,full-exposure,,,,federated-client,appchina,40,0.44750813643137616,0.060010294119517006,0,true,false,0.9259732883721122
large-family-set-3,301,0,fedavg,full-exposure,,,,federated-client,anzhi,40,0.4250474770863851,0.06678828100363414,0,true,false,0.9259732883721122
large-family-set-3,301,0,fedavg,peer-present,,,,federated-client,play-early,40,0.49187974135080975,0.06974430878957112,0,true,false,0.9259605001915624
large-family-set-3,301,0,fedavg,peer-present,,,,federated-client,play-late,40,0.29668285449345905,0.03241429974635442,0,true,false,0.9259605001915624
large-family-set-3,301,0,fedavg,peer-present,,,,federated-client,anzhi,40,0.43571476141611737,0.06567140420277913,0,true,false,0.9259605001915624
large-family-set-3,301,0,fedavg,full-exposure,,,,federated-client,play-late,40,0.29668285449345905,0.033089786767959595,0,true,false,0.9259732883721122
large-family-set-3,301,0,fedavg,full-exposure,,,,federated-client,play-early,40,0.5015420118967692,0.07485385239124298,0,true,false,0.9259732883721122
large-family-set-3,301,0,fedavg,family-absent-everywhere,,,,federated-client,play-early,40,0.46172157923380536,0.06368976831436157,0,true,false,0.9092020480949978
large-family-set-3,301,0,fedavg,family-absent-everywhere,,,,federated-client,play-late,40,0.2945460081100464,0.03033691644668579,0,true,false,0.9092020480949978
large-family-set-3,301,0,fedavg,family-absent-everywhere,,,,federated-client,anzhi,40,0.44070112705230713,0.07226302723089854,0,true,false,0.9092020480949978
large-family-set-3,301,0,fedavg,family-absent-everywhere,,,,federated-client,appchina,40,0.4684179226557414,0.06640882790088654,0,true,false,0.9092020480949978
large-family-set-3,301,0,fedavg,family-absent-everywhere,,,,federated-global,,20,0.24062393109003702,0.05817463497320811,0,true,false,0.9092020480949978
large-family-set-3,301,0,fedavg,peer-present,,,,federated-global,,20,0.25167256345351535,0.05818647580842177,0,true,false,0.9259605001915624
large-family-set-3,301,0,fedavg,full-exposure,,,,federated-global,,20,0.24933339407046637,0.05868555357058843,0,true,false,0.9259732883721122
large-family-set-3,301,0,local,peer-present,,,,scorer,play-late,10,0.3106837073961894,0.048037673036257424,0,true,false,0.9345062199987835
large-family-set-3,301,0,local,peer-present,,,,scorer,appchina,10,0.4193764130274455,0.09188985824584961,0,true,false,0.9345062199987835
large-family-set-3,301,0,local,peer-present,,,,scorer,play-early,10,0.49039169152577716,0.08971593777338664,0,true,false,0.9345062199987835
large-family-set-3,301,0,local,peer-present,,,,scorer,anzhi,10,0.4489121437072754,0.10423423846562703,0,true,false,0.9345062199987835
large-family-set-3,302,0,central,peer-present,,,,scorer,,20,0.28388626017469043,0.026968773375166222,0,true,false,0.9345228825614238
large-family-set-3,302,0,central,full-exposure,,,,scorer,,20,0.2845910457854575,0.02922411675148822,0,true,false,0.9370115688130966
large-family-set-3,302,0,central,family-absent-everywhere,,,,scorer,,20,0.283756803958974,0.02593007747163164,0,true,false,0.9297244508604278
large-family-set-3,302,0,fedavg,family-absent-everywhere,,,,federated-client,play-early,40,0.5049134095509847,0.055566842357317604,0,true,false,0.9169634272879706
large-family-set-3,302,0,fedavg,full-exposure,,,,federated-client,anzhi,40,0.4319068193435669,0.06709898511568706,0,true,false,0.9252064286559228
large-family-set-3,302,0,fedavg,peer-present,,,,federated-client,play-late,40,0.30019015073776245,0.028622016310691833,0,true,false,0.9247317377063377
large-family-set-3,302,0,fedavg,peer-present,,,,federated-client,anzhi,40,0.4393429358800252,0.06806182364622752,0,true,false,0.9247317377063377
large-family-set-3,302,0,fedavg,peer-present,,,,federated-client,appchina,40,0.4538525740305583,0.07963082691033681,0,true,false,0.9247317377063377
large-family-set-3,302,0,fedavg,peer-present,,,,federated-client,play-early,40,0.5034721692403158,0.06203622122605642,0,true,false,0.9247317377063377
large-family-set-3,302,0,fedavg,family-absent-everywhere,,,,federated-client,play-late,40,0.2967894872029622,0.03171404947837194,0,true,false,0.9169634272879706
large-family-set-3,302,0,fedavg,family-absent-everywhere,,,,federated-client,anzhi,40,0.43170209725697833,0.0715095301469167,0,true,false,0.9169634272879706
large-family-set-3,302,0,fedavg,family-absent-everywhere,,,,federated-client,appchina,40,0.4647028048833211,0.09072700142860413,0,true,false,0.9169634272879706
large-family-set-3,302,0,fedavg,full-exposure,,,,federated-client,appchina,40,0.4461476802825928,0.07984101275602977,0,true,false,0.9252064286559228
large-family-set-3,302,0,fedavg,full-exposure,,,,federated-client,play-early,40,0.5153297185897827,0.06257111330827077,0,true,false,0.9252064286559228
large-family-set-3,302,0,fedavg,full-exposure,,,,federated-client,play-late,40,0.30019015073776245,0.02748071899016698,0,true,false,0.9252064286559228
large-family-set-3,302,0,fedavg,peer-present,,,,federated-global,,20,0.24824528644482294,0.05958772202332815,0,true,false,0.9247317377063377
large-family-set-3,302,0,fedavg,full-exposure,,,,federated-global,,20,0.25079742322365445,0.05924795754253864,0,true,false,0.9252064286559228
large-family-set-3,302,0,fedavg,family-absent-everywhere,,,,federated-global,,20,0.2492792084813118,0.0623793558528026,0,true,false,0.9169634272879706
large-family-set-3,302,0,local,peer-present,,,,scorer,play-early,10,0.5208556254704794,0.07526386280854543,0,true,false,0.9326914734806936
large-family-set-3,302,0,local,peer-present,,,,scorer,anzhi,10,0.4367961088816325,0.08712486426035564,0,true,false,0.9326914734806936
large-family-set-3,302,0,local,peer-present,,,,scorer,play-late,10,0.30494481325149536,0.04060846070448557,0,true,false,0.9326914734806936
large-family-set-3,302,0,local,peer-present,,,,scorer,appchina,10,0.43827271461486816,0.09838302930196126,0,true,false,0.9326914734806936
large-family-set-3,303,0,central,family-absent-everywhere,,,,scorer,,20,0.2747655625038959,0.03292927843459109,0,true,false,0.9107756287116683
large-family-set-3,303,0,central,full-exposure,,,,scorer,,20,0.27918079051565614,0.031122519614848684,0,true,false,0.9223140419772168
large-family-set-3,303,0,central,peer-present,,,,scorer,,20,0.2775090603118247,0.027602880559069044,0,true,false,0.9181732179452863
large-family-set-3,303,0,fedavg,family-absent-everywhere,,,,federated-client,appchina,40,0.46898380915323895,0.08331980307896932,0,true,false,0.9063905456597589
large-family-set-3,303,0,fedavg,peer-present,,,,federated-client,play-late,40,0.2955404321352641,0.03217038015524546,0,true,false,0.9116722826241862
large-family-set-3,303,0,fedavg,peer-present,,,,federated-client,anzhi,40,0.45741569995880127,0.06795408328374226,0,true,false,0.9116722826241862
large-family-set-3,303,0,fedavg,peer-present,,,,federated-client,appchina,40,0.46846266587575275,0.08188907305399577,0,true,false,0.9116722826241862
large-family-set-3,303,0,fedavg,family-absent-everywhere,,,,federated-client,play-early,40,0.4917464256286621,0.06793271998564403,0,true,false,0.9063905456597589
large-family-set-3,303,0,fedavg,family-absent-everywhere,,,,federated-client,play-late,40,0.3100557128588359,0.03250782936811447,0,true,false,0.9063905456597589
large-family-set-3,303,0,fedavg,family-absent-everywhere,,,,federated-client,anzhi,40,0.4617147445678711,0.06412453949451447,0,true,false,0.9063905456597589
large-family-set-3,303,0,fedavg,full-exposure,,,,federated-client,appchina,40,0.47125836213429767,0.07743966082731883,0,true,false,0.9159153647277071
large-family-set-3,303,0,fedavg,peer-present,,,,federated-client,play-early,40,0.49217283725738525,0.07506474355856578,0,true,false,0.9116722826241862
large-family-set-3,303,0,fedavg,full-exposure,,,,federated-client,play-early,40,0.513290286064148,0.07676196098327637,0,true,false,0.9159153647277071
large-family-set-3,303,0,fedavg,full-exposure,,,,federated-client,play-late,40,0.30247147878011066,0.02868126581112544,0,true,false,0.9159153647277071
large-family-set-3,303,0,fedavg,full-exposure,,,,federated-client,anzhi,40,0.44985965887705487,0.06904290616512299,0,true,false,0.9159153647277071
large-family-set-3,303,0,fedavg,peer-present,,,,federated-global,,20,0.24213480452696481,0.06426957001288731,0,true,false,0.9116722826241862
large-family-set-3,303,0,fedavg,full-exposure,,,,federated-global,,20,0.2478658432761828,0.0629814484467109,0,true,false,0.9159153647277071
large-family-set-3,303,0,fedavg,family-absent-everywhere,,,,federated-global,,20,0.2437379981080691,0.06197122298181057,0,true,false,0.9063905456597589
large-family-set-3,303,0,local,peer-present,,,,scorer,play-early,10,0.4679734706878662,0.07643110553423564,0,true,false,0.9224130585964798
large-family-set-3,303,0,local,peer-present,,,,scorer,play-late,10,0.30852991342544556,0.04020689179499944,0,true,false,0.9224130585964798
large-family-set-3,303,0,local,peer-present,,,,scorer,appchina,10,0.46533974011739093,0.09864745537439983,0,true,false,0.9224130585964798
large-family-set-3,303,0,local,peer-present,,,,scorer,anzhi,10,0.47595298290252686,0.08087053894996643,0,true,false,0.9224130585964798
large-family-set-3,304,0,central,peer-present,,,,scorer,,20,0.28474442502285574,0.030655130426934424,0,true,false,0.9296249971051659
large-family-set-3,304,0,central,full-exposure,,,,scorer,,20,0.2919565566042636,0.03146906355594067,0,true,false,0.9342609527718274
large-family-set-3,304,0,central,family-absent-everywhere,,,,scorer,,20,0.2814293110624273,0.027769717764347158,0,true,false,0.9228737397994303
large-family-set-3,304,0,fedavg,family-absent-everywhere,,,,federated-client,play-late,40,0.324428915977478,0.033067308366298676,0,true,false,0.9132838785577487
large-family-set-3,304,0,fedavg,full-exposure,,,,federated-client,play-late,40,0.3267489473025004,0.026703526576360066,0,true,false,0.9239304648266685
large-family-set-3,304,0,fedavg,peer-present,,,,federated-client,play-early,40,0.5297195911407471,0.0754706859588623,0,true,false,0.9205399844221036
large-family-set-3,304,0,fedavg,peer-present,,,,federated-client,play-late,40,0.3267489473025004,0.028520099818706512,0,true,false,0.9205399844221036
large-family-set-3,304,0,fedavg,peer-present,,,,federated-client,anzhi,40,0.4445691506067912,0.06623408198356628,0,true,false,0.9205399844221036
large-family-set-3,304,0,fedavg,peer-present,,,,federated-client,appchina,40,0.46532495816548664,0.08119111756483714,0,true,false,0.9205399844221036
large-family-set-3,304,0,fedavg,full-exposure,,,,federated-client,appchina,40,0.45209383964538574,0.07514345645904541,0,true,false,0.9239304648266685
large-family-set-3,304,0,fedavg,family-absent-everywhere,,,,federated-client,play-early,40,0.5175128777821859,0.07452757159868877,0,true,false,0.9132838785577487
large-family-set-3,304,0,fedavg,full-exposure,,,,federated-client,anzhi,40,0.43681832154591876,0.06743293007214864,0,true,false,0.9239304648266685
large-family-set-3,304,0,fedavg,family-absent-everywhere,,,,federated-client,anzhi,40,0.4388803243637085,0.06672644118467967,0,true,false,0.9132838785577487
large-family-set-3,304,0,fedavg,family-absent-everywhere,,,,federated-client,appchina,40,0.46012945969899494,0.07887319723765056,0,true,false,0.9132838785577487
large-family-set-3,304,0,fedavg,full-exposure,,,,federated-client,play-early,40,0.5324302117029825,0.07220955689748128,0,true,false,0.9239304648266685
large-family-set-3,304,0,fedavg,peer-present,,,,federated-global,,20,0.2614431753754616,0.06285399633149306,0,true,false,0.9205399844221036
large-family-set-3,304,0,fedavg,family-absent-everywhere,,,,federated-global,,20,0.25193656980991364,0.06329862959682941,0,true,false,0.9132838785577487
large-family-set-3,304,0,fedavg,full-exposure,,,,federated-global,,20,0.25417794038852054,0.06037236750125885,0,true,false,0.9239304648266685
large-family-set-3,304,0,local,peer-present,,,,scorer,play-early,10,0.484650452931722,0.08194403350353241,0,true,false,0.9296015905712519
large-family-set-3,304,0,local,peer-present,,,,scorer,appchina,10,0.44185924530029297,0.09725237886110942,0,true,false,0.9296015905712519
large-family-set-3,304,0,local,peer-present,,,,scorer,anzhi,10,0.47042155265808105,0.08307824035485585,0,true,false,0.9296015905712519
large-family-set-3,304,0,local,peer-present,,,,scorer,play-late,10,0.3009052475293477,0.036136023700237274,0,true,false,0.9296015905712519
large-family-set-3,305,0,central,peer-present,,,,scorer,,20,0.28487341454688536,0.027184532043781687,0,true,false,0.9345831172491678
large-family-set-3,305,0,central,full-exposure,,,,scorer,,20,0.2857819009334483,0.030348397315816678,0,true,false,0.9353297923366212
large-family-set-3,305,0,central,family-absent-everywhere,,,,scorer,,20,0.27881259106575174,0.028669506945508592,0,true,false,0.9193549108592011
large-family-set-3,305,0,fedavg,family-absent-everywhere,,,,federated-client,play-late,40,0.2756543556849162,0.031023581822713215,0,true,false,0.9074133987369217
large-family-set-3,305,0,fedavg,full-exposure,,,,federated-client,play-early,40,0.4846913019816081,0.07109180092811584,0,true,false,0.9192737613958549
large-family-set-3,305,0,fedavg,peer-present,,,,federated-client,play-early,40,0.4867251714070638,0.07388187448183696,0,true,false,0.9186430917416616
large-family-set-3,305,0,fedavg,peer-present,,,,federated-client,play-late,40,0.2751283446947734,0.028231412172317505,0,true,false,0.9186430917416616
large-family-set-3,305,0,fedavg,peer-present,,,,federated-client,anzhi,40,0.4571004311243693,0.07165421048800151,0,true,false,0.9186430917416616
large-family-set-3,305,0,fedavg,peer-present,,,,federated-client,appchina,40,0.4823925892512004,0.0905150572458903,0,true,false,0.9186430917416616
large-family-set-3,305,0,fedavg,full-exposure,,,,federated-client,appchina,40,0.48583439985911053,0.08836986621220906,0,true,false,0.9192737613958549
large-family-set-3,305,0,fedavg,family-absent-everywhere,,,,federated-client,play-early,40,0.4580313762029012,0.06449806193510692,0,true,false,0.9074133987369217
large-family-set-3,305,0,fedavg,full-exposure,,,,federated-client,anzhi,40,0.4653614362080892,0.06737519800662994,0,true,false,0.9192737613958549
large-family-set-3,305,0,fedavg,family-absent-everywhere,,,,federated-client,anzhi,40,0.4634464581807454,0.07498674094676971,0,true,false,0.9074133987369217
large-family-set-3,305,0,fedavg,family-absent-everywhere,,,,federated-client,appchina,40,0.4877583980560303,0.10266369581222534,0,true,false,0.9074133987369217
large-family-set-3,305,0,fedavg,full-exposure,,,,federated-client,play-late,40,0.27620480457941693,0.026145845651626587,0,true,false,0.9192737613958549
large-family-set-3,305,0,fedavg,family-absent-everywhere,,,,federated-global,,20,0.23991667727629343,0.0682930201292038,0,true,false,0.9074133987369217
large-family-set-3,305,0,fedavg,peer-present,,,,federated-global,,20,0.2460158963998159,0.06607063859701157,0,true,false,0.9186430917416616
large-family-set-3,305,0,fedavg,full-exposure,,,,federated-global,,20,0.2472591002782186,0.06324567769964536,0,true,false,0.9192737613958549
large-family-set-3,305,0,local,peer-present,,,,scorer,anzhi,10,0.4186052083969116,0.09506144126256307,0,true,false,0.933143709853029
large-family-set-3,305,0,local,peer-present,,,,scorer,play-late,10,0.2953192392985026,0.03666455298662186,0,true,false,0.933143709853029
large-family-set-3,305,0,local,peer-present,,,,scorer,appchina,10,0.445318341255188,0.1199723482131958,0,true,false,0.933143709853029
large-family-set-3,305,0,local,peer-present,,,,scorer,play-early,10,0.5204323530197144,0.0969396432240804,0,true,false,0.933143709853029
large-family-set-3,306,0,central,peer-present,,,,scorer,,20,0.28806469288278136,0.031741674910200406,0,true,false,0.9169583837282099
large-family-set-3,306,0,central,full-exposure,,,,scorer,,20,0.2915137270663647,0.030397427842972127,0,true,false,0.916380780942961
large-family-set-3,306,0,central,family-absent-everywhere,,,,scorer,,20,0.28523029165065034,0.027324757677443485,0,true,false,0.9028850602690431
large-family-set-3,306,0,fedavg,family-absent-everywhere,,,,federated-client,play-late,40,0.3177778323491414,0.026789394517739613,0,true,false,0.8885749190425379
large-family-set-3,306,0,fedavg,full-exposure,,,,federated-client,anzhi,40,0.43916340668996173,0.07021527985731761,0,true,false,0.9099133310763637
large-family-set-3,306,0,fedavg,peer-present,,,,federated-client,play-late,40,0.32017286618550617,0.026868559420108795,0,true,false,0.9098138475206445
large-family-set-3,306,0,fedavg,peer-present,,,,federated-client,anzhi,40,0.439200480779012,0.06787908573945363,0,true,false,0.9098138475206445
large-family-set-3,306,0,fedavg,peer-present,,,,federated-client,appchina,40,0.44940610726674396,0.082313006122907,0,true,false,0.9098138475206445
large-family-set-3,306,0,fedavg,full-exposure,,,,federated-client,appchina,40,0.43751176198323566,0.07579828798770905,0,true,false,0.9099133310763637
large-family-set-3,306,0,fedavg,peer-present,,,,federated-client,play-early,40,0.5353003740310669,0.0735622098048528,0,true,false,0.9098138475206445
large-family-set-3,306,0,fedavg,family-absent-everywhere,,,,federated-client,play-early,40,0.5099994738896688,0.06605519354343414,0,true,false,0.8885749190425379
large-family-set-3,306,0,fedavg,full-exposure,,,,federated-client,play-late,40,0.31480203072230023,0.029271145661671955,0,true,false,0.9099133310763637
large-family-set-3,306,0,fedavg,full-exposure,,,,federated-client,play-early,40,0.5353003740310669,0.07376416524251302,0,true,false,0.9099133310763637
large-family-set-3,306,0,fedavg,family-absent-everywhere,,,,federated-client,anzhi,40,0.4330814282099406,0.06962836782137553,0,true,false,0.8885749190425379
large-family-set-3,306,0,fedavg,family-absent-everywhere,,,,federated-client,appchina,40,0.4627877076466878,0.08286849160989125,0,true,false,0.8885749190425379
large-family-set-3,306,0,fedavg,family-absent-everywhere,,,,federated-global,,20,0.24778664112091064,0.06133536187311014,0,true,false,0.8885749190425379
large-family-set-3,306,0,fedavg,peer-present,,,,federated-global,,20,0.2529476036628087,0.06265571527183056,0,true,false,0.9098138475206445
large-family-set-3,306,0,fedavg,full-exposure,,,,federated-global,,20,0.25145097076892853,0.06226221968730291,0,true,false,0.9099133310763637
large-family-set-3,306,0,local,peer-present,,,,scorer,play-late,10,0.2905508081118266,0.04132205247879028,0,true,false,0.92104108335235
large-family-set-3,306,0,local,peer-present,,,,scorer,anzhi,10,0.4399656454722087,0.08872910340627034,0,true,false,0.92104108335235
large-family-set-3,306,0,local,peer-present,,,,scorer,appchina,10,0.4620795249938965,0.09626297156016032,0,true,false,0.92104108335235
large-family-set-3,306,0,local,peer-present,,,,scorer,play-early,10,0.518493135770162,0.09012927611668904,0,true,false,0.92104108335235
large-family-set-3,307,0,central,full-exposure,,,,scorer,,20,0.2869421979214283,0.026567875070774807,0,true,false,0.9221233323877555
large-family-set-3,307,0,central,peer-present,,,,scorer,,20,0.2917161292218147,0.026220684355877814,0,true,false,0.9194045784382276
large-family-set-3,307,0,central,family-absent-everywhere,,,,scorer,,20,0.28383029775416596,0.02814220367593968,0,true,false,0.9101051265254232
large-family-set-3,307,0,fedavg,peer-present,,,,federated-client,anzhi,40,0.42469704151153564,0.05802946786085764,0,true,false,0.9127282909172099
large-family-set-3,307,0,fedavg,family-absent-everywhere,,,,federated-client,play-late,40,0.34334444999694824,0.026469404498736065,0,true,false,0.9056564108339756
large-family-set-3,307,0,fedavg,full-exposure,,,,federated-client,appchina,40,0.42894800504048664,0.06413554648558299,0,true,false,0.9131091757076785
large-family-set-3,307,0,fedavg,full-exposure,,,,federated-client,anzhi,40,0.41972963015238446,0.06028086940447489,0,true,false,0.9131091757076785
large-family-set-3,307,0,fedavg,full-exposure,,,,federated-client,play-late,40,0.33602623144785565,0.025088538726170857,0,true,false,0.9131091757076785
large-family-set-3,307,0,fedavg,full-exposure,,,,federated-client,play-early,40,0.5356466770172119,0.07103737195332845,0,true,false,0.9131091757076785
large-family-set-3,307,0,fedavg,peer-present,,,,federated-client,play-early,40,0.5356466770172119,0.0739471862713496,0,true,false,0.9127282909172099
large-family-set-3,307,0,fedavg,peer-present,,,,federated-client,play-late,40,0.34334444999694824,0.02698357154925664,0,true,false,0.9127282909172099
large-family-set-3,307,0,fedavg,peer-present,,,,federated-client,appchina,40,0.43228499094645184,0.06617489457130432,0,true,false,0.9127282909172099
large-family-set-3,307,0,fedavg,family-absent-everywhere,,,,federated-client,appchina,40,0.4375527302424113,0.07152593632539113,0,true,false,0.9056564108339756
large-family-set-3,307,0,fedavg,family-absent-everywhere,,,,federated-client,play-early,40,0.5159444014231364,0.06691377361615498,0,true,false,0.9056564108339756
large-family-set-3,307,0,fedavg,family-absent-everywhere,,,,federated-client,anzhi,40,0.4179946978886922,0.059036786357561745,0,true,false,0.9056564108339756
large-family-set-3,307,0,fedavg,peer-present,,,,federated-global,,20,0.25287822385629016,0.05628378006319205,0,true,false,0.9127282909172099
large-family-set-3,307,0,fedavg,family-absent-everywhere,,,,federated-global,,20,0.24940224985281625,0.05598647519946098,0,true,false,0.9056564108339756
large-family-set-3,307,0,fedavg,full-exposure,,,,federated-global,,20,0.2539829711119334,0.0551355816423893,0,true,false,0.9131091757076785
large-family-set-3,307,0,local,peer-present,,,,scorer,appchina,10,0.45822250843048096,0.09368868668874104,0,true,false,0.9238938613734252
large-family-set-3,307,0,local,peer-present,,,,scorer,anzhi,10,0.43254653612772626,0.08378676573435466,0,true,false,0.9238938613734252
large-family-set-3,307,0,local,peer-present,,,,scorer,play-late,10,0.3091687560081482,0.04147668182849884,0,true,false,0.9238938613734252
large-family-set-3,307,0,local,peer-present,,,,scorer,play-early,10,0.4853757619857788,0.08828998605410258,0,true,false,0.9238938613734252
large-family-set-3,308,0,central,full-exposure,,,,scorer,,20,0.2888713390269178,0.023949519116827783,0,true,false,0.9230124747933782
large-family-set-3,308,0,central,peer-present,,,,scorer,,20,0.28432740556432845,0.025456712601032664,0,true,false,0.9259819687134283
large-family-set-3,308,0,central,family-absent-everywhere,,,,scorer,,20,0.28154841889726356,0.026782598901302256,0,true,false,0.9230695859397877
large-family-set-3,308,0,fedavg,family-absent-everywhere,,,,federated-client,anzhi,40,0.43454964955647785,0.07251685361067454,0,true,false,0.8971345864311259
large-family-set-3,308,0,fedavg,full-exposure,,,,federated-client,anzhi,40,0.4394006331761678,0.06698184212048848,0,true,false,0.9081401114731071
large-family-set-3,308,0,fedavg,full-exposure,,,,federated-client,appchina,40,0.45509982109069824,0.06441741685072581,0,true,false,0.9081401114731071
large-family-set-3,308,0,fedavg,peer-present,,,,federated-client,play-late,40,0.316389004389445,0.030391305685043335,0,true,false,0.9076672722214271
large-family-set-3,308,0,fedavg,peer-present,,,,federated-client,anzhi,40,0.43370842933654785,0.058814103404680886,0,true,false,0.9076672722214271
large-family-set-3,308,0,fedavg,peer-present,,,,federated-client,appchina,40,0.4481923182805379,0.06605304777622223,0,true,false,0.9076672722214271
large-family-set-3,308,0,fedavg,full-exposure,,,,federated-client,play-late,40,0.316389004389445,0.031103665630022686,0,true,false,0.9081401114731071
large-family-set-3,308,0,fedavg,family-absent-everywhere,,,,federated-client,play-early,40,0.5094193617502848,0.06622044742107391,0,true,false,0.8971345864311259
large-family-set-3,308,0,fedavg,full-exposure,,,,federated-client,play-early,40,0.5255861282348633,0.07067904869715373,0,true,false,0.9081401114731071
large-family-set-3,308,0,fedavg,family-absent-everywhere,,,,federated-client,play-late,40,0.31826144456863403,0.03446900347868601,0,true,false,0.8971345864311259
large-family-set-3,308,0,fedavg,peer-present,,,,federated-client,play-early,40,0.5255861282348633,0.07309479018052419,0,true,false,0.9076672722214271
large-family-set-3,308,0,fedavg,family-absent-everywhere,,,,federated-client,appchina,40,0.45779160658518475,0.0713098794221878,0,true,false,0.8971345864311259
large-family-set-3,308,0,fedavg,family-absent-everywhere,,,,federated-global,,20,0.25006882349650067,0.06112904598315557,0,true,false,0.8971345864311259
large-family-set-3,308,0,fedavg,peer-present,,,,federated-global,,20,0.2531960407892863,0.05708831176161766,0,true,false,0.9076672722214271
large-family-set-3,308,0,fedavg,full-exposure,,,,federated-global,,20,0.25450803339481354,0.05829549332459768,0,true,false,0.9081401114731071
large-family-set-3,308,0,local,peer-present,,,,scorer,anzhi,10,0.44492363929748535,0.08945210774739583,0,true,false,0.9167148779559277
large-family-set-3,308,0,local,peer-present,,,,scorer,play-early,10,0.524027427037557,0.08887434999148051,0,true,false,0.9167148779559277
large-family-set-3,308,0,local,peer-present,,,,scorer,appchina,10,0.46758850415547687,0.10162068406740825,0,true,false,0.9167148779559277
large-family-set-3,308,0,local,peer-present,,,,scorer,play-late,10,0.30962000290552777,0.033832197388013206,0,true,false,0.9167148779559277
large-family-set-3,309,0,central,full-exposure,,,,scorer,,20,0.2854583415579289,0.024659055344601895,0,true,false,0.9227485115456459
large-family-set-3,309,0,central,family-absent-everywhere,,,,scorer,,20,0.2864872546906167,0.026597124464968418,0,true,false,0.9133367611661529
large-family-set-3,309,0,central,peer-present,,,,scorer,,20,0.28885741944008686,0.027270504768858565,0,true,false,0.9251595981068617
large-family-set-3,309,0,fedavg,family-absent-everywhere,,,,federated-client,appchina,40,0.4352703094482422,0.07974642515182495,0,true,false,0.9022640192542667
large-family-set-3,309,0,fedavg,peer-present,,,,federated-client,play-early,40,0.5008542537689209,0.06894739965597789,0,true,false,0.9101282061004548
large-family-set-3,309,0,fedavg,peer-present,,,,federated-client,play-late,40,0.2947741150856018,0.022703856229782104,0,true,false,0.9101282061004548
large-family-set-3,309,0,fedavg,peer-present,,,,federated-client,anzhi,40,0.4106491009394328,0.04980150361855825,0,true,false,0.9101282061004548
large-family-set-3,309,0,fedavg,peer-present,,,,federated-client,appchina,40,0.42559417088826496,0.07252884407838185,0,true,false,0.9101282061004548
large-family-set-3,309,0,fedavg,family-absent-everywhere,,,,federated-client,play-early,40,0.4919343789418538,0.06106323500474294,0,true,false,0.9022640192542667
large-family-set-3,309,0,fedavg,family-absent-everywhere,,,,federated-client,play-late,40,0.28583939870198566,0.021145989497502644,0,true,false,0.9022640192542667
large-family-set-3,309,0,fedavg,family-absent-everywhere,,,,federated-client,anzhi,40,0.4107907215754191,0.05568216244379679,0,true,false,0.9022640192542667
large-family-set-3,309,0,fedavg,full-exposure,,,,federated-client,play-early,40,0.5008542537689209,0.06715530653794606,0,true,false,0.9120296371780526
large-family-set-3,309,0,fedavg,full-exposure,,,,federated-client,play-late,40,0.29947696129481,0.021647786100705464,0,true,false,0.9120296371780526
large-family-set-3,309,0,fedavg,full-exposure,,,,federated-client,anzhi,40,0.4148029088973999,0.05095477898915609,0,true,false,0.9120296371780526
large-family-set-3,309,0,fedavg,full-exposure,,,,federated-client,appchina,40,0.4379524389902751,0.06861354907353719,0,true,false,0.9120296371780526
large-family-set-3,309,0,fedavg,full-exposure,,,,federated-global,,20,0.23857768376668295,0.052092855175336204,0,true,false,0.9120296371780526
large-family-set-3,309,0,fedavg,peer-present,,,,federated-global,,20,0.23789879182974497,0.053495400895675026,0,true,false,0.9101282061004548
large-family-set-3,309,0,fedavg,family-absent-everywhere,,,,federated-global,,20,0.23604481915632883,0.054409453024466835,0,true,false,0.9022640192542667
large-family-set-3,309,0,local,peer-present,,,,scorer,anzhi,10,0.4614592393239339,0.08415375153223674,0,true,false,0.9227123979981262
large-family-set-3,309,0,local,peer-present,,,,scorer,play-late,10,0.3259523908297221,0.03669699281454086,0,true,false,0.9227123979981262
large-family-set-3,309,0,local,peer-present,,,,scorer,play-early,10,0.5469214121500651,0.08600413799285889,0,true,false,0.9227123979981262
large-family-set-3,309,0,local,peer-present,,,,scorer,appchina,10,0.44412227471669513,0.1038467288017273,0,true,false,0.9227123979981262
large-family-set-4,300,0,central,family-absent-everywhere,,,,scorer,,20,0.2860413815112824,0.025482367961964708,0,true,false,0.925279541461045
large-family-set-4,300,0,central,peer-present,,,,scorer,,20,0.2822512362865692,0.028353779873949415,0,true,false,0.9289131080843505
large-family-set-4,300,0,central,full-exposure,,,,scorer,,20,0.28395137381046376,0.02576920580356679,0,true,false,0.9294383590998998
large-family-set-4,300,0,fedavg,peer-present,,,,federated-client,play-early,40,0.497686227162679,0.07551057636737823,0,true,false,0.9200204580790797
large-family-set-4,300,0,fedavg,full-exposure,,,,federated-client,appchina,40,0.4642763137817383,0.08214389781157176,0,true,false,0.9207896155885992
large-family-set-4,300,0,fedavg,full-exposure,,,,federated-client,play-late,40,0.2845677932103475,0.03352488577365875,0,true,false,0.9207896155885992
large-family-set-4,300,0,fedavg,full-exposure,,,,federated-client,play-early,40,0.5099331140518188,0.07172555228074391,0,true,false,0.9207896155885992
large-family-set-4,300,0,fedavg,family-absent-everywhere,,,,federated-client,appchina,40,0.4675544897715251,0.08068099617958069,0,true,false,0.919344244302863
large-family-set-4,300,0,fedavg,peer-present,,,,federated-client,play-late,40,0.2845677932103475,0.03213812907536825,0,true,false,0.9200204580790797
large-family-set-4,300,0,fedavg,peer-present,,,,federated-client,anzhi,40,0.4332335392634074,0.0680408924818039,0,true,false,0.9200204580790797
large-family-set-4,300,0,fedavg,peer-present,,,,federated-client,appchina,40,0.4706614812215169,0.08428927262624104,0,true,false,0.9200204580790797
large-family-set-4,300,0,fedavg,full-exposure,,,,federated-client,anzhi,40,0.4302186568578084,0.07312977313995361,0,true,false,0.9207896155885992
large-family-set-4,300,0,fedavg,family-absent-everywhere,,,,federated-client,play-early,40,0.5109338363011678,0.07736654082934062,0,true,false,0.919344244302863
large-family-set-4,300,0,fedavg,family-absent-everywhere,,,,federated-client,play-late,40,0.2735917568206787,0.029367531339327495,0,true,false,0.919344244302863
large-family-set-4,300,0,fedavg,family-absent-everywhere,,,,federated-client,anzhi,40,0.43452270825703937,0.0707906683286031,0,true,false,0.919344244302863
large-family-set-4,300,0,fedavg,family-absent-everywhere,,,,federated-global,,20,0.2533927485346794,0.06455143416921298,0,true,false,0.919344244302863
large-family-set-4,300,0,fedavg,peer-present,,,,federated-global,,20,0.2478928118944168,0.06499471763769786,0,true,false,0.9200204580790797
large-family-set-4,300,0,fedavg,full-exposure,,,,federated-global,,20,0.25034984946250916,0.06513102725148201,0,true,false,0.9207896155885992
large-family-set-4,300,0,local,peer-present,,,,scorer,play-late,10,0.3043277859687805,0.04850751658280691,0,true,false,0.9336632397891175
large-family-set-4,300,0,local,peer-present,,,,scorer,anzhi,10,0.41739392280578613,0.09017903606096904,0,true,false,0.9336632397891175
large-family-set-4,300,0,local,peer-present,,,,scorer,play-early,10,0.5384556452433268,0.081337571144104,0,true,false,0.9336632397891175
large-family-set-4,300,0,local,peer-present,,,,scorer,appchina,10,0.4697616895039876,0.09941995143890381,0,true,false,0.9336632397891175
large-family-set-4,301,0,central,family-absent-everywhere,,,,scorer,,20,0.2848034716667013,0.031960259092615004,0,true,false,0.9276603943941386
large-family-set-4,301,0,central,full-exposure,,,,scorer,,20,0.2862988532857692,0.02891693723962662,0,true,false,0.927563620363877
large-family-set-4,301,0,central,peer-present,,,,scorer,,20,0.28206204353494846,0.03384140704540496,0,true,false,0.928906110651785
large-family-set-4,301,0,fedavg,family-absent-everywhere,,,,federated-client,play-early,40,0.4986034631729126,0.07385177910327911,0,true,false,0.921597109754047
large-family-set-4,301,0,fedavg,family-absent-everywhere,,,,federated-client,anzhi,40,0.43556272983551025,0.06326817472775777,0,true,false,0.921597109754047
large-family-set-4,301,0,fedavg,full-exposure,,,,federated-client,appchina,40,0.44750813643137616,0.060010294119517006,0,true,false,0.9259732883721122
large-family-set-4,301,0,fedavg,peer-present,,,,federated-client,play-early,40,0.5015420118967692,0.07287600636482239,0,true,false,0.9254916216807038
large-family-set-4,301,0,fedavg,peer-present,,,,federated-client,play-late,40,0.3066706657409668,0.03271042803923289,0,true,false,0.9254916216807038
large-family-set-4,301,0,fedavg,peer-present,,,,federated-client,anzhi,40,0.4421066840489705,0.07407662272453308,0,true,false,0.9254916216807038
large-family-set-4,301,0,fedavg,peer-present,,,,federated-client,appchina,40,0.45677149295806885,0.07014245291550954,0,true,false,0.9254916216807038
large-family-set-4,301,0,fedavg,full-exposure,,,,federated-client,anzhi,40,0.4250474770863851,0.06678828100363414,0,true,false,0.9259732883721122
large-family-set-4,301,0,fedavg,full-exposure,,,,federated-client,play-late,40,0.29668285449345905,0.033089786767959595,0,true,false,0.9259732883721122
large-family-set-4,301,0,fedavg,full-exposure,,,,federated-client,play-early,40,0.5015420118967692,0.07485385239124298,0,true,false,0.9259732883721122
large-family-set-4,301,0,fedavg,family-absent-everywhere,,,,federated-client,play-late,40,0.28425808747609455,0.03229543815056483,0,true,false,0.921597109754047
large-family-set-4,301,0,fedavg,family-absent-everywhere,,,,federated-client,appchina,40,0.45658306280771893,0.06266071895758311,0,true,false,0.921597109754047
large-family-set-4,301,0,fedavg,family-absent-everywhere,,,,federated-global,,20,0.2537071655193965,0.058019027734796204,0,true,false,0.921597109754047
large-family-set-4,301,0,fedavg,peer-present,,,,federated-global,,20,0.25173187752564746,0.062451377511024475,0,true,false,0.9254916216807038
large-family-set-4,301,0,fedavg,full-exposure,,,,federated-global,,20,0.24933339407046637,0.05868555357058843,0,true,false,0.9259732883721122
large-family-set-4,301,0,local,peer-present,,,,scorer,play-late,10,0.29488863547643024,0.048808977007865906,0,true,false,0.9330375468902825
large-family-set-4,301,0,local,peer-present,,,,scorer,appchina,10,0.42946823438008624,0.0996819535891215,0,true,false,0.9330375468902825
large-family-set-4,301,0,local,peer-present,,,,scorer,play-early,10,0.5070823033650717,0.08841663599014282,0,true,false,0.9330375468902825
large-family-set-4,301,0,local,peer-present,,,,scorer,anzhi,10,0.4624302387237549,0.10505680243174235,0,true,false,0.9330375468902825
large-family-set-4,302,0,central,family-absent-everywhere,,,,scorer,,20,0.2918671750007792,0.02540173682760685,0,true,false,0.9292143189006495
large-family-set-4,302,0,central,peer-present,,,,scorer,,20,0.28524918251849235,0.026546242389273136,0,true,false,0.9325937748946078
large-family-set-4,302,0,central,full-exposure,,,,scorer,,20,0.2845910457854575,0.02922411675148822,0,true,false,0.9370115688130966
large-family-set-4,302,0,fedavg,family-absent-everywhere,,,,federated-client,appchina,40,0.46571266651153564,0.07854003707567851,0,true,false,0.9178631352414529
large-family-set-4,302,0,fedavg,family-absent-everywhere,,,,federated-client,play-late,40,0.2863499919573466,0.03324094166358312,0,true,false,0.9178631352414529
large-family-set-4,302,0,fedavg,peer-present,,,,federated-client,anzhi,40,0.44516487916310626,0.06740546226501465,0,true,false,0.9219024830690744
large-family-set-4,302,0,fedavg,full-exposure,,,,federated-client,appchina,40,0.4461476802825928,0.07984101275602977,0,true,false,0.9252064286559228
large-family-set-4,302,0,fedavg,full-exposure,,,,federated-client,anzhi,40,0.4319068193435669,0.06709898511568706,0,true,false,0.9252064286559228
large-family-set-4,302,0,fedavg,peer-present,,,,federated-client,play-early,40,0.504173199335734,0.06362502773602803,0,true,false,0.9219024830690744
large-family-set-4,302,0,fedavg,peer-present,,,,federated-client,play-late,40,0.2858731150627136,0.029494427144527435,0,true,false,0.9219024830690744
large-family-set-4,302,0,fedavg,full-exposure,,,,federated-client,play-late,40,0.30019015073776245,0.02748071899016698,0,true,false,0.9252064286559228
large-family-set-4,302,0,fedavg,peer-present,,,,federated-client,appchina,40,0.4461476802825928,0.08150793612003326,0,true,false,0.9219024830690744
large-family-set-4,302,0,fedavg,full-exposure,,,,federated-client,play-early,40,0.5153297185897827,0.06257111330827077,0,true,false,0.9252064286559228
large-family-set-4,302,0,fedavg,family-absent-everywhere,,,,federated-client,play-early,40,0.5207075277964274,0.07043772439161937,0,true,false,0.9178631352414529
large-family-set-4,302,0,fedavg,family-absent-everywhere,,,,federated-client,anzhi,40,0.4355153640111287,0.06811384359995525,0,true,false,0.9178631352414529
large-family-set-4,302,0,fedavg,family-absent-everywhere,,,,federated-global,,20,0.2582896401484807,0.06258313668270905,0,true,false,0.9178631352414529
large-family-set-4,302,0,fedavg,peer-present,,,,federated-global,,20,0.2505982493360837,0.06050821331640085,0,true,false,0.9219024830690744
large-family-set-4,302,0,fedavg,full-exposure,,,,federated-global,,20,0.25079742322365445,0.05924795754253864,0,true,false,0.9252064286559228
large-family-set-4,302,0,local,peer-present,,,,scorer,play-early,10,0.5329638322194418,0.08181510865688324,0,true,false,0.9325754716958873
large-family-set-4,302,0,local,peer-present,,,,scorer,appchina,10,0.44351832071940106,0.09721559286117554,0,true,false,0.9325754716958873
large-family-set-4,302,0,local,peer-present,,,,scorer,anzhi,10,0.43589170773824054,0.08632644017537434,0,true,false,0.9325754716958873
large-family-set-4,302,0,local,peer-present,,,,scorer,play-late,10,0.29635417461395264,0.040056295692920685,0,true,false,0.9325754716958873
large-family-set-4,303,0,central,peer-present,,,,scorer,,20,0.2781604401608731,0.028976998430617313,0,true,false,0.9246786306536826
large-family-set-4,303,0,central,full-exposure,,,,scorer,,20,0.27918079051565614,0.031122519614848684,0,true,false,0.9223140419772168
large-family-set-4,303,0,central,family-absent-everywhere,,,,scorer,,20,0.2777221355032414,0.026256343151660675,0,true,false,0.92130464402107
large-family-set-4,303,0,fedavg,family-absent-everywhere,,,,federated-client,play-late,40,0.3026157021522522,0.02923015256722768,0,true,false,0.9159648550207878
large-family-set-4,303,0,fedavg,full-exposure,,,,federated-client,anzhi,40,0.44985965887705487,0.06904290616512299,0,true,false,0.9159153647277071
large-family-set-4,303,0,fedavg,peer-present,,,,federated-client,play-early,40,0.5147966146469116,0.0752408504486084,0,true,false,0.9164011653868172
large-family-set-4,303,0,fedavg,peer-present,,,,federated-client,play-late,40,0.30247147878011066,0.02847880373398463,0,true,false,0.9164011653868172
large-family-set-4,303,0,fedavg,peer-present,,,,federated-client,anzhi,40,0.4448867638905843,0.06334436436494191,0,true,false,0.9164011653868172
large-family-set-4,303,0,fedavg,peer-present,,,,federated-client,appchina,40,0.4609273672103882,0.08064813415209453,0,true,false,0.9164011653868172
large-family-set-4,303,0,fedavg,full-exposure,,,,federated-client,appchina,40,0.47125836213429767,0.07743966082731883,0,true,false,0.9159153647277071
large-family-set-4,303,0,fedavg,full-exposure,,,,federated-client,play-late,40,0.30247147878011066,0.02868126581112544,0,true,false,0.9159153647277071
large-family-set-4,303,0,fedavg,family-absent-everywhere,,,,federated-client,play-early,40,0.5042461156845093,0.07853738963603973,0,true,false,0.9159648550207878
large-family-set-4,303,0,fedavg,full-exposure,,,,federated-client,play-early,40,0.513290286064148,0.07676196098327637,0,true,false,0.9159153647277071
large-family-set-4,303,0,fedavg,family-absent-everywhere,,,,federated-client,anzhi,40,0.44923118750254315,0.06392072637875874,0,true,false,0.9159648550207878
large-family-set-4,303,0,fedavg,family-absent-everywhere,,,,federated-client,appchina,40,0.47125033537546795,0.07208284238974254,0,true,false,0.9159648550207878
large-family-set-4,303,0,fedavg,family-absent-everywhere,,,,federated-global,,20,0.2511647790670395,0.06094277774294218,0,true,false,0.9159648550207878
large-family-set-4,303,0,fedavg,peer-present,,,,federated-global,,20,0.2480639194448789,0.061928038174907364,0,true,false,0.9164011653868172
large-family-set-4,303,0,fedavg,full-exposure,,,,federated-global,,20,0.2478658432761828,0.0629814484467109,0,true,false,0.9159153647277071
large-family-set-4,303,0,local,peer-present,,,,scorer,play-late,10,0.31141618887583417,0.04009752720594406,0,true,false,0.9247016689811671
large-family-set-4,303,0,local,peer-present,,,,scorer,anzhi,10,0.4684096972147624,0.07878342767556508,0,true,false,0.9247016689811671
large-family-set-4,303,0,local,peer-present,,,,scorer,play-early,10,0.4921114444732666,0.07556642591953278,0,true,false,0.9247016689811671
large-family-set-4,303,0,local,peer-present,,,,scorer,appchina,10,0.47616318861643475,0.10178723931312561,0,true,false,0.9247016689811671
large-family-set-4,304,0,central,peer-present,,,,scorer,,20,0.2907238006591797,0.030642780851810537,0,true,false,0.9302618802325856
large-family-set-4,304,0,central,family-absent-everywhere,,,,scorer,,20,0.28978286905491607,0.028866171836853027,0,true,false,0.9316935184541092
large-family-set-4,304,0,central,full-exposure,,,,scorer,,20,0.2919565566042636,0.03146906355594067,0,true,false,0.9342609527718274
large-family-set-4,304,0,fedavg,full-exposure,,,,federated-client,appchina,40,0.45209383964538574,0.07514345645904541,0,true,false,0.9239304648266685
large-family-set-4,304,0,fedavg,full-exposure,,,,federated-client,anzhi,40,0.43681832154591876,0.06743293007214864,0,true,false,0.9239304648266685
large-family-set-4,304,0,fedavg,peer-present,,,,federated-client,play-early,40,0.5304375092188517,0.08025497198104858,0,true,false,0.9244300608532484
large-family-set-4,304,0,fedavg,peer-present,,,,federated-client,play-late,40,0.3267489473025004,0.027682259678840637,0,true,false,0.9244300608532484
large-family-set-4,304,0,fedavg,peer-present,,,,federated-client,anzhi,40,0.43043144543965656,0.06456009050210317,0,true,false,0.9244300608532484
large-family-set-4,304,0,fedavg,peer-present,,,,federated-client,appchina,40,0.4516156117121379,0.07713996867338817,0,true,false,0.9244300608532484
large-family-set-4,304,0,fedavg,family-absent-everywhere,,,,federated-client,play-early,40,0.5306753714879354,0.07737166186173756,0,true,false,0.9238623957742327
large-family-set-4,304,0,fedavg,family-absent-everywhere,,,,federated-client,play-late,40,0.3179630637168884,0.02807941536108653,0,true,false,0.9238623957742327
large-family-set-4,304,0,fedavg,family-absent-everywhere,,,,federated-client,anzhi,40,0.4398481051127116,0.06280415753523509,0,true,false,0.9238623957742327
large-family-set-4,304,0,fedavg,family-absent-everywhere,,,,federated-client,appchina,40,0.4564193884531657,0.07288525998592377,0,true,false,0.9238623957742327
large-family-set-4,304,0,fedavg,full-exposure,,,,federated-client,play-early,40,0.5324302117029825,0.07220955689748128,0,true,false,0.9239304648266685
large-family-set-4,304,0,fedavg,full-exposure,,,,federated-client,play-late,40,0.3267489473025004,0.026703526576360066,0,true,false,0.9239304648266685
large-family-set-4,304,0,fedavg,peer-present,,,,federated-global,,20,0.26162341982126236,0.06240932270884514,0,true,false,0.9244300608532484
large-family-set-4,304,0,fedavg,full-exposure,,,,federated-global,,20,0.25417794038852054,0.06037236750125885,0,true,false,0.9239304648266685
large-family-set-4,304,0,fedavg,family-absent-everywhere,,,,federated-global,,20,0.2632082849740982,0.060285123685995735,0,true,false,0.9238623957742327
large-family-set-4,304,0,local,peer-present,,,,scorer,appchina,10,0.4424997965494792,0.09740070501963298,0,true,false,0.9335353873591474
large-family-set-4,304,0,local,peer-present,,,,scorer,play-late,10,0.3009052475293477,0.036136023700237274,0,true,false,0.9335353873591474
large-family-set-4,304,0,local,peer-present,,,,scorer,play-early,10,0.4983359972635905,0.08252944548924764,0,true,false,0.9335353873591474
large-family-set-4,304,0,local,peer-present,,,,scorer,anzhi,10,0.4627590974171956,0.08409194151560466,0,true,false,0.9335353873591474
large-family-set-4,305,0,central,peer-present,,,,scorer,,20,0.2855870672997008,0.028069455572899353,0,true,false,0.9333338374590691
large-family-set-4,305,0,central,full-exposure,,,,scorer,,20,0.2857819009334483,0.030348397315816678,0,true,false,0.9353297923366212
large-family-set-4,305,0,central,family-absent-everywhere,,,,scorer,,20,0.2835299512173267,0.02716457082870159,0,true,false,0.9299534661404601
large-family-set-4,305,0,fedavg,family-absent-everywhere,,,,federated-client,play-late,40,0.2689262827237447,0.03248161574204763,0,true,false,0.9122884200350722
large-family-set-4,305,0,fedavg,full-exposure,,,,federated-client,appchina,40,0.48583439985911053,0.08836986621220906,0,true,false,0.9192737613958549
large-family-set-4,305,0,fedavg,peer-present,,,,federated-client,play-early,40,0.4887466033299764,0.07429111003875732,0,true,false,0.9194312232358004
large-family-set-4,305,0,fedavg,peer-present,,,,federated-client,play-late,40,0.27620480457941693,0.02697074164946874,0,true,false,0.9194312232358004
large-family-set-4,305,0,fedavg,peer-present,,,,federated-client,anzhi,40,0.4557921886444092,0.07193213204542796,0,true,false,0.9194312232358004
large-family-set-4,305,0,fedavg,peer-present,,,,federated-client,appchina,40,0.47643351554870605,0.09680943687756856,0,true,false,0.9194312232358004
large-family-set-4,305,0,fedavg,full-exposure,,,,federated-client,play-late,40,0.27620480457941693,0.026145845651626587,0,true,false,0.9192737613958549
large-family-set-4,305,0,fedavg,family-absent-everywhere,,,,federated-client,play-early,40,0.4876054922739665,0.07578120132287343,0,true,false,0.9122884200350722
large-family-set-4,305,0,fedavg,family-absent-everywhere,,,,federated-client,anzhi,40,0.45456254482269287,0.07018063962459564,0,true,false,0.9122884200350722
large-family-set-4,305,0,fedavg,family-absent-everywhere,,,,federated-client,appchina,40,0.4764403502146403,0.09284063180287679,0,true,false,0.9122884200350722
large-family-set-4,305,0,fedavg,full-exposure,,,,federated-client,anzhi,40,0.4653614362080892,0.06737519800662994,0,true,false,0.9192737613958549
large-family-set-4,305,0,fedavg,full-exposure,,,,federated-client,play-early,40,0.4846913019816081,0.07109180092811584,0,true,false,0.9192737613958549
large-family-set-4,305,0,fedavg,peer-present,,,,federated-global,,20,0.245301753282547,0.06750085515280564,0,true,false,0.9194312232358004
large-family-set-4,305,0,fedavg,family-absent-everywhere,,,,federated-global,,20,0.24566896259784698,0.06782102212309837,0,true,false,0.9122884200350722
large-family-set-4,305,0,fedavg,full-exposure,,,,federated-global,,20,0.2472591002782186,0.06324567769964536,0,true,false,0.9192737613958549
large-family-set-4,305,0,local,peer-present,,,,scorer,anzhi,10,0.4190457264582316,0.09704752763112386,0,true,false,0.933878611743638
large-family-set-4,305,0,local,peer-present,,,,scorer,appchina,10,0.4494214455286662,0.11539512872695923,0,true,false,0.933878611743638
large-family-set-4,305,0,local,peer-present,,,,scorer,play-early,10,0.5158607959747314,0.0942460298538208,0,true,false,0.933878611743638
large-family-set-4,305,0,local,peer-present,,,,scorer,play-late,10,0.29763152201970416,0.036456525325775146,0,true,false,0.933878611743638
large-family-set-4,306,0,central,full-exposure,,,,scorer,,20,0.2915137270663647,0.030397427842972127,0,true,false,0.916380780942961
large-family-set-4,306,0,central,peer-present,,,,scorer,,20,0.2895265741551176,0.027112166932288635,0,true,false,0.904332352430098
large-family-set-4,306,0,central,family-absent-everywhere,,,,scorer,,20,0.28895165057892497,0.03102251063001917,0,true,false,0.9044368909694634
large-family-set-4,306,0,fedavg,full-exposure,,,,federated-client,appchina,40,0.43751176198323566,0.07579828798770905,0,true,false,0.9099133310763637
large-family-set-4,306,0,fedavg,full-exposure,,,,federated-client,anzhi,40,0.43916340668996173,0.07021527985731761,0,true,false,0.9099133310763637
large-family-set-4,306,0,fedavg,full-exposure,,,,federated-client,play-late,40,0.31480203072230023,0.029271145661671955,0,true,false,0.9099133310763637
large-family-set-4,306,0,fedavg,peer-present,,,,federated-client,play-early,40,0.5353003740310669,0.07168780267238617,0,true,false,0.8994300964099846
large-family-set-4,306,0,fedavg,peer-present,,,,federated-client,play-late,40,0.3194248676300049,0.027884642283121746,0,true,false,0.8994300964099846
large-family-set-4,306,0,fedavg,peer-present,,,,federated-client,anzhi,40,0.4331051508585612,0.07187624275684357,0,true,false,0.8994300964099846
large-family-set-4,306,0,fedavg,peer-present,,,,federated-client,appchina,40,0.4501698811848958,0.08063462376594543,0,true,false,0.8994300964099846
large-family-set-4,306,0,fedavg,full-exposure,,,,federated-client,play-early,40,0.5353003740310669,0.07376416524251302,0,true,false,0.9099133310763637
large-family-set-4,306,0,fedavg,family-absent-everywhere,,,,federated-client,play-early,40,0.5382586717605591,0.0727573682864507,0,true,false,0.8950080073119425
large-family-set-4,306,0,fedavg,family-absent-everywhere,,,,federated-client,play-late,40,0.31196141242980957,0.03153417259454727,0,true,false,0.8950080073119425
large-family-set-4,306,0,fedavg,family-absent-everywhere,,,,federated-client,anzhi,40,0.43666815757751465,0.06741988658905029,0,true,false,0.8950080073119425
large-family-set-4,306,0,fedavg,family-absent-everywhere,,,,federated-client,appchina,40,0.45071597894032794,0.07267005244890849,0,true,false,0.8950080073119425
large-family-set-4,306,0,fedavg,full-exposure,,,,federated-global,,20,0.25145097076892853,0.06226221968730291,0,true,false,0.9099133310763637
large-family-set-4,306,0,fedavg,family-absent-everywhere,,,,federated-global,,20,0.26191945870717365,0.06109536997973919,0,true,false,0.8950080073119425
large-family-set-4,306,0,fedavg,peer-present,,,,federated-global,,20,0.25219207257032394,0.06302082786957423,0,true,false,0.8994300964099846
large-family-set-4,306,0,local,peer-present,,,,scorer,play-early,10,0.518493135770162,0.09012927611668904,0,true,false,0.9123317972414252
large-family-set-4,306,0,local,peer-present,,,,scorer,appchina,10,0.4610203504562378,0.090748796860377,0,true,false,0.9123317972414252
large-family-set-4,306,0,local,peer-present,,,,scorer,anzhi,10,0.43888819217681885,0.0903523067633311,0,true,false,0.9123317972414252
large-family-set-4,306,0,local,peer-present,,,,scorer,play-late,10,0.2967252532641093,0.040364195903142296,0,true,false,0.9123317972414252
large-family-set-4,307,0,central,peer-present,,,,scorer,,20,0.2855707330906645,0.027191212836732256,0,true,false,0.9196834552086693
large-family-set-4,307,0,central,full-exposure,,,,scorer,,20,0.2869421979214283,0.026567875070774807,0,true,false,0.9221233323877555
large-family-set-4,307,0,central,family-absent-everywhere,,,,scorer,,20,0.2926013621878117,0.02661377825635545,0,true,false,0.9166443090987424
large-family-set-4,307,0,fedavg,full-exposure,,,,federated-client,anzhi,40,0.41972963015238446,0.06028086940447489,0,true,false,0.9131091757076785
large-family-set-4,307,0,fedavg,full-exposure,,,,federated-client,play-late,40,0.33602623144785565,0.025088538726170857,0,true,false,0.9131091757076785
large-family-set-4,307,0,fedavg,full-exposure,,,,federated-client,play-early,40,0.5356466770172119,0.07103737195332845,0,true,false,0.9131091757076785
large-family-set-4,307,0,fedavg,family-absent-everywhere,,,,federated-client,play-late,40,0.3274287184079488,0.027926631271839142,0,true,false,0.9108154207333192
large-family-set-4,307,0,fedavg,peer-present,,,,federated-client,play-early,40,0.5412331024805704,0.06993592778841655,0,true,false,0.9122072159249356
large-family-set-4,307,0,fedavg,peer-present,,,,federated-client,play-late,40,0.33562322457631427,0.02602155754963557,0,true,false,0.9122072159249356
large-family-set-4,307,0,fedavg,peer-present,,,,federated-client,anzhi,40,0.4202183087666829,0.06562938789526622,0,true,false,0.9122072159249356
large-family-set-4,307,0,fedavg,peer-present,,,,federated-client,appchina,40,0.4299157460530599,0.0710463027159373,0,true,false,0.9122072159249356
large-family-set-4,307,0,fedavg,family-absent-everywhere,,,,federated-client,play-early,40,0.5399237871170044,0.08709530035654704,0,true,false,0.9108154207333192
large-family-set-4,307,0,fedavg,full-exposure,,,,federated-client,appchina,40,0.42894800504048664,0.06413554648558299,0,true,false,0.9131091757076785
large-family-set-4,307,0,fedavg,family-absent-everywhere,,,,federated-client,anzhi,40,0.4199187358220418,0.059525916973749794,0,true,false,0.9108154207333192
large-family-set-4,307,0,fedavg,family-absent-everywhere,,,,federated-client,appchina,40,0.42558419704437256,0.06443984806537628,0,true,false,0.9108154207333192
large-family-set-4,307,0,fedavg,family-absent-everywhere,,,,federated-global,,20,0.26057470093170804,0.05974692416687807,0,true,false,0.9108154207333192
large-family-set-4,307,0,fedavg,peer-present,,,,federated-global,,20,0.25497734546661377,0.058158293987313904,0,true,false,0.9122072159249356
large-family-set-4,307,0,fedavg,full-exposure,,,,federated-global,,20,0.2539829711119334,0.0551355816423893,0,true,false,0.9131091757076785
large-family-set-4,307,0,local,peer-present,,,,scorer,play-early,10,0.4897013107935588,0.08918530742327373,0,true,false,0.925035220205081
large-family-set-4,307,0,local,peer-present,,,,scorer,appchina,10,0.46520904699961346,0.09526373942693074,0,true,false,0.925035220205081
large-family-set-4,307,0,local,peer-present,,,,scorer,anzhi,10,0.436365803082784,0.0826251357793808,0,true,false,0.925035220205081
large-family-set-4,307,0,local,peer-present,,,,scorer,play-late,10,0.3048710227012634,0.04945154984792074,0,true,false,0.925035220205081
large-family-set-4,308,0,central,peer-present,,,,scorer,,20,0.28621243415994846,0.02387463539204699,0,true,false,0.9239544906826039
large-family-set-4,308,0,central,family-absent-everywhere,,,,scorer,,20,0.28729712709467464,0.02428220434391752,0,true,false,0.9209543162967112
large-family-set-4,308,0,central,full-exposure,,,,scorer,,20,0.2888713390269178,0.023949519116827783,0,true,false,0.9230124747933782
large-family-set-4,308,0,fedavg,full-exposure,,,,federated-client,anzhi,40,0.4394006331761678,0.06698184212048848,0,true,false,0.9081401114731071
large-family-set-4,308,0,fedavg,family-absent-everywhere,,,,federated-client,play-early,40,0.5334125359853109,0.07065425316492717,0,true,false,0.9068016805421749
large-family-set-4,308,0,fedavg,full-exposure,,,,federated-client,play-late,40,0.316389004389445,0.031103665630022686,0,true,false,0.9081401114731071
large-family-set-4,308,0,fedavg,full-exposure,,,,federated-client,play-early,40,0.5255861282348633,0.07067904869715373,0,true,false,0.9081401114731071
large-family-set-4,308,0,fedavg,family-absent-everywhere,,,,federated-client,appchina,40,0.45611290136973065,0.06280297537644704,0,true,false,0.9068016805421749
large-family-set-4,308,0,fedavg,peer-present,,,,federated-client,play-early,40,0.5182727575302124,0.06678004562854767,0,true,false,0.9077004650096671
large-family-set-4,308,0,fedavg,peer-present,,,,federated-client,play-late,40,0.316389004389445,0.030621508757273357,0,true,false,0.9077004650096671
large-family-set-4,308,0,fedavg,family-absent-everywhere,,,,federated-client,anzhi,40,0.4472666581471761,0.05997891227404276,0,true,false,0.9068016805421749
large-family-set-4,308,0,fedavg,peer-present,,,,federated-client,anzhi,40,0.4366420904795329,0.06336062649885814,0,true,false,0.9077004650096671
large-family-set-4,308,0,fedavg,peer-present,,,,federated-client,appchina,40,0.460596243540446,0.06565690040588379,0,true,false,0.9077004650096671
large-family-set-4,308,0,fedavg,family-absent-everywhere,,,,federated-client,play-late,40,0.30918707450230914,0.031547047197818756,0,true,false,0.9068016805421749
large-family-set-4,308,0,fedavg,full-exposure,,,,federated-client,appchina,40,0.45509982109069824,0.06441741685072581,0,true,false,0.9081401114731071
large-family-set-4,308,0,fedavg,peer-present,,,,federated-global,,20,0.2570268511772156,0.05660477032264074,0,true,false,0.9077004650096671
large-family-set-4,308,0,fedavg,family-absent-everywhere,,,,federated-global,,20,0.25895821303129196,0.05624579700330893,0,true,false,0.9068016805421749
large-family-set-4,308,0,fedavg,full-exposure,,,,federated-global,,20,0.25450803339481354,0.05829549332459768,0,true,false,0.9081401114731071
large-family-set-4,308,0,local,peer-present,,,,scorer,appchina,10,0.46943692366282147,0.10013000170389812,0,true,false,0.9171479638301611
large-family-set-4,308,0,local,peer-present,,,,scorer,anzhi,10,0.4493989944458008,0.08395396669705708,0,true,false,0.9171479638301611
large-family-set-4,308,0,local,peer-present,,,,scorer,play-early,10,0.5078034400939941,0.09069845080375671,0,true,false,0.9171479638301611
large-family-set-4,308,0,local,peer-present,,,,scorer,play-late,10,0.30962000290552777,0.033832197388013206,0,true,false,0.9171479638301611
large-family-set-4,309,0,central,family-absent-everywhere,,,,scorer,,20,0.290551632008654,0.024203691076725087,0,true,false,0.9180021708901481
large-family-set-4,309,0,central,full-exposure,,,,scorer,,20,0.2854583415579289,0.024659055344601895,0,true,false,0.9227485115456459
large-family-set-4,309,0,central,peer-present,,,,scorer,,20,0.2859505186689661,0.02600866936622782,0,true,false,0.9208067624038417
large-family-set-4,309,0,fedavg,peer-present,,,,federated-client,play-early,40,0.5123488505681356,0.0688006579875946,0,true,false,0.9118289235102793
large-family-set-4,309,0,fedavg,peer-present,,,,federated-client,play-late,40,0.29398542642593384,0.022815021375815075,0,true,false,0.9118289235102793
large-family-set-4,309,0,fedavg,peer-present,,,,federated-client,anzhi,40,0.4043167432149251,0.057308206955591835,0,true,false,0.9118289235102793
large-family-set-4,309,0,fedavg,peer-present,,,,federated-client,appchina,40,0.4353620211283366,0.07202830910682678,0,true,false,0.9118289235102793
large-family-set-4,309,0,fedavg,family-absent-everywhere,,,,federated-client,play-early,40,0.49382273356119794,0.07426121334234874,0,true,false,0.9102329322691043
large-family-set-4,309,0,fedavg,family-absent-everywhere,,,,federated-client,play-late,40,0.29190343618392944,0.018305518974860508,0,true,false,0.9102329322691043
large-family-set-4,309,0,fedavg,family-absent-everywhere,,,,federated-client,anzhi,40,0.40359846750895184,0.05044946074485779,0,true,false,0.9102329322691043
large-family-set-4,309,0,fedavg,family-absent-everywhere,,,,federated-client,appchina,40,0.4374504089355469,0.07378983497619629,0,true,false,0.9102329322691043
large-family-set-4,309,0,fedavg,full-exposure,,,,federated-client,play-early,40,0.5008542537689209,0.06715530653794606,0,true,false,0.9120296371780526
large-family-set-4,309,0,fedavg,full-exposure,,,,federated-client,play-late,40,0.29947696129481,0.021647786100705464,0,true,false,0.9120296371780526
large-family-set-4,309,0,fedavg,full-exposure,,,,federated-client,anzhi,40,0.4148029088973999,0.05095477898915609,0,true,false,0.9120296371780526
large-family-set-4,309,0,fedavg,full-exposure,,,,federated-client,appchina,40,0.4379524389902751,0.06861354907353719,0,true,false,0.9120296371780526
large-family-set-4,309,0,fedavg,full-exposure,,,,federated-global,,20,0.23857768376668295,0.052092855175336204,0,true,false,0.9120296371780526
large-family-set-4,309,0,fedavg,peer-present,,,,federated-global,,20,0.24034678687651953,0.05523804885645708,0,true,false,0.9118289235102793
large-family-set-4,309,0,fedavg,family-absent-everywhere,,,,federated-global,,20,0.24190415938695273,0.05420150700956583,0,true,false,0.9102329322691043
large-family-set-4,309,0,local,peer-present,,,,scorer,play-early,10,0.545149564743042,0.08697521686553955,0,true,false,0.9227823524147428
large-family-set-4,309,0,local,peer-present,,,,scorer,anzhi,10,0.4583464066187541,0.0824785828590393,0,true,false,0.9227823524147428
large-family-set-4,309,0,local,peer-present,,,,scorer,play-late,10,0.32576849063237506,0.036695813139279686,0,true,false,0.9227823524147428
large-family-set-4,309,0,local,peer-present,,,,scorer,appchina,10,0.445210337638855,0.10667940974235535,0,true,false,0.9227823524147428
placebo-robust-primary,320,0,fedavg,family-absent-everywhere,,,,federated-client,appchina,40,0.4537894328435262,0.07857350011666615,0,true,false,0.9052256838873888
placebo-robust-primary,320,0,fedavg,peer-present,,aggregation,2.0,federated-client,play-early,40,0.47945574919382733,0.06509712338447571,0,true,false,0.9284017320210575
placebo-robust-primary,320,0,fedavg,peer-present,,,,federated-client,anzhi,40,0.426050861676534,0.06702116628487904,0,true,false,0.919355482296082
placebo-robust-primary,320,0,fedavg,peer-present,,,,federated-client,appchina,40,0.4533745050430298,0.074197918176651,0,true,false,0.919355482296082
placebo-robust-primary,320,0,fedavg,family-absent-everywhere,,aggregation,2.0,federated-client,appchina,40,0.4537894328435262,0.061996906995773315,0,true,false,0.9177747193567347
placebo-robust-primary,320,0,fedavg,family-absent-everywhere,,,,federated-client,play-early,40,0.48240745067596436,0.06959536174933116,0,true,false,0.9052256838873888
placebo-robust-primary,320,0,fedavg,family-absent-everywhere,,,,federated-client,play-late,40,0.2695001761118571,0.01974823201696078,0,true,false,0.9052256838873888
placebo-robust-primary,320,0,fedavg,family-absent-everywhere,,,,federated-client,anzhi,40,0.4647672971089681,0.08861224850018819,0,true,false,0.9052256838873888
placebo-robust-primary,320,0,fedavg,peer-present,,,,federated-client,play-early,40,0.47945574919382733,0.07346272965272267,0,true,false,0.919355482296082
placebo-robust-primary,320,0,fedavg,family-absent-everywhere,,aggregation,2.0,federated-client,anzhi,40,0.4647672971089681,0.06697357694307964,0,true,false,0.9177747193567347
placebo-robust-primary,320,0,fedavg,placebo,,,,federated-client,play-early,40,0.45268229643503827,0.04747002820173899,0,true,false,0.9041219693519517
placebo-robust-primary,320,0,fedavg,placebo,,,,federated-client,play-late,40,0.27185261249542236,0.019983866562445957,0,true,false,0.9041219693519517
placebo-robust-primary,320,0,fedavg,placebo,,,,federated-client,anzhi,40,0.463997483253479,0.0840805967648824,0,true,false,0.9041219693519517
placebo-robust-primary,320,0,fedavg,placebo,,,,federated-client,appchina,40,0.44953147570292157,0.07113511860370636,0,true,false,0.9041219693519517
placebo-robust-primary,320,0,fedavg,family-absent-everywhere,,aggregation,2.0,federated-client,play-late,40,0.2695001761118571,0.028131656348705292,0,true,false,0.9177747193567347
placebo-robust-primary,320,0,fedavg,peer-present,,aggregation,1.0,federated-client,play-early,40,0.47945574919382733,0.07095329463481903,0,true,false,0.919115969045042
placebo-robust-primary,320,0,fedavg,peer-present,,aggregation,1.0,federated-client,play-late,40,0.2910125255584717,0.02046469847361247,0,true,false,0.919115969045042
placebo-robust-primary,320,0,fedavg,peer-present,,aggregation,1.0,federated-client,anzhi,40,0.426050861676534,0.06273618837197621,0,true,false,0.919115969045042
placebo-robust-primary,320,0,fedavg,peer-present,,aggregation,1.0,federated-client,appchina,40,0.4533745050430298,0.07463844120502472,0,true,false,0.919115969045042
placebo-robust-primary,320,0,fedavg,family-absent-everywhere,,aggregation,2.0,federated-client,play-early,40,0.48240745067596436,0.06349811951319377,0,true,false,0.9177747193567347
placebo-robust-primary,320,0,fedavg,family-absent-everywhere,,aggregation,1.0,federated-client,play-early,40,0.48240745067596436,0.06635275483131409,0,true,false,0.9093095415803254
placebo-robust-primary,320,0,fedavg,family-absent-everywhere,,aggregation,1.0,federated-client,play-late,40,0.2695001761118571,0.021192682286103565,0,true,false,0.9093095415803254
placebo-robust-primary,320,0,fedavg,family-absent-everywhere,,aggregation,1.0,federated-client,anzhi,40,0.4647672971089681,0.08392258485158284,0,true,false,0.9093095415803254
placebo-robust-primary,320,0,fedavg,family-absent-everywhere,,aggregation,1.0,federated-client,appchina,40,0.4537894328435262,0.07165271540482838,0,true,false,0.9093095415803254
placebo-robust-primary,320,0,fedavg,peer-present,,aggregation,2.0,federated-client,appchina,40,0.4533745050430298,0.06169018646081289,0,true,false,0.9284017320210575
placebo-robust-primary,320,0,fedavg,peer-present,,,,federated-client,play-late,40,0.2910125255584717,0.018901662280162174,0,true,false,0.919355482296082
placebo-robust-primary,320,0,fedavg,peer-present,,aggregation,2.0,federated-client,play-late,40,0.2910125255584717,0.026226061085859936,0,true,false,0.9284017320210575
placebo-robust-primary,320,0,fedavg,peer-present,,aggregation,2.0,federated-client,anzhi,40,0.426050861676534,0.05843157569567362,0,true,false,0.9284017320210575
placebo-robust-primary,320,0,fedavg,family-absent-everywhere,,aggregation,1.0,federated-global,,20,0.24479971826076508,0.06078018434345722,0,true,false,0.9093095415803254
placebo-robust-primary,320,0,fedavg,peer-present,,aggregation,2.0,federated-global,,20,0.2350512072443962,0.052861236656705536,0,true,false,0.9284017320210575
placebo-robust-primary,320,0,fedavg,peer-present,,aggregation,1.0,federated-global,,20,0.2350512072443962,0.05719815567135811,0,true,false,0.919115969045042
placebo-robust-primary,320,0,fedavg,placebo,,,,federated-global,,20,0.22984170665343603,0.05566740253319343,0,true,false,0.9041219693519517
placebo-robust-primary,320,0,fedavg,family-absent-everywhere,,,,federated-global,,20,0.24479971826076508,0.06413233559578657,0,true,false,0.9052256838873888
placebo-robust-primary,320,0,fedavg,peer-present,,,,federated-global,,20,0.2350512072443962,0.058395869098603725,0,true,false,0.919355482296082
placebo-robust-primary,320,0,fedavg,family-absent-everywhere,,aggregation,2.0,federated-global,,20,0.24479971826076508,0.055150064950188,0,true,false,0.9177747193567347
placebo-robust-primary,321,0,fedavg,peer-present,,aggregation,1.0,federated-client,play-late,40,0.28410496314366657,0.03530000646909078,0,true,false,0.8979998031786219
placebo-robust-primary,321,0,fedavg,peer-present,,aggregation,2.0,federated-client,play-early,40,0.4929749568303426,0.05295038719971975,0,true,false,0.9078510460365355
placebo-robust-primary,321,0,fedavg,peer-present,,,,federated-client,anzhi,40,0.43173885345458984,0.07311272621154785,0,true,false,0.9013704319045589
placebo-robust-primary,321,0,fedavg,peer-present,,,,federated-client,appchina,40,0.45283448696136475,0.07830903927485149,0,true,false,0.9013704319045589
placebo-robust-primary,321,0,fedavg,family-absent-everywhere,,aggregation,2.0,federated-client,appchina,40,0.463401993115743,0.061430588364601135,0,true,false,0.8899930049387841
placebo-robust-primary,321,0,fedavg,family-absent-everywhere,,,,federated-client,play-early,40,0.47898614406585693,0.05901761849721273,0,true,false,0.8834057739959468
placebo-robust-primary,321,0,fedavg,family-absent-everywhere,,,,federated-client,play-late,40,0.2760021885236104,0.029442399740219116,0,true,false,0.8834057739959468
placebo-robust-primary,321,0,fedavg,family-absent-everywhere,,,,federated-client,anzhi,40,0.4651966094970703,0.09298159678777058,0,true,false,0.8834057739959468
placebo-robust-primary,321,0,fedavg,family-absent-everywhere,,,,federated-client,appchina,40,0.463401993115743,0.08901411294937134,0,true,false,0.8834057739959468
placebo-robust-primary,321,0,fedavg,family-absent-everywhere,,aggregation,2.0,federated-client,anzhi,40,0.4651966094970703,0.06435299913088481,0,true,false,0.8899930049387841
placebo-robust-primary,321,0,fedavg,placebo,,,,federated-client,play-early,40,0.4804594914118449,0.04171941181023916,0,true,false,0.881830678340955
placebo-robust-primary,321,0,fedavg,placebo,,,,federated-client,play-late,40,0.2775595982869466,0.025671494503815968,0,true,false,0.881830678340955
placebo-robust-primary,321,0,fedavg,placebo,,,,federated-client,anzhi,40,0.46280749638875324,0.08764650424321492,0,true,false,0.881830678340955
placebo-robust-primary,321,0,fedavg,placebo,,,,federated-client,appchina,40,0.46453607082366943,0.08313867449760437,0,true,false,0.881830678340955
placebo-robust-primary,321,0,fedavg,family-absent-everywhere,,aggregation,2.0,federated-client,play-late,40,0.2760021885236104,0.03543506066004435,0,true,false,0.8899930049387841
placebo-robust-primary,321,0,fedavg,peer-present,,aggregation,1.0,federated-client,play-early,40,0.4929749568303426,0.0638817548751831,0,true,false,0.8979998031786219
placebo-robust-primary,321,0,fedavg,peer-present,,,,federated-client,play-early,40,0.4929749568303426,0.07195846736431122,0,true,false,0.9013704319045589
placebo-robust-primary,321,0,fedavg,peer-present,,aggregation,1.0,federated-client,anzhi,40,0.43173885345458984,0.06908609966437022,0,true,false,0.8979998031786219
placebo-robust-primary,321,0,fedavg,peer-present,,aggregation,1.0,federated-client,appchina,40,0.45283448696136475,0.07261844476064046,0,true,false,0.8979998031786219
placebo-robust-primary,321,0,fedavg,family-absent-everywhere,,aggregation,2.0,federated-client,play-early,40,0.47898614406585693,0.0519636869430542,0,true,false,0.8899930049387841
placebo-robust-primary,321,0,fedavg,family-absent-everywhere,,aggregation,1.0,federated-client,play-early,40,0.47898614406585693,0.05405952036380768,0,true,false,0.880381408214478
placebo-robust-primary,321,0,fedavg,family-absent-everywhere,,aggregation,1.0,federated-client,play-late,40,0.2760021885236104,0.03316890696684519,0,true,false,0.880381408214478
placebo-robust-primary,321,0,fedavg,family-absent-everywhere,,aggregation,1.0,federated-client,anzhi,40,0.4651966094970703,0.08954985936482747,0,true,false,0.880381408214478
placebo-robust-primary,321,0,fedavg,family-absent-everywhere,,aggregation,1.0,federated-client,appchina,40,0.463401993115743,0.0791013091802597,0,true,false,0.880381408214478
placebo-robust-primary,321,0,fedavg,peer-present,,aggregation,2.0,federated-client,appchina,40,0.45283448696136475,0.05563835799694061,0,true,false,0.9078510460365355
placebo-robust-primary,321,0,fedavg,peer-present,,,,federated-client,play-late,40,0.28410496314366657,0.029997358719507854,0,true,false,0.9013704319045589
placebo-robust-primary,321,0,fedavg,peer-present,,aggregation,2.0,federated-client,play-late,40,0.28410496314366657,0.03175923476616541,0,true,false,0.9078510460365355
placebo-robust-primary,321,0,fedavg,peer-present,,aggregation,2.0,federated-client,anzhi,40,0.43173885345458984,0.05843170980612437,0,true,false,0.9078510460365355
placebo-robust-primary,321,0,fedavg,family-absent-everywhere,,aggregation,1.0,federated-global,,20,0.2455870434641838,0.06396989896893501,0,true,false,0.880381408214478
placebo-robust-primary,321,0,fedavg,peer-present,,aggregation,2.0,federated-global,,20,0.24007132897774378,0.049694922442237534,0,true,false,0.9078510460365355
placebo-robust-primary,321,0,fedavg,peer-present,,aggregation,1.0,federated-global,,20,0.24007132897774378,0.060221576442321144,0,true,false,0.8979998031786219
placebo-robust-primary,321,0,fedavg,placebo,,,,federated-global,,20,0.22704588125149408,0.059544021263718605,0,true,false,0.881830678340955
placebo-robust-primary,321,0,fedavg,family-absent-everywhere,,,,federated-global,,20,0.2455870434641838,0.06761393199364345,0,true,false,0.8834057739959468
placebo-robust-primary,321,0,fedavg,peer-present,,,,federated-global,,20,0.24007132897774378,0.0633443978925546,0,true,false,0.9013704319045589
placebo-robust-primary,321,0,fedavg,family-absent-everywhere,,aggregation,2.0,federated-global,,20,0.2455870434641838,0.053295583774646126,0,true,false,0.8899930049387841
placebo-robust-primary,322,0,fedavg,peer-present,,aggregation,1.0,federated-client,appchina,40,0.48385123411814374,0.07747585078080495,0,true,false,0.9241894527721772
placebo-robust-primary,322,0,fedavg,peer-present,,aggregation,2.0,federated-client,play-early,40,0.4961967468261719,0.05745352804660797,0,true,false,0.9292857956496695
placebo-robust-primary,322,0,fedavg,peer-present,,,,federated-client,anzhi,40,0.5045901536941528,0.0910395880540212,0,true,false,0.9222837421000882
placebo-robust-primary,322,0,fedavg,peer-present,,,,federated-client,appchina,40,0.48385123411814374,0.08440311749776204,0,true,false,0.9222837421000882
placebo-robust-primary,322,0,fedavg,family-absent-everywhere,,aggregation,2.0,federated-client,appchina,40,0.48457149664560956,0.0649408499399821,0,true,false,0.9231185746541201
placebo-robust-primary,322,0,fedavg,family-absent-everywhere,,,,federated-client,play-early,40,0.47467899322509766,0.05961916844050089,0,true,false,0.9122410573277183
placebo-robust-primary,322,0,fedavg,family-absent-everywhere,,,,federated-client,play-late,40,0.2884494463602702,0.028124218185742695,0,true,false,0.9122410573277183
placebo-robust-primary,322,0,fedavg,family-absent-everywhere,,,,federated-client,anzhi,40,0.5102404356002808,0.09312502543131511,0,true,false,0.9122410573277183
placebo-robust-primary,322,0,fedavg,family-absent-everywhere,,,,federated-client,appchina,40,0.48457149664560956,0.09674006700515747,0,true,false,0.9122410573277183
placebo-robust-primary,322,0,fedavg,family-absent-everywhere,,aggregation,2.0,federated-client,anzhi,40,0.5102404356002808,0.06617642939090729,0,true,false,0.9231185746541201
placebo-robust-primary,322,0,fedavg,placebo,,,,federated-client,play-early,40,0.4700815677642822,0.056229169170061745,0,true,false,0.9127808539926802
placebo-robust-primary,322,0,fedavg,placebo,,,,federated-client,play-late,40,0.29154618581136066,0.03044916441043218,0,true,false,0.9127808539926802
placebo-robust-primary,322,0,fedavg,placebo,,,,federated-client,anzhi,40,0.509714682896932,0.086892435948054,0,true,false,0.9127808539926802
placebo-robust-primary,322,0,fedavg,placebo,,,,federated-client,appchina,40,0.48320114612579346,0.08706361055374146,0,true,false,0.9127808539926802
placebo-robust-primary,322,0,fedavg,family-absent-everywhere,,aggregation,2.0,federated-client,play-late,40,0.2884494463602702,0.02971635510524114,0,true,false,0.9231185746541201
placebo-robust-primary,322,0,fedavg,peer-present,,aggregation,1.0,federated-client,play-early,40,0.4961967468261719,0.0626351535320282,0,true,false,0.9241894527721772
placebo-robust-primary,322,0,fedavg,peer-present,,aggregation,1.0,federated-client,play-late,40,0.2974565426508586,0.02910482883453369,0,true,false,0.9241894527721772
placebo-robust-primary,322,0,fedavg,peer-present,,aggregation,1.0,federated-client,anzhi,40,0.5045901536941528,0.08265482882658641,0,true,false,0.9241894527721772
placebo-robust-primary,322,0,fedavg,peer-present,,,,federated-client,play-early,40,0.4961967468261719,0.06653034687042236,0,true,false,0.9222837421000882
placebo-robust-primary,322,0,fedavg,family-absent-everywhere,,aggregation,2.0,federated-client,play-early,40,0.47467899322509766,0.05084553360939026,0,true,false,0.9231185746541201
placebo-robust-primary,322,0,fedavg,family-absent-everywhere,,aggregation,1.0,federated-client,play-early,40,0.47467899322509766,0.05555381874243418,0,true,false,0.9081116600637116
placebo-robust-primary,322,0,fedavg,family-absent-everywhere,,aggregation,1.0,federated-client,play-late,40,0.2884494463602702,0.02942688266436259,0,true,false,0.9081116600637116
placebo-robust-primary,322,0,fedavg,family-absent-everywhere,,aggregation,1.0,federated-client,anzhi,40,0.5102404356002808,0.08522866169611613,0,true,false,0.9081116600637116
placebo-robust-primary,322,0,fedavg,family-absent-everywhere,,aggregation,1.0,federated-client,appchina,40,0.48457149664560956,0.09133391578992207,0,true,false,0.9081116600637116
placebo-robust-primary,322,0,fedavg,peer-present,,aggregation,2.0,federated-client,appchina,40,0.48385123411814374,0.061505104104677834,0,true,false,0.9292857956496695
placebo-robust-primary,322,0,fedavg,peer-present,,,,federated-client,play-late,40,0.2974565426508586,0.0288102850317955,0,true,false,0.9222837421000882
placebo-robust-primary,322,0,fedavg,peer-present,,aggregation,2.0,federated-client,play-late,40,0.2974565426508586,0.03037916123867035,0,true,false,0.9292857956496695
placebo-robust-primary,322,0,fedavg,peer-present,,aggregation,2.0,federated-client,anzhi,40,0.5045901536941528,0.06846880912780762,0,true,false,0.9292857956496695
placebo-robust-primary,322,0,fedavg,family-absent-everywhere,,aggregation,1.0,federated-global,,20,0.25583308438460034,0.06538581972320874,0,true,false,0.9081116600637116
placebo-robust-primary,322,0,fedavg,peer-present,,aggregation,2.0,federated-global,,20,0.2628616566459338,0.05445165062944094,0,true,false,0.9292857956496695
placebo-robust-primary,322,0,fedavg,peer-present,,aggregation,1.0,federated-global,,20,0.2628616566459338,0.06296766549348831,0,true,false,0.9241894527721772
placebo-robust-primary,322,0,fedavg,placebo,,,,federated-global,,20,0.25279319534699124,0.06515859502057235,0,true,false,0.9127808539926802
placebo-robust-primary,322,0,fedavg,family-absent-everywhere,,,,federated-global,,20,0.25583308438460034,0.06940211976567905,0,true,false,0.9122410573277183
placebo-robust-primary,322,0,fedavg,peer-present,,,,federated-global,,20,0.2628616566459338,0.06769583436350028,0,true,false,0.9222837421000882
placebo-robust-primary,322,0,fedavg,family-absent-everywhere,,aggregation,2.0,federated-global,,20,0.25583308438460034,0.052919792011380196,0,true,false,0.9231185746541201
placebo-robust-primary,323,0,fedavg,peer-present,,,,federated-client,play-early,40,0.5238375266393026,0.0874413251876831,0,true,false,0.9125609823662718
placebo-robust-primary,323,0,fedavg,peer-present,,aggregation,2.0,federated-client,play-early,40,0.5238375266393026,0.07538369297981262,0,true,false,0.9210523617656502
placebo-robust-primary,323,0,fedavg,peer-present,,,,federated-client,anzhi,40,0.4277024269104004,0.08074455459912618,0,true,false,0.9125609823662718
placebo-robust-primary,323,0,fedavg,peer-present,,,,federated-client,appchina,40,0.4480690161387126,0.08064912259578705,0,true,false,0.9125609823662718
placebo-robust-primary,323,0,fedavg,family-absent-everywhere,,aggregation,2.0,federated-client,appchina,40,0.4578034083048503,0.06395216286182404,0,true,false,0.9095801713938791
placebo-robust-primary,323,0,fedavg,family-absent-everywhere,,,,federated-client,play-early,40,0.49580355485280353,0.07783304154872894,0,true,false,0.8995828140703503
placebo-robust-primary,323,0,fedavg,family-absent-everywhere,,,,federated-client,play-late,40,0.28906357288360596,0.02583408107360204,0,true,false,0.8995828140703503
placebo-robust-primary,323,0,fedavg,family-absent-everywhere,,,,federated-client,anzhi,40,0.46185211340586346,0.0951845149199168,0,true,false,0.8995828140703503
placebo-robust-primary,323,0,fedavg,family-absent-everywhere,,,,federated-client,appchina,40,0.4578034083048503,0.08967947959899902,0,true,false,0.8995828140703503
placebo-robust-primary,323,0,fedavg,family-absent-everywhere,,aggregation,2.0,federated-client,anzhi,40,0.46185211340586346,0.0639820396900177,0,true,false,0.9095801713938791
placebo-robust-primary,323,0,fedavg,placebo,,,,federated-client,play-early,40,0.4970542987187703,0.07792653640111287,0,true,false,0.9014648961521172
placebo-robust-primary,323,0,fedavg,placebo,,,,federated-client,play-late,40,0.29123828808466595,0.02885774274667104,0,true,false,0.9014648961521172
placebo-robust-primary,323,0,fedavg,placebo,,,,federated-client,anzhi,40,0.4280136426289876,0.07082269589106242,0,true,false,0.9014648961521172
placebo-robust-primary,323,0,fedavg,placebo,,,,federated-client,appchina,40,0.45599067211151123,0.09743651747703552,0,true,false,0.9014648961521172
placebo-robust-primary,323,0,fedavg,family-absent-everywhere,,aggregation,2.0,federated-client,play-late,40,0.28906357288360596,0.03147521863381068,0,true,false,0.9095801713938791
placebo-robust-primary,323,0,fedavg,peer-present,,aggregation,1.0,federated-client,play-early,40,0.5238375266393026,0.07939296464125316,0,true,false,0.9138272102934666
placebo-robust-primary,323,0,fedavg,peer-present,,aggregation,1.0,federated-client,play-late,40,0.301474650700887,0.029713191092014313,0,true,false,0.9138272102934666
placebo-robust-primary,323,0,fedavg,peer-present,,aggregation,1.0,federated-client,anzhi,40,0.4277024269104004,0.07751925786336263,0,true,false,0.9138272102934666
placebo-robust-primary,323,0,fedavg,peer-present,,aggregation,1.0,federated-client,appchina,40,0.4480690161387126,0.07585452993710835,0,true,false,0.9138272102934666
placebo-robust-primary,323,0,fedavg,family-absent-everywhere,,aggregation,2.0,federated-client,play-early,40,0.49580355485280353,0.06455093622207642,0,true,false,0.9095801713938791
placebo-robust-primary,323,0,fedavg,family-absent-everywhere,,aggregation,1.0,federated-client,play-early,40,0.49580355485280353,0.07067851225535075,0,true,false,0.8985574563447104
placebo-robust-primary,323,0,fedavg,family-absent-everywhere,,aggregation,1.0,federated-client,play-late,40,0.28906357288360596,0.02719703068335851,0,true,false,0.8985574563447104
placebo-robust-primary,323,0,fedavg,family-absent-everywhere,,aggregation,1.0,federated-client,anzhi,40,0.46185211340586346,0.08431436618169148,0,true,false,0.8985574563447104
placebo-robust-primary,323,0,fedavg,family-absent-everywhere,,aggregation,1.0,federated-client,appchina,40,0.4578034083048503,0.08106141785780589,0,true,false,0.8985574563447104
placebo-robust-primary,323,0,fedavg,peer-present,,aggregation,2.0,federated-client,appchina,40,0.4480690161387126,0.06050880750020345,0,true,false,0.9210523617656502
placebo-robust-primary,323,0,fedavg,peer-present,,,,federated-client,play-late,40,0.301474650700887,0.02607479194800059,0,true,false,0.9125609823662718
placebo-robust-primary,323,0,fedavg,peer-present,,aggregation,2.0,federated-client,play-late,40,0.301474650700887,0.032570610443751015,0,true,false,0.9210523617656502
placebo-robust-primary,323,0,fedavg,peer-present,,aggregation,2.0,federated-client,anzhi,40,0.4277024269104004,0.06035847465197245,0,true,false,0.9210523617656502
placebo-robust-primary,323,0,fedavg,family-absent-everywhere,,aggregation,1.0,federated-global,,20,0.2523502508799235,0.06581283174455166,0,true,false,0.8985574563447104
placebo-robust-primary,323,0,fedavg,peer-present,,aggregation,2.0,federated-global,,20,0.2513256644209226,0.05720539639393488,0,true,false,0.9210523617656502
placebo-robust-primary,323,0,fedavg,peer-present,,aggregation,1.0,federated-global,,20,0.2513256644209226,0.06561998588343461,0,true,false,0.9138272102934666
placebo-robust-primary,323,0,fedavg,placebo,,,,federated-global,,20,0.239556223154068,0.06876087312897046,0,true,false,0.9014648961521172
placebo-robust-primary,323,0,fedavg,family-absent-everywhere,,,,federated-global,,20,0.2523502508799235,0.0721327792853117,0,true,false,0.8995828140703503
placebo-robust-primary,323,0,fedavg,peer-present,,,,federated-global,,20,0.2513256644209226,0.06872744858264923,0,true,false,0.9125609823662718
placebo-robust-primary,323,0,fedavg,family-absent-everywhere,,aggregation,2.0,federated-global,,20,0.2523502508799235,0.055990089351932205,0,true,false,0.9095801713938791
placebo-robust-primary,324,0,fedavg,peer-present,,aggregation,1.0,federated-client,play-early,40,0.5055284897486368,0.062292719880739846,0,true,false,0.8941687958032342
placebo-robust-primary,324,0,fedavg,peer-present,,aggregation,2.0,federated-client,play-early,40,0.5055284897486368,0.05745594700177511,0,true,false,0.8934038395867191
placebo-robust-primary,324,0,fedavg,peer-present,,,,federated-client,anzhi,40,0.4150606393814087,0.08064672847588857,0,true,false,0.895725056708159
placebo-robust-primary,324,0,fedavg,peer-present,,,,federated-client,appchina,40,0.4522027571996053,0.07497379680474599,0,true,false,0.895725056708159
placebo-robust-primary,324,0,fedavg,family-absent-everywhere,,aggregation,2.0,federated-client,appchina,40,0.4522027571996053,0.06162757178147634,0,true,false,0.882075169021021
placebo-robust-primary,324,0,fedavg,family-absent-everywhere,,,,federated-client,play-early,40,0.45323801040649414,0.06228680411974589,0,true,false,0.8855798333457638
placebo-robust-primary,324,0,fedavg,family-absent-everywhere,,,,federated-client,play-late,40,0.29210923115412396,0.02739303062359492,0,true,false,0.8855798333457638
placebo-robust-primary,324,0,fedavg,family-absent-everywhere,,,,federated-client,anzhi,40,0.45166464646657306,0.10281333327293396,0,true,false,0.8855798333457638
placebo-robust-primary,324,0,fedavg,family-absent-everywhere,,,,federated-client,appchina,40,0.4522027571996053,0.07723665237426758,0,true,false,0.8855798333457638
placebo-robust-primary,324,0,fedavg,family-absent-everywhere,,aggregation,2.0,federated-client,anzhi,40,0.45166464646657306,0.07902176181475322,0,true,false,0.882075169021021
placebo-robust-primary,324,0,fedavg,placebo,,,,federated-client,play-early,40,0.4690571626027425,0.06781209508577983,0,true,false,0.8872932218845445
placebo-robust-primary,324,0,fedavg,placebo,,,,federated-client,play-late,40,0.2981853087743123,0.025019745031992596,0,true,false,0.8872932218845445
placebo-robust-primary,324,0,fedavg,placebo,,,,federated-client,anzhi,40,0.4116632541020711,0.08121758699417114,0,true,false,0.8872932218845445
placebo-robust-primary,324,0,fedavg,placebo,,,,federated-client,appchina,40,0.4522027571996053,0.07920209566752116,0,true,false,0.8872932218845445
placebo-robust-primary,324,0,fedavg,family-absent-everywhere,,aggregation,2.0,federated-client,play-late,40,0.29210923115412396,0.03166059652964274,0,true,false,0.882075169021021
placebo-robust-primary,324,0,fedavg,peer-present,,,,federated-client,play-early,40,0.5055284897486368,0.06532110770543416,0,true,false,0.895725056708159
placebo-robust-primary,324,0,fedavg,peer-present,,aggregation,1.0,federated-client,play-late,40,0.297229528427124,0.028866246342658997,0,true,false,0.8941687958032342
placebo-robust-primary,324,0,fedavg,peer-present,,aggregation,1.0,federated-client,anzhi,40,0.4150606393814087,0.07271553079287212,0,true,false,0.8941687958032342
placebo-robust-primary,324,0,fedavg,peer-present,,aggregation,1.0,federated-client,appchina,40,0.4522027571996053,0.0653320848941803,0,true,false,0.8941687958032342
placebo-robust-primary,324,0,fedavg,family-absent-everywhere,,aggregation,2.0,federated-client,play-early,40,0.45323801040649414,0.060420215129852295,0,true,false,0.882075169021021
placebo-robust-primary,324,0,fedavg,family-absent-everywhere,,aggregation,1.0,federated-client,play-early,40,0.45323801040649414,0.059618482987085976,0,true,false,0.8791674927434748
placebo-robust-primary,324,0,fedavg,family-absent-everywhere,,aggregation,1.0,federated-client,play-late,40,0.29210923115412396,0.03100220610698064,0,true,false,0.8791674927434748
placebo-robust-primary,324,0,fedavg,family-absent-everywhere,,aggregation,1.0,federated-client,anzhi,40,0.45166464646657306,0.0948890248934428,0,true,false,0.8791674927434748
placebo-robust-primary,324,0,fedavg,family-absent-everywhere,,aggregation,1.0,federated-client,appchina,40,0.4522027571996053,0.07000577449798584,0,true,false,0.8791674927434748
placebo-robust-primary,324,0,fedavg,peer-present,,aggregation,2.0,federated-client,appchina,40,0.4522027571996053,0.06013612449169159,0,true,false,0.8934038395867191
placebo-robust-primary,324,0,fedavg,peer-present,,,,federated-client,play-late,40,0.297229528427124,0.024024173617362976,0,true,false,0.895725056708159
placebo-robust-primary,324,0,fedavg,peer-present,,aggregation,2.0,federated-client,play-late,40,0.297229528427124,0.031861367324988045,0,true,false,0.8934038395867191
placebo-robust-primary,324,0,fedavg,peer-present,,aggregation,2.0,federated-client,anzhi,40,0.4150606393814087,0.06345288455486298,0,true,false,0.8934038395867191
placebo-robust-primary,324,0,fedavg,family-absent-everywhere,,aggregation,1.0,federated-global,,20,0.24239752938350043,0.06387887212137382,0,true,false,0.8791674927434748
placebo-robust-primary,324,0,fedavg,peer-present,,aggregation,2.0,federated-global,,20,0.25013120969136554,0.05322658084332943,0,true,false,0.8934038395867191
placebo-robust-primary,324,0,fedavg,peer-present,,aggregation,1.0,federated-global,,20,0.25013120969136554,0.057301645477612816,0,true,false,0.8941687958032342
placebo-robust-primary,324,0,fedavg,placebo,,,,federated-global,,20,0.23105216026306152,0.06331288069486618,0,true,false,0.8872932218845445
placebo-robust-primary,324,0,fedavg,family-absent-everywhere,,,,federated-global,,20,0.24239752938350043,0.06743245509763558,0,true,false,0.8855798333457638
placebo-robust-primary,324,0,fedavg,peer-present,,,,federated-global,,20,0.25013120969136554,0.061241451650857925,0,true,false,0.895725056708159
placebo-robust-primary,324,0,fedavg,family-absent-everywhere,,aggregation,2.0,federated-global,,20,0.24239752938350043,0.058182536313931145,0,true,false,0.882075169021021
placebo-robust-primary,325,0,fedavg,peer-present,,aggregation,1.0,federated-client,appchina,40,0.45700395107269287,0.07385225594043732,0,true,false,0.92441940556995
placebo-robust-primary,325,0,fedavg,peer-present,,aggregation,2.0,federated-client,play-early,40,0.5231556495030721,0.06813033918539683,0,true,false,0.9321673417168951
placebo-robust-primary,325,0,fedavg,peer-present,,,,federated-client,anzhi,40,0.4399645725886027,0.06148621439933777,0,true,false,0.923321182765954
placebo-robust-primary,325,0,fedavg,peer-present,,,,federated-client,appchina,40,0.45700395107269287,0.07991470396518707,0,true,false,0.923321182765954
placebo-robust-primary,325,0,fedavg,family-absent-everywhere,,aggregation,2.0,federated-client,appchina,40,0.45162804921468097,0.062412445743878685,0,true,false,0.923050076857375
placebo-robust-primary,325,0,fedavg,family-absent-everywhere,,,,federated-client,play-early,40,0.5008514324824015,0.07766563693682353,0,true,false,0.9113350129497526
placebo-robust-primary,325,0,fedavg,family-absent-everywhere,,,,federated-client,play-late,40,0.3070785204569499,0.03497376789649328,0,true,false,0.9113350129497526
placebo-robust-primary,325,0,fedavg,family-absent-everywhere,,,,federated-client,anzhi,40,0.47786132494608563,0.08315473298231761,0,true,false,0.9113350129497526
placebo-robust-primary,325,0,fedavg,family-absent-everywhere,,,,federated-client,appchina,40,0.45162804921468097,0.08252104620138805,0,true,false,0.9113350129497526
placebo-robust-primary,325,0,fedavg,family-absent-everywhere,,aggregation,2.0,federated-client,anzhi,40,0.47786132494608563,0.06384681165218353,0,true,false,0.923050076857375
placebo-robust-primary,325,0,fedavg,placebo,,,,federated-client,play-early,40,0.5026448567708334,0.05206970373789469,0,true,false,0.9095273926418139
placebo-robust-primary,325,0,fedavg,placebo,,,,federated-client,play-late,40,0.311245322227478,0.033428420623143516,0,true,false,0.9095273926418139
placebo-robust-primary,325,0,fedavg,placebo,,,,federated-client,anzhi,40,0.4731956322987874,0.08252724508444469,0,true,false,0.9095273926418139
placebo-robust-primary,325,0,fedavg,placebo,,,,federated-client,appchina,40,0.44688840707143146,0.08057939012845357,0,true,false,0.9095273926418139
placebo-robust-primary,325,0,fedavg,family-absent-everywhere,,aggregation,2.0,federated-client,play-late,40,0.3070785204569499,0.029735974967479706,0,true,false,0.923050076857375
placebo-robust-primary,325,0,fedavg,peer-present,,aggregation,1.0,federated-client,play-early,40,0.5231556495030721,0.07307553788026173,0,true,false,0.92441940556995
placebo-robust-primary,325,0,fedavg,peer-present,,aggregation,1.0,federated-client,play-late,40,0.3029714822769165,0.031780414283275604,0,true,false,0.92441940556995
placebo-robust-primary,325,0,fedavg,peer-present,,aggregation,1.0,federated-client,anzhi,40,0.4399645725886027,0.05641984442869822,0,true,false,0.92441940556995
placebo-robust-primary,325,0,fedavg,peer-present,,,,federated-client,play-early,40,0.5231556495030721,0.07998885214328766,0,true,false,0.923321182765954
placebo-robust-primary,325,0,fedavg,family-absent-everywhere,,aggregation,2.0,federated-client,play-early,40,0.5008514324824015,0.0626492549975713,0,true,false,0.923050076857375
placebo-robust-primary,325,0,fedavg,family-absent-everywhere,,aggregation,1.0,federated-client,play-early,40,0.5008514324824015,0.07037017742792766,0,true,false,0.914164505592968
placebo-robust-primary,325,0,fedavg,family-absent-everywhere,,aggregation,1.0,federated-client,play-late,40,0.3070785204569499,0.03431616226832072,0,true,false,0.914164505592968
placebo-robust-primary,325,0,fedavg,family-absent-everywhere,,aggregation,1.0,federated-client,anzhi,40,0.47786132494608563,0.07097944617271423,0,true,false,0.914164505592968
placebo-robust-primary,325,0,fedavg,family-absent-everywhere,,aggregation,1.0,federated-client,appchina,40,0.45162804921468097,0.07476118703683217,0,true,false,0.914164505592968
placebo-robust-primary,325,0,fedavg,peer-present,,aggregation,2.0,federated-client,appchina,40,0.45700395107269287,0.061047946413358055,0,true,false,0.9321673417168951
placebo-robust-primary,325,0,fedavg,peer-present,,,,federated-client,play-late,40,0.3029714822769165,0.03127668301264445,0,true,false,0.923321182765954
placebo-robust-primary,325,0,fedavg,peer-present,,aggregation,2.0,federated-client,play-late,40,0.3029714822769165,0.033781434098879494,0,true,false,0.9321673417168951
placebo-robust-primary,325,0,fedavg,peer-present,,aggregation,2.0,federated-client,anzhi,40,0.4399645725886027,0.05243814488252004,0,true,false,0.9321673417168951
placebo-robust-primary,325,0,fedavg,family-absent-everywhere,,aggregation,1.0,federated-global,,20,0.2620556205511093,0.0626067432264487,0,true,false,0.914164505592968
placebo-robust-primary,325,0,fedavg,peer-present,,aggregation,2.0,federated-global,,20,0.2650407751401265,0.053849466145038605,0,true,false,0.9321673417168951
placebo-robust-primary,325,0,fedavg,peer-present,,aggregation,1.0,federated-global,,20,0.2650407751401265,0.05878201313316822,0,true,false,0.92441940556995
placebo-robust-primary,325,0,fedavg,placebo,,,,federated-global,,20,0.2381042887767156,0.062151189893484116,0,true,false,0.9095273926418139
placebo-robust-primary,325,0,fedavg,family-absent-everywhere,,,,federated-global,,20,0.2620556205511093,0.06957879600425561,0,true,false,0.9113350129497526
placebo-robust-primary,325,0,fedavg,peer-present,,,,federated-global,,20,0.2650407751401265,0.06316661338011424,0,true,false,0.923321182765954
placebo-robust-primary,325,0,fedavg,family-absent-everywhere,,aggregation,2.0,federated-global,,20,0.2620556205511093,0.054661121840278305,0,true,false,0.923050076857375
placebo-robust-primary,326,0,fedavg,peer-present,,,,federated-client,play-early,40,0.4985235134760539,0.06502832969029744,0,true,false,0.9180756736291524
placebo-robust-primary,326,0,fedavg,peer-present,,aggregation,2.0,federated-client,play-early,40,0.4985235134760539,0.052869717280069985,0,true,false,0.9243277598878885
placebo-robust-primary,326,0,fedavg,peer-present,,,,federated-client,anzhi,40,0.48281768957773846,0.08309893310070038,0,true,false,0.9180756736291524
placebo-robust-primary,326,0,fedavg,peer-present,,,,federated-client,appchina,40,0.4810069004694621,0.07874553898970287,0,true,false,0.9180756736291524
placebo-robust-primary,326,0,fedavg,family-absent-everywhere,,aggregation,2.0,federated-client,appchina,40,0.485511581103007,0.06711877882480621,0,true,false,0.9174347619253894
placebo-robust-primary,326,0,fedavg,family-absent-everywhere,,,,federated-client,play-early,40,0.479846715927124,0.06046222150325775,0,true,false,0.905904161840985
placebo-robust-primary,326,0,fedavg,family-absent-everywhere,,,,federated-client,play-late,40,0.2918062011400859,0.028377515574296314,0,true,false,0.905904161840985
placebo-robust-primary,326,0,fedavg,family-absent-everywhere,,,,federated-client,anzhi,40,0.47758185863494873,0.07610438764095306,0,true,false,0.905904161840985
placebo-robust-primary,326,0,fedavg,family-absent-everywhere,,,,federated-client,appchina,40,0.485511581103007,0.09387916326522827,0,true,false,0.905904161840985
placebo-robust-primary,326,0,fedavg,family-absent-everywhere,,aggregation,2.0,federated-client,anzhi,40,0.47758185863494873,0.0563327024380366,0,true,false,0.9174347619253894
placebo-robust-primary,326,0,fedavg,placebo,,,,federated-client,play-early,40,0.4755361080169678,0.056057105461756386,0,true,false,0.9053395084149508
placebo-robust-primary,326,0,fedavg,placebo,,,,federated-client,play-late,40,0.29337863127390545,0.028600580990314484,0,true,false,0.9053395084149508
placebo-robust-primary,326,0,fedavg,placebo,,,,federated-client,anzhi,40,0.4771993160247803,0.07591633995374043,0,true,false,0.9053395084149508
placebo-robust-primary,326,0,fedavg,placebo,,,,federated-client,appchina,40,0.4835133155186971,0.08655993143717448,0,true,false,0.9053395084149508
placebo-robust-primary,326,0,fedavg,family-absent-everywhere,,aggregation,2.0,federated-client,play-late,40,0.2918062011400859,0.027987052996953327,0,true,false,0.9174347619253894
placebo-robust-primary,326,0,fedavg,peer-present,,aggregation,1.0,federated-client,play-early,40,0.4985235134760539,0.061275879542032875,0,true,false,0.9134638200415801
placebo-robust-primary,326,0,fedavg,peer-present,,aggregation,1.0,federated-client,play-late,40,0.29457513491312665,0.032791403432687126,0,true,false,0.9134638200415801
placebo-robust-primary,326,0,fedavg,peer-present,,aggregation,1.0,federated-client,anzhi,40,0.48281768957773846,0.07785538832346599,0,true,false,0.9134638200415801
placebo-robust-primary,326,0,fedavg,peer-present,,aggregation,1.0,federated-client,appchina,40,0.4810069004694621,0.07155419886112213,0,true,false,0.9134638200415801
placebo-robust-primary,326,0,fedavg,family-absent-everywhere,,aggregation,2.0,federated-client,play-early,40,0.479846715927124,0.0520296444495519,0,true,false,0.9174347619253894
placebo-robust-primary,326,0,fedavg,family-absent-everywhere,,aggregation,1.0,federated-client,play-early,40,0.479846715927124,0.057719955841700234,0,true,false,0.9044875624721227
placebo-robust-primary,326,0,fedavg,family-absent-everywhere,,aggregation,1.0,federated-client,play-late,40,0.2918062011400859,0.033081514139970146,0,true,false,0.9044875624721227
placebo-robust-primary,326,0,fedavg,family-absent-everywhere,,aggregation,1.0,federated-client,anzhi,40,0.47758185863494873,0.07608309388160706,0,true,false,0.9044875624721227
placebo-robust-primary,326,0,fedavg,family-absent-everywhere,,aggregation,1.0,federated-client,appchina,40,0.485511581103007,0.08781710267066956,0,true,false,0.9044875624721227
placebo-robust-primary,326,0,fedavg,peer-present,,aggregation,2.0,federated-client,appchina,40,0.4810069004694621,0.056461443503697716,0,true,false,0.9243277598878885
placebo-robust-primary,326,0,fedavg,peer-present,,,,federated-client,play-late,40,0.29457513491312665,0.029365484913190205,0,true,false,0.9180756736291524
placebo-robust-primary,326,0,fedavg,peer-present,,aggregation,2.0,federated-client,play-late,40,0.29457513491312665,0.02671223133802414,0,true,false,0.9243277598878885
placebo-robust-primary,326,0,fedavg,peer-present,,aggregation,2.0,federated-client,anzhi,40,0.48281768957773846,0.054601977268854775,0,true,false,0.9243277598878885
placebo-robust-primary,326,0,fedavg,family-absent-everywhere,,aggregation,1.0,federated-global,,20,0.25028347472349805,0.06367541663348675,0,true,false,0.9044875624721227
placebo-robust-primary,326,0,fedavg,peer-present,,aggregation,2.0,federated-global,,20,0.25866202265024185,0.04766134234766165,0,true,false,0.9243277598878885
placebo-robust-primary,326,0,fedavg,peer-present,,aggregation,1.0,federated-global,,20,0.25866202265024185,0.06086921753982703,0,true,false,0.9134638200415801
placebo-robust-primary,326,0,fedavg,placebo,,,,federated-global,,20,0.24435148388147354,0.061783489460746445,0,true,false,0.9053395084149508
placebo-robust-primary,326,0,fedavg,family-absent-everywhere,,,,federated-global,,20,0.25028347472349805,0.06470582199593385,0,true,false,0.905904161840985
placebo-robust-primary,326,0,fedavg,peer-present,,,,federated-global,,20,0.25866202265024185,0.06405957167347272,0,true,false,0.9180756736291524
placebo-robust-primary,326,0,fedavg,family-absent-everywhere,,aggregation,2.0,federated-global,,20,0.25028347472349805,0.05086704467733701,0,true,false,0.9174347619253894
placebo-robust-primary,327,0,fedavg,peer-present,,,,federated-client,play-early,40,0.5174770355224609,0.07737746338049571,0,true,false,0.9163740156082666
placebo-robust-primary,327,0,fedavg,peer-present,,aggregation,2.0,federated-client,play-early,40,0.5174770355224609,0.06920209030310313,0,true,false,0.9184615275311677
placebo-robust-primary,327,0,fedavg,peer-present,,,,federated-client,anzhi,40,0.4480729897816976,0.05593809982140859,0,true,false,0.9163740156082666
placebo-robust-primary,327,0,fedavg,peer-present,,,,federated-client,appchina,40,0.47979358832041424,0.07848804195721944,0,true,false,0.9163740156082666
placebo-robust-primary,327,0,fedavg,family-absent-everywhere,,aggregation,2.0,federated-client,appchina,40,0.4836184581120809,0.06351552903652191,0,true,false,0.9026330205637794
placebo-robust-primary,327,0,fedavg,family-absent-everywhere,,,,federated-client,play-early,40,0.4922162691752116,0.06687552233537038,0,true,false,0.9018486301024171
placebo-robust-primary,327,0,fedavg,family-absent-everywhere,,,,federated-client,play-late,40,0.29750529925028485,0.02557242413361867,0,true,false,0.9018486301024171
placebo-robust-primary,327,0,fedavg,family-absent-everywhere,,,,federated-client,anzhi,40,0.4818209807078044,0.07321482400099437,0,true,false,0.9018486301024171
placebo-robust-primary,327,0,fedavg,family-absent-everywhere,,,,federated-client,appchina,40,0.4836184581120809,0.07955539723237355,0,true,false,0.9018486301024171
placebo-robust-primary,327,0,fedavg,family-absent-everywhere,,aggregation,2.0,federated-client,anzhi,40,0.4818209807078044,0.054716343681017555,0,true,false,0.9026330205637794
placebo-robust-primary,327,0,fedavg,placebo,,,,federated-client,play-early,40,0.49833500385284424,0.0619209756453832,0,true,false,0.9044518799443013
placebo-robust-primary,327,0,fedavg,placebo,,,,federated-client,play-late,40,0.2982916633288066,0.027034707367420197,0,true,false,0.9044518799443013
placebo-robust-primary,327,0,fedavg,placebo,,,,federated-client,anzhi,40,0.4427229166030884,0.05270969867706299,0,true,false,0.9044518799443013
placebo-robust-primary,327,0,fedavg,placebo,,,,federated-client,appchina,40,0.48244373003641766,0.08456645409266154,0,true,false,0.9044518799443013
placebo-robust-primary,327,0,fedavg,family-absent-everywhere,,aggregation,2.0,federated-client,play-late,40,0.29750529925028485,0.031978910168011986,0,true,false,0.9026330205637794
placebo-robust-primary,327,0,fedavg,peer-present,,aggregation,1.0,federated-client,play-early,40,0.5174770355224609,0.07173627614974976,0,true,false,0.9144521261689261
placebo-robust-primary,327,0,fedavg,peer-present,,aggregation,1.0,federated-client,play-late,40,0.28774760166804,0.028227128088474274,0,true,false,0.9144521261689261
placebo-robust-primary,327,0,fedavg,peer-present,,aggregation,1.0,federated-client,anzhi,40,0.4480729897816976,0.05166475474834442,0,true,false,0.9144521261689261
placebo-robust-primary,327,0,fedavg,peer-present,,aggregation,1.0,federated-client,appchina,40,0.47979358832041424,0.07205175360043843,0,true,false,0.9144521261689261
placebo-robust-primary,327,0,fedavg,family-absent-everywhere,,aggregation,2.0,federated-client,play-early,40,0.4922162691752116,0.055792788664499916,0,true,false,0.9026330205637794
placebo-robust-primary,327,0,fedavg,family-absent-everywhere,,aggregation,1.0,federated-client,play-early,40,0.4922162691752116,0.06141530970732371,0,true,false,0.8964560660341593
placebo-robust-primary,327,0,fedavg,family-absent-everywhere,,aggregation,1.0,federated-client,play-late,40,0.29750529925028485,0.028237452109654743,0,true,false,0.8964560660341593
placebo-robust-primary,327,0,fedavg,family-absent-everywhere,,aggregation,1.0,federated-client,anzhi,40,0.4818209807078044,0.06812394162019093,0,true,false,0.8964560660341593
placebo-robust-primary,327,0,fedavg,family-absent-everywhere,,aggregation,1.0,federated-client,appchina,40,0.4836184581120809,0.0748000293970108,0,true,false,0.8964560660341593
placebo-robust-primary,327,0,fedavg,peer-present,,aggregation,2.0,federated-client,appchina,40,0.47979358832041424,0.05864434937636057,0,true,false,0.9184615275311677
placebo-robust-primary,327,0,fedavg,peer-present,,,,federated-client,play-late,40,0.28774760166804,0.025059568385283153,0,true,false,0.9163740156082666
placebo-robust-primary,327,0,fedavg,peer-present,,aggregation,2.0,federated-client,play-late,40,0.28774760166804,0.02886458734671275,0,true,false,0.9184615275311677
placebo-robust-primary,327,0,fedavg,peer-present,,aggregation,2.0,federated-client,anzhi,40,0.4480729897816976,0.04865068197250366,0,true,false,0.9184615275311677
placebo-robust-primary,327,0,fedavg,family-absent-everywhere,,aggregation,1.0,federated-global,,20,0.2591770912210147,0.05814418320854505,0,true,false,0.8964560660341593
placebo-robust-primary,327,0,fedavg,peer-present,,aggregation,2.0,federated-global,,20,0.2626936336358388,0.05134042724967003,0,true,false,0.9184615275311677
placebo-robust-primary,327,0,fedavg,peer-present,,aggregation,1.0,federated-global,,20,0.2626936336358388,0.055919978146751724,0,true,false,0.9144521261689261
placebo-robust-primary,327,0,fedavg,placebo,,,,federated-global,,20,0.24208705872297287,0.05655795894563198,0,true,false,0.9044518799443013
placebo-robust-primary,327,0,fedavg,family-absent-everywhere,,,,federated-global,,20,0.2591770912210147,0.06130454192558924,0,true,false,0.9018486301024171
placebo-robust-primary,327,0,fedavg,peer-present,,,,federated-global,,20,0.2626936336358388,0.05921579338610172,0,true,false,0.9163740156082666
placebo-robust-primary,327,0,fedavg,family-absent-everywhere,,aggregation,2.0,federated-global,,20,0.2591770912210147,0.05150089288751284,0,true,false,0.9026330205637794
placebo-robust-primary,328,0,fedavg,peer-present,,aggregation,1.0,federated-client,appchina,40,0.4626099268595378,0.06468017399311066,0,true,false,0.9264067336373585
placebo-robust-primary,328,0,fedavg,peer-present,,aggregation,2.0,federated-client,play-early,40,0.49169127146402997,0.06186027328173319,0,true,false,0.9367069630768582
placebo-robust-primary,328,0,fedavg,peer-present,,,,federated-client,anzhi,40,0.4262079397837321,0.058795144160588585,0,true,false,0.9248808084229561
placebo-robust-primary,328,0,fedavg,peer-present,,,,federated-client,appchina,40,0.4626099268595378,0.07060728470484416,0,true,false,0.9248808084229561
placebo-robust-primary,328,0,fedavg,family-absent-everywhere,,aggregation,2.0,federated-client,appchina,40,0.4686298767725627,0.0590992271900177,0,true,false,0.9198594722174237
placebo-robust-primary,328,0,fedavg,family-absent-everywhere,,,,federated-client,play-early,40,0.48151612281799316,0.06921631097793579,0,true,false,0.8998573680417925
placebo-robust-primary,328,0,fedavg,family-absent-everywhere,,,,federated-client,play-late,40,0.2687528928120931,0.017632540315389633,0,true,false,0.8998573680417925
placebo-robust-primary,328,0,fedavg,family-absent-everywhere,,,,federated-client,anzhi,40,0.46723679701487225,0.08130846917629242,0,true,false,0.8998573680417925
placebo-robust-primary,328,0,fedavg,family-absent-everywhere,,,,federated-client,appchina,40,0.4686298767725627,0.08741750319798787,0,true,false,0.8998573680417925
placebo-robust-primary,328,0,fedavg,family-absent-everywhere,,aggregation,2.0,federated-client,anzhi,40,0.46723679701487225,0.05956984062989553,0,true,false,0.9198594722174237
placebo-robust-primary,328,0,fedavg,placebo,,,,federated-client,play-early,40,0.46553834279378253,0.06939200063546498,0,true,false,0.8986807730475768
placebo-robust-primary,328,0,fedavg,placebo,,,,federated-client,play-late,40,0.2707870999972026,0.019427981227636337,0,true,false,0.8986807730475768
placebo-robust-primary,328,0,fedavg,placebo,,,,federated-client,anzhi,40,0.44064390659332275,0.06325880189736684,0,true,false,0.8986807730475768
placebo-robust-primary,328,0,fedavg,placebo,,,,federated-client,appchina,40,0.46859153111775714,0.08826833963394165,0,true,false,0.8986807730475768
placebo-robust-primary,328,0,fedavg,family-absent-everywhere,,aggregation,2.0,federated-client,play-late,40,0.2687528928120931,0.023400940001010895,0,true,false,0.9198594722174237
placebo-robust-primary,328,0,fedavg,peer-present,,aggregation,1.0,federated-client,play-early,40,0.49169127146402997,0.06763044993082683,0,true,false,0.9264067336373585
placebo-robust-primary,328,0,fedavg,peer-present,,aggregation,1.0,federated-client,play-late,40,0.27728448311487836,0.020126397411028545,0,true,false,0.9264067336373585
placebo-robust-primary,328,0,fedavg,peer-present,,aggregation,1.0,federated-client,anzhi,40,0.4262079397837321,0.05001517136891683,0,true,false,0.9264067336373585
placebo-robust-primary,328,0,fedavg,peer-present,,,,federated-client,play-early,40,0.49169127146402997,0.06990259885787964,0,true,false,0.9248808084229561
placebo-robust-primary,328,0,fedavg,family-absent-everywhere,,aggregation,2.0,federated-client,play-early,40,0.48151612281799316,0.0629029522339503,0,true,false,0.9198594722174237
placebo-robust-primary,328,0,fedavg,family-absent-everywhere,,aggregation,1.0,federated-client,play-early,40,0.48151612281799316,0.06565305590629578,0,true,false,0.9054720216185373
placebo-robust-primary,328,0,fedavg,family-absent-everywhere,,aggregation,1.0,federated-client,play-late,40,0.2687528928120931,0.020377534131209057,0,true,false,0.9054720216185373
placebo-robust-primary,328,0,fedavg,family-absent-everywhere,,aggregation,1.0,federated-client,anzhi,40,0.46723679701487225,0.07252525289853413,0,true,false,0.9054720216185373
placebo-robust-primary,328,0,fedavg,family-absent-everywhere,,aggregation,1.0,federated-client,appchina,40,0.4686298767725627,0.07529973487059276,0,true,false,0.9054720216185373
placebo-robust-primary,328,0,fedavg,peer-present,,aggregation,2.0,federated-client,appchina,40,0.4626099268595378,0.054555654525756836,0,true,false,0.9367069630768582
placebo-robust-primary,328,0,fedavg,peer-present,,,,federated-client,play-late,40,0.27728448311487836,0.017697524279356003,0,true,false,0.9248808084229561
placebo-robust-primary,328,0,fedavg,peer-present,,aggregation,2.0,federated-client,play-late,40,0.27728448311487836,0.02554532637198766,0,true,false,0.9367069630768582
placebo-robust-primary,328,0,fedavg,peer-present,,aggregation,2.0,federated-client,anzhi,40,0.4262079397837321,0.04520202179749807,0,true,false,0.9367069630768582
placebo-robust-primary,328,0,fedavg,family-absent-everywhere,,aggregation,1.0,federated-global,,20,0.24207084625959396,0.05846389445165793,0,true,false,0.9054720216185373
placebo-robust-primary,328,0,fedavg,peer-present,,aggregation,2.0,federated-global,,20,0.23519770801067352,0.04679081899424394,0,true,false,0.9367069630768582
placebo-robust-primary,328,0,fedavg,peer-present,,aggregation,1.0,federated-global,,20,0.23519770801067352,0.05061304817597071,0,true,false,0.9264067336373585
placebo-robust-primary,328,0,fedavg,placebo,,,,federated-global,,20,0.22450230022271475,0.06008678084860245,0,true,false,0.8986807730475768
placebo-robust-primary,328,0,fedavg,family-absent-everywhere,,,,federated-global,,20,0.24207084625959396,0.06389370591690142,0,true,false,0.8998573680417925
placebo-robust-primary,328,0,fedavg,peer-present,,,,federated-global,,20,0.23519770801067352,0.054250638000667095,0,true,false,0.9248808084229561
placebo-robust-primary,328,0,fedavg,family-absent-everywhere,,aggregation,2.0,federated-global,,20,0.24207084625959396,0.051243240013718605,0,true,false,0.9198594722174237
placebo-robust-primary,329,0,fedavg,peer-present,,,,federated-client,play-early,40,0.5097693204879761,0.06618538498878479,0,true,false,0.9079215958494066
placebo-robust-primary,329,0,fedavg,peer-present,,aggregation,2.0,federated-client,play-early,40,0.5097693204879761,0.050553147991498314,0,true,false,0.9233013850537265
placebo-robust-primary,329,0,fedavg,peer-present,,,,federated-client,anzhi,40,0.45111576716105145,0.05391142268975576,0,true,false,0.9079215958494066
placebo-robust-primary,329,0,fedavg,peer-present,,,,federated-client,appchina,40,0.4642200469970703,0.07824374735355377,0,true,false,0.9079215958494066
placebo-robust-primary,329,0,fedavg,family-absent-everywhere,,aggregation,2.0,federated-client,appchina,40,0.46039946873982746,0.0561797171831131,0,true,false,0.9138746047129876
placebo-robust-primary,329,0,fedavg,family-absent-everywhere,,,,federated-client,play-early,40,0.49497846762339276,0.05637313425540924,0,true,false,0.893391418577678
placebo-robust-primary,329,0,fedavg,family-absent-everywhere,,,,federated-client,play-late,40,0.28791314363479614,0.02529294043779373,0,true,false,0.893391418577678
placebo-robust-primary,329,0,fedavg,family-absent-everywhere,,,,federated-client,anzhi,40,0.48408055305480957,0.07216379543145497,0,true,false,0.893391418577678
placebo-robust-primary,329,0,fedavg,family-absent-everywhere,,,,federated-client,appchina,40,0.46039946873982746,0.08003304898738861,0,true,false,0.893391418577678
placebo-robust-primary,329,0,fedavg,family-absent-everywhere,,aggregation,2.0,federated-client,anzhi,40,0.48408055305480957,0.05270682772000631,0,true,false,0.9138746047129876
placebo-robust-primary,329,0,fedavg,placebo,,,,federated-client,play-early,40,0.49787211418151855,0.042266512910525,0,true,false,0.8919307074662485
placebo-robust-primary,329,0,fedavg,placebo,,,,federated-client,play-late,40,0.2879440188407898,0.025827554364999134,0,true,false,0.8919307074662485
placebo-robust-primary,329,0,fedavg,placebo,,,,federated-client,anzhi,40,0.4856119553248088,0.064639945824941,0,true,false,0.8919307074662485
placebo-robust-primary,329,0,fedavg,placebo,,,,federated-client,appchina,40,0.4554706811904907,0.07127397259076436,0,true,false,0.8919307074662485
placebo-robust-primary,329,0,fedavg,family-absent-everywhere,,aggregation,2.0,federated-client,play-late,40,0.28791314363479614,0.03254348039627075,0,true,false,0.9138746047129876
placebo-robust-primary,329,0,fedavg,peer-present,,aggregation,1.0,federated-client,play-early,40,0.5097693204879761,0.06026916205883026,0,true,false,0.9116783831041642
placebo-robust-primary,329,0,fedavg,peer-present,,aggregation,1.0,federated-client,play-late,40,0.2778342366218567,0.02936515212059021,0,true,false,0.9116783831041642
placebo-robust-primary,329,0,fedavg,peer-present,,aggregation,1.0,federated-client,anzhi,40,0.45111576716105145,0.052339211106300354,0,true,false,0.9116783831041642
placebo-robust-primary,329,0,fedavg,peer-present,,aggregation,1.0,federated-client,appchina,40,0.4642200469970703,0.0774394969145457,0,true,false,0.9116783831041642
placebo-robust-primary,329,0,fedavg,family-absent-everywhere,,aggregation,2.0,federated-client,play-early,40,0.49497846762339276,0.047432005405426025,0,true,false,0.9138746047129876
placebo-robust-primary,329,0,fedavg,family-absent-everywhere,,aggregation,1.0,federated-client,play-early,40,0.49497846762339276,0.0504686584075292,0,true,false,0.8931233768410932
placebo-robust-primary,329,0,fedavg,family-absent-everywhere,,aggregation,1.0,federated-client,play-late,40,0.28791314363479614,0.02836490919192632,0,true,false,0.8931233768410932
placebo-robust-primary,329,0,fedavg,family-absent-everywhere,,aggregation,1.0,federated-client,anzhi,40,0.48408055305480957,0.06067380805810293,0,true,false,0.8931233768410932
placebo-robust-primary,329,0,fedavg,family-absent-everywhere,,aggregation,1.0,federated-client,appchina,40,0.46039946873982746,0.07406062384446462,0,true,false,0.8931233768410932
placebo-robust-primary,329,0,fedavg,peer-present,,aggregation,2.0,federated-client,appchina,40,0.4642200469970703,0.054591079552968345,0,true,false,0.9233013850537265
placebo-robust-primary,329,0,fedavg,peer-present,,,,federated-client,play-late,40,0.2778342366218567,0.027825328210989635,0,true,false,0.9079215958494066
placebo-robust-primary,329,0,fedavg,peer-present,,aggregation,2.0,federated-client,play-late,40,0.2778342366218567,0.030207765599091847,0,true,false,0.9233013850537265
placebo-robust-primary,329,0,fedavg,peer-present,,aggregation,2.0,federated-client,anzhi,40,0.45111576716105145,0.047278126080830894,0,true,false,0.9233013850537265
placebo-robust-primary,329,0,fedavg,family-absent-everywhere,,aggregation,1.0,federated-global,,20,0.2537869115670522,0.05339199987550577,0,true,false,0.8931233768410932
placebo-robust-primary,329,0,fedavg,peer-present,,aggregation,2.0,federated-global,,20,0.24977424989144006,0.04565752980609735,0,true,false,0.9233013850537265
placebo-robust-primary,329,0,fedavg,peer-present,,aggregation,1.0,federated-global,,20,0.24977424989144006,0.05485325555006663,0,true,false,0.9116783831041642
placebo-robust-primary,329,0,fedavg,placebo,,,,federated-global,,20,0.23981320361296335,0.05100199642280737,0,true,false,0.8919307074662485
placebo-robust-primary,329,0,fedavg,family-absent-everywhere,,,,federated-global,,20,0.2537869115670522,0.05846572977801164,0,true,false,0.893391418577678
placebo-robust-primary,329,0,fedavg,peer-present,,,,federated-global,,20,0.24977424989144006,0.05654147081077099,0,true,false,0.9079215958494066
placebo-robust-primary,329,0,fedavg,family-absent-everywhere,,aggregation,2.0,federated-global,,20,0.2537869115670522,0.04721550767620405,0,true,false,0.9138746047129876
placebo-robust-replication,320,0,fedavg,peer-present,,aggregation,1.0,federated-client,play-early,40,0.49322489897410077,0.07370874285697937,0,true,false,0.9211607800536606
placebo-robust-replication,320,0,fedavg,peer-present,,aggregation,1.0,federated-client,anzhi,40,0.42324992020924884,0.06895840167999268,0,true,false,0.9211607800536606
placebo-robust-replication,320,0,fedavg,peer-present,,,,federated-client,appchina,40,0.44274218877156574,0.07812397181987762,0,true,false,0.9228784805167033
placebo-robust-replication,320,0,fedavg,family-absent-everywhere,,,,federated-client,play-early,40,0.5102156400680542,0.07309011121590932,0,true,false,0.918948241492109
placebo-robust-replication,320,0,fedavg,family-absent-everywhere,,,,federated-client,play-late,40,0.28563541173934937,0.015928068508704502,0,true,false,0.918948241492109
placebo-robust-replication,320,0,fedavg,peer-present,,,,federated-client,play-late,40,0.2910125255584717,0.01816616952419281,0,true,false,0.9228784805167033
placebo-robust-replication,320,0,fedavg,family-absent-everywhere,,,,federated-client,anzhi,40,0.43996791044871014,0.0791069765885671,0,true,false,0.918948241492109
placebo-robust-replication,320,0,fedavg,family-absent-everywhere,,,,federated-client,appchina,40,0.4484852949778239,0.06778616706530254,0,true,false,0.918948241492109
placebo-robust-replication,320,0,fedavg,placebo,,,,federated-client,play-early,40,0.5120238860448202,0.07348093390464783,0,true,false,0.9199583011212488
placebo-robust-replication,320,0,fedavg,placebo,,,,federated-client,play-late,40,0.3071746031443278,0.018788114190101624,0,true,false,0.9199583011212488
placebo-robust-replication,320,0,fedavg,family-absent-everywhere,,aggregation,2.0,federated-client,appchina,40,0.4484852949778239,0.053261776765187584,0,true,false,0.9282434873815916
placebo-robust-replication,320,0,fedavg,family-absent-everywhere,,aggregation,2.0,federated-client,anzhi,40,0.43996791044871014,0.07007674872875214,0,true,false,0.9282434873815916
placebo-robust-replication,320,0,fedavg,placebo,,,,federated-client,anzhi,40,0.4330782890319824,0.07568937540054321,0,true,false,0.9199583011212488
placebo-robust-replication,320,0,fedavg,placebo,,,,federated-client,appchina,40,0.4455443223317464,0.06735022366046906,0,true,false,0.9199583011212488
placebo-robust-replication,320,0,fedavg,family-absent-everywhere,,aggregation,2.0,federated-client,play-late,40,0.28563541173934937,0.026188954710960388,0,true,false,0.9282434873815916
placebo-robust-replication,320,0,fedavg,peer-present,,,,federated-client,play-early,40,0.49322489897410077,0.07174351314703624,0,true,false,0.9228784805167033
placebo-robust-replication,320,0,fedavg,peer-present,,aggregation,1.0,federated-client,play-late,40,0.2910125255584717,0.019018276284138363,0,true,false,0.9211607800536606
placebo-robust-replication,320,0,fedavg,peer-present,,,,federated-client,anzhi,40,0.42324992020924884,0.07417153318723042,0,true,false,0.9228784805167033
placebo-robust-replication,320,0,fedavg,peer-present,,aggregation,1.0,federated-client,appchina,40,0.44274218877156574,0.07653444508711497,0,true,false,0.9211607800536606
placebo-robust-replication,320,0,fedavg,family-absent-everywhere,,aggregation,2.0,federated-client,play-early,40,0.5102156400680542,0.06798592706521352,0,true,false,0.9282434873815916
placebo-robust-replication,320,0,fedavg,family-absent-everywhere,,aggregation,1.0,federated-client,play-early,40,0.5102156400680542,0.07163473963737488,0,true,false,0.9216449715424031
placebo-robust-replication,320,0,fedavg,family-absent-everywhere,,aggregation,1.0,federated-client,play-late,40,0.28563541173934937,0.019748684018850327,0,true,false,0.9216449715424031
placebo-robust-replication,320,0,fedavg,family-absent-everywhere,,aggregation,1.0,federated-client,anzhi,40,0.43996791044871014,0.07213584582010905,0,true,false,0.9216449715424031
placebo-robust-replication,320,0,fedavg,family-absent-everywhere,,aggregation,1.0,federated-client,appchina,40,0.4484852949778239,0.06373634437719981,0,true,false,0.9216449715424031
placebo-robust-replication,320,0,fedavg,peer-present,,aggregation,2.0,federated-client,appchina,40,0.44274218877156574,0.0637693057457606,0,true,false,0.9287716573148876
placebo-robust-replication,320,0,fedavg,peer-present,,aggregation,2.0,federated-client,play-early,40,0.49322489897410077,0.06665320197741191,0,true,false,0.9287716573148876
placebo-robust-replication,320,0,fedavg,peer-present,,aggregation,2.0,federated-client,play-late,40,0.2910125255584717,0.02698637048403422,0,true,false,0.9287716573148876
placebo-robust-replication,320,0,fedavg,peer-present,,aggregation,2.0,federated-client,anzhi,40,0.42324992020924884,0.06807601451873779,0,true,false,0.9287716573148876
placebo-robust-replication,320,0,fedavg,family-absent-everywhere,,aggregation,1.0,federated-global,,20,0.2536458695928256,0.05681390346338352,0,true,false,0.9216449715424031
placebo-robust-replication,320,0,fedavg,peer-present,,aggregation,2.0,federated-global,,20,0.2442766303817431,0.05637122318148613,0,true,false,0.9287716573148876
placebo-robust-replication,320,0,fedavg,peer-present,,aggregation,1.0,federated-global,,20,0.2442766303817431,0.05955496647705635,0,true,false,0.9211607800536606
placebo-robust-replication,320,0,fedavg,placebo,,,,federated-global,,20,0.25074419379234314,0.05882716178894043,0,true,false,0.9199583011212488
placebo-robust-replication,320,0,fedavg,family-absent-everywhere,,,,federated-global,,20,0.2536458695928256,0.05897783084462086,0,true,false,0.918948241492109
placebo-robust-replication,320,0,fedavg,peer-present,,,,federated-global,,20,0.2442766303817431,0.060551296919584274,0,true,false,0.9228784805167033
placebo-robust-replication,320,0,fedavg,family-absent-everywhere,,aggregation,2.0,federated-global,,20,0.2536458695928256,0.054378351817528404,0,true,false,0.9282434873815916
placebo-robust-replication,321,0,fedavg,peer-present,,,,federated-client,play-early,40,0.5027580658594767,0.06790763636430104,0,true,false,0.9023029952754245
placebo-robust-replication,321,0,fedavg,peer-present,,aggregation,2.0,federated-client,play-early,40,0.5027580658594767,0.057256152232488,0,true,false,0.9118033711248903
placebo-robust-replication,321,0,fedavg,peer-present,,,,federated-client,anzhi,40,0.42988892396291095,0.070909117658933,0,true,false,0.9023029952754245
placebo-robust-replication,321,0,fedavg,peer-present,,,,federated-client,appchina,40,0.46304841836293537,0.08453226089477539,0,true,false,0.9023029952754245
placebo-robust-replication,321,0,fedavg,family-absent-everywhere,,aggregation,2.0,federated-client,appchina,40,0.4532095591227214,0.04685273766517639,0,true,false,0.9060630248110192
placebo-robust-replication,321,0,fedavg,family-absent-everywhere,,,,federated-client,play-early,40,0.5213365157445272,0.06327012181282043,0,true,false,0.897058324354156
placebo-robust-replication,321,0,fedavg,family-absent-everywhere,,,,federated-client,play-late,40,0.29330037037531537,0.028515944878260296,0,true,false,0.897058324354156
placebo-robust-replication,321,0,fedavg,family-absent-everywhere,,,,federated-client,anzhi,40,0.4423207441965739,0.07778879503409068,0,true,false,0.897058324354156
placebo-robust-replication,321,0,fedavg,family-absent-everywhere,,,,federated-client,appchina,40,0.4532095591227214,0.0729968249797821,0,true,false,0.897058324354156
placebo-robust-replication,321,0,fedavg,family-absent-everywhere,,aggregation,2.0,federated-client,anzhi,40,0.4423207441965739,0.05244715015093485,0,true,false,0.9060630248110192
placebo-robust-replication,321,0,fedavg,placebo,,,,federated-client,play-early,40,0.5430817206700643,0.062330156564712524,0,true,false,0.9005813783998043
placebo-robust-replication,321,0,fedavg,placebo,,,,federated-client,play-late,40,0.29386218388875324,0.02795710911353429,0,true,false,0.9005813783998043
placebo-robust-replication,321,0,fedavg,placebo,,,,federated-client,anzhi,40,0.43329115708669025,0.06962904334068298,0,true,false,0.9005813783998043
placebo-robust-replication,321,0,fedavg,placebo,,,,federated-client,appchina,40,0.4521968762079875,0.07364215950171153,0,true,false,0.9005813783998043
placebo-robust-replication,321,0,fedavg,family-absent-everywhere,,aggregation,2.0,federated-client,play-late,40,0.29330037037531537,0.03362227727969488,0,true,false,0.9060630248110192
placebo-robust-replication,321,0,fedavg,peer-present,,aggregation,1.0,federated-client,play-early,40,0.5027580658594767,0.0657114287217458,0,true,false,0.9002844794750778
placebo-robust-replication,321,0,fedavg,peer-present,,aggregation,1.0,federated-client,play-late,40,0.2924482226371765,0.03408455600341161,0,true,false,0.9002844794750778
placebo-robust-replication,321,0,fedavg,peer-present,,aggregation,1.0,federated-client,anzhi,40,0.42988892396291095,0.06760115921497345,0,true,false,0.9002844794750778
placebo-robust-replication,321,0,fedavg,peer-present,,aggregation,1.0,federated-client,appchina,40,0.46304841836293537,0.0806908408800761,0,true,false,0.9002844794750778
placebo-robust-replication,321,0,fedavg,family-absent-everywhere,,aggregation,2.0,federated-client,play-early,40,0.5213365157445272,0.06015567978223165,0,true,false,0.9060630248110192
placebo-robust-replication,321,0,fedavg,family-absent-everywhere,,aggregation,1.0,federated-client,play-early,40,0.5213365157445272,0.06104501088460287,0,true,false,0.8962198216954445
placebo-robust-replication,321,0,fedavg,family-absent-everywhere,,aggregation,1.0,federated-client,play-late,40,0.29330037037531537,0.03642605245113373,0,true,false,0.8962198216954445
placebo-robust-replication,321,0,fedavg,family-absent-everywhere,,aggregation,1.0,federated-client,anzhi,40,0.4423207441965739,0.07322312394777934,0,true,false,0.8962198216954445
placebo-robust-replication,321,0,fedavg,family-absent-everywhere,,aggregation,1.0,federated-client,appchina,40,0.4532095591227214,0.06573929886023204,0,true,false,0.8962198216954445
placebo-robust-replication,321,0,fedavg,peer-present,,aggregation,2.0,federated-client,appchina,40,0.46304841836293537,0.06373063723246257,0,true,false,0.9118033711248903
placebo-robust-replication,321,0,fedavg,peer-present,,,,federated-client,play-late,40,0.2924482226371765,0.029089157780011494,0,true,false,0.9023029952754245
placebo-robust-replication,321,0,fedavg,peer-present,,aggregation,2.0,federated-client,play-late,40,0.2924482226371765,0.03061555822690328,0,true,false,0.9118033711248903
placebo-robust-replication,321,0,fedavg,peer-present,,aggregation,2.0,federated-client,anzhi,40,0.42988892396291095,0.05434430638949076,0,true,false,0.9118033711248903
placebo-robust-replication,321,0,fedavg,family-absent-everywhere,,aggregation,1.0,federated-global,,20,0.2538112873832385,0.05910837153593699,0,true,false,0.8962198216954445
placebo-robust-replication,321,0,fedavg,peer-present,,aggregation,2.0,federated-global,,20,0.24768567085266113,0.05148666352033615,0,true,false,0.9118033711248903
placebo-robust-replication,321,0,fedavg,peer-present,,aggregation,1.0,federated-global,,20,0.24768567085266113,0.06202199620505174,0,true,false,0.9002844794750778
placebo-robust-replication,321,0,fedavg,placebo,,,,federated-global,,20,0.2443668246269226,0.05838961713016033,0,true,false,0.9005813783998043
placebo-robust-replication,321,0,fedavg,family-absent-everywhere,,,,federated-global,,20,0.2538112873832385,0.06064292167623838,0,true,false,0.897058324354156
placebo-robust-replication,321,0,fedavg,peer-present,,,,federated-global,,20,0.24768567085266113,0.06310954317450523,0,true,false,0.9023029952754245
placebo-robust-replication,321,0,fedavg,family-absent-everywhere,,aggregation,2.0,federated-global,,20,0.2538112873832385,0.048269461219509445,0,true,false,0.9060630248110192
placebo-robust-replication,322,0,fedavg,family-absent-everywhere,,aggregation,2.0,federated-client,play-late,40,0.28913859526316327,0.03382200747728348,0,true,false,0.9199459182424589
placebo-robust-replication,322,0,fedavg,peer-present,,aggregation,2.0,federated-client,play-early,40,0.4971201817194621,0.0603496382633845,0,true,false,0.9253497677914714
placebo-robust-replication,322,0,fedavg,peer-present,,,,federated-client,anzhi,40,0.49353377024332684,0.07809765140215556,0,true,false,0.9198432758913845
placebo-robust-replication,322,0,fedavg,peer-present,,,,federated-client,appchina,40,0.4816435178120931,0.08470274011294048,0,true,false,0.9198432758913845
placebo-robust-replication,322,0,fedavg,family-absent-everywhere,,aggregation,2.0,federated-client,appchina,40,0.4814741611480713,0.0611577977736791,0,true,false,0.9199459182424589
placebo-robust-replication,322,0,fedavg,family-absent-everywhere,,,,federated-client,play-early,40,0.4942542314529419,0.06971939404805501,0,true,false,0.9116763777496381
placebo-robust-replication,322,0,fedavg,family-absent-everywhere,,,,federated-client,play-late,40,0.28913859526316327,0.030977889895439148,0,true,false,0.9116763777496381
placebo-robust-replication,322,0,fedavg,family-absent-everywhere,,,,federated-client,anzhi,40,0.48490047454833984,0.07322343687216441,0,true,false,0.9116763777496381
placebo-robust-replication,322,0,fedavg,family-absent-everywhere,,,,federated-client,appchina,40,0.4814741611480713,0.08712462584177653,0,true,false,0.9116763777496381
placebo-robust-replication,322,0,fedavg,family-absent-everywhere,,aggregation,2.0,federated-client,anzhi,40,0.48490047454833984,0.05813132723172506,0,true,false,0.9199459182424589
placebo-robust-replication,322,0,fedavg,placebo,,,,federated-client,play-early,40,0.5250571966171265,0.0732118288675944,0,true,false,0.9127764371978562
placebo-robust-replication,322,0,fedavg,placebo,,,,federated-client,play-late,40,0.2977461616198222,0.032281038661797844,0,true,false,0.9127764371978562
placebo-robust-replication,322,0,fedavg,placebo,,,,federated-client,anzhi,40,0.48187438646952313,0.06361888349056244,0,true,false,0.9127764371978562
placebo-robust-replication,322,0,fedavg,placebo,,,,federated-client,appchina,40,0.48106908798217773,0.07423558334509532,0,true,false,0.9127764371978562
placebo-robust-replication,322,0,fedavg,peer-present,,,,federated-client,play-early,40,0.4971201817194621,0.07161494096120198,0,true,false,0.9198432758913845
placebo-robust-replication,322,0,fedavg,peer-present,,aggregation,1.0,federated-client,play-early,40,0.4971201817194621,0.06684667368729909,0,true,false,0.9183130794173611
placebo-robust-replication,322,0,fedavg,peer-present,,aggregation,1.0,federated-client,play-late,40,0.29739296436309814,0.026952102780342102,0,true,false,0.9183130794173611
placebo-robust-replication,322,0,fedavg,peer-present,,aggregation,1.0,federated-client,anzhi,40,0.49353377024332684,0.07373020549615224,0,true,false,0.9183130794173611
placebo-robust-replication,322,0,fedavg,peer-present,,aggregation,1.0,federated-client,appchina,40,0.4816435178120931,0.07619486252466838,0,true,false,0.9183130794173611
placebo-robust-replication,322,0,fedavg,family-absent-everywhere,,aggregation,2.0,federated-client,play-early,40,0.4942542314529419,0.061354860663414,0,true,false,0.9199459182424589
placebo-robust-replication,322,0,fedavg,family-absent-everywhere,,aggregation,1.0,federated-client,play-early,40,0.4942542314529419,0.06568263471126556,0,true,false,0.9098256441214373
placebo-robust-replication,322,0,fedavg,family-absent-everywhere,,aggregation,1.0,federated-client,play-late,40,0.28913859526316327,0.030551505585511524,0,true,false,0.9098256441214373
placebo-robust-replication,322,0,fedavg,family-absent-everywhere,,aggregation,1.0,federated-client,anzhi,40,0.48490047454833984,0.06545776128768921,0,true,false,0.9098256441214373
placebo-robust-replication,322,0,fedavg,family-absent-everywhere,,aggregation,1.0,federated-client,appchina,40,0.4814741611480713,0.07794395585854848,0,true,false,0.9098256441214373
placebo-robust-replication,322,0,fedavg,peer-present,,aggregation,2.0,federated-client,appchina,40,0.4816435178120931,0.05955819288889567,0,true,false,0.9253497677914714
placebo-robust-replication,322,0,fedavg,peer-present,,,,federated-client,play-late,40,0.29739296436309814,0.027492473522822063,0,true,false,0.9198432758913845
placebo-robust-replication,322,0,fedavg,peer-present,,aggregation,2.0,federated-client,play-late,40,0.29739296436309814,0.032000827292601265,0,true,false,0.9253497677914714
placebo-robust-replication,322,0,fedavg,peer-present,,aggregation,2.0,federated-client,anzhi,40,0.49353377024332684,0.06075759728749593,0,true,false,0.9253497677914714
placebo-robust-replication,322,0,fedavg,family-absent-everywhere,,aggregation,1.0,federated-global,,20,0.2608972166975339,0.05990896436075369,0,true,false,0.9098256441214373
placebo-robust-replication,322,0,fedavg,peer-present,,aggregation,2.0,federated-global,,20,0.2645341058572133,0.053166563933094345,0,true,false,0.9253497677914714
placebo-robust-replication,322,0,fedavg,peer-present,,aggregation,1.0,federated-global,,20,0.2645341058572133,0.060930961122115455,0,true,false,0.9183130794173611
placebo-robust-replication,322,0,fedavg,placebo,,,,federated-global,,20,0.2710653444131215,0.0608368335912625,0,true,false,0.9127764371978562
placebo-robust-replication,322,0,fedavg,family-absent-everywhere,,,,federated-global,,20,0.2608972166975339,0.06526133666435878,0,true,false,0.9116763777496381
placebo-robust-replication,322,0,fedavg,peer-present,,,,federated-global,,20,0.2645341058572133,0.06547695149978001,0,true,false,0.9198432758913845
placebo-robust-replication,322,0,fedavg,family-absent-everywhere,,aggregation,2.0,federated-global,,20,0.2608972166975339,0.053616498286525406,0,true,false,0.9199459182424589
placebo-robust-replication,323,0,fedavg,family-absent-everywhere,,aggregation,2.0,federated-client,anzhi,40,0.4466603994369507,0.06752560039361317,0,true,false,0.9185256065773713
placebo-robust-replication,323,0,fedavg,peer-present,,aggregation,1.0,federated-client,play-late,40,0.3100918134053548,0.03135471045970917,0,true,false,0.9153170256565947
placebo-robust-replication,323,0,fedavg,peer-present,,,,federated-client,play-late,40,0.3100918134053548,0.024911177655061085,0,true,false,0.9127932256894363
placebo-robust-replication,323,0,fedavg,peer-present,,,,federated-client,anzhi,40,0.43480384349823,0.07891556123892467,0,true,false,0.9127932256894363
placebo-robust-replication,323,0,fedavg,peer-present,,,,federated-client,appchina,40,0.4330900510152181,0.07845830917358398,0,true,false,0.9127932256894363
placebo-robust-replication,323,0,fedavg,family-absent-everywhere,,aggregation,2.0,federated-client,appchina,40,0.44989073276519775,0.050591930747032166,0,true,false,0.9185256065773713
placebo-robust-replication,323,0,fedavg,family-absent-everywhere,,,,federated-client,play-early,40,0.5276004473368326,0.08688125014305115,0,true,false,0.912924148271847
placebo-robust-replication,323,0,fedavg,family-absent-everywhere,,,,federated-client,play-late,40,0.3134042024612427,0.028376673658688862,0,true,false,0.912924148271847
placebo-robust-replication,323,0,fedavg,family-absent-everywhere,,,,federated-client,anzhi,40,0.4466603994369507,0.0834265649318695,0,true,false,0.912924148271847
placebo-robust-replication,323,0,fedavg,family-absent-everywhere,,,,federated-client,appchina,40,0.44989073276519775,0.07232664028803508,0,true,false,0.912924148271847
placebo-robust-replication,323,0,fedavg,family-absent-everywhere,,aggregation,2.0,federated-client,play-late,40,0.3134042024612427,0.029976395269234974,0,true,false,0.9185256065773713
placebo-robust-replication,323,0,fedavg,placebo,,,,federated-client,play-early,40,0.5431790749231974,0.08891764283180237,0,true,false,0.9142454626195528
placebo-robust-replication,323,0,fedavg,placebo,,,,federated-client,play-late,40,0.31818215052286786,0.020276010036468506,0,true,false,0.9142454626195528
placebo-robust-replication,323,0,fedavg,placebo,,,,federated-client,anzhi,40,0.43064796924591064,0.07866794367631276,0,true,false,0.9142454626195528
placebo-robust-replication,323,0,fedavg,placebo,,,,federated-client,appchina,40,0.44805824756622314,0.06542643904685974,0,true,false,0.9142454626195528
placebo-robust-replication,323,0,fedavg,family-absent-everywhere,,aggregation,2.0,federated-client,play-early,40,0.5276004473368326,0.07724388440450032,0,true,false,0.9185256065773713
placebo-robust-replication,323,0,fedavg,peer-present,,aggregation,1.0,federated-client,play-early,40,0.5408913294474283,0.08480288585027058,0,true,false,0.9153170256565947
placebo-robust-replication,323,0,fedavg,peer-present,,,,federated-client,play-early,40,0.5408913294474283,0.08889323472976685,0,true,false,0.9127932256894363
placebo-robust-replication,323,0,fedavg,peer-present,,aggregation,1.0,federated-client,anzhi,40,0.43480384349823,0.07756724953651428,0,true,false,0.9153170256565947
placebo-robust-replication,323,0,fedavg,peer-present,,aggregation,1.0,federated-client,appchina,40,0.4330900510152181,0.07696229219436646,0,true,false,0.9153170256565947
placebo-robust-replication,323,0,fedavg,peer-present,,aggregation,2.0,federated-client,appchina,40,0.4330900510152181,0.06235271692276001,0,true,false,0.9202050278119547
placebo-robust-replication,323,0,fedavg,family-absent-everywhere,,aggregation,1.0,federated-client,play-early,40,0.5276004473368326,0.08363313476244609,0,true,false,0.9152435019551258
placebo-robust-replication,323,0,fedavg,family-absent-everywhere,,aggregation,1.0,federated-client,play-late,40,0.3134042024612427,0.0339129293958346,0,true,false,0.9152435019551258
placebo-robust-replication,323,0,fedavg,family-absent-everywhere,,aggregation,1.0,federated-client,anzhi,40,0.4466603994369507,0.07997414966424306,0,true,false,0.9152435019551258
placebo-robust-replication,323,0,fedavg,family-absent-everywhere,,aggregation,1.0,federated-client,appchina,40,0.44989073276519775,0.06460359692573547,0,true,false,0.9152435019551258
placebo-robust-replication,323,0,fedavg,peer-present,,aggregation,2.0,federated-client,anzhi,40,0.43480384349823,0.06551581621170044,0,true,false,0.9202050278119547
placebo-robust-replication,323,0,fedavg,peer-present,,aggregation,2.0,federated-client,play-early,40,0.5408913294474283,0.07465306917826335,0,true,false,0.9202050278119547
placebo-robust-replication,323,0,fedavg,peer-present,,aggregation,2.0,federated-client,play-late,40,0.3100918134053548,0.03293013572692871,0,true,false,0.9202050278119547
placebo-robust-replication,323,0,fedavg,family-absent-everywhere,,aggregation,1.0,federated-global,,20,0.26375914365053177,0.06553095268706481,0,true,false,0.9152435019551258
placebo-robust-replication,323,0,fedavg,peer-present,,aggregation,1.0,federated-global,,20,0.2567686413725217,0.06767178451021512,0,true,false,0.9153170256565947
placebo-robust-replication,323,0,fedavg,peer-present,,aggregation,2.0,federated-global,,20,0.2567686413725217,0.058862934509913124,0,true,false,0.9202050278119547
placebo-robust-replication,323,0,fedavg,placebo,,,,federated-global,,20,0.2634700760245323,0.06332200889786084,0,true,false,0.9142454626195528
placebo-robust-replication,323,0,fedavg,family-absent-everywhere,,,,federated-global,,20,0.26375914365053177,0.06775278225541115,0,true,false,0.912924148271847
placebo-robust-replication,323,0,fedavg,peer-present,,,,federated-global,,20,0.2567686413725217,0.06779457069933414,0,true,false,0.9127932256894363
placebo-robust-replication,323,0,fedavg,family-absent-everywhere,,aggregation,2.0,federated-global,,20,0.26375914365053177,0.05633445270359516,0,true,false,0.9185256065773713
placebo-robust-replication,324,0,fedavg,peer-present,,aggregation,1.0,federated-client,play-early,40,0.5065125226974487,0.0578178862730662,0,true,false,0.8912023557871191
placebo-robust-replication,324,0,fedavg,family-absent-everywhere,,aggregation,2.0,federated-client,play-late,40,0.31159863869349164,0.03114001949628194,0,true,false,0.8780120633794392
placebo-robust-replication,324,0,fedavg,peer-present,,,,federated-client,anzhi,40,0.40680332978566486,0.08048723638057709,0,true,false,0.8975621068747789
placebo-robust-replication,324,0,fedavg,peer-present,,,,federated-client,appchina,40,0.452459454536438,0.06642766296863556,0,true,false,0.8975621068747789
placebo-robust-replication,324,0,fedavg,family-absent-everywhere,,aggregation,2.0,federated-client,appchina,40,0.44968144098917645,0.05587765077749888,0,true,false,0.8780120633794392
placebo-robust-replication,324,0,fedavg,family-absent-everywhere,,,,federated-client,play-early,40,0.5080764691034952,0.06246247887611389,0,true,false,0.8939355266818981
placebo-robust-replication,324,0,fedavg,family-absent-everywhere,,,,federated-client,play-late,40,0.31159863869349164,0.020945546527703602,0,true,false,0.8939355266818981
placebo-robust-replication,324,0,fedavg,family-absent-everywhere,,,,federated-client,anzhi,40,0.4360719521840413,0.08897917469342549,0,true,false,0.8939355266818981
placebo-robust-replication,324,0,fedavg,family-absent-everywhere,,,,federated-client,appchina,40,0.44968144098917645,0.07677548627058665,0,true,false,0.8939355266818981
placebo-robust-replication,324,0,fedavg,family-absent-everywhere,,aggregation,2.0,federated-client,anzhi,40,0.4360719521840413,0.06802743673324585,0,true,false,0.8780120633794392
placebo-robust-replication,324,0,fedavg,placebo,,,,federated-client,play-early,40,0.5307465394337972,0.06375040610631307,0,true,false,0.8994607943154457
placebo-robust-replication,324,0,fedavg,placebo,,,,federated-client,play-late,40,0.31476298967997235,0.019373182207345963,0,true,false,0.8994607943154457
placebo-robust-replication,324,0,fedavg,placebo,,,,federated-client,anzhi,40,0.43231630325317383,0.07805199424425761,0,true,false,0.8994607943154457
placebo-robust-replication,324,0,fedavg,placebo,,,,federated-client,appchina,40,0.4489438533782959,0.07230654855569203,0,true,false,0.8994607943154457
placebo-robust-replication,324,0,fedavg,peer-present,,,,federated-client,play-late,40,0.297229528427124,0.021128736436367035,0,true,false,0.8975621068747789
placebo-robust-replication,324,0,fedavg,peer-present,,,,federated-client,play-early,40,0.5065125226974487,0.06176420052846273,0,true,false,0.8975621068747789
placebo-robust-replication,324,0,fedavg,peer-present,,aggregation,1.0,federated-client,play-late,40,0.297229528427124,0.025737014909585316,0,true,false,0.8912023557871191
placebo-robust-replication,324,0,fedavg,peer-present,,aggregation,1.0,federated-client,anzhi,40,0.40680332978566486,0.07458020250002544,0,true,false,0.8912023557871191
placebo-robust-replication,324,0,fedavg,peer-present,,aggregation,1.0,federated-client,appchina,40,0.452459454536438,0.06239994863669077,0,true,false,0.8912023557871191
placebo-robust-replication,324,0,fedavg,family-absent-everywhere,,aggregation,2.0,federated-client,play-early,40,0.5080764691034952,0.05901330212752024,0,true,false,0.8780120633794392
placebo-robust-replication,324,0,fedavg,family-absent-everywhere,,aggregation,1.0,federated-client,play-early,40,0.5080764691034952,0.0596497505903244,0,true,false,0.887696142345348
placebo-robust-replication,324,0,fedavg,family-absent-everywhere,,aggregation,1.0,federated-client,play-late,40,0.31159863869349164,0.024409445623556774,0,true,false,0.887696142345348
placebo-robust-replication,324,0,fedavg,family-absent-everywhere,,aggregation,1.0,federated-client,anzhi,40,0.4360719521840413,0.07943081359068553,0,true,false,0.887696142345348
placebo-robust-replication,324,0,fedavg,family-absent-everywhere,,aggregation,1.0,federated-client,appchina,40,0.44968144098917645,0.06528344750404358,0,true,false,0.887696142345348
placebo-robust-replication,324,0,fedavg,peer-present,,aggregation,2.0,federated-client,appchina,40,0.452459454536438,0.0585714727640152,0,true,false,0.8864599144761348
placebo-robust-replication,324,0,fedavg,peer-present,,aggregation,2.0,federated-client,play-early,40,0.5065125226974487,0.06066375474135081,0,true,false,0.8864599144761348
placebo-robust-replication,324,0,fedavg,peer-present,,aggregation,2.0,federated-client,play-late,40,0.297229528427124,0.030078721543153126,0,true,false,0.8864599144761348
placebo-robust-replication,324,0,fedavg,peer-present,,aggregation,2.0,federated-client,anzhi,40,0.40680332978566486,0.06590001781781514,0,true,false,0.8864599144761348
placebo-robust-replication,324,0,fedavg,family-absent-everywhere,,aggregation,1.0,federated-global,,20,0.2530909950534503,0.05719336432715257,0,true,false,0.887696142345348
placebo-robust-replication,324,0,fedavg,peer-present,,aggregation,2.0,federated-global,,20,0.24771402776241302,0.05380349171658357,0,true,false,0.8864599144761348
placebo-robust-replication,324,0,fedavg,peer-present,,aggregation,1.0,federated-global,,20,0.24771402776241302,0.055133763079841934,0,true,false,0.8912023557871191
placebo-robust-replication,324,0,fedavg,placebo,,,,federated-global,,20,0.2502836858232816,0.05837053277840217,0,true,false,0.8994607943154457
placebo-robust-replication,324,0,fedavg,family-absent-everywhere,,,,federated-global,,20,0.2530909950534503,0.06229067159195741,0,true,false,0.8939355266818981
placebo-robust-replication,324,0,fedavg,peer-present,,,,federated-global,,20,0.24771402776241302,0.057451959078510605,0,true,false,0.8975621068747789
placebo-robust-replication,324,0,fedavg,family-absent-everywhere,,aggregation,2.0,federated-global,,20,0.2530909950534503,0.05351460228363673,0,true,false,0.8780120633794392
placebo-robust-replication,325,0,fedavg,family-absent-everywhere,,aggregation,2.0,federated-client,appchina,40,0.46822893619537354,0.053170075019200645,0,true,false,0.922082745413089
placebo-robust-replication,325,0,fedavg,placebo,,,,federated-client,appchina,40,0.4661111831665039,0.07114146649837494,0,true,false,0.9231475972435291
placebo-robust-replication,325,0,fedavg,peer-present,,,,federated-client,anzhi,40,0.45224002997080487,0.07010417679945628,0,true,false,0.9238666621035461
placebo-robust-replication,325,0,fedavg,peer-present,,,,federated-client,appchina,40,0.4572609265645345,0.07214133441448212,0,true,false,0.9238666621035461
placebo-robust-replication,325,0,fedavg,family-absent-everywhere,,aggregation,2.0,federated-client,play-late,40,0.31318938732147217,0.02874604860941569,0,true,false,0.922082745413089
placebo-robust-replication,325,0,fedavg,family-absent-everywhere,,,,federated-client,play-early,40,0.5274791320164999,0.08221963047981262,0,true,false,0.9203350073506988
placebo-robust-replication,325,0,fedavg,family-absent-everywhere,,,,federated-client,play-late,40,0.31318938732147217,0.029255380233128864,0,true,false,0.9203350073506988
placebo-robust-replication,325,0,fedavg,family-absent-everywhere,,,,federated-client,anzhi,40,0.45015716552734375,0.07010243833065033,0,true,false,0.9203350073506988
placebo-robust-replication,325,0,fedavg,family-absent-everywhere,,,,federated-client,appchina,40,0.46822893619537354,0.07503169775009155,0,true,false,0.9203350073506988
placebo-robust-replication,325,0,fedavg,peer-present,,,,federated-client,play-early,40,0.5198977390925089,0.08549042542775472,0,true,false,0.9238666621035461
placebo-robust-replication,325,0,fedavg,placebo,,,,federated-client,play-early,40,0.5507330894470215,0.0773177444934845,0,true,false,0.9231475972435291
placebo-robust-replication,325,0,fedavg,placebo,,,,federated-client,play-late,40,0.31318938732147217,0.029439335068066914,0,true,false,0.9231475972435291
placebo-robust-replication,325,0,fedavg,placebo,,,,federated-client,anzhi,40,0.4447685480117798,0.06695900360743205,0,true,false,0.9231475972435291
placebo-robust-replication,325,0,fedavg,peer-present,,,,federated-client,play-late,40,0.30721890926361084,0.030552131434281666,0,true,false,0.9238666621035461
placebo-robust-replication,325,0,fedavg,family-absent-everywhere,,aggregation,2.0,federated-client,anzhi,40,0.45015716552734375,0.05658181508382162,0,true,false,0.922082745413089
placebo-robust-replication,325,0,fedavg,peer-present,,aggregation,1.0,federated-client,play-early,40,0.5198977390925089,0.0785537709792455,0,true,false,0.9268121966937811
placebo-robust-replication,325,0,fedavg,peer-present,,aggregation,1.0,federated-client,play-late,40,0.30721890926361084,0.029973814884821575,0,true,false,0.9268121966937811
placebo-robust-replication,325,0,fedavg,peer-present,,aggregation,1.0,federated-client,anzhi,40,0.45224002997080487,0.06180606782436371,0,true,false,0.9268121966937811
placebo-robust-replication,325,0,fedavg,peer-present,,aggregation,1.0,federated-client,appchina,40,0.4572609265645345,0.06731724739074707,0,true,false,0.9268121966937811
placebo-robust-replication,325,0,fedavg,family-absent-everywhere,,aggregation,1.0,federated-client,play-early,40,0.5274791320164999,0.07810391982396443,0,true,false,0.9228293655924946
placebo-robust-replication,325,0,fedavg,family-absent-everywhere,,aggregation,1.0,federated-client,play-late,40,0.31318938732147217,0.03028354048728943,0,true,false,0.9228293655924946
placebo-robust-replication,325,0,fedavg,family-absent-everywhere,,aggregation,1.0,federated-client,anzhi,40,0.45015716552734375,0.061429997285207115,0,true,false,0.9228293655924946
placebo-robust-replication,325,0,fedavg,family-absent-everywhere,,aggregation,1.0,federated-client,appchina,40,0.46822893619537354,0.06179196139176687,0,true,false,0.9228293655924946
placebo-robust-replication,325,0,fedavg,peer-present,,aggregation,2.0,federated-client,play-early,40,0.5198977390925089,0.06578171253204346,0,true,false,0.9330373123160282
placebo-robust-replication,325,0,fedavg,peer-present,,aggregation,2.0,federated-client,play-late,40,0.30721890926361084,0.032216429710388184,0,true,false,0.9330373123160282
placebo-robust-replication,325,0,fedavg,peer-present,,aggregation,2.0,federated-client,anzhi,40,0.45224002997080487,0.05668698251247406,0,true,false,0.9330373123160282
placebo-robust-replication,325,0,fedavg,peer-present,,aggregation,2.0,federated-client,appchina,40,0.4572609265645345,0.058749293287595115,0,true,false,0.9330373123160282
placebo-robust-replication,325,0,fedavg,family-absent-everywhere,,aggregation,2.0,federated-client,play-early,40,0.5274791320164999,0.07335097094376881,0,true,false,0.922082745413089
placebo-robust-replication,325,0,fedavg,family-absent-everywhere,,aggregation,2.0,federated-global,,20,0.26931673536698025,0.05296222741405169,0,true,false,0.922082745413089
placebo-robust-replication,325,0,fedavg,peer-present,,aggregation,2.0,federated-global,,20,0.26595426847537357,0.053358604510625206,0,true,false,0.9330373123160282
placebo-robust-replication,325,0,fedavg,peer-present,,aggregation,1.0,federated-global,,20,0.26595426847537357,0.059412725269794464,0,true,false,0.9268121966937811
placebo-robust-replication,325,0,fedavg,family-absent-everywhere,,aggregation,1.0,federated-global,,20,0.26931673536698025,0.05790235474705696,0,true,false,0.9228293655924946
placebo-robust-replication,325,0,fedavg,peer-present,,,,federated-global,,20,0.26595426847537357,0.06457201701899369,0,true,false,0.9238666621035461
placebo-robust-replication,325,0,fedavg,placebo,,,,federated-global,,20,0.26252006739377975,0.0612143874168396,0,true,false,0.9231475972435291
placebo-robust-replication,325,0,fedavg,family-absent-everywhere,,,,federated-global,,20,0.26931673536698025,0.06415228669842084,0,true,false,0.9203350073506988
placebo-robust-replication,326,0,fedavg,family-absent-everywhere,,aggregation,2.0,federated-client,anzhi,40,0.46448612213134766,0.05200281739234924,0,true,false,0.9230312682442197
placebo-robust-replication,326,0,fedavg,family-absent-everywhere,,aggregation,2.0,federated-client,play-early,40,0.5076160430908203,0.05987934271494547,0,true,false,0.9230312682442197
placebo-robust-replication,326,0,fedavg,peer-present,,,,federated-client,anzhi,40,0.4668063322703044,0.06852144002914429,0,true,false,0.9155444327140713
placebo-robust-replication,326,0,fedavg,peer-present,,,,federated-client,appchina,40,0.4679649273554484,0.08443081378936768,0,true,false,0.9155444327140713
placebo-robust-replication,326,0,fedavg,family-absent-everywhere,,,,federated-client,play-early,40,0.5076160430908203,0.07340916494528453,0,true,false,0.9163365356066895
placebo-robust-replication,326,0,fedavg,family-absent-everywhere,,,,federated-client,play-late,40,0.3057781259218852,0.029197432100772858,0,true,false,0.9163365356066895
placebo-robust-replication,326,0,fedavg,peer-present,,,,federated-client,play-late,40,0.29457513491312665,0.028411835432052612,0,true,false,0.9155444327140713
placebo-robust-replication,326,0,fedavg,family-absent-everywhere,,,,federated-client,appchina,40,0.48512744903564453,0.087485005458196,0,true,false,0.9163365356066895
placebo-robust-replication,326,0,fedavg,placebo,,,,federated-client,play-early,40,0.5228975216547648,0.06748160223166148,0,true,false,0.91865090875554
placebo-robust-replication,326,0,fedavg,family-absent-everywhere,,,,federated-client,anzhi,40,0.46448612213134766,0.07220032314459483,0,true,false,0.9163365356066895
placebo-robust-replication,326,0,fedavg,family-absent-everywhere,,aggregation,2.0,federated-client,appchina,40,0.48512744903564453,0.05923308928807577,0,true,false,0.9230312682442197
placebo-robust-replication,326,0,fedavg,placebo,,,,federated-client,play-late,40,0.3136267860730489,0.029812894761562347,0,true,false,0.91865090875554
placebo-robust-replication,326,0,fedavg,placebo,,,,federated-client,anzhi,40,0.46498672167460126,0.06575299302736919,0,true,false,0.91865090875554
placebo-robust-replication,326,0,fedavg,placebo,,,,federated-client,appchina,40,0.48121464252471924,0.0787045806646347,0,true,false,0.91865090875554
placebo-robust-replication,326,0,fedavg,peer-present,,,,federated-client,play-early,40,0.5118217070897421,0.0704438438018163,0,true,false,0.9155444327140713
placebo-robust-replication,326,0,fedavg,peer-present,,aggregation,1.0,federated-client,play-early,40,0.5118217070897421,0.0672796368598938,0,true,false,0.9127819153476772
placebo-robust-replication,326,0,fedavg,peer-present,,aggregation,1.0,federated-client,play-late,40,0.29457513491312665,0.03471921384334564,0,true,false,0.9127819153476772
placebo-robust-replication,326,0,fedavg,peer-present,,aggregation,1.0,federated-client,anzhi,40,0.4668063322703044,0.06196467081705729,0,true,false,0.9127819153476772
placebo-robust-replication,326,0,fedavg,peer-present,,aggregation,1.0,federated-client,appchina,40,0.4679649273554484,0.07658970355987549,0,true,false,0.9127819153476772
placebo-robust-replication,326,0,fedavg,family-absent-everywhere,,aggregation,2.0,federated-client,play-late,40,0.3057781259218852,0.029088839888572693,0,true,false,0.9230312682442197
placebo-robust-replication,326,0,fedavg,family-absent-everywhere,,aggregation,1.0,federated-client,play-early,40,0.5076160430908203,0.07078291475772858,0,true,false,0.913870251572788
placebo-robust-replication,326,0,fedavg,family-absent-everywhere,,aggregation,1.0,federated-client,play-late,40,0.3057781259218852,0.03567541639010111,0,true,false,0.913870251572788
placebo-robust-replication,326,0,fedavg,family-absent-everywhere,,aggregation,1.0,federated-client,anzhi,40,0.46448612213134766,0.06753671169281006,0,true,false,0.913870251572788
placebo-robust-replication,326,0,fedavg,family-absent-everywhere,,aggregation,1.0,federated-client,appchina,40,0.48512744903564453,0.0796927660703659,0,true,false,0.913870251572788
placebo-robust-replication,326,0,fedavg,peer-present,,aggregation,2.0,federated-client,play-early,40,0.5118217070897421,0.06282154719034831,0,true,false,0.9233362095724092
placebo-robust-replication,326,0,fedavg,peer-present,,aggregation,2.0,federated-client,play-late,40,0.29457513491312665,0.026919978360335033,0,true,false,0.9233362095724092
placebo-robust-replication,326,0,fedavg,peer-present,,aggregation,2.0,federated-client,anzhi,40,0.4668063322703044,0.053876166542371116,0,true,false,0.9233362095724092
placebo-robust-replication,326,0,fedavg,peer-present,,aggregation,2.0,federated-client,appchina,40,0.4679649273554484,0.06612855195999146,0,true,false,0.9233362095724092
placebo-robust-replication,326,0,fedavg,peer-present,,,,federated-global,,20,0.24948993076880774,0.06295198326309522,0,true,false,0.9155444327140713
placebo-robust-replication,326,0,fedavg,peer-present,,aggregation,2.0,federated-global,,20,0.24948993076880774,0.052436561013261475,0,true,false,0.9233362095724092
placebo-robust-replication,326,0,fedavg,family-absent-everywhere,,aggregation,1.0,federated-global,,20,0.2563620035847028,0.06342195222775142,0,true,false,0.913870251572788
placebo-robust-replication,326,0,fedavg,family-absent-everywhere,,aggregation,2.0,federated-global,,20,0.2563620035847028,0.050051022320985794,0,true,false,0.9230312682442197
placebo-robust-replication,326,0,fedavg,peer-present,,aggregation,1.0,federated-global,,20,0.24948993076880774,0.06013830627004305,0,true,false,0.9127819153476772
placebo-robust-replication,326,0,fedavg,placebo,,,,federated-global,,20,0.25764793902635574,0.06043801767130693,0,true,false,0.91865090875554
placebo-robust-replication,326,0,fedavg,family-absent-everywhere,,,,federated-global,,20,0.2563620035847028,0.06557298141221206,0,true,false,0.9163365356066895
placebo-robust-replication,327,0,fedavg,placebo,,,,federated-client,play-early,40,0.5348480542500814,0.06823760271072388,0,true,false,0.9139821695701339
placebo-robust-replication,327,0,fedavg,placebo,,,,federated-client,appchina,40,0.4719053904215495,0.06929352879524231,0,true,false,0.9139821695701339
placebo-robust-replication,327,0,fedavg,peer-present,,,,federated-client,anzhi,40,0.45343462626139325,0.0585506409406662,0,true,false,0.9163896189372366
placebo-robust-replication,327,0,fedavg,peer-present,,,,federated-client,appchina,40,0.46935304005940753,0.0806762973467509,0,true,false,0.9163896189372366
placebo-robust-replication,327,0,fedavg,family-absent-everywhere,,aggregation,2.0,federated-client,appchina,40,0.47165624300638836,0.05280683437983195,0,true,false,0.9166037373881939
placebo-robust-replication,327,0,fedavg,peer-present,,,,federated-client,play-early,40,0.5188886721928915,0.07793935636679332,0,true,false,0.9163896189372366
placebo-robust-replication,327,0,fedavg,family-absent-everywhere,,,,federated-client,play-late,40,0.30497244993845624,0.02229829877614975,0,true,false,0.9126775169107167
placebo-robust-replication,327,0,fedavg,family-absent-everywhere,,,,federated-client,anzhi,40,0.457464337348938,0.0632025549809138,0,true,false,0.9126775169107167
placebo-robust-replication,327,0,fedavg,family-absent-everywhere,,,,federated-client,appchina,40,0.47165624300638836,0.07126318911711375,0,true,false,0.9126775169107167
placebo-robust-replication,327,0,fedavg,family-absent-everywhere,,aggregation,2.0,federated-client,anzhi,40,0.457464337348938,0.05317638317743937,0,true,false,0.9166037373881939
placebo-robust-replication,327,0,fedavg,family-absent-everywhere,,aggregation,2.0,federated-client,play-late,40,0.30497244993845624,0.03219325592120489,0,true,false,0.9166037373881939
placebo-robust-replication,327,0,fedavg,placebo,,,,federated-client,play-late,40,0.3339988787968953,0.03314489871263504,0,true,false,0.9139821695701339
placebo-robust-replication,327,0,fedavg,placebo,,,,federated-client,anzhi,40,0.44396519660949707,0.0602537194887797,0,true,false,0.9139821695701339
placebo-robust-replication,327,0,fedavg,peer-present,,,,federated-client,play-late,40,0.30983344713846844,0.022857663532098133,0,true,false,0.9163896189372366
placebo-robust-replication,327,0,fedavg,family-absent-everywhere,,,,federated-client,play-early,40,0.5194441477457682,0.07408364613850911,0,true,false,0.9126775169107167
placebo-robust-replication,327,0,fedavg,peer-present,,aggregation,1.0,federated-client,play-early,40,0.5188886721928915,0.0693295548359553,0,true,false,0.91653496309312
placebo-robust-replication,327,0,fedavg,peer-present,,aggregation,1.0,federated-client,play-late,40,0.30983344713846844,0.02601395547389984,0,true,false,0.91653496309312
placebo-robust-replication,327,0,fedavg,peer-present,,aggregation,1.0,federated-client,anzhi,40,0.45343462626139325,0.0501465896765391,0,true,false,0.91653496309312
placebo-robust-replication,327,0,fedavg,peer-present,,aggregation,1.0,federated-client,appchina,40,0.46935304005940753,0.07294076184431712,0,true,false,0.91653496309312
placebo-robust-replication,327,0,fedavg,family-absent-everywhere,,aggregation,1.0,federated-client,play-early,40,0.5194441477457682,0.06938028335571289,0,true,false,0.9103579255467317
placebo-robust-replication,327,0,fedavg,family-absent-everywhere,,aggregation,1.0,federated-client,play-late,40,0.30497244993845624,0.027250970403353374,0,true,false,0.9103579255467317
placebo-robust-replication,327,0,fedavg,family-absent-everywhere,,aggregation,1.0,federated-client,anzhi,40,0.457464337348938,0.05752818783124288,0,true,false,0.9103579255467317
placebo-robust-replication,327,0,fedavg,family-absent-everywhere,,aggregation,1.0,federated-client,appchina,40,0.47165624300638836,0.06710340579350789,0,true,false,0.9103579255467317
placebo-robust-replication,327,0,fedavg,peer-present,,aggregation,2.0,federated-client,play-early,40,0.5188886721928915,0.06626638273398082,0,true,false,0.9180137878467954
placebo-robust-replication,327,0,fedavg,peer-present,,aggregation,2.0,federated-client,play-late,40,0.30983344713846844,0.027380516131718952,0,true,false,0.9180137878467954
placebo-robust-replication,327,0,fedavg,peer-present,,aggregation,2.0,federated-client,anzhi,40,0.45343462626139325,0.04475768903891245,0,true,false,0.9180137878467954
placebo-robust-replication,327,0,fedavg,peer-present,,aggregation,2.0,federated-client,appchina,40,0.46935304005940753,0.05023164053757986,0,true,false,0.9180137878467954
placebo-robust-replication,327,0,fedavg,family-absent-everywhere,,aggregation,2.0,federated-client,play-early,40,0.5194441477457682,0.06841295460859935,0,true,false,0.9166037373881939
placebo-robust-replication,327,0,fedavg,placebo,,,,federated-global,,20,0.2683988958597183,0.05773243742684523,0,true,false,0.9139821695701339
placebo-robust-replication,327,0,fedavg,peer-present,,aggregation,2.0,federated-global,,20,0.25816598782936734,0.04715905711054802,0,true,false,0.9180137878467954
placebo-robust-replication,327,0,fedavg,peer-present,,aggregation,1.0,federated-global,,20,0.25816598782936734,0.05460771545767784,0,true,false,0.91653496309312
placebo-robust-replication,327,0,fedavg,family-absent-everywhere,,aggregation,1.0,federated-global,,20,0.26222211370865506,0.05531571184595426,0,true,false,0.9103579255467317
placebo-robust-replication,327,0,fedavg,peer-present,,,,federated-global,,20,0.25816598782936734,0.06000598954657713,0,true,false,0.9163896189372366
placebo-robust-replication,327,0,fedavg,family-absent-everywhere,,,,federated-global,,20,0.26222211370865506,0.0577119222531716,0,true,false,0.9126775169107167
placebo-robust-replication,327,0,fedavg,family-absent-everywhere,,aggregation,2.0,federated-global,,20,0.26222211370865506,0.05164735702176889,0,true,false,0.9166037373881939
placebo-robust-replication,328,0,fedavg,family-absent-everywhere,,aggregation,2.0,federated-client,play-late,40,0.2696545720100403,0.024250042935212452,0,true,false,0.9323448370663573
placebo-robust-replication,328,0,fedavg,peer-present,,,,federated-client,play-early,40,0.5022850433985392,0.07078173259894054,0,true,false,0.9230360867167159
placebo-robust-replication,328,0,fedavg,peer-present,,,,federated-client,appchina,40,0.45350126425425213,0.07524331907431285,0,true,false,0.9230360867167159
placebo-robust-replication,328,0,fedavg,family-absent-everywhere,,,,federated-client,play-early,40,0.5029959281285604,0.07637831072012584,0,true,false,0.9168895272212317
placebo-robust-replication,328,0,fedavg,family-absent-everywhere,,,,federated-client,play-late,40,0.2696545720100403,0.01887069766720136,0,true,false,0.9168895272212317
placebo-robust-replication,328,0,fedavg,peer-present,,,,federated-client,play-late,40,0.27334413925806683,0.017078804473082226,0,true,false,0.9230360867167159
placebo-robust-replication,328,0,fedavg,family-absent-everywhere,,aggregation,2.0,federated-client,appchina,40,0.47358425458272296,0.05128008623917898,0,true,false,0.9323448370663573
placebo-robust-replication,328,0,fedavg,family-absent-everywhere,,,,federated-client,anzhi,40,0.45599059263865155,0.06206990281740824,0,true,false,0.9168895272212317
placebo-robust-replication,328,0,fedavg,family-absent-everywhere,,,,federated-client,appchina,40,0.47358425458272296,0.06718362371126811,0,true,false,0.9168895272212317
placebo-robust-replication,328,0,fedavg,family-absent-everywhere,,aggregation,2.0,federated-client,anzhi,40,0.45599059263865155,0.047295957803726196,0,true,false,0.9323448370663573
placebo-robust-replication,328,0,fedavg,placebo,,,,federated-client,play-early,40,0.5170360406239828,0.0807324747244517,0,true,false,0.9221168194937931
placebo-robust-replication,328,0,fedavg,placebo,,,,federated-client,play-late,40,0.27499181032180786,0.015120142449935278,0,true,false,0.9221168194937931
placebo-robust-replication,328,0,fedavg,placebo,,,,federated-client,anzhi,40,0.4369308153788249,0.06117476522922516,0,true,false,0.9221168194937931
placebo-robust-replication,328,0,fedavg,placebo,,,,federated-client,appchina,40,0.4703667163848877,0.06691522399584453,0,true,false,0.9221168194937931
placebo-robust-replication,328,0,fedavg,peer-present,,,,federated-client,anzhi,40,0.44358805815378827,0.05665984253088633,0,true,false,0.9230360867167159
placebo-robust-replication,328,0,fedavg,peer-present,,aggregation,1.0,federated-client,play-early,40,0.5022850433985392,0.06831060349941254,0,true,false,0.9265137500849239
placebo-robust-replication,328,0,fedavg,peer-present,,aggregation,1.0,federated-client,play-late,40,0.27334413925806683,0.020374150325854618,0,true,false,0.9265137500849239
placebo-robust-replication,328,0,fedavg,peer-present,,aggregation,1.0,federated-client,anzhi,40,0.44358805815378827,0.04924464225769043,0,true,false,0.9265137500849239
placebo-robust-replication,328,0,fedavg,peer-present,,aggregation,1.0,federated-client,appchina,40,0.45350126425425213,0.06876352429389954,0,true,false,0.9265137500849239
placebo-robust-replication,328,0,fedavg,family-absent-everywhere,,aggregation,2.0,federated-client,play-early,40,0.5029959281285604,0.06877078612645467,0,true,false,0.9323448370663573
placebo-robust-replication,328,0,fedavg,family-absent-everywhere,,aggregation,1.0,federated-client,play-early,40,0.5029959281285604,0.07500511407852173,0,true,false,0.921781562829661
placebo-robust-replication,328,0,fedavg,family-absent-everywhere,,aggregation,1.0,federated-client,play-late,40,0.2696545720100403,0.019132339706023533,0,true,false,0.921781562829661
placebo-robust-replication,328,0,fedavg,family-absent-everywhere,,aggregation,1.0,federated-client,anzhi,40,0.45599059263865155,0.05620046456654867,0,true,false,0.921781562829661
placebo-robust-replication,328,0,fedavg,family-absent-everywhere,,aggregation,1.0,federated-client,appchina,40,0.47358425458272296,0.06050779422124227,0,true,false,0.921781562829661
placebo-robust-replication,328,0,fedavg,peer-present,,aggregation,2.0,federated-client,appchina,40,0.45350126425425213,0.05490503708521525,0,true,false,0.9371474232551836
placebo-robust-replication,328,0,fedavg,peer-present,,aggregation,2.0,federated-client,play-early,40,0.5022850433985392,0.06243773798147837,0,true,false,0.9371474232551836
placebo-robust-replication,328,0,fedavg,peer-present,,aggregation,2.0,federated-client,play-late,40,0.27334413925806683,0.02720332642396291,0,true,false,0.9371474232551836
placebo-robust-replication,328,0,fedavg,peer-present,,aggregation,2.0,federated-client,anzhi,40,0.44358805815378827,0.04163924604654312,0,true,false,0.9371474232551836
placebo-robust-replication,328,0,fedavg,peer-present,,,,federated-global,,20,0.23651980857054392,0.05494092466930548,0,true,false,0.9230360867167159
placebo-robust-replication,328,0,fedavg,peer-present,,aggregation,2.0,federated-global,,20,0.23651980857054392,0.04654633688429991,0,true,false,0.9371474232551836
placebo-robust-replication,328,0,fedavg,peer-present,,aggregation,1.0,federated-global,,20,0.23651980857054392,0.05167323009421428,0,true,false,0.9265137500849239
placebo-robust-replication,328,0,fedavg,placebo,,,,federated-global,,20,0.24854265650113425,0.05598565159986416,0,true,false,0.9221168194937931
placebo-robust-replication,328,0,fedavg,family-absent-everywhere,,,,federated-global,,20,0.2534881259004275,0.05612563372900089,0,true,false,0.9168895272212317
placebo-robust-replication,328,0,fedavg,family-absent-everywhere,,aggregation,1.0,federated-global,,20,0.2534881259004275,0.05271142814308405,0,true,false,0.921781562829661
placebo-robust-replication,328,0,fedavg,family-absent-everywhere,,aggregation,2.0,federated-global,,20,0.2534881259004275,0.047899218276143074,0,true,false,0.9323448370663573
placebo-robust-replication,329,0,fedavg,family-absent-everywhere,,aggregation,2.0,federated-client,appchina,40,0.46272242069244385,0.055186773339907326,0,true,false,0.9137373382565728
placebo-robust-replication,329,0,fedavg,placebo,,,,federated-client,appchina,40,0.465248982111613,0.06926180919011433,0,true,false,0.901289871235791
placebo-robust-replication,329,0,fedavg,peer-present,,,,federated-client,anzhi,40,0.4458037217458089,0.054266273975372314,0,true,false,0.9145526332322871
placebo-robust-replication,329,0,fedavg,peer-present,,,,federated-client,appchina,40,0.46687360604604083,0.08468629916508992,0,true,false,0.9145526332322871
placebo-robust-replication,329,0,fedavg,family-absent-everywhere,,aggregation,2.0,federated-client,play-late,40,0.2953568696975708,0.03063930074373881,0,true,false,0.9137373382565728
placebo-robust-replication,329,0,fedavg,family-absent-everywhere,,,,federated-client,play-early,40,0.5082081158955892,0.0668375293413798,0,true,false,0.8995769035571026
placebo-robust-replication,329,0,fedavg,family-absent-everywhere,,,,federated-client,play-late,40,0.2953568696975708,0.026051732401053112,0,true,false,0.8995769035571026
placebo-robust-replication,329,0,fedavg,family-absent-everywhere,,,,federated-client,anzhi,40,0.46381505330403644,0.060568725069363914,0,true,false,0.8995769035571026
placebo-robust-replication,329,0,fedavg,family-absent-everywhere,,,,federated-client,appchina,40,0.46272242069244385,0.07323772211869557,0,true,false,0.8995769035571026
placebo-robust-replication,329,0,fedavg,peer-present,,,,federated-client,play-early,40,0.5164849758148193,0.05953227480252584,0,true,false,0.9145526332322871
placebo-robust-replication,329,0,fedavg,placebo,,,,federated-client,play-early,40,0.5292901595433553,0.06687969466050465,0,true,false,0.901289871235791
placebo-robust-replication,329,0,fedavg,placebo,,,,federated-client,play-late,40,0.32256301244099933,0.027227409183979034,0,true,false,0.901289871235791
placebo-robust-replication,329,0,fedavg,placebo,,,,federated-client,anzhi,40,0.4628140926361084,0.05707443257172903,0,true,false,0.901289871235791
placebo-robust-replication,329,0,fedavg,peer-present,,,,federated-client,play-late,40,0.293903112411499,0.029099856813748676,0,true,false,0.9145526332322871
placebo-robust-replication,329,0,fedavg,family-absent-everywhere,,aggregation,2.0,federated-client,anzhi,40,0.46381505330403644,0.05061024924119314,0,true,false,0.9137373382565728
placebo-robust-replication,329,0,fedavg,peer-present,,aggregation,1.0,federated-client,play-early,40,0.5164849758148193,0.056864206989606224,0,true,false,0.9143602517233168
placebo-robust-replication,329,0,fedavg,peer-present,,aggregation,1.0,federated-client,play-late,40,0.293903112411499,0.031010779241720837,0,true,false,0.9143602517233168
placebo-robust-replication,329,0,fedavg,peer-present,,aggregation,1.0,federated-client,anzhi,40,0.4458037217458089,0.047563448548316956,0,true,false,0.9143602517233168
placebo-robust-replication,329,0,fedavg,peer-present,,aggregation,1.0,federated-client,appchina,40,0.46687360604604083,0.08441316088040669,0,true,false,0.9143602517233168
placebo-robust-replication,329,0,fedavg,family-absent-everywhere,,aggregation,1.0,federated-client,play-early,40,0.5082081158955892,0.061593656738599144,0,true,false,0.9020402368981003
placebo-robust-replication,329,0,fedavg,family-absent-everywhere,,aggregation,1.0,federated-client,play-late,40,0.2953568696975708,0.026807628571987152,0,true,false,0.9020402368981003
placebo-robust-replication,329,0,fedavg,family-absent-everywhere,,aggregation,1.0,federated-client,anzhi,40,0.46381505330403644,0.05537068843841553,0,true,false,0.9020402368981003
placebo-robust-replication,329,0,fedavg,family-absent-everywhere,,aggregation,1.0,federated-client,appchina,40,0.46272242069244385,0.07062782347202301,0,true,false,0.9020402368981003
placebo-robust-replication,329,0,fedavg,peer-present,,aggregation,2.0,federated-client,play-early,40,0.5164849758148193,0.05141103764375051,0,true,false,0.921649277434486
placebo-robust-replication,329,0,fedavg,peer-present,,aggregation,2.0,federated-client,play-late,40,0.293903112411499,0.03441717972358068,0,true,false,0.921649277434486
placebo-robust-replication,329,0,fedavg,peer-present,,aggregation,2.0,federated-client,anzhi,40,0.4458037217458089,0.043583919604619346,0,true,false,0.921649277434486
placebo-robust-replication,329,0,fedavg,peer-present,,aggregation,2.0,federated-client,appchina,40,0.46687360604604083,0.06343008081118266,0,true,false,0.921649277434486
placebo-robust-replication,329,0,fedavg,family-absent-everywhere,,aggregation,2.0,federated-client,play-early,40,0.5082081158955892,0.057683661580085754,0,true,false,0.9137373382565728
placebo-robust-replication,329,0,fedavg,family-absent-everywhere,,aggregation,2.0,federated-global,,20,0.26062928636868793,0.048529996226231255,0,true,false,0.9137373382565728
placebo-robust-replication,329,0,fedavg,peer-present,,aggregation,2.0,federated-global,,20,0.24912916123867035,0.048210554445783295,0,true,false,0.921649277434486
placebo-robust-replication,329,0,fedavg,peer-present,,aggregation,1.0,federated-global,,20,0.24912916123867035,0.05496289891501268,0,true,false,0.9143602517233168
placebo-robust-replication,329,0,fedavg,family-absent-everywhere,,aggregation,1.0,federated-global,,20,0.26062928636868793,0.05359994930525621,0,true,false,0.9020402368981003
placebo-robust-replication,329,0,fedavg,peer-present,,,,federated-global,,20,0.24912916123867035,0.05689617618918419,0,true,false,0.9145526332322871
placebo-robust-replication,329,0,fedavg,placebo,,,,federated-global,,20,0.26227759569883347,0.055110836401581764,0,true,false,0.901289871235791
placebo-robust-replication,329,0,fedavg,family-absent-everywhere,,,,federated-global,,20,0.26062928636868793,0.0566739272326231,0,true,false,0.8995769035571026
representation-r0,330,0,central,peer-present,,,,scorer,,20,0.31401258833864903,0.029648169558098975,0,true,false,0.9235273288310791
representation-r0,330,0,central,full-exposure,,,,scorer,,20,0.3147818991478453,0.031025881462908807,0,true,false,0.923713537975174
representation-r0,330,0,central,family-absent-everywhere,,,,scorer,,20,0.2991233988011137,0.030852939220184974,0,true,false,0.9004960557235693
representation-r0,330,0,fedavg,full-exposure,,,,federated-client,appchina,40,0.4480460484822591,0.07484491169452667,0,true,false,0.9180293683676514
representation-r0,330,0,fedavg,full-exposure,,,,federated-client,anzhi,40,0.4686330159505208,0.06995061536629994,0,true,false,0.9180293683676514
representation-r0,330,0,fedavg,full-exposure,,,,federated-client,play-late,40,0.3191438515981038,0.025288184483846027,0,true,false,0.9180293683676514
representation-r0,330,0,fedavg,peer-present,,,,federated-client,play-early,40,0.538754383722941,0.06838434934616089,0,true,false,0.9163657724537174
representation-r0,330,0,fedavg,peer-present,,,,federated-client,play-late,40,0.3208904067675273,0.03108461449543635,0,true,false,0.9163657724537174
representation-r0,330,0,fedavg,peer-present,,,,federated-client,anzhi,40,0.4744813044865926,0.0675672988096873,0,true,false,0.9163657724537174
representation-r0,330,0,fedavg,peer-present,,,,federated-client,appchina,40,0.44687314828236896,0.0785875270764033,0,true,false,0.9163657724537174
representation-r0,330,0,fedavg,full-exposure,,,,federated-client,play-early,40,0.5276817878087362,0.06657419602076213,0,true,false,0.9180293683676514
representation-r0,330,0,fedavg,family-absent-everywhere,,,,federated-client,play-early,40,0.4967164595921834,0.05996891359488169,0,true,false,0.8934987768964803
representation-r0,330,0,fedavg,family-absent-everywhere,,,,federated-client,play-late,40,0.29088220993677777,0.02451405922571818,0,true,false,0.8934987768964803
representation-r0,330,0,fedavg,family-absent-everywhere,,,,federated-client,anzhi,40,0.4829995632171631,0.08044523497422536,0,true,false,0.8934987768964803
representation-r0,330,0,fedavg,family-absent-everywhere,,,,federated-client,appchina,40,0.45600847403208417,0.07824727396170299,0,true,false,0.8934987768964803
representation-r0,330,0,fedavg,family-absent-everywhere,,,,federated-global,,20,0.25160370022058487,0.06079387043913206,0,true,false,0.8934987768964803
representation-r0,330,0,fedavg,peer-present,,,,federated-global,,20,0.2690661201874415,0.06140594743192196,0,true,false,0.9163657724537174
representation-r0,330,0,fedavg,full-exposure,,,,federated-global,,20,0.26413651804129284,0.059164476891358696,0,true,false,0.9180293683676514
representation-r0,330,0,local,peer-present,,,,scorer,play-early,10,0.5237063964207967,0.08391870061556499,0,true,false,0.9255156059501427
representation-r0,330,0,local,peer-present,,,,scorer,appchina,10,0.4576597213745117,0.10750655333201091,0,true,false,0.9255156059501427
representation-r0,330,0,local,peer-present,,,,scorer,anzhi,10,0.5137548844019572,0.10184177756309509,0,true,false,0.9255156059501427
representation-r0,330,0,local,peer-present,,,,scorer,play-late,10,0.276513675848643,0.0394872377316157,0,true,false,0.9255156059501427
representation-r0,331,0,central,peer-present,,,,scorer,,20,0.28859371834612907,0.028939992823499315,0,true,false,0.9271045348149691
representation-r0,331,0,central,full-exposure,,,,scorer,,20,0.29315416863624083,0.026775788753590685,0,true,false,0.9279788149704656
representation-r0,331,0,central,family-absent-everywhere,,,,scorer,,20,0.29088004091952707,0.027741787281442196,0,true,false,0.9122214799811497
representation-r0,331,0,fedavg,peer-present,,,,federated-client,appchina,40,0.46895984808603924,0.0682816207408905,0,true,false,0.9185366506910299
representation-r0,331,0,fedavg,full-exposure,,,,federated-client,anzhi,40,0.47710410753885907,0.06174377600351969,0,true,false,0.9191012297430419
representation-r0,331,0,fedavg,peer-present,,,,federated-client,play-early,40,0.507709264755249,0.08195661008358002,0,true,false,0.9185366506910299
representation-r0,331,0,fedavg,peer-present,,,,federated-client,play-late,40,0.2857048511505127,0.024044429262479145,0,true,false,0.9185366506910299
representation-r0,331,0,fedavg,peer-present,,,,federated-client,anzhi,40,0.47733545303344727,0.06429826219876607,0,true,false,0.9185366506910299
representation-r0,331,0,fedavg,full-exposure,,,,federated-client,appchina,40,0.4598466157913208,0.06379354000091553,0,true,false,0.9191012297430419
representation-r0,331,0,fedavg,full-exposure,,,,federated-client,play-late,40,0.3028764526049296,0.026109620928764343,0,true,false,0.9191012297430419
representation-r0,331,0,fedavg,full-exposure,,,,federated-client,play-early,40,0.5159492890040079,0.07943030695120494,0,true,false,0.9191012297430419
representation-r0,331,0,fedavg,family-absent-everywhere,,,,federated-client,play-early,40,0.49248913923899335,0.0756637950738271,0,true,false,0.9004486603537782
representation-r0,331,0,fedavg,family-absent-everywhere,,,,federated-client,play-late,40,0.29690277576446533,0.025088523825009663,0,true,false,0.9004486603537782
representation-r0,331,0,fedavg,family-absent-everywhere,,,,federated-client,anzhi,40,0.4941933552424113,0.07973591983318329,0,true,false,0.9004486603537782
representation-r0,331,0,fedavg,family-absent-everywhere,,,,federated-client,appchina,40,0.4577790101369222,0.07224155465761821,0,true,false,0.9004486603537782
representation-r0,331,0,fedavg,family-absent-everywhere,,,,federated-global,,20,0.25715526938438416,0.06318244834740956,0,true,false,0.9004486603537782
representation-r0,331,0,fedavg,peer-present,,,,federated-global,,20,0.260466031730175,0.05964523057142893,0,true,false,0.9185366506910299
representation-r0,331,0,fedavg,full-exposure,,,,federated-global,,20,0.26416406283775967,0.05776931097110113,0,true,false,0.9191012297430419
representation-r0,331,0,local,peer-present,,,,scorer,play-late,10,0.2898581027984619,0.04105874399344126,0,true,false,0.9282786700857918
representation-r0,331,0,local,peer-present,,,,scorer,anzhi,10,0.4719396432240804,0.094323068857193,0,true,false,0.9282786700857918
representation-r0,331,0,local,peer-present,,,,scorer,play-early,10,0.5283066829045614,0.10106158256530762,0,true,false,0.9282786700857918
representation-r0,331,0,local,peer-present,,,,scorer,appchina,10,0.44370508193969727,0.10022717714309692,0,true,false,0.9282786700857918
representation-r0,332,0,central,peer-present,,,,scorer,,20,0.3072897728453291,0.03082628199394713,0,true,false,0.9325455159171255
representation-r0,332,0,central,full-exposure,,,,scorer,,20,0.30614637821278673,0.032739413545486776,0,true,false,0.9333487768614478
representation-r0,332,0,central,family-absent-everywhere,,,,scorer,,20,0.2971900574704434,0.03282341297636641,0,true,false,0.9208286971743598
representation-r0,332,0,fedavg,family-absent-everywhere,,,,federated-client,play-late,40,0.28704126675923664,0.032123600443204246,0,true,false,0.9065290014302523
representation-r0,332,0,fedavg,full-exposure,,,,federated-client,anzhi,40,0.45353806018829346,0.06888217230637868,0,true,false,0.9226425717328132
representation-r0,332,0,fedavg,peer-present,,,,federated-client,play-early,40,0.5226679642995199,0.0940786103407542,0,true,false,0.919871685824185
representation-r0,332,0,fedavg,peer-present,,,,federated-client,play-late,40,0.29088421662648517,0.02655403067668279,0,true,false,0.919871685824185
representation-r0,332,0,fedavg,peer-present,,,,federated-client,anzhi,40,0.4643484354019165,0.08475338419278462,0,true,false,0.919871685824185
representation-r0,332,0,fedavg,peer-present,,,,federated-client,appchina,40,0.45785001913706463,0.08401557803153992,0,true,false,0.919871685824185
representation-r0,332,0,fedavg,full-exposure,,,,federated-client,appchina,40,0.4474258025487264,0.08712758620580037,0,true,false,0.9226425717328132
representation-r0,332,0,fedavg,full-exposure,,,,federated-client,play-late,40,0.3024771412213643,0.029603781799475353,0,true,false,0.9226425717328132
representation-r0,332,0,fedavg,family-absent-everywhere,,,,federated-client,play-early,40,0.5138912598292033,0.0875446895758311,0,true,false,0.9065290014302523
representation-r0,332,0,fedavg,full-exposure,,,,federated-client,play-early,40,0.521553635597229,0.08859264850616455,0,true,false,0.9226425717328132
representation-r0,332,0,fedavg,family-absent-everywhere,,,,federated-client,anzhi,40,0.4674774805704753,0.08763923247655232,0,true,false,0.9065290014302523
representation-r0,332,0,fedavg,family-absent-everywhere,,,,federated-client,appchina,40,0.4434034029642741,0.08575971921284993,0,true,false,0.9065290014302523
representation-r0,332,0,fedavg,family-absent-everywhere,,,,federated-global,,20,0.2547313968340556,0.0732668104271094,0,true,false,0.9065290014302523
representation-r0,332,0,fedavg,peer-present,,,,federated-global,,20,0.26680627713600796,0.07235040081044038,0,true,false,0.919871685824185
representation-r0,332,0,fedavg,full-exposure,,,,federated-global,,20,0.26356832931439084,0.06855154720445474,0,true,false,0.9226425717328132
representation-r0,332,0,local,peer-present,,,,scorer,play-late,10,0.2771640419960022,0.039546060065428414,0,true,false,0.9301710521617341
representation-r0,332,0,local,peer-present,,,,scorer,anzhi,10,0.48410387833913165,0.12088439861933391,0,true,false,0.9301710521617341
representation-r0,332,0,local,peer-present,,,,scorer,play-early,10,0.5214964946111044,0.09668718775113423,0,true,false,0.9301710521617341
representation-r0,332,0,local,peer-present,,,,scorer,appchina,10,0.4742187261581421,0.11648202935854594,0,true,false,0.9301710521617341
representation-r0,333,0,central,full-exposure,,,,scorer,,20,0.29935305169288146,0.03019399845853765,0,true,false,0.942228874939837
representation-r0,333,0,central,family-absent-everywhere,,,,scorer,,20,0.28907197587033534,0.02943127966941671,0,true,false,0.9302221377082501
representation-r0,333,0,central,peer-present,,,,scorer,,20,0.29662282416161073,0.029904624249072784,0,true,false,0.9423968778532066
representation-r0,333,0,fedavg,peer-present,,,,federated-client,play-early,40,0.5424393018086752,0.0827450156211853,0,true,false,0.9306543982602898
representation-r0,333,0,fedavg,full-exposure,,,,federated-client,anzhi,40,0.44764530658721924,0.06908590098222096,0,true,false,0.9322239551015654
representation-r0,333,0,fedavg,peer-present,,,,federated-client,anzhi,40,0.44764530658721924,0.06708285212516785,0,true,false,0.9306543982602898
representation-r0,333,0,fedavg,peer-present,,,,federated-client,appchina,40,0.4432865381240845,0.07928357521692912,0,true,false,0.9306543982602898
representation-r0,333,0,fedavg,peer-present,,,,federated-client,play-late,40,0.3256746331850688,0.025661153097947437,0,true,false,0.9306543982602898
representation-r0,333,0,fedavg,full-exposure,,,,federated-client,appchina,40,0.44557778040568036,0.07777086397012074,0,true,false,0.9322239551015654
representation-r0,333,0,fedavg,full-exposure,,,,federated-client,play-late,40,0.3256746331850688,0.025341307123502094,0,true,false,0.9322239551015654
representation-r0,333,0,fedavg,full-exposure,,,,federated-client,play-early,40,0.5423040787378947,0.08436266581217448,0,true,false,0.9322239551015654
representation-r0,333,0,fedavg,family-absent-everywhere,,,,federated-client,play-early,40,0.5213709672292074,0.0779027243455251,0,true,false,0.9123673593612507
representation-r0,333,0,fedavg,family-absent-everywhere,,,,federated-client,play-late,40,0.2971879442532857,0.028334719439347584,0,true,false,0.9123673593612507
representation-r0,333,0,fedavg,family-absent-everywhere,,,,federated-client,anzhi,40,0.46463894844055176,0.08896971742312114,0,true,false,0.9123673593612507
representation-r0,333,0,fedavg,family-absent-everywhere,,,,federated-client,appchina,40,0.43644460042317706,0.08634074529012044,0,true,false,0.9123673593612507
representation-r0,333,0,fedavg,family-absent-everywhere,,,,federated-global,,20,0.2526524141430855,0.07038697662452857,0,true,false,0.9123673593612507
representation-r0,333,0,fedavg,full-exposure,,,,federated-global,,20,0.2625868966182073,0.06414018447200458,0,true,false,0.9322239551015654
representation-r0,333,0,fedavg,peer-present,,,,federated-global,,20,0.2618106206258138,0.06369314901530743,0,true,false,0.9306543982602898
representation-r0,333,0,local,peer-present,,,,scorer,play-late,10,0.30485184987386066,0.044344305992126465,0,true,false,0.9447436995095645
representation-r0,333,0,local,peer-present,,,,scorer,play-early,10,0.535215695699056,0.08856539924939473,0,true,false,0.9447436995095645
representation-r0,333,0,local,peer-present,,,,scorer,anzhi,10,0.4550640980402629,0.10013192892074585,0,true,false,0.9447436995095645
representation-r0,333,0,local,peer-present,,,,scorer,appchina,10,0.46722157796223956,0.10804094870885213,0,true,false,0.9447436995095645
representation-r0,334,0,central,family-absent-everywhere,,,,scorer,,20,0.2978328948325299,0.030714486507659264,0,true,false,0.9165216179452055
representation-r0,334,0,central,full-exposure,,,,scorer,,20,0.30399135833090923,0.03376855495128226,0,true,false,0.9274639390076221
representation-r0,334,0,central,peer-present,,,,scorer,,20,0.2988953691847781,0.030028185945876102,0,true,false,0.9261042864174707
representation-r0,334,0,fedavg,family-absent-everywhere,,,,federated-client,play-late,40,0.33348242441813153,0.04242994884649912,0,true,false,0.9137654530634194
representation-r0,334,0,fedavg,family-absent-everywhere,,,,federated-client,appchina,40,0.44574522972106934,0.07255866130193074,0,true,false,0.9137654530634194
representation-r0,334,0,fedavg,full-exposure,,,,federated-client,appchina,40,0.45572372277577716,0.08153138061364491,0,true,false,0.925666986879634
representation-r0,334,0,fedavg,peer-present,,,,federated-client,play-early,40,0.5477156241734823,0.08331440885861714,0,true,false,0.9239366347389305
representation-r0,334,0,fedavg,peer-present,,,,federated-client,play-late,40,0.36360418796539307,0.04561421275138855,0,true,false,0.9239366347389305
representation-r0,334,0,fedavg,peer-present,,,,federated-client,anzhi,40,0.4540640115737915,0.05821076532204946,0,true,false,0.9239366347389305
representation-r0,334,0,fedavg,peer-present,,,,federated-client,appchina,40,0.44638041655222577,0.08252083261807759,0,true,false,0.9239366347389305
representation-r0,334,0,fedavg,full-exposure,,,,federated-client,anzhi,40,0.4540640115737915,0.05730032920837402,0,true,false,0.925666986879634
representation-r0,334,0,fedavg,family-absent-everywhere,,,,federated-client,play-early,40,0.5401533047358195,0.07844930390516917,0,true,false,0.9137654530634194
representation-r0,334,0,fedavg,full-exposure,,,,federated-client,play-late,40,0.36360418796539307,0.04640129705270132,0,true,false,0.925666986879634
representation-r0,334,0,fedavg,family-absent-everywhere,,,,federated-client,anzhi,40,0.4830707311630249,0.07563075919946034,0,true,false,0.9137654530634194
representation-r0,334,0,fedavg,full-exposure,,,,federated-client,play-early,40,0.5513497591018677,0.08187177777290344,0,true,false,0.925666986879634
representation-r0,334,0,fedavg,family-absent-everywhere,,,,federated-global,,20,0.26264042655626935,0.06726716831326485,0,true,false,0.9137654530634194
representation-r0,334,0,fedavg,peer-present,,,,federated-global,,20,0.2707727899154027,0.06741505488753319,0,true,false,0.9239366347389305
representation-r0,334,0,fedavg,full-exposure,,,,federated-global,,20,0.27432966729005176,0.06677619616190593,0,true,false,0.925666986879634
representation-r0,334,0,local,peer-present,,,,scorer,play-early,10,0.5414977868398031,0.09525611003239949,0,true,false,0.9299920749533735
representation-r0,334,0,local,peer-present,,,,scorer,anzhi,10,0.4746467669804891,0.09172425667444865,0,true,false,0.9299920749533735
representation-r0,334,0,local,peer-present,,,,scorer,appchina,10,0.46767111619313556,0.10138158996899922,0,true,false,0.9299920749533735
representation-r0,334,0,local,peer-present,,,,scorer,play-late,10,0.3015509049097697,0.05425518254439036,0,true,false,0.9299920749533735
representation-r0,335,0,central,family-absent-everywhere,,,,scorer,,20,0.2864453336025806,0.0290795513924132,0,true,false,0.9206962459673705
representation-r0,335,0,central,full-exposure,,,,scorer,,20,0.2975076715996925,0.027406687432147088,0,true,false,0.9302958664366795
representation-r0,335,0,central,peer-present,,,,scorer,,20,0.2909537376241481,0.028586331834184363,0,true,false,0.9261725326483704
representation-r0,335,0,fedavg,full-exposure,,,,federated-client,appchina,40,0.4696405331293742,0.07217018802960713,0,true,false,0.9158415750237808
representation-r0,335,0,fedavg,full-exposure,,,,federated-client,anzhi,40,0.496044397354126,0.06158168613910675,0,true,false,0.9158415750237808
representation-r0,335,0,fedavg,peer-present,,,,federated-client,play-early,40,0.5177643696467081,0.07839178542296092,0,true,false,0.9119957423399018
representation-r0,335,0,fedavg,peer-present,,,,federated-client,play-late,40,0.2959815462430318,0.02736145754655202,0,true,false,0.9119957423399018
representation-r0,335,0,fedavg,peer-present,,,,federated-client,anzhi,40,0.4983530839284261,0.06148686011632284,0,true,false,0.9119957423399018
representation-r0,335,0,fedavg,peer-present,,,,federated-client,appchina,40,0.4736136198043823,0.06851619482040405,0,true,false,0.9119957423399018
representation-r0,335,0,fedavg,family-absent-everywhere,,,,federated-client,play-early,40,0.48788225650787354,0.07556990285714467,0,true,false,0.899550587790429
representation-r0,335,0,fedavg,family-absent-everywhere,,,,federated-client,play-late,40,0.27849284807840985,0.028736223777135212,0,true,false,0.899550587790429
representation-r0,335,0,fedavg,family-absent-everywhere,,,,federated-client,anzhi,40,0.5192602475484213,0.0761264016230901,0,true,false,0.899550587790429
representation-r0,335,0,fedavg,family-absent-everywhere,,,,federated-client,appchina,40,0.4701079527537028,0.07085373500982921,0,true,false,0.899550587790429
representation-r0,335,0,fedavg,full-exposure,,,,federated-client,play-early,40,0.5177643696467081,0.0796537051598231,0,true,false,0.9158415750237808
representation-r0,335,0,fedavg,full-exposure,,,,federated-client,play-late,40,0.2931117018063863,0.02861744413773219,0,true,false,0.9158415750237808
representation-r0,335,0,fedavg,full-exposure,,,,federated-global,,20,0.26820143808921176,0.06050575586656729,0,true,false,0.9158415750237808
representation-r0,335,0,fedavg,peer-present,,,,federated-global,,20,0.2656205544869105,0.05893907447655996,0,true,false,0.9119957423399018
representation-r0,335,0,fedavg,family-absent-everywhere,,,,federated-global,,20,0.2568336178859075,0.0628215658167998,0,true,false,0.899550587790429
representation-r0,335,0,local,peer-present,,,,scorer,play-late,10,0.2777661085128784,0.042773221929868065,0,true,false,0.9267969130074626
representation-r0,335,0,local,peer-present,,,,scorer,appchina,10,0.46172908941904706,0.09894958138465881,0,true,false,0.9267969130074626
representation-r0,335,0,local,peer-present,,,,scorer,anzhi,10,0.510685404141744,0.09334420164426167,0,true,false,0.9267969130074626
representation-r0,335,0,local,peer-present,,,,scorer,play-early,10,0.4904159704844157,0.09473581115404765,0,true,false,0.9267969130074626
representation-r0,336,0,central,peer-present,,,,scorer,,20,0.30911334017489817,0.030328068327396474,0,true,false,0.9280217421193752
representation-r0,336,0,central,full-exposure,,,,scorer,,20,0.31213255131498296,0.03313862262888158,0,true,false,0.9205532815814664
representation-r0,336,0,central,family-absent-everywhere,,,,scorer,,20,0.3070795383859188,0.03045642629582831,0,true,false,0.9081972572762501
representation-r0,336,0,fedavg,peer-present,,,,federated-client,anzhi,40,0.47029630343119305,0.06421175599098206,0,true,false,0.9144657463507722
representation-r0,336,0,fedavg,peer-present,,,,federated-client,play-early,40,0.5268775622049967,0.07461106777191162,0,true,false,0.9144657463507722
representation-r0,336,0,fedavg,peer-present,,,,federated-client,play-late,40,0.30166059732437134,0.02468665937582652,0,true,false,0.9144657463507722
representation-r0,336,0,fedavg,full-exposure,,,,federated-client,play-late,40,0.30166059732437134,0.023588642477989197,0,true,false,0.9181092445984366
representation-r0,336,0,fedavg,peer-present,,,,federated-client,appchina,40,0.4520259698232015,0.07415073116620381,0,true,false,0.9144657463507722
representation-r0,336,0,fedavg,full-exposure,,,,federated-client,appchina,40,0.4600924650828044,0.07840095460414886,0,true,false,0.9181092445984366
representation-r0,336,0,fedavg,family-absent-everywhere,,,,federated-client,play-early,40,0.49374647935231525,0.06935019294420879,0,true,false,0.9022154085016921
representation-r0,336,0,fedavg,family-absent-everywhere,,,,federated-client,play-late,40,0.2843799988428752,0.023676268756389618,0,true,false,0.9022154085016921
representation-r0,336,0,fedavg,family-absent-everywhere,,,,federated-client,anzhi,40,0.4814430872599284,0.07581456502278645,0,true,false,0.9022154085016921
representation-r0,336,0,fedavg,family-absent-everywhere,,,,federated-client,appchina,40,0.45934756596883136,0.07370506227016449,0,true,false,0.9022154085016921
representation-r0,336,0,fedavg,full-exposure,,,,federated-client,anzhi,40,0.4703670342763265,0.06362070639928182,0,true,false,0.9181092445984366
representation-r0,336,0,fedavg,full-exposure,,,,federated-client,play-early,40,0.5198537508646647,0.07759638130664825,0,true,false,0.9181092445984366
representation-r0,336,0,fedavg,full-exposure,,,,federated-global,,20,0.2602795362472534,0.060801671197017036,0,true,false,0.9181092445984366
representation-r0,336,0,fedavg,peer-present,,,,federated-global,,20,0.25793621440728504,0.059415053576231,0,true,false,0.9144657463507722
representation-r0,336,0,fedavg,family-absent-everywhere,,,,federated-global,,20,0.2474135880668958,0.06063652224838734,0,true,false,0.9022154085016921
representation-r0,336,0,local,peer-present,,,,scorer,play-early,10,0.5360838174819946,0.08337854345639546,0,true,false,0.9190703529265815
representation-r0,336,0,local,peer-present,,,,scorer,anzhi,10,0.473871390024821,0.09801022211710612,0,true,false,0.9190703529265815
representation-r0,336,0,local,peer-present,,,,scorer,appchina,10,0.44265055656433105,0.10805468757947286,0,true,false,0.9190703529265815
representation-r0,336,0,local,peer-present,,,,scorer,play-late,10,0.2935786247253418,0.04182921350002289,0,true,false,0.9190703529265815
representation-r0,337,0,central,peer-present,,,,scorer,,20,0.29766366836872504,0.03458792351661844,0,true,false,0.8993132728300542
representation-r0,337,0,central,full-exposure,,,,scorer,,20,0.3012094294771235,0.03381619808521676,0,true,false,0.9020776201948116
representation-r0,337,0,central,family-absent-everywhere,,,,scorer,,20,0.29122360716474816,0.034401056614327935,0,true,false,0.8982464006887318
representation-r0,337,0,fedavg,full-exposure,,,,federated-client,play-early,40,0.4808410008748372,0.08765055735905965,0,true,false,0.8992538344977649
representation-r0,337,0,fedavg,full-exposure,,,,federated-client,anzhi,40,0.46574389934539795,0.08421725034713745,0,true,false,0.8992538344977649
representation-r0,337,0,fedavg,peer-present,,,,federated-client,play-early,40,0.45690441131591797,0.09343682726224263,0,true,false,0.909560782550022
representation-r0,337,0,fedavg,peer-present,,,,federated-client,play-late,40,0.2982260386149089,0.037271998822689056,0,true,false,0.909560782550022
representation-r0,337,0,fedavg,peer-present,,,,federated-client,anzhi,40,0.4768649737040202,0.08903903762499492,0,true,false,0.909560782550022
representation-r0,337,0,fedavg,peer-present,,,,federated-client,appchina,40,0.4666152397791545,0.09205502271652222,0,true,false,0.909560782550022
representation-r0,337,0,fedavg,full-exposure,,,,federated-client,appchina,40,0.4670930703481038,0.08636018633842468,0,true,false,0.8992538344977649
representation-r0,337,0,fedavg,full-exposure,,,,federated-client,play-late,40,0.2982260386149089,0.03472000857194265,0,true,false,0.8992538344977649
representation-r0,337,0,fedavg,family-absent-everywhere,,,,federated-client,play-early,40,0.4541352192560832,0.07417423029740651,0,true,false,0.9049108358815471
representation-r0,337,0,fedavg,family-absent-everywhere,,,,federated-client,play-late,40,0.2783905665079753,0.032907036443551384,0,true,false,0.9049108358815471
representation-r0,337,0,fedavg,family-absent-everywhere,,,,federated-client,anzhi,40,0.486442764600118,0.09711340069770813,0,true,false,0.9049108358815471
representation-r0,337,0,fedavg,family-absent-everywhere,,,,federated-client,appchina,40,0.46133402983347577,0.09040691455205281,0,true,false,0.9049108358815471
representation-r0,337,0,fedavg,family-absent-everywhere,,,,federated-global,,20,0.2557477553685506,0.07365039549767971,0,true,false,0.9049108358815471
representation-r0,337,0,fedavg,peer-present,,,,federated-global,,20,0.26184594879547757,0.0779507216066122,0,true,false,0.909560782550022
representation-r0,337,0,fedavg,full-exposure,,,,federated-global,,20,0.2666393642624219,0.07323700065414111,0,true,false,0.8992538344977649
representation-r0,337,0,local,peer-present,,,,scorer,anzhi,10,0.45086149374643963,0.11897070209185283,0,true,false,0.9170378743878574
representation-r0,337,0,local,peer-present,,,,scorer,play-late,10,0.3181614279747009,0.04843008021513621,0,true,false,0.9170378743878574
representation-r0,337,0,local,peer-present,,,,scorer,play-early,10,0.47105594476064044,0.09939387440681458,0,true,false,0.9170378743878574
representation-r0,337,0,local,peer-present,,,,scorer,appchina,10,0.47187431653340656,0.11451250314712524,0,true,false,0.9170378743878574
representation-r0,338,0,central,peer-present,,,,scorer,,20,0.2990795500735019,0.027420076918094716,0,true,false,0.9273505336334019
representation-r0,338,0,central,full-exposure,,,,scorer,,20,0.3007276413288522,0.026877540223141934,0,true,false,0.9261036108417114
representation-r0,338,0,central,family-absent-everywhere,,,,scorer,,20,0.2896360032101895,0.027278278736357995,0,true,false,0.9152004596358175
representation-r0,338,0,fedavg,full-exposure,,,,federated-client,play-late,40,0.2727661728858948,0.017779886722564697,0,true,false,0.914621335523869
representation-r0,338,0,fedavg,peer-present,,,,federated-client,play-early,40,0.5098327000935873,0.06401107211907704,0,true,false,0.9135397248012124
representation-r0,338,0,fedavg,peer-present,,,,federated-client,play-late,40,0.2727661728858948,0.017060711979866028,0,true,false,0.9135397248012124
representation-r0,338,0,fedavg,peer-present,,,,federated-client,anzhi,40,0.49605321884155273,0.06891306241353352,0,true,false,0.9135397248012124
representation-r0,338,0,fedavg,peer-present,,,,federated-client,appchina,40,0.4755106369654338,0.08855071663856506,0,true,false,0.9135397248012124
representation-r0,338,0,fedavg,full-exposure,,,,federated-client,anzhi,40,0.49167052904764813,0.06905977427959442,0,true,false,0.914621335523869
representation-r0,338,0,fedavg,family-absent-everywhere,,,,federated-client,play-early,40,0.4836433331171672,0.05841752886772156,0,true,false,0.8999426830351602
representation-r0,338,0,fedavg,family-absent-everywhere,,,,federated-client,play-late,40,0.2555115222930908,0.021036038796106975,0,true,false,0.8999426830351602
representation-r0,338,0,fedavg,family-absent-everywhere,,,,federated-client,anzhi,40,0.5019859472910563,0.08121624092260997,0,true,false,0.8999426830351602
representation-r0,338,0,fedavg,family-absent-everywhere,,,,federated-client,appchina,40,0.48096370697021484,0.09024325013160706,0,true,false,0.8999426830351602
representation-r0,338,0,fedavg,full-exposure,,,,federated-client,appchina,40,0.46664106845855713,0.09236782789230347,0,true,false,0.914621335523869
representation-r0,338,0,fedavg,full-exposure,,,,federated-client,play-early,40,0.5093722740809122,0.06161317229270935,0,true,false,0.914621335523869
representation-r0,338,0,fedavg,full-exposure,,,,federated-global,,20,0.26535407950480777,0.060205165296792984,0,true,false,0.914621335523869
representation-r0,338,0,fedavg,peer-present,,,,federated-global,,20,0.2672771041591962,0.059633890787760414,0,true,false,0.9135397248012124
representation-r0,338,0,fedavg,family-absent-everywhere,,,,federated-global,,20,0.25543147573868435,0.06272826467951138,0,true,false,0.8999426830351602
representation-r0,338,0,local,peer-present,,,,scorer,play-early,10,0.5153668721516927,0.08458595474561055,0,true,false,0.9246240768720466
representation-r0,338,0,local,peer-present,,,,scorer,anzhi,10,0.4808223644892375,0.09378672639528911,0,true,false,0.9246240768720466
representation-r0,338,0,local,peer-present,,,,scorer,appchina,10,0.4796367883682251,0.11813776691754659,0,true,false,0.9246240768720466
representation-r0,338,0,local,peer-present,,,,scorer,play-late,10,0.2933506965637207,0.03636826078097025,0,true,false,0.9246240768720466
representation-r0,339,0,central,family-absent-everywhere,,,,scorer,,20,0.3018649486785239,0.028979910180923787,0,true,false,0.9163804588273926
representation-r0,339,0,central,full-exposure,,,,scorer,,20,0.3096657205135264,0.03119777111296958,0,true,false,0.9233200060869331
representation-r0,339,0,central,peer-present,,,,scorer,,20,0.31215401913257357,0.03001478631445702,0,true,false,0.9245486880094017
representation-r0,339,0,fedavg,family-absent-everywhere,,,,federated-client,play-early,40,0.507830540339152,0.07321770985921223,0,true,false,0.9063842413045958
representation-r0,339,0,fedavg,family-absent-everywhere,,,,federated-client,appchina,40,0.47129229704538983,0.0804826021194458,0,true,false,0.9063842413045958
representation-r0,339,0,fedavg,full-exposure,,,,federated-client,appchina,40,0.4700113534927368,0.08324099083741505,0,true,false,0.9231659798096805
representation-r0,339,0,fedavg,peer-present,,,,federated-client,play-early,40,0.5186711947123209,0.07512132326761882,0,true,false,0.9202431583197738
representation-r0,339,0,fedavg,peer-present,,,,federated-client,play-late,40,0.29944918553034466,0.025633287926514942,0,true,false,0.9202431583197738
representation-r0,339,0,fedavg,peer-present,,,,federated-client,anzhi,40,0.5031887292861938,0.08044100801150005,0,true,false,0.9202431583197738
representation-r0,339,0,fedavg,peer-present,,,,federated-client,appchina,40,0.48068904876708984,0.07969782253106435,0,true,false,0.9202431583197738
representation-r0,339,0,fedavg,full-exposure,,,,federated-client,anzhi,40,0.4902973572413127,0.06402157247066498,0,true,false,0.9231659798096805
representation-r0,339,0,fedavg,full-exposure,,,,federated-client,play-late,40,0.30884156624476117,0.02745005985101064,0,true,false,0.9231659798096805
representation-r0,339,0,fedavg,family-absent-everywhere,,,,federated-client,play-late,40,0.30087826649347943,0.028759680688381195,0,true,false,0.9063842413045958
representation-r0,339,0,fedavg,family-absent-everywhere,,,,federated-client,anzhi,40,0.5045163631439209,0.08497474590937297,0,true,false,0.9063842413045958
representation-r0,339,0,fedavg,full-exposure,,,,federated-client,play-early,40,0.5273759762446085,0.07963690161705017,0,true,false,0.9231659798096805
representation-r0,339,0,fedavg,family-absent-everywhere,,,,federated-global,,20,0.2650741785764694,0.06685868464410305,0,true,false,0.9063842413045958
representation-r0,339,0,fedavg,peer-present,,,,federated-global,,20,0.27500053246816,0.06522336043417454,0,true,false,0.9202431583197738
representation-r0,339,0,fedavg,full-exposure,,,,federated-global,,20,0.27092642337083817,0.06358738119403522,0,true,false,0.9231659798096805
representation-r0,339,0,local,peer-present,,,,scorer,play-early,10,0.5375615358352661,0.09027945001920064,0,true,false,0.928256437762547
representation-r0,339,0,local,peer-present,,,,scorer,anzhi,10,0.5200804869333903,0.1084844966729482,0,true,false,0.928256437762547
representation-r0,339,0,local,peer-present,,,,scorer,appchina,10,0.4775830904642741,0.11172311504681905,0,true,false,0.928256437762547
representation-r0,339,0,local,peer-present,,,,scorer,play-late,10,0.3139554460843404,0.047262350718180336,0,true,false,0.928256437762547
representation-r1,330,0,central,peer-present,,,,scorer,,20,0.3099571187445458,0.025335162243944533,0,true,false,0.9151917196396132
representation-r1,330,0,central,full-exposure,,,,scorer,,20,0.3104719405478619,0.026736163078470432,0,true,false,0.9139811886682742
representation-r1,330,0,central,family-absent-everywhere,,,,scorer,,20,0.2973584722965322,0.02764922507265781,0,true,false,0.8722324001203811
representation-r1,330,0,fedavg,full-exposure,,,,federated-client,play-early,40,0.5204343398412069,0.07163052757581075,0,true,false,0.9126272047601552
representation-r1,330,0,fedavg,full-exposure,,,,federated-client,anzhi,40,0.46373116970062256,0.06854337950547536,0,true,false,0.9126272047601552
representation-r1,330,0,fedavg,peer-present,,,,federated-client,play-early,40,0.5350662072499593,0.07349705199400584,0,true,false,0.9117787866264413
representation-r1,330,0,fedavg,peer-present,,,,federated-client,play-late,40,0.3460962375005086,0.035276301205158234,0,true,false,0.9117787866264413
representation-r1,330,0,fedavg,peer-present,,,,federated-client,anzhi,40,0.47004540761311847,0.06417856117089589,0,true,false,0.9117787866264413
representation-r1,330,0,fedavg,peer-present,,,,federated-client,appchina,40,0.45264633496602374,0.05774310231208801,0,true,false,0.9117787866264413
representation-r1,330,0,fedavg,full-exposure,,,,federated-client,appchina,40,0.45302613576253253,0.05864673852920532,0,true,false,0.9126272047601552
representation-r1,330,0,fedavg,full-exposure,,,,federated-client,play-late,40,0.34304579099019367,0.03606359660625458,0,true,false,0.9126272047601552
representation-r1,330,0,fedavg,family-absent-everywhere,,,,federated-client,play-early,40,0.4931286573410034,0.06514676908651988,0,true,false,0.8767967637823055
representation-r1,330,0,fedavg,family-absent-everywhere,,,,federated-client,play-late,40,0.31726598739624023,0.03336982677380244,0,true,false,0.8767967637823055
representation-r1,330,0,fedavg,family-absent-everywhere,,,,federated-client,anzhi,40,0.4795231819152832,0.06970750292142232,0,true,false,0.8767967637823055
representation-r1,330,0,fedavg,family-absent-everywhere,,,,federated-client,appchina,40,0.4649118979771932,0.05694933235645294,0,true,false,0.8767967637823055
representation-r1,330,0,fedavg,family-absent-everywhere,,,,federated-global,,20,0.2415984943509102,0.05629335778454939,0,true,false,0.8767967637823055
representation-r1,330,0,fedavg,peer-present,,,,federated-global,,20,0.2588246613740921,0.057673754170536995,0,true,false,0.9117787866264413
representation-r1,330,0,fedavg,full-exposure,,,,federated-global,,20,0.2547302693128586,0.0587210605541865,0,true,false,0.9126272047601552
representation-r1,330,0,local,peer-present,,,,scorer,anzhi,10,0.4971613883972168,0.08925817410151164,0,true,false,0.9169131760586423
representation-r1,330,0,local,peer-present,,,,scorer,play-late,10,0.3240434130032857,0.05401843289534251,0,true,false,0.9169131760586423
representation-r1,330,0,local,peer-present,,,,scorer,play-early,10,0.5127985080083212,0.08259725073973338,0,true,false,0.9169131760586423
representation-r1,330,0,local,peer-present,,,,scorer,appchina,10,0.48321831226348877,0.06935148437817891,0,true,false,0.9169131760586423
representation-r1,331,0,central,peer-present,,,,scorer,,20,0.2938547540218272,0.026754247381332072,0,true,false,0.9257407407079378
representation-r1,331,0,central,full-exposure,,,,scorer,,20,0.3028430735811274,0.024493778005559394,0,true,false,0.9257919426285275
representation-r1,331,0,central,family-absent-everywhere,,,,scorer,,20,0.2955898325493995,0.027810096740722656,0,true,false,0.8978795699901602
representation-r1,331,0,fedavg,family-absent-everywhere,,,,federated-client,play-early,40,0.5039445559183756,0.0749221642812093,0,true,false,0.8879606872010015
representation-r1,331,0,fedavg,full-exposure,,,,federated-client,appchina,40,0.48840558528900146,0.06159115334351858,0,true,false,0.9088273229563529
representation-r1,331,0,fedavg,peer-present,,,,federated-client,play-early,40,0.5207326412200928,0.08382844924926758,0,true,false,0.9074843485593368
representation-r1,331,0,fedavg,peer-present,,,,federated-client,play-late,40,0.31160078446070355,0.03536170721054077,0,true,false,0.9074843485593368
representation-r1,331,0,fedavg,peer-present,,,,federated-client,anzhi,40,0.4882820049921672,0.0590924471616745,0,true,false,0.9074843485593368
representation-r1,331,0,fedavg,peer-present,,,,federated-client,appchina,40,0.49561019738515216,0.055889959136645,0,true,false,0.9074843485593368
representation-r1,331,0,fedavg,family-absent-everywhere,,,,federated-client,anzhi,40,0.5099511941274008,0.07792819539705913,0,true,false,0.8879606872010015
representation-r1,331,0,fedavg,full-exposure,,,,federated-client,anzhi,40,0.4871148665746053,0.05929514765739441,0,true,false,0.9088273229563529
representation-r1,331,0,fedavg,full-exposure,,,,federated-client,play-late,40,0.32944116989771527,0.03942767530679703,0,true,false,0.9088273229563529
representation-r1,331,0,fedavg,family-absent-everywhere,,,,federated-client,play-late,40,0.3202718098958333,0.03395546724398931,0,true,false,0.8879606872010015
representation-r1,331,0,fedavg,full-exposure,,,,federated-client,play-early,40,0.5215466419855753,0.08026096721490224,0,true,false,0.9088273229563529
representation-r1,331,0,fedavg,family-absent-everywhere,,,,federated-client,appchina,40,0.4931476910909017,0.06677529712518056,0,true,false,0.8879606872010015
representation-r1,331,0,fedavg,family-absent-everywhere,,,,federated-global,,20,0.25478224953015643,0.06339528101185958,0,true,false,0.8879606872010015
representation-r1,331,0,fedavg,peer-present,,,,federated-global,,20,0.25726180771986645,0.05854314068953196,0,true,false,0.9074843485593368
representation-r1,331,0,fedavg,full-exposure,,,,federated-global,,20,0.25969428817431134,0.06014373588065306,0,true,false,0.9088273229563529
representation-r1,331,0,local,peer-present,,,,scorer,appchina,10,0.4565492073694865,0.06499516467253368,0,true,false,0.9224798636460981
representation-r1,331,0,local,peer-present,,,,scorer,play-early,10,0.5329425732294718,0.0899529755115509,0,true,false,0.9224798636460981
representation-r1,331,0,local,peer-present,,,,scorer,play-late,10,0.3214391867319743,0.054309616486231484,0,true,false,0.9224798636460981
representation-r1,331,0,local,peer-present,,,,scorer,anzhi,10,0.4787887732187907,0.07279421389102936,0,true,false,0.9224798636460981
representation-r1,332,0,central,full-exposure,,,,scorer,,20,0.297990027894365,0.029216738457375383,0,true,false,0.921083644927895
representation-r1,332,0,central,peer-present,,,,scorer,,20,0.30232340224245763,0.028612058213416565,0,true,false,0.9221695895488636
representation-r1,332,0,central,family-absent-everywhere,,,,scorer,,20,0.2942217968879862,0.029318867845738186,0,true,false,0.8951225616918391
representation-r1,332,0,fedavg,full-exposure,,,,federated-client,anzhi,40,0.4926900466283162,0.07234606146812439,0,true,false,0.9163307853629122
representation-r1,332,0,fedavg,full-exposure,,,,federated-client,appchina,40,0.48313454786936444,0.0679943064848582,0,true,false,0.9163307853629122
representation-r1,332,0,fedavg,full-exposure,,,,federated-client,play-late,40,0.28832918405532837,0.03949439525604248,0,true,false,0.9163307853629122
representation-r1,332,0,fedavg,peer-present,,,,federated-client,play-early,40,0.4926174481709798,0.07468436161677043,0,true,false,0.9086023571194652
representation-r1,332,0,fedavg,peer-present,,,,federated-client,play-late,40,0.27857810258865356,0.0355855921904246,0,true,false,0.9086023571194652
representation-r1,332,0,fedavg,peer-present,,,,federated-client,anzhi,40,0.4986115296681722,0.07820577422777812,0,true,false,0.9086023571194652
representation-r1,332,0,fedavg,peer-present,,,,federated-client,appchina,40,0.4990918238957723,0.0639487753311793,0,true,false,0.9086023571194652
representation-r1,332,0,fedavg,full-exposure,,,,federated-client,play-early,40,0.49402372042338055,0.07859007020791371,0,true,false,0.9163307853629122
representation-r1,332,0,fedavg,family-absent-everywhere,,,,federated-client,play-early,40,0.47924594084421795,0.06833623349666595,0,true,false,0.888240113981445
representation-r1,332,0,fedavg,family-absent-everywhere,,,,federated-client,play-late,40,0.27532025178273517,0.041977246602376304,0,true,false,0.888240113981445
representation-r1,332,0,fedavg,family-absent-everywhere,,,,federated-client,anzhi,40,0.5000731150309244,0.08645035823186238,0,true,false,0.888240113981445
representation-r1,332,0,fedavg,family-absent-everywhere,,,,federated-client,appchina,40,0.483841339747111,0.06702570120493571,0,true,false,0.888240113981445
representation-r1,332,0,fedavg,full-exposure,,,,federated-global,,20,0.2502230033278465,0.0646062083542347,0,true,false,0.9163307853629122
representation-r1,332,0,fedavg,family-absent-everywhere,,,,federated-global,,20,0.24059091756741205,0.06594738488396008,0,true,false,0.888240113981445
representation-r1,332,0,fedavg,peer-present,,,,federated-global,,20,0.2517474616567294,0.06310612584153812,0,true,false,0.9086023571194652
representation-r1,332,0,local,peer-present,,,,scorer,anzhi,10,0.45948012669881183,0.08194145063559215,0,true,false,0.9222616365724937
representation-r1,332,0,local,peer-present,,,,scorer,appchina,10,0.4849009911219279,0.06627694269021352,0,true,false,0.9222616365724937
representation-r1,332,0,local,peer-present,,,,scorer,play-late,10,0.312882403532664,0.05172351002693176,0,true,false,0.9222616365724937
representation-r1,332,0,local,peer-present,,,,scorer,play-early,10,0.5244407256444296,0.10157145063082378,0,true,false,0.9222616365724937
representation-r1,333,0,central,family-absent-everywhere,,,,scorer,,20,0.29774953963908746,0.026962374119048425,0,true,false,0.9162096190366918
representation-r1,333,0,central,peer-present,,,,scorer,,20,0.3017873358219228,0.02639215296887337,0,true,false,0.9334076143157204
representation-r1,333,0,central,full-exposure,,,,scorer,,20,0.3017839878163439,0.029005966287978153,0,true,false,0.9379015038584436
representation-r1,333,0,fedavg,family-absent-everywhere,,,,federated-client,play-early,40,0.5196309487024943,0.07635604341824849,0,true,false,0.9022824513309556
representation-r1,333,0,fedavg,full-exposure,,,,federated-client,anzhi,40,0.49234453837076825,0.07441882292429607,0,true,false,0.9229868637700873
representation-r1,333,0,fedavg,peer-present,,,,federated-client,appchina,40,0.499902606010437,0.06019333998362223,0,true,false,0.919818909937673
representation-r1,333,0,fedavg,peer-present,,,,federated-client,play-late,40,0.33684579531351727,0.04147660732269287,0,true,false,0.919818909937673
representation-r1,333,0,fedavg,full-exposure,,,,federated-client,appchina,40,0.5014522473017374,0.0647294173638026,0,true,false,0.9229868637700873
representation-r1,333,0,fedavg,peer-present,,,,federated-client,anzhi,40,0.49234453837076825,0.07156217098236084,0,true,false,0.919818909937673
representation-r1,333,0,fedavg,full-exposure,,,,federated-client,play-late,40,0.33684579531351727,0.039500631392002106,0,true,false,0.9229868637700873
representation-r1,333,0,fedavg,full-exposure,,,,federated-client,play-early,40,0.5360252857208252,0.08458331227302551,0,true,false,0.9229868637700873
representation-r1,333,0,fedavg,peer-present,,,,federated-client,play-early,40,0.5372604926427206,0.08446058630943298,0,true,false,0.919818909937673
representation-r1,333,0,fedavg,family-absent-everywhere,,,,federated-client,play-late,40,0.30887619654337567,0.04379898806413015,0,true,false,0.9022824513309556
representation-r1,333,0,fedavg,family-absent-everywhere,,,,federated-client,anzhi,40,0.5155866940816244,0.09064808487892151,0,true,false,0.9022824513309556
representation-r1,333,0,fedavg,family-absent-everywhere,,,,federated-client,appchina,40,0.49885034561157227,0.06011008222897848,0,true,false,0.9022824513309556
representation-r1,333,0,fedavg,family-absent-everywhere,,,,federated-global,,20,0.25446242839097977,0.06772829964756966,0,true,false,0.9022824513309556
representation-r1,333,0,fedavg,peer-present,,,,federated-global,,20,0.2681038777033488,0.06442317614952724,0,true,false,0.919818909937673
representation-r1,333,0,fedavg,full-exposure,,,,federated-global,,20,0.2678178499142329,0.06580804598828156,0,true,false,0.9229868637700873
representation-r1,333,0,local,peer-present,,,,scorer,appchina,10,0.4953373273213704,0.07125604152679443,0,true,false,0.9333669103676844
representation-r1,333,0,local,peer-present,,,,scorer,anzhi,10,0.44863784313201904,0.07487545410792033,0,true,false,0.9333669103676844
representation-r1,333,0,local,peer-present,,,,scorer,play-late,10,0.32249319553375244,0.06486476461092631,0,true,false,0.9333669103676844
representation-r1,333,0,local,peer-present,,,,scorer,play-early,10,0.5444056193033854,0.09278690814971924,0,true,false,0.9333669103676844
representation-r1,334,0,central,family-absent-everywhere,,,,scorer,,20,0.3007260586353058,0.028998821339708693,0,true,false,0.8943368026196912
representation-r1,334,0,central,peer-present,,,,scorer,,20,0.3026582028003449,0.029286584955580692,0,true,false,0.9249214056412475
representation-r1,334,0,central,full-exposure,,,,scorer,,20,0.3086262966724152,0.029759713943968428,0,true,false,0.927698700645767
representation-r1,334,0,fedavg,full-exposure,,,,federated-client,play-early,40,0.5283662875493368,0.07824902733167012,0,true,false,0.9213078716569753
representation-r1,334,0,fedavg,family-absent-everywhere,,,,federated-client,anzhi,40,0.48361659049987793,0.0644706388314565,0,true,false,0.9008683118663005
representation-r1,334,0,fedavg,full-exposure,,,,federated-client,appchina,40,0.46634475390116376,0.049590165416399636,0,true,false,0.9213078716569753
representation-r1,334,0,fedavg,full-exposure,,,,federated-client,anzhi,40,0.4554099241892497,0.05475122729937235,0,true,false,0.9213078716569753
representation-r1,334,0,fedavg,peer-present,,,,federated-client,play-early,40,0.5225150187810262,0.07434212664763133,0,true,false,0.9195262815850783
representation-r1,334,0,fedavg,peer-present,,,,federated-client,play-late,40,0.34968288739522296,0.05544432004292806,0,true,false,0.9195262815850783
representation-r1,334,0,fedavg,peer-present,,,,federated-client,anzhi,40,0.4554099241892497,0.05567713578542074,0,true,false,0.9195262815850783
representation-r1,334,0,fedavg,peer-present,,,,federated-client,appchina,40,0.4548933506011963,0.05070076882839203,0,true,false,0.9195262815850783
representation-r1,334,0,fedavg,full-exposure,,,,federated-client,play-late,40,0.34968288739522296,0.054710845152537026,0,true,false,0.9213078716569753
representation-r1,334,0,fedavg,family-absent-everywhere,,,,federated-client,play-early,40,0.5158010323842367,0.07052018741766612,0,true,false,0.9008683118663005
representation-r1,334,0,fedavg,family-absent-everywhere,,,,federated-client,play-late,40,0.32112465302149457,0.04769188662370046,0,true,false,0.9008683118663005
representation-r1,334,0,fedavg,family-absent-everywhere,,,,federated-client,appchina,40,0.4561040798823039,0.04733134309450785,0,true,false,0.9008683118663005
representation-r1,334,0,fedavg,family-absent-everywhere,,,,federated-global,,20,0.24556888888279596,0.05750351399183273,0,true,false,0.9008683118663005
representation-r1,334,0,fedavg,peer-present,,,,federated-global,,20,0.25522978603839874,0.05904108782609304,0,true,false,0.9195262815850783
representation-r1,334,0,fedavg,full-exposure,,,,federated-global,,20,0.2558539609114329,0.05932531629999479,0,true,false,0.9213078716569753
representation-r1,334,0,local,peer-present,,,,scorer,play-late,10,0.3604554732640584,0.07396844029426575,0,true,false,0.9277075023525226
representation-r1,334,0,local,peer-present,,,,scorer,play-early,10,0.5376213391621908,0.09097358584403992,0,true,false,0.9277075023525226
representation-r1,334,0,local,peer-present,,,,scorer,appchina,10,0.46620726585388184,0.05385790765285492,0,true,false,0.9277075023525226
representation-r1,334,0,local,peer-present,,,,scorer,anzhi,10,0.46480250358581543,0.06731859346230824,0,true,false,0.9277075023525226
representation-r1,335,0,central,full-exposure,,,,scorer,,20,0.30343124714303527,0.026252657809156053,0,true,false,0.9238548918783097
representation-r1,335,0,central,family-absent-everywhere,,,,scorer,,20,0.29880085397273937,0.026913300473639306,0,true,false,0.8893942956759401
representation-r1,335,0,central,peer-present,,,,scorer,,20,0.2976538678433033,0.02669446772717415,0,true,false,0.9235889701119774
representation-r1,335,0,fedavg,peer-present,,,,federated-client,appchina,40,0.4877697229385376,0.05513220032056173,0,true,false,0.9125993094732304
representation-r1,335,0,fedavg,full-exposure,,,,federated-client,appchina,40,0.484603484471639,0.05504728356997172,0,true,false,0.9160304035894303
representation-r1,335,0,fedavg,full-exposure,,,,federated-client,anzhi,40,0.4977385600407918,0.0550579180320104,0,true,false,0.9160304035894303
representation-r1,335,0,fedavg,peer-present,,,,federated-client,play-early,40,0.5119314988454183,0.07447169224421184,0,true,false,0.9125993094732304
representation-r1,335,0,fedavg,peer-present,,,,federated-client,play-late,40,0.32108930746714276,0.04198978841304779,0,true,false,0.9125993094732304
representation-r1,335,0,fedavg,peer-present,,,,federated-client,anzhi,40,0.5017422040303549,0.057509670654932656,0,true,false,0.9125993094732304
representation-r1,335,0,fedavg,full-exposure,,,,federated-client,play-late,40,0.3177965482076009,0.03957860668500265,0,true,false,0.9160304035894303
representation-r1,335,0,fedavg,full-exposure,,,,federated-client,play-early,40,0.5119314988454183,0.07713132599989574,0,true,false,0.9160304035894303
representation-r1,335,0,fedavg,family-absent-everywhere,,,,federated-client,play-early,40,0.4853801329930623,0.07376814881960551,0,true,false,0.8920877741247101
representation-r1,335,0,fedavg,family-absent-everywhere,,,,federated-client,play-late,40,0.3032754460970561,0.03891420861085256,0,true,false,0.8920877741247101
representation-r1,335,0,fedavg,family-absent-everywhere,,,,federated-client,anzhi,40,0.5210535923639933,0.06627977887789409,0,true,false,0.8920877741247101
representation-r1,335,0,fedavg,family-absent-everywhere,,,,federated-client,appchina,40,0.48558322588602704,0.058553213874499,0,true,false,0.8920877741247101
representation-r1,335,0,fedavg,family-absent-everywhere,,,,federated-global,,20,0.24905669937531152,0.05937883754571279,0,true,false,0.8920877741247101
representation-r1,335,0,fedavg,peer-present,,,,federated-global,,20,0.2543182869752248,0.0572758379081885,0,true,false,0.9125993094732304
representation-r1,335,0,fedavg,full-exposure,,,,federated-global,,20,0.2574743330478668,0.05670378357172012,0,true,false,0.9160304035894303
representation-r1,335,0,local,peer-present,,,,scorer,play-late,10,0.3202303846677144,0.05201027790705363,0,true,false,0.9218005360809484
representation-r1,335,0,local,peer-present,,,,scorer,appchina,10,0.46665414174397785,0.06334912776947021,0,true,false,0.9218005360809484
representation-r1,335,0,local,peer-present,,,,scorer,anzhi,10,0.46657371520996094,0.07258778313795726,0,true,false,0.9218005360809484
representation-r1,335,0,local,peer-present,,,,scorer,play-early,10,0.5187271436055502,0.09284069140752156,0,true,false,0.9218005360809484
representation-r1,336,0,central,full-exposure,,,,scorer,,20,0.30210470645985704,0.029785833460219364,0,true,false,0.9178940117324563
representation-r1,336,0,central,family-absent-everywhere,,,,scorer,,20,0.2949031667506441,0.028368683571511125,0,true,false,0.8914776704213959
representation-r1,336,0,central,peer-present,,,,scorer,,20,0.29874239576623796,0.026402465840603444,0,true,false,0.9194262588204963
representation-r1,336,0,fedavg,full-exposure,,,,federated-client,play-late,40,0.3267253041267395,0.03741086274385452,0,true,false,0.9075873887758474
representation-r1,336,0,fedavg,full-exposure,,,,federated-client,anzhi,40,0.4872654279073079,0.06363474329312642,0,true,false,0.9075873887758474
representation-r1,336,0,fedavg,peer-present,,,,federated-client,play-early,40,0.5373453696568807,0.08102405567963918,0,true,false,0.9067899645747083
representation-r1,336,0,fedavg,peer-present,,,,federated-client,play-late,40,0.3267253041267395,0.03976659725109736,0,true,false,0.9067899645747083
representation-r1,336,0,fedavg,peer-present,,,,federated-client,anzhi,40,0.48601170380910236,0.06984599928061168,0,true,false,0.9067899645747083
representation-r1,336,0,fedavg,peer-present,,,,federated-client,appchina,40,0.4803458054860433,0.06254394352436066,0,true,false,0.9067899645747083
representation-r1,336,0,fedavg,full-exposure,,,,federated-client,play-early,40,0.525995135307312,0.07515731453895569,0,true,false,0.9075873887758474
representation-r1,336,0,fedavg,full-exposure,,,,federated-client,appchina,40,0.48964881896972656,0.06277141968409221,0,true,false,0.9075873887758474
representation-r1,336,0,fedavg,family-absent-everywhere,,,,federated-client,play-early,40,0.511467695236206,0.07045647005240123,0,true,false,0.8846918195593436
representation-r1,336,0,fedavg,family-absent-everywhere,,,,federated-client,play-late,40,0.3076208432515462,0.03380743910868963,0,true,false,0.8846918195593436
representation-r1,336,0,fedavg,family-absent-everywhere,,,,federated-client,anzhi,40,0.4981820583343506,0.07419711351394653,0,true,false,0.8846918195593436
representation-r1,336,0,fedavg,family-absent-everywhere,,,,federated-client,appchina,40,0.48833680152893066,0.06443082789580028,0,true,false,0.8846918195593436
representation-r1,336,0,fedavg,full-exposure,,,,federated-global,,20,0.25719592968622845,0.05974358506500721,0,true,false,0.9075873887758474
representation-r1,336,0,fedavg,family-absent-everywhere,,,,federated-global,,20,0.24776389201482138,0.06072296264270941,0,true,false,0.8846918195593436
representation-r1,336,0,fedavg,peer-present,,,,federated-global,,20,0.25803819795449573,0.06329514893392722,0,true,false,0.9067899645747083
representation-r1,336,0,local,peer-present,,,,scorer,play-early,10,0.5380906661351522,0.08890641729036967,0,true,false,0.9146217807705307
representation-r1,336,0,local,peer-present,,,,scorer,appchina,10,0.4816422462463379,0.07000619173049927,0,true,false,0.9146217807705307
representation-r1,336,0,local,peer-present,,,,scorer,anzhi,10,0.48357828458150226,0.08486342430114746,0,true,false,0.9146217807705307
representation-r1,336,0,local,peer-present,,,,scorer,play-late,10,0.33601804574330646,0.05271962285041809,0,true,false,0.9146217807705307
representation-r1,337,0,central,peer-present,,,,scorer,,20,0.300748033726469,0.028601867087343906,0,true,false,0.9171888937008733
representation-r1,337,0,central,full-exposure,,,,scorer,,20,0.30048116724541846,0.030249651442182824,0,true,false,0.8796579515703353
representation-r1,337,0,central,family-absent-everywhere,,,,scorer,,20,0.2949347394578,0.026174798924872216,0,true,false,0.8858596493469091
representation-r1,337,0,fedavg,full-exposure,,,,federated-client,appchina,40,0.49427497386932373,0.06822363535563152,0,true,false,0.9174185755535472
representation-r1,337,0,fedavg,full-exposure,,,,federated-client,anzhi,40,0.4853721062342326,0.08374445637067159,0,true,false,0.9174185755535472
representation-r1,337,0,fedavg,full-exposure,,,,federated-client,play-late,40,0.3276590903600057,0.04162080337603887,0,true,false,0.9174185755535472
representation-r1,337,0,fedavg,peer-present,,,,federated-client,play-early,40,0.4678347905476888,0.08485155304272969,0,true,false,0.9140870347280089
representation-r1,337,0,fedavg,peer-present,,,,federated-client,play-late,40,0.3276590903600057,0.04185257852077484,0,true,false,0.9140870347280089
representation-r1,337,0,fedavg,peer-present,,,,federated-client,anzhi,40,0.49335793654123944,0.08433428406715393,0,true,false,0.9140870347280089
representation-r1,337,0,fedavg,peer-present,,,,federated-client,appchina,40,0.49800848960876465,0.06682731211185455,0,true,false,0.9140870347280089
representation-r1,337,0,fedavg,full-exposure,,,,federated-client,play-early,40,0.4884347915649414,0.09119677543640137,0,true,false,0.9174185755535472
representation-r1,337,0,fedavg,family-absent-everywhere,,,,federated-client,play-early,40,0.46810372670491535,0.07669860124588013,0,true,false,0.91445581830146
representation-r1,337,0,fedavg,family-absent-everywhere,,,,federated-client,play-late,40,0.3118685285250346,0.042932396133740745,0,true,false,0.91445581830146
representation-r1,337,0,fedavg,family-absent-everywhere,,,,federated-client,anzhi,40,0.4999505678812663,0.09714951117833455,0,true,false,0.91445581830146
representation-r1,337,0,fedavg,family-absent-everywhere,,,,federated-client,appchina,40,0.49820228417714435,0.07442915936311086,0,true,false,0.91445581830146
representation-r1,337,0,fedavg,family-absent-everywhere,,,,federated-global,,20,0.2535086125135422,0.07280241698026657,0,true,false,0.91445581830146
representation-r1,337,0,fedavg,peer-present,,,,federated-global,,20,0.25975516935189563,0.06946643193562825,0,true,false,0.9140870347280089
representation-r1,337,0,fedavg,full-exposure,,,,federated-global,,20,0.26309144496917725,0.07119641763468583,0,true,false,0.9174185755535472
representation-r1,337,0,local,peer-present,,,,scorer,play-early,10,0.5068666140238444,0.10268498460451762,0,true,false,0.9255211453450526
representation-r1,337,0,local,peer-present,,,,scorer,appchina,10,0.4956586758295695,0.06844301521778107,0,true,false,0.9255211453450526
representation-r1,337,0,local,peer-present,,,,scorer,anzhi,10,0.4589589834213257,0.09758888681729634,0,true,false,0.9255211453450526
representation-r1,337,0,local,peer-present,,,,scorer,play-late,10,0.3380122184753418,0.06539879242579143,0,true,false,0.9255211453450526
representation-r1,338,0,central,peer-present,,,,scorer,,20,0.29768270127316737,0.02452736458879836,0,true,false,0.9159643871658406
representation-r1,338,0,central,full-exposure,,,,scorer,,20,0.29841126786901595,0.025053298219721368,0,true,false,0.9173319890044936
representation-r1,338,0,central,family-absent-everywhere,,,,scorer,,20,0.29379952207524723,0.023758413943838565,0,true,false,0.8872819300730533
representation-r1,338,0,fedavg,full-exposure,,,,federated-client,appchina,40,0.47195200125376385,0.06891320149103801,0,true,false,0.9102937788145237
representation-r1,338,0,fedavg,full-exposure,,,,federated-client,anzhi,40,0.47988200187683105,0.06369224687417348,0,true,false,0.9102937788145237
representation-r1,338,0,fedavg,peer-present,,,,federated-client,play-early,40,0.5146611531575521,0.063144917289416,0,true,false,0.9123466162029067
representation-r1,338,0,fedavg,peer-present,,,,federated-client,play-late,40,0.30384214719136554,0.031126223504543304,0,true,false,0.9123466162029067
representation-r1,338,0,fedavg,peer-present,,,,federated-client,anzhi,40,0.48798803488413495,0.06121430297692617,0,true,false,0.9123466162029067
representation-r1,338,0,fedavg,peer-present,,,,federated-client,appchina,40,0.47925607363382977,0.06100251773993174,0,true,false,0.9123466162029067
representation-r1,338,0,fedavg,full-exposure,,,,federated-client,play-late,40,0.30384214719136554,0.02949008842309316,0,true,false,0.9102937788145237
representation-r1,338,0,fedavg,full-exposure,,,,federated-client,play-early,40,0.510175625483195,0.06320687135060628,0,true,false,0.9102937788145237
representation-r1,338,0,fedavg,family-absent-everywhere,,,,federated-client,play-early,40,0.4914019505182902,0.057873462637265526,0,true,false,0.8916243199762364
representation-r1,338,0,fedavg,family-absent-everywhere,,,,federated-client,play-late,40,0.28571534156799316,0.03258231530586878,0,true,false,0.8916243199762364
representation-r1,338,0,fedavg,family-absent-everywhere,,,,federated-client,anzhi,40,0.4950155019760132,0.0759786715110143,0,true,false,0.8916243199762364
representation-r1,338,0,fedavg,family-absent-everywhere,,,,federated-client,appchina,40,0.4874487320582072,0.06787742177645366,0,true,false,0.8916243199762364
representation-r1,338,0,fedavg,family-absent-everywhere,,,,federated-global,,20,0.24409798036019006,0.058577967807650566,0,true,false,0.8916243199762364
representation-r1,338,0,fedavg,peer-present,,,,federated-global,,20,0.2532112201054891,0.0541219903777043,0,true,false,0.9123466162029067
representation-r1,338,0,fedavg,full-exposure,,,,federated-global,,20,0.25017568469047546,0.05632560203472773,0,true,false,0.9102937788145237
representation-r1,338,0,local,peer-present,,,,scorer,anzhi,10,0.4742078383763631,0.07349973420302074,0,true,false,0.9197764661806205
representation-r1,338,0,local,peer-present,,,,scorer,play-early,10,0.535520076751709,0.09172984957695007,0,true,false,0.9197764661806205
representation-r1,338,0,local,peer-present,,,,scorer,play-late,10,0.35758169492085773,0.0520791361729304,0,true,false,0.9197764661806205
representation-r1,338,0,local,peer-present,,,,scorer,appchina,10,0.4603080749511719,0.07498921950658162,0,true,false,0.9197764661806205
representation-r1,339,0,central,peer-present,,,,scorer,,20,0.3114975056749709,0.028436351329722304,0,true,false,0.9238972586864947
representation-r1,339,0,central,full-exposure,,,,scorer,,20,0.3111579976183303,0.028710563132103455,0,true,false,0.9196898988139082
representation-r1,339,0,central,family-absent-everywhere,,,,scorer,,20,0.30475991837521815,0.030553642739640906,0,true,false,0.8991739464931139
representation-r1,339,0,fedavg,family-absent-everywhere,,,,federated-client,appchina,40,0.48412028948465985,0.054257566730181374,0,true,false,0.9009774001385934
representation-r1,339,0,fedavg,full-exposure,,,,federated-client,play-early,40,0.5251985390981039,0.07131496071815491,0,true,false,0.9177473722166289
representation-r1,339,0,fedavg,peer-present,,,,federated-client,play-early,40,0.5213581323623657,0.06776968638102214,0,true,false,0.9156821542317992
representation-r1,339,0,fedavg,peer-present,,,,federated-client,play-late,40,0.33792316913604736,0.03505327055851618,0,true,false,0.9156821542317992
representation-r1,339,0,fedavg,peer-present,,,,federated-client,anzhi,40,0.492487629254659,0.07259116073449452,0,true,false,0.9156821542317992
representation-r1,339,0,fedavg,peer-present,,,,federated-client,appchina,40,0.48807672659556073,0.05499212443828583,0,true,false,0.9156821542317992
representation-r1,339,0,fedavg,full-exposure,,,,federated-client,appchina,40,0.4760175943374634,0.05464046200116476,0,true,false,0.9177473722166289
representation-r1,339,0,fedavg,full-exposure,,,,federated-client,anzhi,40,0.48160839080810547,0.0605796625216802,0,true,false,0.9177473722166289
representation-r1,339,0,fedavg,family-absent-everywhere,,,,federated-client,play-early,40,0.5181419054667155,0.06563510994116466,0,true,false,0.9009774001385934
representation-r1,339,0,fedavg,family-absent-everywhere,,,,federated-client,play-late,40,0.33719154198964435,0.04010925690333048,0,true,false,0.9009774001385934
representation-r1,339,0,fedavg,family-absent-everywhere,,,,federated-client,anzhi,40,0.49454764525095624,0.0733535240093867,0,true,false,0.9009774001385934
representation-r1,339,0,fedavg,full-exposure,,,,federated-client,play-late,40,0.3468095858891805,0.03805001080036163,0,true,false,0.9177473722166289
representation-r1,339,0,fedavg,peer-present,,,,federated-global,,20,0.2624041736125946,0.057601560528079666,0,true,false,0.9156821542317992
representation-r1,339,0,fedavg,family-absent-everywhere,,,,federated-global,,20,0.2557816406091054,0.0583388643960158,0,true,false,0.9009774001385934
representation-r1,339,0,fedavg,full-exposure,,,,federated-global,,20,0.2596092571814855,0.05614627401034037,0,true,false,0.9177473722166289
representation-r1,339,0,local,peer-present,,,,scorer,play-late,10,0.3374756971995036,0.05805273354053497,0,true,false,0.9239337024892338
representation-r1,339,0,local,peer-present,,,,scorer,anzhi,10,0.5112963517506918,0.09252907832463582,0,true,false,0.9239337024892338
representation-r1,339,0,local,peer-present,,,,scorer,play-early,10,0.5479596058527628,0.08671053250630696,0,true,false,0.9239337024892338
representation-r1,339,0,local,peer-present,,,,scorer,appchina,10,0.4777310291926066,0.06912206610043843,0,true,false,0.9239337024892338
representation-r2,330,0,central,peer-present,,,,scorer,,20,0.3050890374690928,0.06333462228166296,0,true,false,0.8953381839027239
representation-r2,330,0,central,full-exposure,,,,scorer,,20,0.2986111133656603,0.06103261988213722,0,true,false,0.8847883211601794
representation-r2,330,0,central,family-absent-everywhere,,,,scorer,,20,0.2985675487112492,0.0593964140465919,0,true,false,0.8907634483756173
representation-r2,330,0,fedavg,family-absent-everywhere,,,,federated-client,play-late,40,0.1922769546508789,0.032707035541534424,0,true,false,0.9025532084477274
representation-r2,330,0,fedavg,full-exposure,,,,federated-client,anzhi,40,0.4317912658055623,0.11253295342127483,0,true,false,0.9184546545597018
representation-r2,330,0,fedavg,peer-present,,,,federated-client,play-early,40,0.3908013900121053,0.06591606140136719,0,true,false,0.9147861320992995
representation-r2,330,0,fedavg,peer-present,,,,federated-client,play-late,40,0.23077672719955444,0.0343782901763916,0,true,false,0.9147861320992995
representation-r2,330,0,fedavg,peer-present,,,,federated-client,anzhi,40,0.47400252024332684,0.10917959610621135,0,true,false,0.9147861320992995
representation-r2,330,0,fedavg,peer-present,,,,federated-client,appchina,40,0.40465160210927326,0.07276301085948944,0,true,false,0.9147861320992995
representation-r2,330,0,fedavg,full-exposure,,,,federated-client,appchina,40,0.4087536732355754,0.07832396527131398,0,true,false,0.9184546545597018
representation-r2,330,0,fedavg,full-exposure,,,,federated-client,play-late,40,0.22311766942342123,0.02891261378924052,0,true,false,0.9184546545597018
representation-r2,330,0,fedavg,family-absent-everywhere,,,,federated-client,play-early,40,0.31982189416885376,0.059246028463045754,0,true,false,0.9025532084477274
representation-r2,330,0,fedavg,full-exposure,,,,federated-client,play-early,40,0.36187974611918133,0.06331365803877513,0,true,false,0.9184546545597018
representation-r2,330,0,fedavg,family-absent-everywhere,,,,federated-client,anzhi,40,0.47931889692942303,0.11136225859324138,0,true,false,0.9025532084477274
representation-r2,330,0,fedavg,family-absent-everywhere,,,,federated-client,appchina,40,0.4124155441919963,0.07968193292617798,0,true,false,0.9025532084477274
representation-r2,330,0,fedavg,family-absent-everywhere,,,,federated-global,,20,0.22434455156326294,0.07074931388099988,0,true,false,0.9025532084477274
representation-r2,330,0,fedavg,peer-present,,,,federated-global,,20,0.2462273264924685,0.0705592396358649,0,true,false,0.9147861320992995
representation-r2,330,0,fedavg,full-exposure,,,,federated-global,,20,0.23275240262349448,0.07077079763015111,0,true,false,0.9184546545597018
representation-r2,330,0,local,peer-present,,,,scorer,play-late,10,0.22915567954381308,0.028003339966138203,0,true,false,0.9119598751034991
representation-r2,330,0,local,peer-present,,,,scorer,anzhi,10,0.4980136553446452,0.09561304251352946,0,true,false,0.9119598751034991
representation-r2,330,0,local,peer-present,,,,scorer,play-early,10,0.36342235406239826,0.056890517473220825,0,true,false,0.9119598751034991
representation-r2,330,0,local,peer-present,,,,scorer,appchina,10,0.40582958857218426,0.06915297110875447,0,true,false,0.9119598751034991
representation-r2,331,0,central,full-exposure,,,,scorer,,20,0.2855439287550906,0.05939566835444024,0,true,false,0.9168871478171511
representation-r2,331,0,central,peer-present,,,,scorer,,20,0.29118761103203955,0.060863160072488987,0,true,false,0.9003899602992956
representation-r2,331,0,central,family-absent-everywhere,,,,scorer,,20,0.28561598189333653,0.06257123135505839,0,true,false,0.8970201714469644
representation-r2,331,0,fedavg,family-absent-everywhere,,,,federated-client,play-late,40,0.1959599256515503,0.031146590908368427,0,true,false,0.9009043273778251
representation-r2,331,0,fedavg,full-exposure,,,,federated-client,anzhi,40,0.35142409801483154,0.09286736448605855,0,true,false,0.9125409631502658
representation-r2,331,0,fedavg,peer-present,,,,federated-client,play-early,40,0.36680638790130615,0.076137974858284,0,true,false,0.9153464048678194
representation-r2,331,0,fedavg,peer-present,,,,federated-client,play-late,40,0.2048556605974833,0.03407579908768336,0,true,false,0.9153464048678194
representation-r2,331,0,fedavg,peer-present,,,,federated-client,anzhi,40,0.3576391935348511,0.09306259950002034,0,true,false,0.9153464048678194
representation-r2,331,0,fedavg,peer-present,,,,federated-client,appchina,40,0.4063378969828288,0.07414199908574422,0,true,false,0.9153464048678194
representation-r2,331,0,fedavg,full-exposure,,,,federated-client,appchina,40,0.41399478912353516,0.0710567831993103,0,true,false,0.9125409631502658
representation-r2,331,0,fedavg,full-exposure,,,,federated-client,play-late,40,0.19946710268656412,0.03847435861825943,0,true,false,0.9125409631502658
representation-r2,331,0,fedavg,family-absent-everywhere,,,,federated-client,play-early,40,0.33732128143310547,0.07189703981081645,0,true,false,0.9009043273778251
representation-r2,331,0,fedavg,full-exposure,,,,federated-client,play-early,40,0.36955610911051434,0.07456164558728536,0,true,false,0.9125409631502658
representation-r2,331,0,fedavg,family-absent-everywhere,,,,federated-client,anzhi,40,0.39106913407643634,0.10793069998423259,0,true,false,0.9009043273778251
representation-r2,331,0,fedavg,family-absent-everywhere,,,,federated-client,appchina,40,0.41843271255493164,0.07707743843396504,0,true,false,0.9009043273778251
representation-r2,331,0,fedavg,family-absent-everywhere,,,,federated-global,,20,0.21377606193224588,0.07201294228434563,0,true,false,0.9009043273778251
representation-r2,331,0,fedavg,peer-present,,,,federated-global,,20,0.21442648520072302,0.06935459313293298,0,true,false,0.9153464048678194
representation-r2,331,0,fedavg,full-exposure,,,,federated-global,,20,0.21542182813088098,0.06924003797272842,0,true,false,0.9125409631502658
representation-r2,331,0,local,peer-present,,,,scorer,play-late,10,0.23107083638509116,0.03299804528554281,0,true,false,0.9192182293121597
representation-r2,331,0,local,peer-present,,,,scorer,anzhi,10,0.36236584186553955,0.07689917584260304,0,true,false,0.9192182293121597
representation-r2,331,0,local,peer-present,,,,scorer,play-early,10,0.3589353561401367,0.07262071470419566,0,true,false,0.9192182293121597
representation-r2,331,0,local,peer-present,,,,scorer,appchina,10,0.39717713991800946,0.06176578005154928,0,true,false,0.9192182293121597
representation-r2,332,0,central,family-absent-everywhere,,,,scorer,,20,0.28708843474692486,0.06610444251527177,0,true,false,0.8781434137026402
representation-r2,332,0,central,full-exposure,,,,scorer,,20,0.2861068400930851,0.062169516340215156,0,true,false,0.8940318702518465
representation-r2,332,0,central,peer-present,,,,scorer,,20,0.2998691924074863,0.05868200545615338,0,true,false,0.8996242178617161
representation-r2,332,0,fedavg,family-absent-everywhere,,,,federated-client,play-early,40,0.33744311332702637,0.0682858129342397,0,true,false,0.8814320390138404
representation-r2,332,0,fedavg,full-exposure,,,,federated-client,anzhi,40,0.3530311584472656,0.1232721209526062,0,true,false,0.9018950102765745
representation-r2,332,0,fedavg,peer-present,,,,federated-client,play-early,40,0.3474392493565877,0.07040529946486156,0,true,false,0.8986125915662605
representation-r2,332,0,fedavg,peer-present,,,,federated-client,play-late,40,0.158211479584376,0.027147293090820312,0,true,false,0.8986125915662605
representation-r2,332,0,fedavg,peer-present,,,,federated-client,anzhi,40,0.41655691464742023,0.11796632409095764,0,true,false,0.8986125915662605
representation-r2,332,0,fedavg,peer-present,,,,federated-client,appchina,40,0.45194315910339355,0.07591407497723897,0,true,false,0.8986125915662605
representation-r2,332,0,fedavg,full-exposure,,,,federated-client,appchina,40,0.3979986508687337,0.07325630883375804,0,true,false,0.9018950102765745
representation-r2,332,0,fedavg,family-absent-everywhere,,,,federated-client,play-late,40,0.18671852350234985,0.03176977982123693,0,true,false,0.8814320390138404
representation-r2,332,0,fedavg,family-absent-everywhere,,,,federated-client,anzhi,40,0.3933291435241699,0.1227203905582428,0,true,false,0.8814320390138404
representation-r2,332,0,fedavg,family-absent-everywhere,,,,federated-client,appchina,40,0.41829562187194824,0.08023769656817119,0,true,false,0.8814320390138404
representation-r2,332,0,fedavg,full-exposure,,,,federated-client,play-early,40,0.36686281363169354,0.07018797099590302,0,true,false,0.9018950102765745
representation-r2,332,0,fedavg,full-exposure,,,,federated-client,play-late,40,0.20914973815282187,0.028273388743400574,0,true,false,0.9018950102765745
representation-r2,332,0,fedavg,full-exposure,,,,federated-global,,20,0.21013065179189047,0.07374744738141696,0,true,false,0.9018950102765745
representation-r2,332,0,fedavg,peer-present,,,,federated-global,,20,0.2300708070397377,0.07285824790596962,0,true,false,0.8986125915662605
representation-r2,332,0,fedavg,family-absent-everywhere,,,,federated-global,,20,0.2130377342303594,0.07575341997047265,0,true,false,0.8814320390138404
representation-r2,332,0,local,peer-present,,,,scorer,play-late,10,0.22090808550516763,0.03453449159860611,0,true,false,0.8971032130144017
representation-r2,332,0,local,peer-present,,,,scorer,play-early,10,0.3558609088261922,0.06948540608088176,0,true,false,0.8971032130144017
representation-r2,332,0,local,peer-present,,,,scorer,appchina,10,0.38478581110636395,0.05674028893311819,0,true,false,0.8971032130144017
representation-r2,332,0,local,peer-present,,,,scorer,anzhi,10,0.39917345841725665,0.10594441493352254,0,true,false,0.8971032130144017
representation-r2,333,0,central,full-exposure,,,,scorer,,20,0.2891064298913834,0.06757058995835324,0,true,false,0.9153739265443158
representation-r2,333,0,central,family-absent-everywhere,,,,scorer,,20,0.28631431498426074,0.06529312945426778,0,true,false,0.8998921652741908
representation-r2,333,0,central,peer-present,,,,scorer,,20,0.2967600923903445,0.0669600507046314,0,true,false,0.9124012779132856
representation-r2,333,0,fedavg,peer-present,,,,federated-client,anzhi,40,0.35497275988260907,0.09600995977719624,0,true,false,0.913985089870406
representation-r2,333,0,fedavg,full-exposure,,,,federated-client,appchina,40,0.3985223372777303,0.0771006594101588,0,true,false,0.9147805598425595
representation-r2,333,0,fedavg,peer-present,,,,federated-client,play-early,40,0.3591870466868083,0.0708106408516566,0,true,false,0.913985089870406
representation-r2,333,0,fedavg,peer-present,,,,federated-client,play-late,40,0.216640035311381,0.04391916592915853,0,true,false,0.913985089870406
representation-r2,333,0,fedavg,peer-present,,,,federated-client,appchina,40,0.39571046829223633,0.07578488687674205,0,true,false,0.913985089870406
representation-r2,333,0,fedavg,full-exposure,,,,federated-client,play-late,40,0.2170195976893107,0.0401220495502154,0,true,false,0.9147805598425595
representation-r2,333,0,fedavg,family-absent-everywhere,,,,federated-client,play-early,40,0.3294115861256917,0.06332004566987355,0,true,false,0.9014645175088005
representation-r2,333,0,fedavg,family-absent-everywhere,,,,federated-client,play-late,40,0.20819940169652304,0.035427242517471313,0,true,false,0.9014645175088005
representation-r2,333,0,fedavg,family-absent-everywhere,,,,federated-client,anzhi,40,0.3863487243652344,0.1143065094947815,0,true,false,0.9014645175088005
representation-r2,333,0,fedavg,family-absent-everywhere,,,,federated-client,appchina,40,0.39788997173309326,0.07846565544605255,0,true,false,0.9014645175088005
representation-r2,333,0,fedavg,full-exposure,,,,federated-client,anzhi,40,0.3552477757136027,0.09801689783732097,0,true,false,0.9147805598425595
representation-r2,333,0,fedavg,full-exposure,,,,federated-client,play-early,40,0.3493070602416992,0.07189849019050598,0,true,false,0.9147805598425595
representation-r2,333,0,fedavg,full-exposure,,,,federated-global,,20,0.21329970161120096,0.07178452424705029,0,true,false,0.9147805598425595
representation-r2,333,0,fedavg,peer-present,,,,federated-global,,20,0.21258438130219778,0.07163116335868835,0,true,false,0.913985089870406
representation-r2,333,0,fedavg,family-absent-everywhere,,,,federated-global,,20,0.21027614424626032,0.07287986328204472,0,true,false,0.9014645175088005
representation-r2,333,0,local,peer-present,,,,scorer,anzhi,10,0.3541682958602905,0.09053557117780049,0,true,false,0.9209367210602121
representation-r2,333,0,local,peer-present,,,,scorer,play-early,10,0.3505241473515828,0.07933071255683899,0,true,false,0.9209367210602121
representation-r2,333,0,local,peer-present,,,,scorer,appchina,10,0.40591951211293537,0.06236525376637777,0,true,false,0.9209367210602121
representation-r2,333,0,local,peer-present,,,,scorer,play-late,10,0.23506818215052286,0.03504196306069692,0,true,false,0.9209367210602121
representation-r2,334,0,central,peer-present,,,,scorer,,20,0.30009212899715343,0.0652399367474495,0,true,false,0.9112551982344931
representation-r2,334,0,central,full-exposure,,,,scorer,,20,0.30618854279213764,0.06198152075422571,0,true,false,0.9073498165527268
representation-r2,334,0,central,family-absent-everywhere,,,,scorer,,20,0.298446553818723,0.059242456517321,0,true,false,0.8928274122130399
representation-r2,334,0,fedavg,family-absent-everywhere,,,,federated-client,play-early,40,0.3157036304473877,0.06773550311724345,0,true,false,0.9005243247800644
representation-r2,334,0,fedavg,full-exposure,,,,federated-client,anzhi,40,0.4405674934387207,0.0982975463072459,0,true,false,0.9168109831289023
representation-r2,334,0,fedavg,peer-present,,,,federated-client,play-early,40,0.38454294204711914,0.07697301109631856,0,true,false,0.911747905477824
representation-r2,334,0,fedavg,peer-present,,,,federated-client,play-late,40,0.24124526977539062,0.04105435560146967,0,true,false,0.911747905477824
representation-r2,334,0,fedavg,peer-present,,,,federated-client,anzhi,40,0.4105527400970459,0.09899794061978658,0,true,false,0.911747905477824
representation-r2,334,0,fedavg,peer-present,,,,federated-client,appchina,40,0.39868779977162677,0.07394398748874664,0,true,false,0.911747905477824
representation-r2,334,0,fedavg,full-exposure,,,,federated-client,appchina,40,0.4474923610687256,0.07116587956746419,0,true,false,0.9168109831289023
representation-r2,334,0,fedavg,full-exposure,,,,federated-client,play-late,40,0.19824844598770142,0.043034449219703674,0,true,false,0.9168109831289023
representation-r2,334,0,fedavg,full-exposure,,,,federated-client,play-early,40,0.36339561144510907,0.07864994804064433,0,true,false,0.9168109831289023
representation-r2,334,0,fedavg,family-absent-everywhere,,,,federated-client,play-late,40,0.19409561157226562,0.04173410435517629,0,true,false,0.9005243247800644
representation-r2,334,0,fedavg,family-absent-everywhere,,,,federated-client,anzhi,40,0.47301892439524335,0.11043313145637512,0,true,false,0.9005243247800644
representation-r2,334,0,fedavg,family-absent-everywhere,,,,federated-client,appchina,40,0.4203626314798991,0.07783027489980061,0,true,false,0.9005243247800644
representation-r2,334,0,fedavg,family-absent-everywhere,,,,federated-global,,20,0.22950372844934464,0.07443325345714887,0,true,false,0.9005243247800644
representation-r2,334,0,fedavg,peer-present,,,,federated-global,,20,0.2276629681388537,0.07274232370158036,0,true,false,0.911747905477824
representation-r2,334,0,fedavg,full-exposure,,,,federated-global,,20,0.24178052693605423,0.07278695578376453,0,true,false,0.9168109831289023
representation-r2,334,0,local,peer-present,,,,scorer,play-late,10,0.23180039723714194,0.0350063219666481,0,true,false,0.9188724576434049
representation-r2,334,0,local,peer-present,,,,scorer,anzhi,10,0.42195717493693036,0.08655465642611186,0,true,false,0.9188724576434049
representation-r2,334,0,local,peer-present,,,,scorer,appchina,10,0.4148640235265096,0.05884977181752523,0,true,false,0.9188724576434049
representation-r2,334,0,local,peer-present,,,,scorer,play-early,10,0.3540873924891154,0.07581064105033875,0,true,false,0.9188724576434049
representation-r2,335,0,central,family-absent-everywhere,,,,scorer,,20,0.2962820377755672,0.06126215610098332,0,true,false,0.8852400972368057
representation-r2,335,0,central,peer-present,,,,scorer,,20,0.28677337727648144,0.06040903355212922,0,true,false,0.9034920710604378
representation-r2,335,0,central,full-exposure,,,,scorer,,20,0.29113091813757064,0.0619966577976308,0,true,false,0.9231422476852743
representation-r2,335,0,fedavg,family-absent-everywhere,,,,federated-client,appchina,40,0.3897664149602254,0.06644310553868611,0,true,false,0.8942865265092821
representation-r2,335,0,fedavg,family-absent-everywhere,,,,federated-client,anzhi,40,0.46247835954030353,0.10957509279251099,0,true,false,0.8942865265092821
representation-r2,335,0,fedavg,full-exposure,,,,federated-client,appchina,40,0.3872133493423462,0.07507884005705516,0,true,false,0.911603882756126
representation-r2,335,0,fedavg,full-exposure,,,,federated-client,anzhi,40,0.4153963327407837,0.09714792172114055,0,true,false,0.911603882756126
representation-r2,335,0,fedavg,peer-present,,,,federated-client,play-early,40,0.33930838108062744,0.07341547310352325,0,true,false,0.9051885264906626
representation-r2,335,0,fedavg,peer-present,,,,federated-client,play-late,40,0.20274325211842856,0.03388806929190954,0,true,false,0.9051885264906626
representation-r2,335,0,fedavg,peer-present,,,,federated-client,anzhi,40,0.42167699337005615,0.09449695547421773,0,true,false,0.9051885264906626
representation-r2,335,0,fedavg,peer-present,,,,federated-client,appchina,40,0.4142982562383016,0.05830244223276774,0,true,false,0.9051885264906626
representation-r2,335,0,fedavg,full-exposure,,,,federated-client,play-late,40,0.2174983819325765,0.034185374776522316,0,true,false,0.911603882756126
representation-r2,335,0,fedavg,family-absent-everywhere,,,,federated-client,play-early,40,0.332850178082784,0.08255228400230408,0,true,false,0.8942865265092821
representation-r2,335,0,fedavg,family-absent-everywhere,,,,federated-client,play-late,40,0.22219653924306235,0.0387092058857282,0,true,false,0.8942865265092821
representation-r2,335,0,fedavg,full-exposure,,,,federated-client,play-early,40,0.33453210194905597,0.07566762467225392,0,true,false,0.911603882756126
representation-r2,335,0,fedavg,family-absent-everywhere,,,,federated-global,,20,0.2276331384976705,0.07431992205480735,0,true,false,0.8942865265092821
representation-r2,335,0,fedavg,peer-present,,,,federated-global,,20,0.22658485919237137,0.06502573502560456,0,true,false,0.9051885264906626
representation-r2,335,0,fedavg,full-exposure,,,,federated-global,,20,0.2235559398929278,0.07051994030674298,0,true,false,0.911603882756126
representation-r2,335,0,local,peer-present,,,,scorer,play-early,10,0.34268184502919513,0.07029348611831665,0,true,false,0.9162438339278122
representation-r2,335,0,local,peer-present,,,,scorer,appchina,10,0.3889079491297404,0.0549980103969574,0,true,false,0.9162438339278122
representation-r2,335,0,local,peer-present,,,,scorer,anzhi,10,0.424163023630778,0.07158838709195454,0,true,false,0.9162438339278122
representation-r2,335,0,local,peer-present,,,,scorer,play-late,10,0.2386469841003418,0.029837014774481457,0,true,false,0.9162438339278122
representation-r2,336,0,central,family-absent-everywhere,,,,scorer,,20,0.2813047449639503,0.06078693207274092,0,true,false,0.8796990663647678
representation-r2,336,0,central,full-exposure,,,,scorer,,20,0.28435246487881277,0.061863965176521464,0,true,false,0.8942980187197117
representation-r2,336,0,central,peer-present,,,,scorer,,20,0.2834295110499605,0.06132376447637031,0,true,false,0.9027415008765717
representation-r2,336,0,fedavg,family-absent-everywhere,,,,federated-client,play-late,40,0.18959381182988486,0.03606096903483073,0,true,false,0.8708081214780247
representation-r2,336,0,fedavg,family-absent-everywhere,,,,federated-client,appchina,40,0.41930774847666424,0.06664150953292847,0,true,false,0.8708081214780247
representation-r2,336,0,fedavg,full-exposure,,,,federated-client,appchina,40,0.4168219168980916,0.07245364785194397,0,true,false,0.8964201128773969
representation-r2,336,0,fedavg,peer-present,,,,federated-client,play-early,40,0.3645788828531901,0.06151727835337321,0,true,false,0.8968780334544787
representation-r2,336,0,fedavg,peer-present,,,,federated-client,play-late,40,0.20995513598124185,0.030617093046506245,0,true,false,0.8968780334544787
representation-r2,336,0,fedavg,peer-present,,,,federated-client,anzhi,40,0.3535643418629964,0.10267684857050578,0,true,false,0.8968780334544787
representation-r2,336,0,fedavg,peer-present,,,,federated-client,appchina,40,0.42227129141489667,0.06828553477923076,0,true,false,0.8968780334544787
representation-r2,336,0,fedavg,full-exposure,,,,federated-client,anzhi,40,0.3510754903157552,0.09515143434206645,0,true,false,0.8964201128773969
representation-r2,336,0,fedavg,family-absent-everywhere,,,,federated-client,play-early,40,0.3096150755882263,0.06957295536994934,0,true,false,0.8708081214780247
representation-r2,336,0,fedavg,full-exposure,,,,federated-client,play-late,40,0.20253723859786987,0.03219530234734217,0,true,false,0.8964201128773969
representation-r2,336,0,fedavg,family-absent-everywhere,,,,federated-client,anzhi,40,0.37183364232381183,0.11020171642303467,0,true,false,0.8708081214780247
representation-r2,336,0,fedavg,full-exposure,,,,federated-client,play-early,40,0.35334046681722003,0.06191972394784292,0,true,false,0.8964201128773969
representation-r2,336,0,fedavg,family-absent-everywhere,,,,federated-global,,20,0.20048465579748154,0.0706192875901858,0,true,false,0.8708081214780247
representation-r2,336,0,fedavg,peer-present,,,,federated-global,,20,0.2143656238913536,0.06577418868740399,0,true,false,0.8968780334544787
representation-r2,336,0,fedavg,full-exposure,,,,federated-global,,20,0.20912405848503113,0.06543002712229888,0,true,false,0.8964201128773969
representation-r2,336,0,local,peer-present,,,,scorer,play-early,10,0.3412540356318156,0.05057890216509501,0,true,false,0.9052411167407971
representation-r2,336,0,local,peer-present,,,,scorer,anzhi,10,0.35814019044240314,0.08464348316192627,0,true,false,0.9052411167407971
representation-r2,336,0,local,peer-present,,,,scorer,appchina,10,0.3772122065226237,0.06425182024637859,0,true,false,0.9052411167407971
representation-r2,336,0,local,peer-present,,,,scorer,play-late,10,0.2166560689608256,0.031515796979268394,0,true,false,0.9052411167407971
representation-r2,337,0,central,family-absent-everywhere,,,,scorer,,20,0.2929456589069772,0.06801537757224226,0,true,false,0.8991478494178787
representation-r2,337,0,central,peer-present,,,,scorer,,20,0.28881708104559717,0.06136125199338223,0,true,false,0.9151526556011401
representation-r2,337,0,central,full-exposure,,,,scorer,,20,0.2898163288197619,0.05910572599857412,0,true,false,0.9093760071252058
representation-r2,337,0,fedavg,family-absent-everywhere,,,,federated-client,appchina,40,0.41539756457010907,0.07220491270224254,0,true,false,0.9166991792422897
representation-r2,337,0,fedavg,family-absent-everywhere,,,,federated-client,play-late,40,0.20599724849065146,0.0321336363752683,0,true,false,0.9166991792422897
representation-r2,337,0,fedavg,full-exposure,,,,federated-client,appchina,40,0.40053892135620117,0.08755432566006978,0,true,false,0.9179426923480091
representation-r2,337,0,fedavg,full-exposure,,,,federated-client,anzhi,40,0.3505682150522868,0.11135247349739075,0,true,false,0.9179426923480091
representation-r2,337,0,fedavg,full-exposure,,,,federated-client,play-late,40,0.22073602676391602,0.030714400112628937,0,true,false,0.9179426923480091
representation-r2,337,0,fedavg,peer-present,,,,federated-client,play-early,40,0.37326614061991376,0.08055446048577626,0,true,false,0.9210896358785887
representation-r2,337,0,fedavg,peer-present,,,,federated-client,play-late,40,0.23312999804814658,0.03230899820725123,0,true,false,0.9210896358785887
representation-r2,337,0,fedavg,peer-present,,,,federated-client,anzhi,40,0.3508153756459554,0.11236010988553365,0,true,false,0.9210896358785887
representation-r2,337,0,fedavg,peer-present,,,,federated-client,appchina,40,0.40165603160858154,0.08106674750645955,0,true,false,0.9210896358785887
representation-r2,337,0,fedavg,full-exposure,,,,federated-client,play-early,40,0.3768226703008016,0.07476472854614258,0,true,false,0.9179426923480091
representation-r2,337,0,fedavg,family-absent-everywhere,,,,federated-client,play-early,40,0.35183024406433105,0.06808498005072276,0,true,false,0.9166991792422897
representation-r2,337,0,fedavg,family-absent-everywhere,,,,federated-client,anzhi,40,0.3896995782852173,0.1210806667804718,0,true,false,0.9166991792422897
representation-r2,337,0,fedavg,family-absent-everywhere,,,,federated-global,,20,0.2164974038799604,0.07337604897717635,0,true,false,0.9166991792422897
representation-r2,337,0,fedavg,peer-present,,,,federated-global,,20,0.21656698485215506,0.07657257902125518,0,true,false,0.9210896358785887
representation-r2,337,0,fedavg,full-exposure,,,,federated-global,,20,0.21801097691059113,0.076096481954058,0,true,false,0.9179426923480091
representation-r2,337,0,local,peer-present,,,,scorer,appchina,10,0.39537254969278973,0.062214707334836326,0,true,false,0.9174779821309218
representation-r2,337,0,local,peer-present,,,,scorer,anzhi,10,0.34718461831410724,0.09132155776023865,0,true,false,0.9174779821309218
representation-r2,337,0,local,peer-present,,,,scorer,play-late,10,0.24152666330337524,0.032141976058483124,0,true,false,0.9174779821309218
representation-r2,337,0,local,peer-present,,,,scorer,play-early,10,0.3688368002573649,0.07154275476932526,0,true,false,0.9174779821309218
representation-r2,338,0,central,peer-present,,,,scorer,,20,0.29817455372911816,0.05393405670815326,0,true,false,0.9043634961452036
representation-r2,338,0,central,full-exposure,,,,scorer,,20,0.29453535282865484,0.05355525016784668,0,true,false,0.9115499489754368
representation-r2,338,0,central,family-absent-everywhere,,,,scorer,,20,0.29989368357556934,0.05669097697481196,0,true,false,0.8955778126211209
representation-r2,338,0,fedavg,family-absent-everywhere,,,,federated-client,appchina,40,0.4312267303466797,0.07580814758936565,0,true,false,0.9023703790783487
representation-r2,338,0,fedavg,full-exposure,,,,federated-client,play-early,40,0.35848768552144367,0.06037011742591858,0,true,false,0.9163994695769236
representation-r2,338,0,fedavg,peer-present,,,,federated-client,play-early,40,0.3487590154012044,0.05531099935372671,0,true,false,0.9163058808195043
representation-r2,338,0,fedavg,peer-present,,,,federated-client,play-late,40,0.194836954275767,0.03351142257452011,0,true,false,0.9163058808195043
representation-r2,338,0,fedavg,peer-present,,,,federated-client,anzhi,40,0.4305965105692546,0.09698241949081421,0,true,false,0.9163058808195043
representation-r2,338,0,fedavg,peer-present,,,,federated-client,appchina,40,0.4111249049504598,0.07765508194764455,0,true,false,0.9163058808195043
representation-r2,338,0,fedavg,full-exposure,,,,federated-client,appchina,40,0.4209493398666382,0.08004697163899739,0,true,false,0.9163994695769236
representation-r2,338,0,fedavg,full-exposure,,,,federated-client,anzhi,40,0.4208509524663289,0.10456491510073344,0,true,false,0.9163994695769236
representation-r2,338,0,fedavg,family-absent-everywhere,,,,federated-client,play-early,40,0.30765630801518756,0.049228097001711525,0,true,false,0.9023703790783487
representation-r2,338,0,fedavg,family-absent-everywhere,,,,federated-client,play-late,40,0.1813680132230123,0.0311976820230484,0,true,false,0.9023703790783487
representation-r2,338,0,fedavg,family-absent-everywhere,,,,federated-client,anzhi,40,0.4814463059107463,0.10969951748847961,0,true,false,0.9023703790783487
representation-r2,338,0,fedavg,full-exposure,,,,federated-client,play-late,40,0.20322807629903158,0.035715848207473755,0,true,false,0.9163994695769236
representation-r2,338,0,fedavg,peer-present,,,,federated-global,,20,0.23337750136852264,0.0658649808416764,0,true,false,0.9163058808195043
representation-r2,338,0,fedavg,family-absent-everywhere,,,,federated-global,,20,0.2301043967405955,0.06648336102565129,0,true,false,0.9023703790783487
representation-r2,338,0,fedavg,full-exposure,,,,federated-global,,20,0.2294390226403872,0.07017446309328079,0,true,false,0.9163994695769236
representation-r2,338,0,local,peer-present,,,,scorer,play-late,10,0.24291477600733438,0.02691514790058136,0,true,false,0.9181654922929461
representation-r2,338,0,local,peer-present,,,,scorer,anzhi,10,0.4400365749994914,0.084260493516922,0,true,false,0.9181654922929461
representation-r2,338,0,local,peer-present,,,,scorer,play-early,10,0.33502288659413654,0.053751846154530845,0,true,false,0.9181654922929461
representation-r2,338,0,local,peer-present,,,,scorer,appchina,10,0.3990827401479085,0.07836354772249858,0,true,false,0.9181654922929461
representation-r2,339,0,central,peer-present,,,,scorer,,20,0.3102113236772253,0.0619771328378231,0,true,false,0.912505481756547
representation-r2,339,0,central,full-exposure,,,,scorer,,20,0.29818392814473904,0.06390039971534242,0,true,false,0.9034131022711813
representation-r2,339,0,central,family-absent-everywhere,,,,scorer,,20,0.3024401157460314,0.05931835986198263,0,true,false,0.8835404692469625
representation-r2,339,0,fedavg,family-absent-everywhere,,,,federated-client,play-late,40,0.21659098068873087,0.028404444456100464,0,true,false,0.8953334944202712
representation-r2,339,0,fedavg,full-exposure,,,,federated-client,anzhi,40,0.4173218011856079,0.09904606143633525,0,true,false,0.9163547873107372
representation-r2,339,0,fedavg,peer-present,,,,federated-client,play-early,40,0.3517607053120931,0.06271631022294362,0,true,false,0.915387023202482
representation-r2,339,0,fedavg,peer-present,,,,federated-client,play-late,40,0.20646329720815024,0.02637448658545812,0,true,false,0.915387023202482
representation-r2,339,0,fedavg,peer-present,,,,federated-client,anzhi,40,0.4719950358072917,0.11826446652412415,0,true,false,0.915387023202482
representation-r2,339,0,fedavg,peer-present,,,,federated-client,appchina,40,0.419670303662618,0.07124510407447815,0,true,false,0.915387023202482
representation-r2,339,0,fedavg,full-exposure,,,,federated-client,appchina,40,0.42759231726328534,0.07774209976196289,0,true,false,0.9163547873107372
representation-r2,339,0,fedavg,full-exposure,,,,federated-client,play-late,40,0.22257820765177408,0.03723592311143875,0,true,false,0.9163547873107372
representation-r2,339,0,fedavg,family-absent-everywhere,,,,federated-client,play-early,40,0.3280208508173625,0.06328069667021434,0,true,false,0.8953334944202712
representation-r2,339,0,fedavg,full-exposure,,,,federated-client,play-early,40,0.37537626425425213,0.06991240382194519,0,true,false,0.9163547873107372
representation-r2,339,0,fedavg,family-absent-everywhere,,,,federated-client,anzhi,40,0.47778669993082684,0.1158887247244517,0,true,false,0.8953334944202712
representation-r2,339,0,fedavg,family-absent-everywhere,,,,federated-client,appchina,40,0.4304204781850179,0.06821379562218984,0,true,false,0.8953334944202712
representation-r2,339,0,fedavg,family-absent-everywhere,,,,federated-global,,20,0.23625289648771286,0.06894691536823909,0,true,false,0.8953334944202712
representation-r2,339,0,fedavg,peer-present,,,,federated-global,,20,0.2421031817793846,0.06965009185175101,0,true,false,0.915387023202482
representation-r2,339,0,fedavg,full-exposure,,,,federated-global,,20,0.2334768051902453,0.07098412203292052,0,true,false,0.9163547873107372
representation-r2,339,0,local,peer-present,,,,scorer,play-late,10,0.23866331577301025,0.030830552180608112,0,true,false,0.9165808607565312
representation-r2,339,0,local,peer-present,,,,scorer,anzhi,10,0.47385414441426593,0.08519971370697021,0,true,false,0.9165808607565312
representation-r2,339,0,local,peer-present,,,,scorer,play-early,10,0.3505703608194987,0.05462430417537689,0,true,false,0.9165808607565312
representation-r2,339,0,local,peer-present,,,,scorer,appchina,10,0.40576350688934326,0.07097761332988739,0,true,false,0.9165808607565312
representation-r3,330,0,central,full-exposure,,,,scorer,,20,0.36046044369961355,0.030503744774676385,0,true,false,0.8371101277081435
representation-r3,330,0,central,peer-present,,,,scorer,,20,0.3652730495371717,0.02786853719264903,0,true,false,0.8436127234961436
representation-r3,330,0,central,family-absent-everywhere,,,,scorer,,20,0.35351773525806185,0.030504914040261125,0,true,false,0.8327597487447868
representation-r3,330,0,fedavg,family-absent-everywhere,,,,federated-client,play-late,40,0.25785505771636963,0.013559540112813314,0,true,false,0.8147440244950479
representation-r3,330,0,fedavg,full-exposure,,,,federated-client,anzhi,40,0.4227697451909383,0.036255242923895516,0,true,false,0.8252374886572932
representation-r3,330,0,fedavg,peer-present,,,,federated-client,play-early,40,0.44304966926574707,0.03431784858306249,0,true,false,0.8278662307502457
representation-r3,330,0,fedavg,peer-present,,,,federated-client,play-late,40,0.2722712556521098,0.016110123445590336,0,true,false,0.8278662307502457
representation-r3,330,0,fedavg,peer-present,,,,federated-client,anzhi,40,0.4512546459833781,0.03452920416990916,0,true,false,0.8278662307502457
representation-r3,330,0,fedavg,peer-present,,,,federated-client,appchina,40,0.4422171910603841,0.052514870961507164,0,true,false,0.8278662307502457
representation-r3,330,0,fedavg,full-exposure,,,,federated-client,appchina,40,0.44239890575408936,0.04987881580988566,0,true,false,0.8252374886572932
representation-r3,330,0,fedavg,full-exposure,,,,federated-client,play-late,40,0.2714991768201192,0.015293918550014496,0,true,false,0.8252374886572932
representation-r3,330,0,fedavg,family-absent-everywhere,,,,federated-client,play-early,40,0.40369415283203125,0.036287489036719,0,true,false,0.8147440244950479
representation-r3,330,0,fedavg,full-exposure,,,,federated-client,play-early,40,0.43491482734680176,0.02971206357081731,0,true,false,0.8252374886572932
representation-r3,330,0,fedavg,family-absent-everywhere,,,,federated-client,anzhi,40,0.43820854028066,0.03167371948560079,0,true,false,0.8147440244950479
representation-r3,330,0,fedavg,family-absent-everywhere,,,,federated-client,appchina,40,0.43695064385732013,0.0490846981604894,0,true,false,0.8147440244950479
representation-r3,330,0,fedavg,family-absent-everywhere,,,,federated-global,,20,0.21470220386981964,0.032651361698905625,0,true,false,0.8147440244950479
representation-r3,330,0,fedavg,peer-present,,,,federated-global,,20,0.23515030990044275,0.034368011790017285,0,true,false,0.8278662307502457
representation-r3,330,0,fedavg,full-exposure,,,,federated-global,,20,0.22839327404896417,0.032785010213653244,0,true,false,0.8252374886572932
representation-r3,330,0,local,peer-present,,,,scorer,play-late,10,0.29119040568669635,0.011488055189450582,0,true,false,0.8325378209856317
representation-r3,330,0,local,peer-present,,,,scorer,anzhi,10,0.46922651926676434,0.04218307634194692,0,true,false,0.8325378209856317
representation-r3,330,0,local,peer-present,,,,scorer,play-early,10,0.4658075173695882,0.037310188015302025,0,true,false,0.8325378209856317
representation-r3,330,0,local,peer-present,,,,scorer,appchina,10,0.44938743114471436,0.0450659841299057,0,true,false,0.8325378209856317
representation-r3,331,0,central,family-absent-everywhere,,,,scorer,,20,0.3471166326644573,0.027650328392678118,0,true,false,0.8221666387090804
representation-r3,331,0,central,full-exposure,,,,scorer,,20,0.35035368736754074,0.031746024781085076,0,true,false,0.8401580668690172
representation-r3,331,0,central,peer-present,,,,scorer,,20,0.3461563029187791,0.030401856341260546,0,true,false,0.837738020213266
representation-r3,331,0,fedavg,family-absent-everywhere,,,,federated-client,play-late,40,0.26868929465611774,0.013230354835589727,0,true,false,0.8129842955221337
representation-r3,331,0,fedavg,family-absent-everywhere,,,,federated-client,appchina,40,0.4200203021367391,0.03770343462626139,0,true,false,0.8129842955221337
representation-r3,331,0,fedavg,full-exposure,,,,federated-client,appchina,40,0.433940052986145,0.04192603131135305,0,true,false,0.8253141336984391
representation-r3,331,0,fedavg,peer-present,,,,federated-client,play-early,40,0.43482426802317303,0.047924041748046875,0,true,false,0.8162509912363397
representation-r3,331,0,fedavg,peer-present,,,,federated-client,play-late,40,0.23652376731236777,0.01833491027355194,0,true,false,0.8162509912363397
representation-r3,331,0,fedavg,peer-present,,,,federated-client,anzhi,40,0.4203849633534749,0.03482769429683685,0,true,false,0.8162509912363397
representation-r3,331,0,fedavg,peer-present,,,,federated-client,appchina,40,0.4562517007191976,0.04248697062333425,0,true,false,0.8162509912363397
representation-r3,331,0,fedavg,full-exposure,,,,federated-client,anzhi,40,0.39456860224405926,0.03542875498533249,0,true,false,0.8253141336984391
representation-r3,331,0,fedavg,family-absent-everywhere,,,,federated-client,play-early,40,0.399141788482666,0.03875592350959778,0,true,false,0.8129842955221337
representation-r3,331,0,fedavg,full-exposure,,,,federated-client,play-late,40,0.26471290985743207,0.018216853340466816,0,true,false,0.8253141336984391
representation-r3,331,0,fedavg,family-absent-everywhere,,,,federated-client,anzhi,40,0.41955022017161053,0.04632037381331126,0,true,false,0.8129842955221337
representation-r3,331,0,fedavg,full-exposure,,,,federated-client,play-early,40,0.4442390600840251,0.05531396468480428,0,true,false,0.8253141336984391
representation-r3,331,0,fedavg,family-absent-everywhere,,,,federated-global,,20,0.21855643143256506,0.03400252169619004,0,true,false,0.8129842955221337
representation-r3,331,0,fedavg,peer-present,,,,federated-global,,20,0.22886285682519278,0.03589340423544248,0,true,false,0.8162509912363397
representation-r3,331,0,fedavg,full-exposure,,,,federated-global,,20,0.2261634220679601,0.03772140108048916,0,true,false,0.8253141336984391
representation-r3,331,0,local,peer-present,,,,scorer,play-early,10,0.4376224676767985,0.04323651393254598,0,true,false,0.8413502280196751
representation-r3,331,0,local,peer-present,,,,scorer,anzhi,10,0.41045339902242023,0.042902608712514244,0,true,false,0.8413502280196751
representation-r3,331,0,local,peer-present,,,,scorer,appchina,10,0.46479352315266925,0.04350205262502035,0,true,false,0.8413502280196751
representation-r3,331,0,local,peer-present,,,,scorer,play-late,10,0.2955920100212097,0.0105113685131073,0,true,false,0.8413502280196751
representation-r3,332,0,central,family-absent-everywhere,,,,scorer,,20,0.36416577278299533,0.03205564935156639,0,true,false,0.8377580909186267
representation-r3,332,0,central,full-exposure,,,,scorer,,20,0.3514826754306225,0.029592450628889367,0,true,false,0.8534856949497689
representation-r3,332,0,central,peer-present,,,,scorer,,20,0.35664387966724154,0.033126709309030083,0,true,false,0.8480649493879776
representation-r3,332,0,fedavg,full-exposure,,,,federated-client,appchina,40,0.42797374725341797,0.04294460018475851,0,true,false,0.8400031274716541
representation-r3,332,0,fedavg,full-exposure,,,,federated-client,anzhi,40,0.39274271329243976,0.030059754848480225,0,true,false,0.8400031274716541
representation-r3,332,0,fedavg,peer-present,,,,federated-client,play-early,40,0.442660133043925,0.031438599030176796,0,true,false,0.8330786881537201
representation-r3,332,0,fedavg,peer-present,,,,federated-client,play-late,40,0.252216637134552,0.027030674119790394,0,true,false,0.8330786881537201
representation-r3,332,0,fedavg,peer-present,,,,federated-client,anzhi,40,0.4255534807840983,0.04321396350860596,0,true,false,0.8330786881537201
representation-r3,332,0,fedavg,peer-present,,,,federated-client,appchina,40,0.4248407284418742,0.04307791590690613,0,true,false,0.8330786881537201
representation-r3,332,0,fedavg,family-absent-everywhere,,,,federated-client,play-early,40,0.41333333651224774,0.02882906546195348,0,true,false,0.8257097662781905
representation-r3,332,0,fedavg,family-absent-everywhere,,,,federated-client,play-late,40,0.25634608666102093,0.020527868221203487,0,true,false,0.8257097662781905
representation-r3,332,0,fedavg,family-absent-everywhere,,,,federated-client,anzhi,40,0.4193655252456665,0.04139101008574168,0,true,false,0.8257097662781905
representation-r3,332,0,fedavg,family-absent-everywhere,,,,federated-client,appchina,40,0.41904350121816,0.04292930165926615,0,true,false,0.8257097662781905
representation-r3,332,0,fedavg,full-exposure,,,,federated-client,play-early,40,0.43471042315165204,0.040684456626574196,0,true,false,0.8400031274716541
representation-r3,332,0,fedavg,full-exposure,,,,federated-client,play-late,40,0.2551071246465047,0.017311913271745045,0,true,false,0.8400031274716541
representation-r3,332,0,fedavg,full-exposure,,,,federated-global,,20,0.22752430786689123,0.032750181232889496,0,true,false,0.8400031274716541
representation-r3,332,0,fedavg,peer-present,,,,federated-global,,20,0.22488767156998316,0.03619028814136982,0,true,false,0.8330786881537201
representation-r3,332,0,fedavg,family-absent-everywhere,,,,federated-global,,20,0.2181713581085205,0.0334193113570412,0,true,false,0.8257097662781905
representation-r3,332,0,local,peer-present,,,,scorer,play-late,10,0.2814638614654541,0.01250365749001503,0,true,false,0.8477343001546309
representation-r3,332,0,local,peer-present,,,,scorer,appchina,10,0.4547685384750366,0.0390242263674736,0,true,false,0.8477343001546309
representation-r3,332,0,local,peer-present,,,,scorer,anzhi,10,0.45343708992004395,0.030265577137470245,0,true,false,0.8477343001546309
representation-r3,332,0,local,peer-present,,,,scorer,play-early,10,0.4569501082102458,0.0328356126944224,0,true,false,0.8477343001546309
representation-r3,333,0,central,peer-present,,,,scorer,,20,0.35007488981206364,0.039070563113435784,0,true,false,0.8533267134128467
representation-r3,333,0,central,full-exposure,,,,scorer,,20,0.3480568743766622,0.03338375751008379,0,true,false,0.8556875631164473
representation-r3,333,0,central,family-absent-everywhere,,,,scorer,,20,0.35274067330867687,0.037289170508689067,0,true,false,0.8359819268868257
representation-r3,333,0,fedavg,peer-present,,,,federated-client,anzhi,40,0.39577047030131024,0.028336510062217712,0,true,false,0.8459485007382672
representation-r3,333,0,fedavg,peer-present,,,,federated-client,play-early,40,0.42330026626586914,0.037020732959111534,0,true,false,0.8459485007382672
representation-r3,333,0,fedavg,peer-present,,,,federated-client,play-late,40,0.2594713568687439,0.021708632508913677,0,true,false,0.8459485007382672
representation-r3,333,0,fedavg,full-exposure,,,,federated-client,play-late,40,0.2760244607925415,0.022902098794778187,0,true,false,0.8471836917606206
representation-r3,333,0,fedavg,peer-present,,,,federated-client,appchina,40,0.4349888165791829,0.0448803702990214,0,true,false,0.8459485007382672
representation-r3,333,0,fedavg,full-exposure,,,,federated-client,appchina,40,0.4220452308654785,0.044119770328203835,0,true,false,0.8471836917606206
representation-r3,333,0,fedavg,family-absent-everywhere,,,,federated-client,play-early,40,0.40947667757670086,0.038475160797437034,0,true,false,0.8257790143445612
representation-r3,333,0,fedavg,family-absent-everywhere,,,,federated-client,play-late,40,0.2443355123202006,0.01912690947453181,0,true,false,0.8257790143445612
representation-r3,333,0,fedavg,family-absent-everywhere,,,,federated-client,anzhi,40,0.44084250926971436,0.03911391645669937,0,true,false,0.8257790143445612
representation-r3,333,0,fedavg,family-absent-everywhere,,,,federated-client,appchina,40,0.4329409996668498,0.04344109197457632,0,true,false,0.8257790143445612
representation-r3,333,0,fedavg,full-exposure,,,,federated-client,anzhi,40,0.3746461868286133,0.029654115438461304,0,true,false,0.8471836917606206
representation-r3,333,0,fedavg,full-exposure,,,,federated-client,play-early,40,0.4397170941034953,0.03922920425732931,0,true,false,0.8471836917606206
representation-r3,333,0,fedavg,full-exposure,,,,federated-global,,20,0.2232552319765091,0.03397629720469316,0,true,false,0.8471836917606206
representation-r3,333,0,fedavg,peer-present,,,,federated-global,,20,0.22327862679958344,0.03298656145731608,0,true,false,0.8459485007382672
representation-r3,333,0,fedavg,family-absent-everywhere,,,,federated-global,,20,0.22243708123763403,0.035039269675811134,0,true,false,0.8257790143445612
representation-r3,333,0,local,peer-present,,,,scorer,play-early,10,0.4738462766011556,0.04430799186229706,0,true,false,0.8508410244247674
representation-r3,333,0,local,peer-present,,,,scorer,anzhi,10,0.4263780117034912,0.024284298221270244,0,true,false,0.8508410244247674
representation-r3,333,0,local,peer-present,,,,scorer,appchina,10,0.4418676694234212,0.038023089369138084,0,true,false,0.8508410244247674
representation-r3,333,0,local,peer-present,,,,scorer,play-late,10,0.31250206629435223,0.02031990761558215,0,true,false,0.8508410244247674
representation-r3,334,0,central,peer-present,,,,scorer,,20,0.3569174827413356,0.033700760374677945,0,true,false,0.8409619721084868
representation-r3,334,0,central,full-exposure,,,,scorer,,20,0.36393754025723074,0.035521071007911194,0,true,false,0.8386216379324948
representation-r3,334,0,central,family-absent-everywhere,,,,scorer,,20,0.35565185546875,0.035642027854919434,0,true,false,0.8226140141196435
representation-r3,334,0,fedavg,full-exposure,,,,federated-client,play-early,40,0.45033371448516846,0.06494493285814922,0,true,false,0.8230634922311646
representation-r3,334,0,fedavg,full-exposure,,,,federated-client,appchina,40,0.451291561126709,0.03707432498534521,0,true,false,0.8230634922311646
representation-r3,334,0,fedavg,peer-present,,,,federated-client,play-early,40,0.4600814978281657,0.048181633154551186,0,true,false,0.8229290066245231
representation-r3,334,0,fedavg,peer-present,,,,federated-client,play-late,40,0.29708699385325116,0.02221374710400899,0,true,false,0.8229290066245231
representation-r3,334,0,fedavg,peer-present,,,,federated-client,anzhi,40,0.388195276260376,0.034011306862036385,0,true,false,0.8229290066245231
representation-r3,334,0,fedavg,peer-present,,,,federated-client,appchina,40,0.42191656430562335,0.04894782602787018,0,true,false,0.8229290066245231
representation-r3,334,0,fedavg,family-absent-everywhere,,,,federated-client,anzhi,40,0.4263871908187866,0.04923447469870249,0,true,false,0.8027000478117672
representation-r3,334,0,fedavg,full-exposure,,,,federated-client,anzhi,40,0.40587981541951496,0.03499429672956467,0,true,false,0.8230634922311646
representation-r3,334,0,fedavg,family-absent-everywhere,,,,federated-client,play-early,40,0.4282596508661906,0.033420927822589874,0,true,false,0.8027000478117672
representation-r3,334,0,fedavg,family-absent-everywhere,,,,federated-client,play-late,40,0.27319427331288654,0.0280669704079628,0,true,false,0.8027000478117672
representation-r3,334,0,fedavg,full-exposure,,,,federated-client,play-late,40,0.27231379350026447,0.024939040342966717,0,true,false,0.8230634922311646
representation-r3,334,0,fedavg,family-absent-everywhere,,,,federated-client,appchina,40,0.4256403048833211,0.03919757902622223,0,true,false,0.8027000478117672
representation-r3,334,0,fedavg,full-exposure,,,,federated-global,,20,0.23417008171478906,0.04048814872900645,0,true,false,0.8230634922311646
representation-r3,334,0,fedavg,peer-present,,,,federated-global,,20,0.22884960720936456,0.038338628287116684,0,true,false,0.8229290066245231
representation-r3,334,0,fedavg,family-absent-everywhere,,,,federated-global,,20,0.21963060895601907,0.03747998798886935,0,true,false,0.8027000478117672
representation-r3,334,0,local,peer-present,,,,scorer,appchina,10,0.4431924025217692,0.03804907202720642,0,true,false,0.8284246190664057
representation-r3,334,0,local,peer-present,,,,scorer,play-early,10,0.46461061636606854,0.04960210621356964,0,true,false,0.8284246190664057
representation-r3,334,0,local,peer-present,,,,scorer,anzhi,10,0.426120122273763,0.028544848163922627,0,true,false,0.8284246190664057
representation-r3,334,0,local,peer-present,,,,scorer,play-late,10,0.31018678347269696,0.014698298027118048,0,true,false,0.8284246190664057
representation-r3,335,0,central,full-exposure,,,,scorer,,20,0.35001994193868435,0.042760524343937,0,true,false,0.8317290369746981
representation-r3,335,0,central,peer-present,,,,scorer,,20,0.34283025214012636,0.038371568030499396,0,true,false,0.8329864080464873
representation-r3,335,0,central,family-absent-everywhere,,,,scorer,,20,0.34551320177443484,0.031087801811542918,0,true,false,0.8106611806637923
representation-r3,335,0,fedavg,full-exposure,,,,federated-client,anzhi,40,0.3917039632797241,0.047424147526423134,0,true,false,0.8103841584049517
representation-r3,335,0,fedavg,full-exposure,,,,federated-client,appchina,40,0.40043218930562335,0.04750495652357737,0,true,false,0.8103841584049517
representation-r3,335,0,fedavg,full-exposure,,,,federated-client,play-late,40,0.3038166364034017,0.025157546003659565,0,true,false,0.8103841584049517
representation-r3,335,0,fedavg,peer-present,,,,federated-client,play-early,40,0.4211703936258952,0.03708929320176443,0,true,false,0.8116827189087444
representation-r3,335,0,fedavg,peer-present,,,,federated-client,play-late,40,0.26040496428807575,0.019024920960267384,0,true,false,0.8116827189087444
representation-r3,335,0,fedavg,peer-present,,,,federated-client,anzhi,40,0.4101622899373372,0.03586636235316595,0,true,false,0.8116827189087444
representation-r3,335,0,fedavg,peer-present,,,,federated-client,appchina,40,0.4288039604822795,0.04572642842928568,0,true,false,0.8116827189087444
representation-r3,335,0,fedavg,full-exposure,,,,federated-client,play-early,40,0.448347528775533,0.044131855169932045,0,true,false,0.8103841584049517
representation-r3,335,0,fedavg,family-absent-everywhere,,,,federated-client,play-early,40,0.4007967710494995,0.02904193600018819,0,true,false,0.7934331349681937
representation-r3,335,0,fedavg,family-absent-everywhere,,,,federated-client,play-late,40,0.26201502482096356,0.01776195565859477,0,true,false,0.7934331349681937
representation-r3,335,0,fedavg,family-absent-everywhere,,,,federated-client,anzhi,40,0.4483044544855754,0.041103728115558624,0,true,false,0.7934331349681937
representation-r3,335,0,fedavg,family-absent-everywhere,,,,federated-client,appchina,40,0.4263503948847453,0.04321248332659403,0,true,false,0.7934331349681937
representation-r3,335,0,fedavg,full-exposure,,,,federated-global,,20,0.21817024300495783,0.04105462630589803,0,true,false,0.8103841584049517
representation-r3,335,0,fedavg,family-absent-everywhere,,,,federated-global,,20,0.2152626390258471,0.0327800257752339,0,true,false,0.7934331349681937
representation-r3,335,0,fedavg,peer-present,,,,federated-global,,20,0.2124350294470787,0.03442675123612086,0,true,false,0.8116827189087444
representation-r3,335,0,local,peer-present,,,,scorer,anzhi,10,0.41599464416503906,0.02754557877779007,0,true,false,0.8177213137631404
representation-r3,335,0,local,peer-present,,,,scorer,appchina,10,0.46397610505421955,0.039346699913342796,0,true,false,0.8177213137631404
representation-r3,335,0,local,peer-present,,,,scorer,play-late,10,0.2827700177828471,0.015008289366960526,0,true,false,0.8177213137631404
representation-r3,335,0,local,peer-present,,,,scorer,play-early,10,0.4733175039291382,0.037397767106691994,0,true,false,0.8177213137631404
representation-r3,336,0,central,family-absent-everywhere,,,,scorer,,20,0.3508644915641622,0.0287964902025588,0,true,false,0.8254170742485094
representation-r3,336,0,central,peer-present,,,,scorer,,20,0.34822451814692074,0.024578487619440606,0,true,false,0.8457870263776986
representation-r3,336,0,central,full-exposure,,,,scorer,,20,0.35568610658036903,0.030216843523877733,0,true,false,0.8447445263061439
representation-r3,336,0,fedavg,family-absent-everywhere,,,,federated-client,play-early,40,0.4020422299702962,0.03276647379000982,0,true,false,0.8073727117529187
representation-r3,336,0,fedavg,full-exposure,,,,federated-client,anzhi,40,0.39260125160217285,0.03345360358556112,0,true,false,0.8353054750152036
representation-r3,336,0,fedavg,peer-present,,,,federated-client,appchina,40,0.4280661741892497,0.03950326393047968,0,true,false,0.8353365572064814
representation-r3,336,0,fedavg,peer-present,,,,federated-client,play-late,40,0.2768168052037557,0.011518492052952448,0,true,false,0.8353365572064814
representation-r3,336,0,fedavg,full-exposure,,,,federated-client,appchina,40,0.42934457461039227,0.048616026838620506,0,true,false,0.8353054750152036
representation-r3,336,0,fedavg,peer-present,,,,federated-client,anzhi,40,0.3927987416585286,0.037618353962898254,0,true,false,0.8353365572064814
representation-r3,336,0,fedavg,full-exposure,,,,federated-client,play-late,40,0.2580666144688924,0.01142653947075208,0,true,false,0.8353054750152036
representation-r3,336,0,fedavg,full-exposure,,,,federated-client,play-early,40,0.4065036376317342,0.043520718812942505,0,true,false,0.8353054750152036
representation-r3,336,0,fedavg,peer-present,,,,federated-client,play-early,40,0.43268946806589764,0.04562018314997355,0,true,false,0.8353365572064814
representation-r3,336,0,fedavg,family-absent-everywhere,,,,federated-client,play-late,40,0.264016071955363,0.02044166127840678,0,true,false,0.8073727117529187
representation-r3,336,0,fedavg,family-absent-everywhere,,,,federated-client,anzhi,40,0.4281143347422282,0.0539055069287618,0,true,false,0.8073727117529187
representation-r3,336,0,fedavg,family-absent-everywhere,,,,federated-client,appchina,40,0.429343303044637,0.04820325970649719,0,true,false,0.8073727117529187
representation-r3,336,0,fedavg,family-absent-everywhere,,,,federated-global,,20,0.21858175347248712,0.0388292254259189,0,true,false,0.8073727117529187
representation-r3,336,0,fedavg,peer-present,,,,federated-global,,20,0.22484638541936874,0.033565073274075985,0,true,false,0.8353365572064814
representation-r3,336,0,fedavg,full-exposure,,,,federated-global,,20,0.2173961947361628,0.03425422217696905,0,true,false,0.8353054750152036
representation-r3,336,0,local,peer-present,,,,scorer,appchina,10,0.4587882359822591,0.06368888914585114,0,true,false,0.8346124574280186
representation-r3,336,0,local,peer-present,,,,scorer,anzhi,10,0.4124441146850586,0.02841946731011073,0,true,false,0.8346124574280186
representation-r3,336,0,local,peer-present,,,,scorer,play-late,10,0.31975704431533813,0.013603432724873224,0,true,false,0.8346124574280186
representation-r3,336,0,local,peer-present,,,,scorer,play-early,10,0.4481518665949504,0.040497283140818276,0,true,false,0.8346124574280186
representation-r3,337,0,central,peer-present,,,,scorer,,20,0.36012414161195144,0.024195861309132677,0,true,false,0.8510908837765121
representation-r3,337,0,central,full-exposure,,,,scorer,,20,0.36370358568556765,0.034496487455165134,0,true,false,0.8621111288628737
representation-r3,337,0,central,family-absent-everywhere,,,,scorer,,20,0.3605283777764503,0.030219828828852227,0,true,false,0.8139632634215138
representation-r3,337,0,fedavg,full-exposure,,,,federated-client,anzhi,40,0.38818466663360596,0.024600485960642498,0,true,false,0.8483356191119723
representation-r3,337,0,fedavg,full-exposure,,,,federated-client,play-early,40,0.42308831214904785,0.05051696797211965,0,true,false,0.8483356191119723
representation-r3,337,0,fedavg,peer-present,,,,federated-client,play-early,40,0.4343443314234416,0.038435022036234535,0,true,false,0.8488671649080546
representation-r3,337,0,fedavg,peer-present,,,,federated-client,play-late,40,0.28209765752156574,0.02055997649828593,0,true,false,0.8488671649080546
representation-r3,337,0,fedavg,peer-present,,,,federated-client,anzhi,40,0.38394184907277423,0.03467403103907903,0,true,false,0.8488671649080546
representation-r3,337,0,fedavg,peer-present,,,,federated-client,appchina,40,0.42327284812927246,0.03764341026544571,0,true,false,0.8488671649080546
representation-r3,337,0,fedavg,full-exposure,,,,federated-client,appchina,40,0.4301782051722209,0.03423579533894857,0,true,false,0.8483356191119723
representation-r3,337,0,fedavg,full-exposure,,,,federated-client,play-late,40,0.26425957679748535,0.02059117207924525,0,true,false,0.8483356191119723
representation-r3,337,0,fedavg,family-absent-everywhere,,,,federated-client,play-early,40,0.4122176965077718,0.03507641702890396,0,true,false,0.813321779935977
representation-r3,337,0,fedavg,family-absent-everywhere,,,,federated-client,play-late,40,0.2645993232727051,0.016366501649220783,0,true,false,0.813321779935977
representation-r3,337,0,fedavg,family-absent-everywhere,,,,federated-client,anzhi,40,0.4299424886703491,0.030763797461986542,0,true,false,0.813321779935977
representation-r3,337,0,fedavg,family-absent-everywhere,,,,federated-client,appchina,40,0.4333939552307129,0.050040021538734436,0,true,false,0.813321779935977
representation-r3,337,0,fedavg,peer-present,,,,federated-global,,20,0.23580665389696756,0.0328281099597613,0,true,false,0.8488671649080546
representation-r3,337,0,fedavg,family-absent-everywhere,,,,federated-global,,20,0.23241240034500757,0.03306168441971143,0,true,false,0.813321779935977
representation-r3,337,0,fedavg,full-exposure,,,,federated-global,,20,0.23120264957348505,0.03248610533773899,0,true,false,0.8483356191119723
representation-r3,337,0,local,peer-present,,,,scorer,anzhi,10,0.3980424801508586,0.023422206441561382,0,true,false,0.8508556942590942
representation-r3,337,0,local,peer-present,,,,scorer,play-late,10,0.3153905471165975,0.01956840107838313,0,true,false,0.8508556942590942
representation-r3,337,0,local,peer-present,,,,scorer,play-early,10,0.43749245007832843,0.03558826446533203,0,true,false,0.8508556942590942
representation-r3,337,0,local,peer-present,,,,scorer,appchina,10,0.44010313351949054,0.040673770010471344,0,true,false,0.8508556942590942
representation-r3,338,0,central,peer-present,,,,scorer,,20,0.34680829149611453,0.029949152723271796,0,true,false,0.8429913875374283
representation-r3,338,0,central,full-exposure,,,,scorer,,20,0.34425491982317985,0.03541025455961836,0,true,false,0.8284673574431105
representation-r3,338,0,central,family-absent-everywhere,,,,scorer,,20,0.34273695438466173,0.030623948320429376,0,true,false,0.8242111041075896
representation-r3,338,0,fedavg,family-absent-everywhere,,,,federated-client,play-late,40,0.2319013476371765,0.013279464095830917,0,true,false,0.8039541910978582
representation-r3,338,0,fedavg,full-exposure,,,,federated-client,anzhi,40,0.41130757331848145,0.034822327395280205,0,true,false,0.8242820258748327
representation-r3,338,0,fedavg,peer-present,,,,federated-client,play-early,40,0.4213520288467407,0.030865609645843506,0,true,false,0.8205867864772468
representation-r3,338,0,fedavg,peer-present,,,,federated-client,play-late,40,0.2629180947939555,0.01647655914227168,0,true,false,0.8205867864772468
representation-r3,338,0,fedavg,peer-present,,,,federated-client,anzhi,40,0.40516380469004315,0.03730281194051107,0,true,false,0.8205867864772468
representation-r3,338,0,fedavg,peer-present,,,,federated-client,appchina,40,0.43299973011016846,0.04165427883466085,0,true,false,0.8205867864772468
representation-r3,338,0,fedavg,full-exposure,,,,federated-client,appchina,40,0.44772565364837646,0.045322140057881675,0,true,false,0.8242820258748327
representation-r3,338,0,fedavg,full-exposure,,,,federated-client,play-late,40,0.24090866247812906,0.014638596524794897,0,true,false,0.8242820258748327
representation-r3,338,0,fedavg,family-absent-everywhere,,,,federated-client,play-early,40,0.39124306042989093,0.027757465839385986,0,true,false,0.8039541910978582
representation-r3,338,0,fedavg,full-exposure,,,,federated-client,play-early,40,0.4106108744939168,0.04712880154450735,0,true,false,0.8242820258748327
representation-r3,338,0,fedavg,family-absent-everywhere,,,,federated-client,anzhi,40,0.44036348660786945,0.03831258416175842,0,true,false,0.8039541910978582
representation-r3,338,0,fedavg,family-absent-everywhere,,,,federated-client,appchina,40,0.46011753877003986,0.040138982236385345,0,true,false,0.8039541910978582
representation-r3,338,0,fedavg,family-absent-everywhere,,,,federated-global,,20,0.21483675638834634,0.029872124083340168,0,true,false,0.8039541910978582
representation-r3,338,0,fedavg,peer-present,,,,federated-global,,20,0.22269845505555472,0.03157481489082178,0,true,false,0.8205867864772468
representation-r3,338,0,fedavg,full-exposure,,,,federated-global,,20,0.2192494198679924,0.03547796638061603,0,true,false,0.8242820258748327
representation-r3,338,0,local,peer-present,,,,scorer,play-late,10,0.26468578974405926,0.014251465598742167,0,true,false,0.8382338200451102
representation-r3,338,0,local,peer-present,,,,scorer,anzhi,10,0.4434903860092163,0.02753288795550664,0,true,false,0.8382338200451102
representation-r3,338,0,local,peer-present,,,,scorer,play-early,10,0.4352648655573527,0.03864819556474686,0,true,false,0.8382338200451102
representation-r3,338,0,local,peer-present,,,,scorer,appchina,10,0.45833106835683185,0.04258747398853302,0,true,false,0.8382338200451102
representation-r3,339,0,central,peer-present,,,,scorer,,20,0.35764044903694314,0.03468684947237055,0,true,false,0.8384988311272066
representation-r3,339,0,central,full-exposure,,,,scorer,,20,0.35319198446070893,0.027615298616125227,0,true,false,0.8432373981170942
representation-r3,339,0,central,family-absent-everywhere,,,,scorer,,20,0.3506336617977061,0.03231679632308635,0,true,false,0.8306709019345946
representation-r3,339,0,fedavg,family-absent-everywhere,,,,federated-client,play-late,40,0.26188427209854126,0.014537268628676733,0,true,false,0.8092450552951379
representation-r3,339,0,fedavg,peer-present,,,,federated-client,play-early,40,0.43302945295969647,0.04255694647630056,0,true,false,0.819274179832798
representation-r3,339,0,fedavg,peer-present,,,,federated-client,play-late,40,0.2714877525965373,0.02128399908542633,0,true,false,0.819274179832798
representation-r3,339,0,fedavg,peer-present,,,,federated-client,anzhi,40,0.43187395731608075,0.033699495097001396,0,true,false,0.819274179832798
representation-r3,339,0,fedavg,peer-present,,,,federated-client,appchina,40,0.4382294813791911,0.04790683090686798,0,true,false,0.819274179832798
representation-r3,339,0,fedavg,family-absent-everywhere,,,,federated-client,play-early,40,0.4051613410313924,0.028352623184521992,0,true,false,0.8092450552951379
representation-r3,339,0,fedavg,family-absent-everywhere,,,,federated-client,anzhi,40,0.4431891043980916,0.0409952849149704,0,true,false,0.8092450552951379
representation-r3,339,0,fedavg,family-absent-everywhere,,,,federated-client,appchina,40,0.44976762930552167,0.045433436830838524,0,true,false,0.8092450552951379
representation-r3,339,0,fedavg,full-exposure,,,,federated-client,play-early,40,0.42682476838429767,0.044334774216016136,0,true,false,0.8213911713576433
representation-r3,339,0,fedavg,full-exposure,,,,federated-client,play-late,40,0.26421356201171875,0.019437525421380997,0,true,false,0.8213911713576433
representation-r3,339,0,fedavg,full-exposure,,,,federated-client,anzhi,40,0.39915696779886883,0.045929287870725,0,true,false,0.8213911713576433
representation-r3,339,0,fedavg,full-exposure,,,,federated-client,appchina,40,0.4329001108805339,0.04287042220433553,0,true,false,0.8213911713576433
representation-r3,339,0,fedavg,peer-present,,,,federated-global,,20,0.2268137981494268,0.03636181789139906,0,true,false,0.819274179832798
representation-r3,339,0,fedavg,family-absent-everywhere,,,,federated-global,,20,0.22312947611014047,0.03232965338975191,0,true,false,0.8092450552951379
representation-r3,339,0,fedavg,full-exposure,,,,federated-global,,20,0.222729263206323,0.038143002428114414,0,true,false,0.8213911713576433
representation-r3,339,0,local,peer-present,,,,scorer,appchina,10,0.4634830951690674,0.04174528022607168,0,true,false,0.8335657482194114
representation-r3,339,0,local,peer-present,,,,scorer,play-early,10,0.46197323004404706,0.03599400073289871,0,true,false,0.8335657482194114
representation-r3,339,0,local,peer-present,,,,scorer,anzhi,10,0.45824384689331055,0.03089703619480133,0,true,false,0.8335657482194114
representation-r3,339,0,local,peer-present,,,,scorer,play-late,10,0.3187384406725566,0.014054124553998312,0,true,false,0.8335657482194114
