reading,arm,group,representation,sensitivity,omitted_seed,seeds,diff,median,pos,ci_low,ci_high,evidence_class
calibrated,central__full-exposure,adwo,call-graph,all-seeds,,10,0.10606259040724061,0.06616237392681504,7,0.014007322268779042,0.22046013581920737,D-post-hoc-diagnostic
calibrated,central__full-exposure,adwo,call-graph,leave-one-seed-out,330,9,0.13139745817606682,0.08064516129032262,7,0.038968967605870666,0.24081160229234932,D-post-hoc-diagnostic
calibrated,central__full-exposure,adwo,call-graph,leave-one-seed-out,331,9,0.08210776145744358,0.051679586563307456,6,-0.0030106111126947267,0.20634127795439935,D-post-hoc-diagnostic
calibrated,central__full-exposure,adwo,call-graph,leave-one-seed-out,332,9,0.10888674919800931,0.051679586563307456,6,0.0068948437670697665,0.23259825385327854,D-post-hoc-diagnostic
calibrated,central__full-exposure,adwo,call-graph,leave-one-seed-out,333,9,0.11487996362426668,0.08064516129032262,6,0.012725746212129664,0.23342305598214022,D-post-hoc-diagnostic
calibrated,central__full-exposure,adwo,call-graph,leave-one-seed-out,334,9,0.10853633571009358,0.051679586563307456,6,0.006568097379260153,0.23284240665234512,D-post-hoc-diagnostic
calibrated,central__full-exposure,adwo,call-graph,leave-one-seed-out,335,9,0.11210514638989988,0.08064516129032262,6,0.010194410611812196,0.2338019841816843,D-post-hoc-diagnostic
calibrated,central__full-exposure,adwo,call-graph,leave-one-seed-out,336,9,0.11871537823026736,0.08064516129032262,7,0.017158196748531054,0.23648931839446102,D-post-hoc-diagnostic
calibrated,central__full-exposure,adwo,call-graph,leave-one-seed-out,337,9,0.07925529553306636,0.051679586563307456,6,-0.003990141174423778,0.19787426644457862,D-post-hoc-diagnostic
calibrated,central__full-exposure,adwo,call-graph,leave-one-seed-out,338,9,0.07923165782953878,0.051679586563307456,6,-0.004000912937249936,0.1977964929317162,D-post-hoc-diagnostic
calibrated,central__full-exposure,adwo,call-graph,leave-one-seed-out,339,9,0.12551015792375397,0.08064516129032262,7,0.02703187457565241,0.2382359624460053,D-post-hoc-diagnostic
calibrated,central__full-exposure,adwo,call-graph,valid-fpr-leave-one-out,330,7,0.15315314420700446,0.08064516129032262,5,0.03422158071845547,0.2843118160592962,D-post-hoc-diagnostic
calibrated,central__full-exposure,adwo,call-graph,valid-fpr-leave-one-out,331,7,0.08978067699734602,0.051679586563307456,4,-0.023466992677790694,0.2380640528293004,D-post-hoc-diagnostic
calibrated,central__full-exposure,adwo,call-graph,valid-fpr-leave-one-out,332,7,0.12421080409235909,0.051679586563307456,4,-0.00989943403703474,0.27688572968300545,D-post-hoc-diagnostic
calibrated,central__full-exposure,adwo,call-graph,valid-fpr-leave-one-out,335,7,0.1283487433390755,0.08064516129032262,4,-0.007860073541797156,0.27668164735439443,D-post-hoc-diagnostic
calibrated,central__full-exposure,adwo,call-graph,valid-fpr-leave-one-out,336,7,0.13684761284811944,0.08064516129032262,5,-0.0014005645279908188,0.2711103762415391,D-post-hoc-diagnostic
calibrated,central__full-exposure,adwo,call-graph,valid-fpr-leave-one-out,337,7,0.086113220808861,0.051679586563307456,4,-0.02051629733555229,0.2349469992155182,D-post-hoc-diagnostic
calibrated,central__full-exposure,adwo,call-graph,valid-fpr-leave-one-out,338,7,0.08608282947575412,0.051679586563307456,4,-0.02069191954562794,0.23485582521619758,D-post-hoc-diagnostic
calibrated,central__full-exposure,adwo,call-graph,valid-fpr-leave-one-out,339,7,0.1455837581683165,0.08064516129032262,5,0.011033428313798126,0.2693467349774244,D-post-hoc-diagnostic
calibrated,central__full-exposure,adwo,call-graph,valid-fpr-only,,8,0.11876509874210453,0.06616237392681504,5,0.0022319384154463884,0.2489946548479296,D-post-hoc-diagnostic
calibrated,central__full-exposure,adwo,mcndroid-static,all-seeds,,10,0.3359846724812351,0.37047262281119625,9,0.20461472054073812,0.4431783147485495,D-post-hoc-diagnostic
calibrated,central__full-exposure,adwo,mcndroid-static,leave-one-seed-out,330,9,0.3733163027569279,0.4050279329608938,9,0.2509533657005542,0.4653399901447165,D-post-hoc-diagnostic
calibrated,central__full-exposure,adwo,mcndroid-static,leave-one-seed-out,331,9,0.30502189369818766,0.3359173126614987,8,0.17388983624421867,0.403445838271043,D-post-hoc-diagnostic
calibrated,central__full-exposure,adwo,mcndroid-static,leave-one-seed-out,332,9,0.3263628977390068,0.3359173126614987,8,0.18928544341714582,0.4453325739442019,D-post-hoc-diagnostic
calibrated,central__full-exposure,adwo,mcndroid-static,leave-one-seed-out,333,9,0.34364271225247683,0.4050279329608938,8,0.1970318692155366,0.45419593185924423,D-post-hoc-diagnostic
calibrated,central__full-exposure,adwo,mcndroid-static,leave-one-seed-out,334,9,0.3283131990946064,0.3359173126614987,8,0.18860899263697536,0.4448677697729391,D-post-hoc-diagnostic
calibrated,central__full-exposure,adwo,mcndroid-static,leave-one-seed-out,335,9,0.3359921569056502,0.4050279329608938,8,0.19113787967689788,0.4504314710988049,D-post-hoc-diagnostic
calibrated,central__full-exposure,adwo,mcndroid-static,leave-one-seed-out,336,9,0.33859408053470563,0.4050279329608938,8,0.1918038395868873,0.45169182049459566,D-post-hoc-diagnostic
calibrated,central__full-exposure,adwo,mcndroid-static,leave-one-seed-out,337,9,0.3109753358358083,0.3359173126614987,8,0.18030240071829087,0.41900835769805433,D-post-hoc-diagnostic
calibrated,central__full-exposure,adwo,mcndroid-static,leave-one-seed-out,338,9,0.32814326086257456,0.3359173126614987,8,0.18857182122115485,0.4470005199651713,D-post-hoc-diagnostic
calibrated,central__full-exposure,adwo,mcndroid-static,leave-one-seed-out,339,9,0.36948488513240685,0.4050279329608938,8,0.23887459872553762,0.4636175818399448,D-post-hoc-diagnostic
calibrated,central__full-exposure,adwo,mcndroid-static,valid-fpr-leave-one-out,330,8,0.38659805128403646,0.40579265500503703,8,0.24809413696065408,0.48132094600827563,D-post-hoc-diagnostic
calibrated,central__full-exposure,adwo,mcndroid-static,valid-fpr-leave-one-out,331,8,0.3097668410929536,0.37047262281119625,7,0.1576496907462201,0.4155842381105951,D-post-hoc-diagnostic
calibrated,central__full-exposure,adwo,mcndroid-static,valid-fpr-leave-one-out,332,8,0.33377547063887514,0.37047262281119625,7,0.17619651409325074,0.4600431722162066,D-post-hoc-diagnostic
calibrated,central__full-exposure,adwo,mcndroid-static,valid-fpr-leave-one-out,334,8,0.3359695596639247,0.37123734485533955,7,0.17724758955543485,0.4622372612412562,D-post-hoc-diagnostic
calibrated,central__full-exposure,adwo,mcndroid-static,valid-fpr-leave-one-out,335,8,0.3446083872013491,0.40579265500503703,7,0.1794067606475572,0.46976065269897127,D-post-hoc-diagnostic
calibrated,central__full-exposure,adwo,mcndroid-static,valid-fpr-leave-one-out,336,8,0.34753555128403646,0.40579265500503703,7,0.18030984097777691,0.4707182603338943,D-post-hoc-diagnostic
calibrated,central__full-exposure,adwo,mcndroid-static,valid-fpr-leave-one-out,337,8,0.3164644634977769,0.37047262281119625,7,0.16728326143132646,0.4365187692870608,D-post-hoc-diagnostic
calibrated,central__full-exposure,adwo,mcndroid-static,valid-fpr-leave-one-out,338,8,0.3357783791528889,0.37047262281119625,7,0.17788310645120003,0.46559109774239527,D-post-hoc-diagnostic
calibrated,central__full-exposure,adwo,mcndroid-static,valid-fpr-leave-one-out,339,8,0.38228770645645027,0.40579265500503703,7,0.22663414844333124,0.47776489169453973,D-post-hoc-diagnostic
calibrated,central__full-exposure,adwo,mcndroid-static,valid-fpr-only,,9,0.34364271225247683,0.4050279329608938,8,0.1970318692155366,0.45419593185924423,D-post-hoc-diagnostic
calibrated,central__full-exposure,adwo,report-json,all-seeds,,10,-0.17916532336263755,-0.21786794354838712,1,-0.23799377841875752,-0.09455851107522212,D-post-hoc-diagnostic
calibrated,central__full-exposure,adwo,report-json,leave-one-seed-out,330,9,-0.16418098259805258,-0.19354838709677422,1,-0.2252590461873081,-0.07688657051111869,D-post-hoc-diagnostic
calibrated,central__full-exposure,adwo,report-json,leave-one-seed-out,331,9,-0.20650357939089947,-0.2421875,0,-0.2564043689659974,-0.14975883138197663,D-post-hoc-diagnostic
calibrated,central__full-exposure,adwo,report-json,leave-one-seed-out,332,9,-0.1775672051699557,-0.2421875,1,-0.24275594950544824,-0.08272567178697482,D-post-hoc-diagnostic
calibrated,central__full-exposure,adwo,report-json,leave-one-seed-out,333,9,-0.17170693693771466,-0.19354838709677422,1,-0.2374709696762626,-0.0825249840052502,D-post-hoc-diagnostic
calibrated,central__full-exposure,adwo,report-json,leave-one-seed-out,334,9,-0.18976159454942346,-0.2421875,1,-0.2483144886424652,-0.08963624464413542,D-post-hoc-diagnostic
calibrated,central__full-exposure,adwo,report-json,leave-one-seed-out,335,9,-0.16605506787637303,-0.19354838709677422,1,-0.22715109536179368,-0.07840718542022293,D-post-hoc-diagnostic
calibrated,central__full-exposure,adwo,report-json,leave-one-seed-out,336,9,-0.17216285929181951,-0.19354838709677422,1,-0.23760230716633,-0.08190291157343052,D-post-hoc-diagnostic
calibrated,central__full-exposure,adwo,report-json,leave-one-seed-out,337,9,-0.18719811162430464,-0.2421875,1,-0.24806720061999687,-0.08922650222710467,D-post-hoc-diagnostic
calibrated,central__full-exposure,adwo,report-json,leave-one-seed-out,338,9,-0.18705072359054445,-0.2421875,1,-0.24803607113440723,-0.08925413937801588,D-post-hoc-diagnostic
calibrated,central__full-exposure,adwo,report-json,leave-one-seed-out,339,9,-0.169466172597288,-0.19354838709677422,1,-0.2342782859960575,-0.08065920547016979,D-post-hoc-diagnostic
calibrated,central__full-exposure,adwo,report-json,valid-fpr-leave-one-out,330,8,-0.15391725527444117,-0.15087255420412482,1,-0.22208836888645564,-0.06561614014190176,D-post-hoc-diagnostic
calibrated,central__full-exposure,adwo,report-json,valid-fpr-leave-one-out,331,8,-0.20153017666639395,-0.21786794354838712,0,-0.25884162494235113,-0.14211864129515467,D-post-hoc-diagnostic
calibrated,central__full-exposure,adwo,report-json,valid-fpr-leave-one-out,332,8,-0.1689767556678322,-0.1751921106557377,1,-0.24325951956696673,-0.07139258127138835,D-post-hoc-diagnostic
calibrated,central__full-exposure,adwo,report-json,valid-fpr-leave-one-out,334,8,-0.18269544371973345,-0.21786794354838712,1,-0.24814845057896945,-0.07476513090787851,D-post-hoc-diagnostic
calibrated,central__full-exposure,adwo,report-json,valid-fpr-leave-one-out,335,8,-0.1560256012125517,-0.15087255420412482,1,-0.22360291130728918,-0.0646113077181587,D-post-hoc-diagnostic
calibrated,central__full-exposure,adwo,report-json,valid-fpr-leave-one-out,336,8,-0.162896866554929,-0.15087255420412482,1,-0.23677782855494625,-0.06878982581254946,D-post-hoc-diagnostic
calibrated,central__full-exposure,adwo,report-json,valid-fpr-leave-one-out,337,8,-0.17981152542897477,-0.21786794354838712,1,-0.24801078696802242,-0.07378267405814352,D-post-hoc-diagnostic
calibrated,central__full-exposure,adwo,report-json,valid-fpr-leave-one-out,338,8,-0.17964571389099457,-0.21786794354838712,1,-0.24784858867722584,-0.07369563559656894,D-post-hoc-diagnostic
calibrated,central__full-exposure,adwo,report-json,valid-fpr-leave-one-out,339,8,-0.15986309402358104,-0.15087255420412482,1,-0.23216881193364927,-0.06629270371782917,D-post-hoc-diagnostic
calibrated,central__full-exposure,adwo,report-json,valid-fpr-only,,9,-0.17170693693771466,-0.19354838709677422,1,-0.2374709696762626,-0.0825249840052502,D-post-hoc-diagnostic
calibrated,central__full-exposure,contrast-macro,call-graph,all-seeds,,10,0.07648495390585076,0.08960949679452945,9,0.042825620475526995,0.10322540794280188,D-post-hoc-diagnostic
calibrated,central__full-exposure,contrast-macro,call-graph,leave-one-seed-out,330,9,0.07067827803129897,0.08382023598139965,8,0.03583128984936562,0.09824797495691574,D-post-hoc-diagnostic
calibrated,central__full-exposure,contrast-macro,call-graph,leave-one-seed-out,331,9,0.08439847863394495,0.09539875760765926,8,0.04786786266124815,0.10796428757043525,D-post-hoc-diagnostic
calibrated,central__full-exposure,contrast-macro,call-graph,leave-one-seed-out,332,9,0.07566992256412311,0.09539875760765926,8,0.03677122104693004,0.10488813354929917,D-post-hoc-diagnostic
calibrated,central__full-exposure,contrast-macro,call-graph,leave-one-seed-out,333,9,0.081448226276015,0.09539875760765926,8,0.04055106392204169,0.10728790557637216,D-post-hoc-diagnostic
calibrated,central__full-exposure,contrast-macro,call-graph,leave-one-seed-out,334,9,0.07274142769617448,0.08382023598139965,8,0.035955134515902126,0.10185977438868392,D-post-hoc-diagnostic
calibrated,central__full-exposure,contrast-macro,call-graph,leave-one-seed-out,335,9,0.07654009452300044,0.09539875760765926,8,0.03781427769966508,0.10556935698718271,D-post-hoc-diagnostic
calibrated,central__full-exposure,contrast-macro,call-graph,leave-one-seed-out,336,9,0.0728335093475972,0.08382023598139965,8,0.03678991857057805,0.10260982608105104,D-post-hoc-diagnostic
calibrated,central__full-exposure,contrast-macro,call-graph,leave-one-seed-out,337,9,0.08615167438596347,0.09539875760765926,9,0.05372174021507407,0.10845306232055209,D-post-hoc-diagnostic
calibrated,central__full-exposure,contrast-macro,call-graph,leave-one-seed-out,338,9,0.07000450743918459,0.08382023598139965,8,0.03498702137761666,0.09662488224283577,D-post-hoc-diagnostic
calibrated,central__full-exposure,contrast-macro,call-graph,leave-one-seed-out,339,9,0.07438342016120537,0.08382023598139965,8,0.0377379049614676,0.1041569360637353,D-post-hoc-diagnostic
calibrated,central__full-exposure,contrast-macro,call-graph,valid-fpr-leave-one-out,330,7,0.07058747284491156,0.08382023598139965,6,0.027109538457751006,0.10257054529482679,D-post-hoc-diagnostic
calibrated,central__full-exposure,contrast-macro,call-graph,valid-fpr-leave-one-out,331,7,0.08822773076259925,0.09539875760765926,6,0.03886179225818146,0.11254718371473127,D-post-hoc-diagnostic
calibrated,central__full-exposure,contrast-macro,call-graph,valid-fpr-leave-one-out,332,7,0.07700530152997116,0.09539875760765926,6,0.030771256110766684,0.11093259659347261,D-post-hoc-diagnostic
calibrated,central__full-exposure,contrast-macro,call-graph,valid-fpr-leave-one-out,335,7,0.07812409404852773,0.09539875760765926,6,0.030483977330846814,0.11169635348287381,D-post-hoc-diagnostic
calibrated,central__full-exposure,contrast-macro,call-graph,valid-fpr-leave-one-out,336,7,0.073358484537295,0.08382023598139965,6,0.030483977330846814,0.10724814754822824,D-post-hoc-diagnostic
calibrated,central__full-exposure,contrast-macro,call-graph,valid-fpr-leave-one-out,337,7,0.09048183958662305,0.09539875760765926,7,0.04892210356529056,0.11288585167133325,D-post-hoc-diagnostic
calibrated,central__full-exposure,contrast-macro,call-graph,valid-fpr-leave-one-out,338,7,0.06972119636933592,0.08382023598139965,6,0.025109483207223567,0.10005972312593113,D-post-hoc-diagnostic
calibrated,central__full-exposure,contrast-macro,call-graph,valid-fpr-leave-one-out,339,7,0.07535122701193407,0.08382023598139965,6,0.028230525919438677,0.10898651863567617,D-post-hoc-diagnostic
calibrated,central__full-exposure,contrast-macro,call-graph,valid-fpr-only,,8,0.07785716833639972,0.08960949679452945,7,0.035867987728298856,0.10682352797972891,D-post-hoc-diagnostic
calibrated,central__full-exposure,contrast-macro,mcndroid-static,all-seeds,,10,-0.01642596875861837,-0.01774336311555702,2,-0.046569214129776854,0.0155349938854948,D-post-hoc-diagnostic
calibrated,central__full-exposure,contrast-macro,mcndroid-static,leave-one-seed-out,330,9,-0.028028723462514577,-0.021652949466918425,1,-0.06395993095919668,-0.011086327320334965,D-post-hoc-diagnostic
calibrated,central__full-exposure,contrast-macro,mcndroid-static,leave-one-seed-out,331,9,-0.012359128754183693,-0.013833776764195616,2,-0.04641950511171565,0.020770359101267587,D-post-hoc-diagnostic
calibrated,central__full-exposure,contrast-macro,mcndroid-static,leave-one-seed-out,332,9,-0.017092951134418704,-0.021652949466918425,2,-0.0499498563304142,0.01841072517799916,D-post-hoc-diagnostic
calibrated,central__full-exposure,contrast-macro,mcndroid-static,leave-one-seed-out,333,9,-0.0157119808976838,-0.013833776764195616,2,-0.049601496430318075,0.018887879074772986,D-post-hoc-diagnostic
calibrated,central__full-exposure,contrast-macro,mcndroid-static,leave-one-seed-out,334,9,-0.01671399009133201,-0.021652949466918425,2,-0.05025595776420083,0.018404315005754655,D-post-hoc-diagnostic
calibrated,central__full-exposure,contrast-macro,mcndroid-static,leave-one-seed-out,335,9,-0.015391542626192392,-0.013833776764195616,2,-0.04917661949074317,0.019030272787307543,D-post-hoc-diagnostic
calibrated,central__full-exposure,contrast-macro,mcndroid-static,leave-one-seed-out,336,9,-0.01584519312436281,-0.013833776764195616,2,-0.04948185258332902,0.018890780450368936,D-post-hoc-diagnostic
calibrated,central__full-exposure,contrast-macro,mcndroid-static,leave-one-seed-out,337,9,-0.005093948703579685,-0.013833776764195616,2,-0.02242570187230075,0.03120385694000077,D-post-hoc-diagnostic
calibrated,central__full-exposure,contrast-macro,mcndroid-static,leave-one-seed-out,338,9,-0.01821330239037576,-0.021652949466918425,2,-0.05182383056855415,0.015891976013821748,D-post-hoc-diagnostic
calibrated,central__full-exposure,contrast-macro,mcndroid-static,leave-one-seed-out,339,9,-0.019808926401540267,-0.021652949466918425,1,-0.05214990628911505,0.01436850374063784,D-post-hoc-diagnostic
calibrated,central__full-exposure,contrast-macro,mcndroid-static,valid-fpr-leave-one-out,330,8,-0.028675831456950213,-0.01774336311555702,1,-0.0672243919740704,-0.009179326083158842,D-post-hoc-diagnostic
calibrated,central__full-exposure,contrast-macro,mcndroid-static,valid-fpr-leave-one-out,331,8,-0.011047537410077968,-0.012128452070305495,2,-0.04914328192540289,0.024978752475160237,D-post-hoc-diagnostic
calibrated,central__full-exposure,contrast-macro,mcndroid-static,valid-fpr-leave-one-out,332,8,-0.016373087587842353,-0.01774336311555702,2,-0.0531109366909268,0.022410420551165024,D-post-hoc-diagnostic
calibrated,central__full-exposure,contrast-macro,mcndroid-static,valid-fpr-leave-one-out,334,8,-0.015946756414369823,-0.0160380384216669,2,-0.05297717775061285,0.022300941656900983,D-post-hoc-diagnostic
calibrated,central__full-exposure,contrast-macro,mcndroid-static,valid-fpr-leave-one-out,335,8,-0.014459003016087754,-0.012128452070305495,2,-0.05228047081450582,0.02336236388171052,D-post-hoc-diagnostic
calibrated,central__full-exposure,contrast-macro,mcndroid-static,valid-fpr-leave-one-out,336,8,-0.014969359826529471,-0.012128452070305495,2,-0.052355774593270524,0.023413038185701285,D-post-hoc-diagnostic
calibrated,central__full-exposure,contrast-macro,mcndroid-static,valid-fpr-leave-one-out,337,8,-0.0028742098531484572,-0.012128452070305495,2,-0.02233656470025015,0.034993996154730145,D-post-hoc-diagnostic
calibrated,central__full-exposure,contrast-macro,mcndroid-static,valid-fpr-leave-one-out,338,8,-0.017633482750794044,-0.01774336311555702,2,-0.055019897517535096,0.0212491933851503,D-post-hoc-diagnostic
calibrated,central__full-exposure,contrast-macro,mcndroid-static,valid-fpr-leave-one-out,339,8,-0.019428559763354114,-0.01774336311555702,1,-0.055529339255991864,0.019653202297395853,D-post-hoc-diagnostic
calibrated,central__full-exposure,contrast-macro,mcndroid-static,valid-fpr-only,,9,-0.0157119808976838,-0.013833776764195616,2,-0.049601496430318075,0.018887879074772986,D-post-hoc-diagnostic
calibrated,central__full-exposure,contrast-macro,report-json,all-seeds,,10,-0.25995512451428304,-0.2718282853681572,0,-0.2866860732013418,-0.2268420479402553,D-post-hoc-diagnostic
calibrated,central__full-exposure,contrast-macro,report-json,leave-one-seed-out,330,9,-0.26826807090872956,-0.27701859792493855,0,-0.29109298942346873,-0.23572184560925843,D-post-hoc-diagnostic
calibrated,central__full-exposure,contrast-macro,report-json,leave-one-seed-out,331,9,-0.2557278449586888,-0.2666379728113758,0,-0.2842069739893794,-0.22232527084084994,D-post-hoc-diagnostic
calibrated,central__full-exposure,contrast-macro,report-json,leave-one-seed-out,332,9,-0.2607107915403946,-0.27701859792493855,0,-0.28865424753100943,-0.22368095208678415,D-post-hoc-diagnostic
calibrated,central__full-exposure,contrast-macro,report-json,leave-one-seed-out,333,9,-0.2592125858146061,-0.27701859792493855,0,-0.28779050786060834,-0.2237333087186031,D-post-hoc-diagnostic
calibrated,central__full-exposure,contrast-macro,report-json,leave-one-seed-out,334,9,-0.26560583083930744,-0.27701859792493855,0,-0.2905813014651519,-0.2284965609380714,D-post-hoc-diagnostic
calibrated,central__full-exposure,contrast-macro,report-json,leave-one-seed-out,335,9,-0.2533756809178843,-0.2666379728113758,0,-0.2791929845933736,-0.22104778004260883,D-post-hoc-diagnostic
calibrated,central__full-exposure,contrast-macro,report-json,leave-one-seed-out,336,9,-0.2580591830242102,-0.2666379728113758,0,-0.2874705200343105,-0.22357318432287898,D-post-hoc-diagnostic
calibrated,central__full-exposure,contrast-macro,report-json,leave-one-seed-out,337,9,-0.2551002883819448,-0.2666379728113758,0,-0.2832129368161176,-0.22207088918778833,D-post-hoc-diagnostic
calibrated,central__full-exposure,contrast-macro,report-json,leave-one-seed-out,338,9,-0.25552873003423265,-0.2666379728113758,0,-0.28392478120404885,-0.2224916004078208,D-post-hoc-diagnostic
calibrated,central__full-exposure,contrast-macro,report-json,leave-one-seed-out,339,9,-0.2679622387228321,-0.27701859792493855,0,-0.2906426366395811,-0.23427981380229682,D-post-hoc-diagnostic
calibrated,central__full-exposure,contrast-macro,report-json,valid-fpr-leave-one-out,330,8,-0.26847183317089873,-0.28750961921978513,0,-0.2942878776568628,-0.23188070816982248,D-post-hoc-diagnostic
calibrated,central__full-exposure,contrast-macro,report-json,valid-fpr-leave-one-out,331,8,-0.25436407897710284,-0.2650863596021088,0,-0.2872991166342965,-0.21755105031539748,D-post-hoc-diagnostic
calibrated,central__full-exposure,contrast-macro,report-json,valid-fpr-leave-one-out,332,8,-0.2599698938815219,-0.28750961921978513,0,-0.292427709002952,-0.21994042455245744,D-post-hoc-diagnostic
calibrated,central__full-exposure,contrast-macro,report-json,valid-fpr-leave-one-out,334,8,-0.2654768130927989,-0.28750961921978513,0,-0.29405426142009305,-0.2255590929097746,D-post-hoc-diagnostic
calibrated,central__full-exposure,contrast-macro,report-json,valid-fpr-leave-one-out,335,8,-0.2517178944311979,-0.2650863596021088,0,-0.2821648264992984,-0.21556009376154855,D-post-hoc-diagnostic
calibrated,central__full-exposure,contrast-macro,report-json,valid-fpr-leave-one-out,336,8,-0.2569868343008145,-0.2755773808969554,0,-0.29080109276154864,-0.2188064728794809,D-post-hoc-diagnostic
calibrated,central__full-exposure,contrast-macro,report-json,valid-fpr-leave-one-out,337,8,-0.2536580778282659,-0.2650863596021088,0,-0.286821894098533,-0.2174095226026137,D-post-hoc-diagnostic
calibrated,central__full-exposure,contrast-macro,report-json,valid-fpr-leave-one-out,338,8,-0.2541400746870897,-0.2650863596021088,0,-0.28763762735180554,-0.21777002770905773,D-post-hoc-diagnostic
calibrated,central__full-exposure,contrast-macro,report-json,valid-fpr-leave-one-out,339,8,-0.2681277719617641,-0.28750961921978513,0,-0.29407769064228634,-0.22909787613333926,D-post-hoc-diagnostic
calibrated,central__full-exposure,contrast-macro,report-json,valid-fpr-only,,9,-0.2592125858146061,-0.27701859792493855,0,-0.28779050786060834,-0.2237333087186031,D-post-hoc-diagnostic
calibrated,central__full-exposure,gappusin,call-graph,all-seeds,,10,0.10679559013503317,0.009756748702411389,7,0.032968435326812096,0.2307371664536451,D-post-hoc-diagnostic
calibrated,central__full-exposure,gappusin,call-graph,leave-one-seed-out,330,9,0.08065007091027075,0.008319467554076532,6,0.0035846674505509036,0.21485902218747574,D-post-hoc-diagnostic
calibrated,central__full-exposure,gappusin,call-graph,leave-one-seed-out,331,9,0.07467551252117086,0.008319467554076532,6,0.003475646185806187,0.18905272735185505,D-post-hoc-diagnostic
calibrated,central__full-exposure,gappusin,call-graph,leave-one-seed-out,332,9,0.11773738153291721,0.011194029850746245,6,0.034766318761811583,0.24548392730336827,D-post-hoc-diagnostic
calibrated,central__full-exposure,gappusin,call-graph,leave-one-seed-out,333,9,0.11967926783420452,0.011194029850746245,7,0.03814937384577252,0.24758293728940073,D-post-hoc-diagnostic
calibrated,central__full-exposure,gappusin,call-graph,leave-one-seed-out,334,9,0.11741798572217615,0.008319467554076532,6,0.03499803227577982,0.24659665555849525,D-post-hoc-diagnostic
calibrated,central__full-exposure,gappusin,call-graph,leave-one-seed-out,335,9,0.08435644949251826,0.008319467554076532,6,0.0031803421726309834,0.2192094334212656,D-post-hoc-diagnostic
calibrated,central__full-exposure,gappusin,call-graph,leave-one-seed-out,336,9,0.11714563079764351,0.008319467554076532,6,0.03488960120261314,0.24640147221818495,D-post-hoc-diagnostic
calibrated,central__full-exposure,gappusin,call-graph,leave-one-seed-out,337,9,0.11782160718637374,0.011194029850746245,6,0.03561723631515784,0.24671226013853292,D-post-hoc-diagnostic
calibrated,central__full-exposure,gappusin,call-graph,leave-one-seed-out,338,9,0.11916796777848535,0.011194029850746245,7,0.037717534310082367,0.2478433711023574,D-post-hoc-diagnostic
calibrated,central__full-exposure,gappusin,call-graph,leave-one-seed-out,339,9,0.11930402757457122,0.011194029850746245,7,0.03788893802762131,0.24789954909721967,D-post-hoc-diagnostic
calibrated,central__full-exposure,gappusin,call-graph,valid-fpr-leave-one-out,330,7,0.10340201678559995,0.008319467554076532,5,0.003756688484480091,0.25899849359506383,D-post-hoc-diagnostic
calibrated,central__full-exposure,gappusin,call-graph,valid-fpr-leave-one-out,331,7,0.09572044171390008,0.008319467554076532,5,0.0037566884844800912,0.23595376837996415,D-post-hoc-diagnostic
calibrated,central__full-exposure,gappusin,call-graph,valid-fpr-leave-one-out,332,7,0.15108570187185968,0.013645224171540016,5,0.04505228475815082,0.2934744373442392,D-post-hoc-diagnostic
calibrated,central__full-exposure,gappusin,call-graph,valid-fpr-leave-one-out,335,7,0.10816736067706104,0.008319467554076532,5,0.0038907353505123,0.2677683590040626,D-post-hoc-diagnostic
calibrated,central__full-exposure,gappusin,call-graph,valid-fpr-leave-one-out,336,7,0.15032487949793635,0.008319467554076532,5,0.045220028829098355,0.29364937136777824,D-post-hoc-diagnostic
calibrated,central__full-exposure,gappusin,call-graph,valid-fpr-leave-one-out,337,7,0.15119399199773234,0.013645224171540016,5,0.04613078755710075,0.2934744373442392,D-post-hoc-diagnostic
calibrated,central__full-exposure,gappusin,call-graph,valid-fpr-leave-one-out,338,7,0.15292502704473296,0.013645224171540016,6,0.0487130227593521,0.2948541922241494,D-post-hoc-diagnostic
calibrated,central__full-exposure,gappusin,call-graph,valid-fpr-leave-one-out,339,7,0.15309996106827195,0.013645224171540016,6,0.04908080315097534,0.29415171253729355,D-post-hoc-diagnostic
calibrated,central__full-exposure,gappusin,call-graph,valid-fpr-only,,8,0.1332399225821368,0.010982345862808274,6,0.04115655142598752,0.26861972953753394,D-post-hoc-diagnostic
calibrated,central__full-exposure,gappusin,mcndroid-static,all-seeds,,10,0.16926546671174778,0.033376345784999206,7,0.057498573009322734,0.34306739488409516,D-post-hoc-diagnostic
calibrated,central__full-exposure,gappusin,mcndroid-static,leave-one-seed-out,330,9,0.12689415329645393,0.021194605009633882,6,0.025607251750129307,0.305103015746219,D-post-hoc-diagnostic
calibrated,central__full-exposure,gappusin,mcndroid-static,leave-one-seed-out,331,9,0.14317010619747464,0.021194605009633882,6,0.027781471773743953,0.3397102400454942,D-post-hoc-diagnostic
calibrated,central__full-exposure,gappusin,mcndroid-static,leave-one-seed-out,332,9,0.17420696153403664,0.021194605009633882,6,0.05157502847867114,0.3578340575905567,D-post-hoc-diagnostic
calibrated,central__full-exposure,gappusin,mcndroid-static,leave-one-seed-out,333,9,0.1897007424188325,0.04555808656036453,7,0.06619612865925689,0.3674368660910491,D-post-hoc-diagnostic
calibrated,central__full-exposure,gappusin,mcndroid-static,leave-one-seed-out,334,9,0.1882800376399188,0.04555808656036453,7,0.06355160555740288,0.36602676661791467,D-post-hoc-diagnostic
calibrated,central__full-exposure,gappusin,mcndroid-static,leave-one-seed-out,335,9,0.126132584511052,0.021194605009633882,6,0.025463623095225606,0.3048708382118541,D-post-hoc-diagnostic
calibrated,central__full-exposure,gappusin,mcndroid-static,leave-one-seed-out,336,9,0.18893910423029375,0.04555808656036453,7,0.06669211548468507,0.3719290974041023,D-post-hoc-diagnostic
calibrated,central__full-exposure,gappusin,mcndroid-static,leave-one-seed-out,337,9,0.18660246143775383,0.04555808656036453,6,0.06295737032502868,0.3710055873770167,D-post-hoc-diagnostic
calibrated,central__full-exposure,gappusin,mcndroid-static,leave-one-seed-out,338,9,0.1830107311730126,0.021194605009633882,6,0.0586844964312134,0.36818912727329656,D-post-hoc-diagnostic
calibrated,central__full-exposure,gappusin,mcndroid-static,leave-one-seed-out,339,9,0.18571778467864933,0.04555808656036453,6,0.06159588961230347,0.36961852193319855,D-post-hoc-diagnostic
calibrated,central__full-exposure,gappusin,mcndroid-static,valid-fpr-leave-one-out,330,8,0.14458742429001248,0.033376345784999206,6,0.033797869525609946,0.3399325506833798,D-post-hoc-diagnostic
calibrated,central__full-exposure,gappusin,mcndroid-static,valid-fpr-leave-one-out,331,8,0.1628978713036608,0.033376345784999206,6,0.036131092770805104,0.3736883726105867,D-post-hoc-diagnostic
calibrated,central__full-exposure,gappusin,mcndroid-static,valid-fpr-leave-one-out,332,8,0.19781433355729305,0.033376345784999206,6,0.06172186348234804,0.3987581864537793,D-post-hoc-diagnostic
calibrated,central__full-exposure,gappusin,mcndroid-static,valid-fpr-leave-one-out,334,8,0.2136465441764105,0.08517504993575631,7,0.07985805938113494,0.40214111616244164,D-post-hoc-diagnostic
calibrated,central__full-exposure,gappusin,mcndroid-static,valid-fpr-leave-one-out,335,8,0.1437306594064353,0.033376345784999206,6,0.030322859453813782,0.3356485208519797,D-post-hoc-diagnostic
calibrated,central__full-exposure,gappusin,mcndroid-static,valid-fpr-leave-one-out,336,8,0.2143879940905823,0.08517504993575631,7,0.07829552401563726,0.3984215211178145,D-post-hoc-diagnostic
calibrated,central__full-exposure,gappusin,mcndroid-static,valid-fpr-leave-one-out,337,8,0.21175927094897487,0.08517504993575631,6,0.07452105277296082,0.39745980050769064,D-post-hoc-diagnostic
calibrated,central__full-exposure,gappusin,mcndroid-static,valid-fpr-leave-one-out,338,8,0.207718574401141,0.07299330916039098,6,0.06963748483725339,0.39589213043010285,D-post-hoc-diagnostic
calibrated,central__full-exposure,gappusin,mcndroid-static,valid-fpr-leave-one-out,339,8,0.21076400959498234,0.08517504993575631,6,0.07367627816604479,0.39609178075296125,D-post-hoc-diagnostic
calibrated,central__full-exposure,gappusin,mcndroid-static,valid-fpr-only,,9,0.1897007424188325,0.04555808656036453,7,0.06619612865925689,0.3674368660910491,D-post-hoc-diagnostic
calibrated,central__full-exposure,gappusin,report-json,all-seeds,,10,-0.039639169253304345,-0.11618449129961833,3,-0.1249877383836776,0.09278273472645285,D-post-hoc-diagnostic
calibrated,central__full-exposure,gappusin,report-json,leave-one-seed-out,330,9,-0.06631072787029318,-0.14808652246256238,2,-0.14558596075617347,0.07909245917104193,D-post-hoc-diagnostic
calibrated,central__full-exposure,gappusin,report-json,leave-one-seed-out,331,9,-0.07588773674193036,-0.14808652246256238,2,-0.14656738102639133,0.045531624151562394,D-post-hoc-diagnostic
calibrated,central__full-exposure,gappusin,report-json,leave-one-seed-out,332,9,-0.027589463341164563,-0.08428246013667429,3,-0.12391250751336504,0.10812866886735015,D-post-hoc-diagnostic
calibrated,central__full-exposure,gappusin,report-json,leave-one-seed-out,333,9,-0.027153004502043488,-0.08428246013667429,3,-0.12324366264341663,0.1083420483266903,D-post-hoc-diagnostic
calibrated,central__full-exposure,gappusin,report-json,leave-one-seed-out,334,9,-0.022691945936507318,-0.08428246013667429,3,-0.11576922342710615,0.1111092938822658,D-post-hoc-diagnostic
calibrated,central__full-exposure,gappusin,report-json,leave-one-seed-out,335,9,-0.05929032909219827,-0.14808652246256238,2,-0.14513213259576116,0.08808940116215788,D-post-hoc-diagnostic
calibrated,central__full-exposure,gappusin,report-json,leave-one-seed-out,336,9,-0.03559647785779756,-0.14808652246256238,3,-0.13104469614091177,0.10744090056269753,D-post-hoc-diagnostic
calibrated,central__full-exposure,gappusin,report-json,leave-one-seed-out,337,9,-0.02198933109640411,-0.08428246013667429,3,-0.11378005071841162,0.1125210289461177,D-post-hoc-diagnostic
calibrated,central__full-exposure,gappusin,report-json,leave-one-seed-out,338,9,-0.034678803599596575,-0.14808652246256238,3,-0.13084224884696383,0.10835857482089853,D-post-hoc-diagnostic
calibrated,central__full-exposure,gappusin,report-json,leave-one-seed-out,339,9,-0.02520387249510802,-0.08428246013667429,3,-0.120654417200521,0.11151268500312878,D-post-hoc-diagnostic
calibrated,central__full-exposure,gappusin,report-json,valid-fpr-leave-one-out,330,8,-0.05559773735224832,-0.11618449129961833,2,-0.14415510230976772,0.09422260599558407,D-post-hoc-diagnostic
calibrated,central__full-exposure,gappusin,report-json,valid-fpr-leave-one-out,331,8,-0.06637187233284016,-0.11618449129961833,2,-0.14538658397024717,0.06152273717249726,D-post-hoc-diagnostic
calibrated,central__full-exposure,gappusin,report-json,valid-fpr-leave-one-out,332,8,-0.012036314756978625,-0.08015292597476986,3,-0.12071076724322866,0.13237553233478253,D-post-hoc-diagnostic
calibrated,central__full-exposure,gappusin,report-json,valid-fpr-leave-one-out,334,8,-0.006526607676739224,-0.08015292597476986,3,-0.11093431823801644,0.13524112515760653,D-post-hoc-diagnostic
calibrated,central__full-exposure,gappusin,report-json,valid-fpr-leave-one-out,335,8,-0.04769978872689155,-0.11618449129961833,2,-0.14638721059313886,0.11284108329019645,D-post-hoc-diagnostic
calibrated,central__full-exposure,gappusin,report-json,valid-fpr-leave-one-out,336,8,-0.02104420608819075,-0.11618449129961833,3,-0.1307510421149169,0.12954518749140115,D-post-hoc-diagnostic
calibrated,central__full-exposure,gappusin,report-json,valid-fpr-leave-one-out,337,8,-0.005736165981623121,-0.08015292597476986,3,-0.11023183364598602,0.13329542973260594,D-post-hoc-diagnostic
calibrated,central__full-exposure,gappusin,report-json,valid-fpr-leave-one-out,338,8,-0.020011822547714643,-0.1120549571377139,3,-0.12925106956029442,0.12712473109830413,D-post-hoc-diagnostic
calibrated,central__full-exposure,gappusin,report-json,valid-fpr-leave-one-out,339,8,-0.009352525055165015,-0.08015292597476986,3,-0.11465959670750708,0.131406320650119,D-post-hoc-diagnostic
calibrated,central__full-exposure,gappusin,report-json,valid-fpr-only,,9,-0.027153004502043488,-0.08428246013667429,3,-0.12324366264341663,0.1083420483266903,D-post-hoc-diagnostic
calibrated,central__full-exposure,hiddad,call-graph,all-seeds,,10,-0.11111536457767013,-0.09367552991345787,1,-0.16739354889088498,-0.07050101947242975,D-post-hoc-diagnostic
calibrated,central__full-exposure,hiddad,call-graph,leave-one-seed-out,330,9,-0.12427254620552158,-0.09701492537313428,0,-0.18386892718441722,-0.08882924885721687,D-post-hoc-diagnostic
calibrated,central__full-exposure,hiddad,call-graph,leave-one-seed-out,331,9,-0.11342416792476889,-0.09701492537313428,1,-0.1747524104162206,-0.06696870309614072,D-post-hoc-diagnostic
calibrated,central__full-exposure,hiddad,call-graph,leave-one-seed-out,332,9,-0.11380900654490163,-0.09701492537313428,1,-0.17472970278229147,-0.06734784210522726,D-post-hoc-diagnostic
calibrated,central__full-exposure,hiddad,call-graph,leave-one-seed-out,333,9,-0.11517691580754771,-0.09701492537313428,1,-0.175417064696346,-0.06852660015438441,D-post-hoc-diagnostic
calibrated,central__full-exposure,hiddad,call-graph,leave-one-seed-out,334,9,-0.11147110852355037,-0.09033613445378147,1,-0.17431681808626515,-0.06541034897371427,D-post-hoc-diagnostic
calibrated,central__full-exposure,hiddad,call-graph,leave-one-seed-out,335,9,-0.09300884130029193,-0.09033613445378147,1,-0.1310737292502046,-0.05609220579466754,D-post-hoc-diagnostic
calibrated,central__full-exposure,hiddad,call-graph,leave-one-seed-out,336,9,-0.1126820800448408,-0.09033613445378147,1,-0.1723638811260866,-0.0664314464925118,D-post-hoc-diagnostic
calibrated,central__full-exposure,hiddad,call-graph,leave-one-seed-out,337,9,-0.10134985229470259,-0.09033613445378147,1,-0.16378055690828905,-0.06312149063540866,D-post-hoc-diagnostic
calibrated,central__full-exposure,hiddad,call-graph,leave-one-seed-out,338,9,-0.11966932810488189,-0.09701492537313428,1,-0.17636750252938432,-0.07660406454047794,D-post-hoc-diagnostic
calibrated,central__full-exposure,hiddad,call-graph,leave-one-seed-out,339,9,-0.10628979902569408,-0.09033613445378147,1,-0.17058492254695543,-0.06405014007795128,D-post-hoc-diagnostic
calibrated,central__full-exposure,hiddad,call-graph,valid-fpr-leave-one-out,330,7,-0.13371112046802486,-0.09701492537313428,0,-0.19808301641990345,-0.08465593670659122,D-post-hoc-diagnostic
calibrated,central__full-exposure,hiddad,call-graph,valid-fpr-leave-one-out,331,7,-0.11976320553562855,-0.09701492537313428,1,-0.19098125408180971,-0.05963579641339418,D-post-hoc-diagnostic
calibrated,central__full-exposure,hiddad,call-graph,valid-fpr-leave-one-out,332,7,-0.12025799804722778,-0.09701492537313428,1,-0.19096474046074988,-0.059762531011118565,D-post-hoc-diagnostic
calibrated,central__full-exposure,hiddad,call-graph,valid-fpr-leave-one-out,335,7,-0.09351492844701532,-0.09033613445378147,1,-0.1420565020903664,-0.04752458962164917,D-post-hoc-diagnostic
calibrated,central__full-exposure,hiddad,call-graph,valid-fpr-leave-one-out,336,7,-0.11880909254714957,-0.09033613445378147,1,-0.19160492173947571,-0.05717035715808949,D-post-hoc-diagnostic
calibrated,central__full-exposure,hiddad,call-graph,valid-fpr-leave-one-out,337,7,-0.10423908543982903,-0.09033613445378147,1,-0.18265133082651341,-0.054564496258595996,D-post-hoc-diagnostic
calibrated,central__full-exposure,hiddad,call-graph,valid-fpr-leave-one-out,338,7,-0.12779269719577382,-0.09701492537313428,1,-0.1942371663053966,-0.07157759256736553,D-post-hoc-diagnostic
calibrated,central__full-exposure,hiddad,call-graph,valid-fpr-leave-one-out,339,7,-0.11059044552253237,-0.09033613445378147,1,-0.18841546389520805,-0.055329453882603054,D-post-hoc-diagnostic
calibrated,central__full-exposure,hiddad,call-graph,valid-fpr-only,,8,-0.11608482165039767,-0.09367552991345787,1,-0.18357923449152586,-0.06379754855026057,D-post-hoc-diagnostic
calibrated,central__full-exposure,hiddad,mcndroid-static,all-seeds,,10,-0.06210246893235355,-0.06423363326093706,4,-0.18017923376559986,0.06286699208695778,D-post-hoc-diagnostic
calibrated,central__full-exposure,hiddad,mcndroid-static,leave-one-seed-out,330,9,-0.06940825826222577,-0.07727272727272738,3,-0.19309485310143115,0.06644969789636485,D-post-hoc-diagnostic
calibrated,central__full-exposure,hiddad,mcndroid-static,leave-one-seed-out,331,9,-0.018115721782913843,-0.05119453924914674,4,-0.0864907357216907,0.12399831513592169,D-post-hoc-diagnostic
calibrated,central__full-exposure,hiddad,mcndroid-static,leave-one-seed-out,332,9,-0.1071837814392088,-0.07727272727272738,3,-0.25477486250929066,-0.04196097228588862,D-post-hoc-diagnostic
calibrated,central__full-exposure,hiddad,mcndroid-static,leave-one-seed-out,333,9,-0.057794166260119934,-0.05119453924914674,4,-0.19123561455240862,0.07204851725397769,D-post-hoc-diagnostic
calibrated,central__full-exposure,hiddad,mcndroid-static,leave-one-seed-out,334,9,-0.06980210376976133,-0.07727272727272738,3,-0.19645487838375994,0.06745520725815313,D-post-hoc-diagnostic
calibrated,central__full-exposure,hiddad,mcndroid-static,leave-one-seed-out,335,9,-0.044722907867224104,-0.05119453924914674,4,-0.17956320914357438,0.07818381293174415,D-post-hoc-diagnostic
calibrated,central__full-exposure,hiddad,mcndroid-static,leave-one-seed-out,336,9,-0.07066111805087377,-0.07727272727272738,3,-0.19718313490198808,0.06936471421494415,D-post-hoc-diagnostic
calibrated,central__full-exposure,hiddad,mcndroid-static,leave-one-seed-out,337,9,-0.059605286099519414,-0.05119453924914674,4,-0.19114513316152057,0.07682462179873017,D-post-hoc-diagnostic
calibrated,central__full-exposure,hiddad,mcndroid-static,leave-one-seed-out,338,9,-0.06331446111937652,-0.07727272727272738,4,-0.1925370776760767,0.07434439973986677,D-post-hoc-diagnostic
calibrated,central__full-exposure,hiddad,mcndroid-static,leave-one-seed-out,339,9,-0.060416884672312016,-0.05119453924914674,4,-0.19170616104033922,0.07601694651386053,D-post-hoc-diagnostic
calibrated,central__full-exposure,hiddad,mcndroid-static,valid-fpr-leave-one-out,330,8,-0.06547464142219697,-0.06423363326093706,3,-0.21130687732859904,0.0804511075406226,D-post-hoc-diagnostic
calibrated,central__full-exposure,hiddad,mcndroid-static,valid-fpr-leave-one-out,331,8,-0.007770537882971058,-0.023772452106325198,4,-0.08533761863313674,0.14654661618402098,D-post-hoc-diagnostic
calibrated,central__full-exposure,hiddad,mcndroid-static,valid-fpr-leave-one-out,332,8,-0.10797210499630289,-0.06423363326093706,3,-0.27176861732093444,-0.0349020258860147,D-post-hoc-diagnostic
calibrated,central__full-exposure,hiddad,mcndroid-static,valid-fpr-leave-one-out,334,8,-0.06591771761817448,-0.06423363326093706,3,-0.21191514730315078,0.08047317710750976,D-post-hoc-diagnostic
calibrated,central__full-exposure,hiddad,mcndroid-static,valid-fpr-leave-one-out,335,8,-0.0377036222278201,-0.023772452106325198,4,-0.1932985255755051,0.09270472792566942,D-post-hoc-diagnostic
calibrated,central__full-exposure,hiddad,mcndroid-static,valid-fpr-leave-one-out,336,8,-0.06688410868442597,-0.06423363326093706,3,-0.21092737350256782,0.07902124898043843,D-post-hoc-diagnostic
calibrated,central__full-exposure,hiddad,mcndroid-static,valid-fpr-leave-one-out,337,8,-0.054446297739152334,-0.023772452106325198,4,-0.20481938468905242,0.08527977659075799,D-post-hoc-diagnostic
calibrated,central__full-exposure,hiddad,mcndroid-static,valid-fpr-leave-one-out,338,8,-0.05861911963649158,-0.03681154611811552,4,-0.20581603408873705,0.08320074487871976,D-post-hoc-diagnostic
calibrated,central__full-exposure,hiddad,mcndroid-static,valid-fpr-leave-one-out,339,8,-0.055359346133544,-0.023772452106325198,4,-0.20565689711215315,0.08505105111943832,D-post-hoc-diagnostic
calibrated,central__full-exposure,hiddad,mcndroid-static,valid-fpr-only,,9,-0.057794166260119934,-0.05119453924914674,4,-0.19123561455240862,0.07204851725397769,D-post-hoc-diagnostic
calibrated,central__full-exposure,hiddad,report-json,all-seeds,,10,-0.23930838412151906,-0.2084690185436454,0,-0.34110651194640174,-0.15434463370626317,D-post-hoc-diagnostic
calibrated,central__full-exposure,hiddad,report-json,leave-one-seed-out,330,9,-0.2658982045794656,-0.24875621890547264,0,-0.3646800692583207,-0.19000973051863906,D-post-hoc-diagnostic
calibrated,central__full-exposure,hiddad,report-json,leave-one-seed-out,331,9,-0.21361062288011926,-0.1681818181818182,0,-0.31052624296246917,-0.13507000439780667,D-post-hoc-diagnostic
calibrated,central__full-exposure,hiddad,report-json,leave-one-seed-out,332,9,-0.25109768977895086,-0.24875621890547264,0,-0.3520935462002628,-0.15195747299859017,D-post-hoc-diagnostic
calibrated,central__full-exposure,hiddad,report-json,leave-one-seed-out,333,9,-0.25225298040792565,-0.24875621890547264,0,-0.3521164811197579,-0.15329497887579385,D-post-hoc-diagnostic
calibrated,central__full-exposure,hiddad,report-json,leave-one-seed-out,334,9,-0.23712122616219952,-0.1681818181818182,0,-0.3453418646130415,-0.14034242899607632,D-post-hoc-diagnostic
calibrated,central__full-exposure,hiddad,report-json,leave-one-seed-out,335,9,-0.2132233074601241,-0.1681818181818182,0,-0.3121252330174722,-0.13427687074371372,D-post-hoc-diagnostic
calibrated,central__full-exposure,hiddad,report-json,leave-one-seed-out,336,9,-0.22443883476188692,-0.1681818181818182,0,-0.3371564758125512,-0.13769507609860523,D-post-hoc-diagnostic
calibrated,central__full-exposure,hiddad,report-json,leave-one-seed-out,337,9,-0.23825862470107978,-0.1681818181818182,0,-0.34794747523069847,-0.14237802472892863,D-post-hoc-diagnostic
calibrated,central__full-exposure,hiddad,report-json,leave-one-seed-out,338,9,-0.2499710145908422,-0.24875621890547264,0,-0.3523705722723397,-0.15264928265713812,D-post-hoc-diagnostic
calibrated,central__full-exposure,hiddad,report-json,leave-one-seed-out,339,9,-0.24721133589259697,-0.24875621890547264,0,-0.3506282958495026,-0.14937828069438921,D-post-hoc-diagnostic
calibrated,central__full-exposure,hiddad,report-json,valid-fpr-leave-one-out,330,8,-0.28378460295891644,-0.2538745123304342,0,-0.3841600436765119,-0.20225974147259362,D-post-hoc-diagnostic
calibrated,central__full-exposure,hiddad,report-json,valid-fpr-leave-one-out,331,8,-0.22496107354715172,-0.2084690185436454,0,-0.3268424915035455,-0.13569853862407733,D-post-hoc-diagnostic
calibrated,central__full-exposure,hiddad,report-json,valid-fpr-leave-one-out,332,8,-0.2671340238083373,-0.2538745123304342,0,-0.3689707250031601,-0.15453465055682825,D-post-hoc-diagnostic
calibrated,central__full-exposure,hiddad,report-json,valid-fpr-leave-one-out,334,8,-0.25141050223949196,-0.2084690185436454,0,-0.3661375970910805,-0.14317532528175136,D-post-hoc-diagnostic
calibrated,central__full-exposure,hiddad,report-json,valid-fpr-leave-one-out,335,8,-0.22452534369965715,-0.2084690185436454,0,-0.32634026574434827,-0.13388553721440993,D-post-hoc-diagnostic
calibrated,central__full-exposure,hiddad,report-json,valid-fpr-leave-one-out,336,8,-0.23714281191414033,-0.2084690185436454,0,-0.35818945470832264,-0.1400827505158436,D-post-hoc-diagnostic
calibrated,central__full-exposure,hiddad,report-json,valid-fpr-leave-one-out,337,8,-0.2526900755957323,-0.21358731196860695,0,-0.3662930191350063,-0.14244151180183479,D-post-hoc-diagnostic
calibrated,central__full-exposure,hiddad,report-json,valid-fpr-leave-one-out,338,8,-0.26586651422171503,-0.2538745123304342,0,-0.3685225299449083,-0.15472816773053374,D-post-hoc-diagnostic
calibrated,central__full-exposure,hiddad,report-json,valid-fpr-leave-one-out,339,8,-0.26276187568618914,-0.2538745123304342,0,-0.3659093884103689,-0.14834154919663306,D-post-hoc-diagnostic
calibrated,central__full-exposure,hiddad,report-json,valid-fpr-only,,9,-0.25225298040792565,-0.24875621890547264,0,-0.3521164811197579,-0.15329497887579385,D-post-hoc-diagnostic
calibrated,central__full-exposure,priority-macro,call-graph,all-seeds,,10,0.025224561116062083,0.008895639892965046,7,-0.008649236314718856,0.07769194906454951,D-post-hoc-diagnostic
calibrated,central__full-exposure,priority-macro,call-graph,leave-one-seed-out,330,9,0.01067042707482244,0.007297769750972738,6,-0.014759718637480096,0.0649302729403308,D-post-hoc-diagnostic
calibrated,central__full-exposure,priority-macro,call-graph,leave-one-seed-out,331,9,0.011631623041962698,0.007297769750972738,6,-0.014426323085303129,0.06917092608321751,D-post-hoc-diagnostic
calibrated,central__full-exposure,priority-macro,call-graph,leave-one-seed-out,332,9,0.027216426823294233,0.010493510034957354,6,-0.010287941870717686,0.08589165113560795,D-post-hoc-diagnostic
calibrated,central__full-exposure,priority-macro,call-graph,leave-one-seed-out,333,9,0.0321168435286799,0.010493510034957354,7,-0.0042965321099739835,0.08843930220148484,D-post-hoc-diagnostic
calibrated,central__full-exposure,priority-macro,call-graph,leave-one-seed-out,334,9,0.029355922661085318,0.010493510034957354,7,-0.007856761405088723,0.08838503065132804,D-post-hoc-diagnostic
calibrated,central__full-exposure,priority-macro,call-graph,leave-one-seed-out,335,9,0.025864727282166915,0.007297769750972738,6,-0.011562977309058623,0.08555422053593063,D-post-hoc-diagnostic
calibrated,central__full-exposure,priority-macro,call-graph,leave-one-seed-out,336,9,0.02648542721049839,0.007297769750972738,6,-0.011228568927696532,0.08575027058188298,D-post-hoc-diagnostic
calibrated,central__full-exposure,priority-macro,call-graph,leave-one-seed-out,337,9,0.03464497831431349,0.010493510034957354,7,0.0007297612004951467,0.088863952083864,D-post-hoc-diagnostic
calibrated,central__full-exposure,priority-macro,call-graph,leave-one-seed-out,338,9,0.027397890654279285,0.010493510034957354,6,-0.00990063259347394,0.08655913587799885,D-post-hoc-diagnostic
calibrated,central__full-exposure,priority-macro,call-graph,leave-one-seed-out,339,9,0.026861344569518164,0.007297769750972738,6,-0.010482206178137018,0.08612498894219031,D-post-hoc-diagnostic
calibrated,central__full-exposure,priority-macro,call-graph,valid-fpr-leave-one-out,330,7,0.020685359580006748,0.010493510034957354,6,-0.00970128282087046,0.0796569598892173,D-post-hoc-diagnostic
calibrated,central__full-exposure,priority-macro,call-graph,valid-fpr-leave-one-out,331,7,0.021921182966329937,0.010493510034957354,6,-0.009619873014450482,0.08472020125899223,D-post-hoc-diagnostic
calibrated,central__full-exposure,priority-macro,call-graph,valid-fpr-leave-one-out,332,7,0.04195878782804191,0.01387676626613532,6,-0.007057142846975839,0.10596260591773432,D-post-hoc-diagnostic
calibrated,central__full-exposure,priority-macro,call-graph,valid-fpr-leave-one-out,335,7,0.04022088841802107,0.010493510034957354,6,-0.009451271141968674,0.10769820997360509,D-post-hoc-diagnostic
calibrated,central__full-exposure,priority-macro,call-graph,valid-fpr-leave-one-out,336,7,0.041018931183018685,0.010493510034957354,6,-0.0076486629645917195,0.10895367913489311,D-post-hoc-diagnostic
calibrated,central__full-exposure,priority-macro,call-graph,valid-fpr-leave-one-out,337,7,0.05150978260220953,0.01387676626613532,7,0.011504445569342665,0.11253264618638781,D-post-hoc-diagnostic
calibrated,central__full-exposure,priority-macro,call-graph,valid-fpr-leave-one-out,338,7,0.042192098467879836,0.01387676626613532,6,-0.006932030006014088,0.1033801688543554,D-post-hoc-diagnostic
calibrated,central__full-exposure,priority-macro,call-graph,valid-fpr-leave-one-out,339,7,0.041502253501758395,0.01387676626613532,6,-0.007392805663944101,0.1033801688543554,D-post-hoc-diagnostic
calibrated,central__full-exposure,priority-macro,call-graph,valid-fpr-only,,8,0.037626160568408264,0.012185138150546337,7,-0.004729157599131637,0.09878614056765705,D-post-hoc-diagnostic
calibrated,central__full-exposure,priority-macro,mcndroid-static,all-seeds,,10,0.07571563539368324,0.07682699464373371,9,0.02761402625332314,0.12855807426979693,D-post-hoc-diagnostic
calibrated,central__full-exposure,priority-macro,mcndroid-static,leave-one-seed-out,330,9,0.06381412481829034,0.06918637888730717,8,0.019358820010143465,0.1190292567157472,D-post-hoc-diagnostic
calibrated,central__full-exposure,priority-macro,mcndroid-static,leave-one-seed-out,331,9,0.083795237070017,0.08446761040016026,8,0.03289969513270439,0.1371351011592716,D-post-hoc-diagnostic
calibrated,central__full-exposure,priority-macro,mcndroid-static,leave-one-seed-out,332,9,0.059835100180370575,0.06918637888730717,8,0.016400356653317183,0.10531525618532495,D-post-hoc-diagnostic
calibrated,central__full-exposure,priority-macro,mcndroid-static,leave-one-seed-out,333,9,0.07474319372629691,0.06918637888730717,8,0.021421473295421316,0.13279326389780816,D-post-hoc-diagnostic
calibrated,central__full-exposure,priority-macro,mcndroid-static,leave-one-seed-out,334,9,0.08226544236571952,0.08446761040016026,8,0.028819245478767606,0.13621645554754716,D-post-hoc-diagnostic
calibrated,central__full-exposure,priority-macro,mcndroid-static,leave-one-seed-out,335,9,0.06937917171339253,0.06918637888730717,8,0.02082708285005938,0.12774063536604624,D-post-hoc-diagnostic
calibrated,central__full-exposure,priority-macro,mcndroid-static,leave-one-seed-out,336,9,0.07644110833883615,0.08446761040016026,8,0.02257017345761791,0.13360628537480237,D-post-hoc-diagnostic
calibrated,central__full-exposure,priority-macro,mcndroid-static,leave-one-seed-out,337,9,0.09055338228278269,0.08446761040016026,9,0.04963521609462357,0.14184478775131787,D-post-hoc-diagnostic
calibrated,central__full-exposure,priority-macro,mcndroid-static,leave-one-seed-out,338,9,0.08178011845336769,0.08446761040016026,8,0.028012188068262594,0.13589952958860585,D-post-hoc-diagnostic
calibrated,central__full-exposure,priority-macro,mcndroid-static,leave-one-seed-out,339,9,0.07454947498775905,0.06918637888730717,8,0.022365808477009745,0.13328034066634487,D-post-hoc-diagnostic
calibrated,central__full-exposure,priority-macro,mcndroid-static,valid-fpr-leave-one-out,330,8,0.0612324391205566,0.04516083337191518,7,0.013400670144243086,0.12511393685538622,D-post-hoc-diagnostic
calibrated,central__full-exposure,priority-macro,mcndroid-static,valid-fpr-leave-one-out,331,8,0.0837111904037491,0.07769872896715413,7,0.025710555626315856,0.14401785349523075,D-post-hoc-diagnostic
calibrated,central__full-exposure,priority-macro,mcndroid-static,valid-fpr-leave-one-out,332,8,0.05675603640289687,0.04516083337191518,7,0.01045629822914046,0.10980134311024511,D-post-hoc-diagnostic
calibrated,central__full-exposure,priority-macro,mcndroid-static,valid-fpr-leave-one-out,334,8,0.08199017136141443,0.07769872896715413,7,0.023359420001351893,0.14292537319722876,D-post-hoc-diagnostic
calibrated,central__full-exposure,priority-macro,mcndroid-static,valid-fpr-leave-one-out,335,8,0.06749311687754657,0.04516083337191518,7,0.013773844256988521,0.1343401960228745,D-post-hoc-diagnostic
calibrated,central__full-exposure,priority-macro,mcndroid-static,valid-fpr-leave-one-out,336,8,0.07543779558117063,0.05367318345176214,7,0.016614654752065444,0.13995890219265167,D-post-hoc-diagnostic
calibrated,central__full-exposure,priority-macro,mcndroid-static,valid-fpr-leave-one-out,337,8,0.09131410376811049,0.07769872896715413,8,0.043601217526400435,0.1471813998674246,D-post-hoc-diagnostic
calibrated,central__full-exposure,priority-macro,mcndroid-static,valid-fpr-leave-one-out,338,8,0.08144418196001862,0.07769872896715413,7,0.020558256749316106,0.14148704610847387,D-post-hoc-diagnostic
calibrated,central__full-exposure,priority-macro,mcndroid-static,valid-fpr-leave-one-out,339,8,0.07330970806120889,0.04516083337191518,7,0.014215145958425292,0.13827895667426324,D-post-hoc-diagnostic
calibrated,central__full-exposure,priority-macro,mcndroid-static,valid-fpr-only,,9,0.07474319372629691,0.06918637888730717,8,0.021421473295421316,0.13279326389780816,D-post-hoc-diagnostic
calibrated,central__full-exposure,priority-macro,report-json,all-seeds,,10,-0.14539352419080565,-0.15240655900531988,1,-0.18628765248825851,-0.08655474698317309,D-post-hoc-diagnostic
calibrated,central__full-exposure,priority-macro,report-json,leave-one-seed-out,330,9,-0.16555195895244712,-0.15576252912867627,0,-0.20026406069738995,-0.13270913000387405,D-post-hoc-diagnostic
calibrated,central__full-exposure,priority-macro,report-json,leave-one-seed-out,331,9,-0.15092438095249036,-0.15576252912867627,1,-0.19220323702274084,-0.08019990423293734,D-post-hoc-diagnostic
calibrated,central__full-exposure,priority-macro,report-json,leave-one-seed-out,332,9,-0.14509511635131647,-0.15576252912867627,1,-0.189967831979358,-0.07899158932534356,D-post-hoc-diagnostic
calibrated,central__full-exposure,priority-macro,report-json,leave-one-seed-out,333,9,-0.1449871836695659,-0.15576252912867627,1,-0.18996198228779088,-0.07891706789671862,D-post-hoc-diagnostic
calibrated,central__full-exposure,priority-macro,report-json,leave-one-seed-out,334,9,-0.13229720008296142,-0.14905058888196349,1,-0.1679010545466923,-0.06843786270747243,D-post-hoc-diagnostic
calibrated,central__full-exposure,priority-macro,report-json,leave-one-seed-out,335,9,-0.14424141253104225,-0.14905058888196349,1,-0.18853273979386745,-0.07858893753463525,D-post-hoc-diagnostic
calibrated,central__full-exposure,priority-macro,report-json,leave-one-seed-out,336,9,-0.14052272306646202,-0.14905058888196349,1,-0.18537832861532694,-0.07798831510321619,D-post-hoc-diagnostic
calibrated,central__full-exposure,priority-macro,report-json,leave-one-seed-out,337,9,-0.13899480246273022,-0.14905058888196349,1,-0.18300519114320596,-0.07662657328958218,D-post-hoc-diagnostic
calibrated,central__full-exposure,priority-macro,report-json,leave-one-seed-out,338,9,-0.13917728050026876,-0.14905058888196349,1,-0.18315744943155365,-0.07646254506196237,D-post-hoc-diagnostic
calibrated,central__full-exposure,priority-macro,report-json,leave-one-seed-out,339,9,-0.152143183338772,-0.15576252912867627,1,-0.1921700899438145,-0.08133718459137224,D-post-hoc-diagnostic
calibrated,central__full-exposure,priority-macro,report-json,valid-fpr-leave-one-out,330,8,-0.1676146302112576,-0.17249663171928728,0,-0.205811012039944,-0.1303069856715069,D-post-hoc-diagnostic
calibrated,central__full-exposure,priority-macro,report-json,valid-fpr-leave-one-out,331,8,-0.1511586049613062,-0.17249663171928728,1,-0.19651434675037965,-0.07468776394366977,D-post-hoc-diagnostic
calibrated,central__full-exposure,priority-macro,report-json,valid-fpr-leave-one-out,332,8,-0.14460068228498563,-0.17249663171928728,1,-0.19486355282416412,-0.07014169602638494,D-post-hoc-diagnostic
calibrated,central__full-exposure,priority-macro,report-json,valid-fpr-leave-one-out,334,8,-0.13020302648308615,-0.1519208619374422,1,-0.16972659281119162,-0.05804387929284541,D-post-hoc-diagnostic
calibrated,central__full-exposure,priority-macro,report-json,valid-fpr-leave-one-out,335,8,-0.14364026548717712,-0.1686549645280532,1,-0.19412488702169728,-0.06998521503275257,D-post-hoc-diagnostic
calibrated,central__full-exposure,priority-macro,report-json,valid-fpr-leave-one-out,336,8,-0.13945673983952434,-0.1519208619374422,1,-0.19028911936867593,-0.06964677315237919,D-post-hoc-diagnostic
calibrated,central__full-exposure,priority-macro,report-json,valid-fpr-leave-one-out,337,8,-0.13773782916032606,-0.1519208619374422,1,-0.18803620657148212,-0.06791975700339525,D-post-hoc-diagnostic
calibrated,central__full-exposure,priority-macro,report-json,valid-fpr-leave-one-out,338,8,-0.1379431169525569,-0.1519208619374422,1,-0.18838122379806094,-0.06809013375213671,D-post-hoc-diagnostic
calibrated,central__full-exposure,priority-macro,report-json,valid-fpr-leave-one-out,339,8,-0.1525297576458731,-0.17249663171928728,1,-0.19813526238982726,-0.07375378449274517,D-post-hoc-diagnostic
calibrated,central__full-exposure,priority-macro,report-json,valid-fpr-only,,9,-0.1449871836695659,-0.15576252912867627,1,-0.18996198228779088,-0.07891706789671862,D-post-hoc-diagnostic
calibrated,central__full-exposure,revmob,call-graph,all-seeds,,10,0.07999345779082319,0.08064649470899468,9,0.04231760213335249,0.11772203893230865,D-post-hoc-diagnostic
calibrated,central__full-exposure,revmob,call-graph,leave-one-seed-out,330,9,0.0756337565197181,0.060846560846560815,8,0.03395910905733166,0.11832180012009536,D-post-hoc-diagnostic
calibrated,central__full-exposure,revmob,call-graph,leave-one-seed-out,331,9,0.0736435245294861,0.060846560846560815,8,0.03371136103180094,0.11602958007103276,D-post-hoc-diagnostic
calibrated,central__full-exposure,revmob,call-graph,leave-one-seed-out,332,9,0.07772090548186705,0.060846560846560815,8,0.034998501044535626,0.12035803216810326,D-post-hoc-diagnostic
calibrated,central__full-exposure,revmob,call-graph,leave-one-seed-out,333,9,0.09184817855938283,0.10044642857142855,9,0.05704446225921577,0.12729226205450458,D-post-hoc-diagnostic
calibrated,central__full-exposure,revmob,call-graph,leave-one-seed-out,334,9,0.08212089078463013,0.10044642857142855,8,0.03831079244283148,0.12351307510104831,D-post-hoc-diagnostic
calibrated,central__full-exposure,revmob,call-graph,leave-one-seed-out,335,9,0.08624657365427435,0.10044642857142855,8,0.0435679544197684,0.12491792507451951,D-post-hoc-diagnostic
calibrated,central__full-exposure,revmob,call-graph,leave-one-seed-out,336,9,0.07499273087869243,0.060846560846560815,8,0.0353227259874077,0.11790661494889876,D-post-hoc-diagnostic
calibrated,central__full-exposure,revmob,call-graph,leave-one-seed-out,337,9,0.08746318005126927,0.10044642857142855,8,0.0445953856733467,0.1260709412570925,D-post-hoc-diagnostic
calibrated,central__full-exposure,revmob,call-graph,leave-one-seed-out,338,9,0.08269503228923439,0.10044642857142855,8,0.039109262406239936,0.12493030726953813,D-post-hoc-diagnostic
calibrated,central__full-exposure,revmob,call-graph,leave-one-seed-out,339,9,0.06756980515967732,0.060846560846560815,8,0.03103832244071732,0.10036801607342079,D-post-hoc-diagnostic
calibrated,central__full-exposure,revmob,call-graph,valid-fpr-leave-one-out,330,7,0.09236518242244507,0.10044642857142855,7,0.050489721281657775,0.13729545497137935,D-post-hoc-diagnostic
calibrated,central__full-exposure,revmob,call-graph,valid-fpr-leave-one-out,331,7,0.08980631272071823,0.10044642857142855,7,0.04975989000578042,0.1352952081115511,D-post-hoc-diagnostic
calibrated,central__full-exposure,revmob,call-graph,valid-fpr-leave-one-out,332,7,0.09504865965949373,0.11923076923076922,7,0.0520382196879942,0.13892366744721094,D-post-hoc-diagnostic
calibrated,central__full-exposure,revmob,call-graph,valid-fpr-leave-one-out,335,7,0.10601023302401742,0.11923076923076922,7,0.06522377790854765,0.1422762987876715,D-post-hoc-diagnostic
calibrated,central__full-exposure,revmob,call-graph,valid-fpr-leave-one-out,336,7,0.09154100659826925,0.10044642857142855,7,0.05086715361085624,0.13728532711580108,D-post-hoc-diagnostic
calibrated,central__full-exposure,revmob,call-graph,valid-fpr-leave-one-out,337,7,0.10757444124872517,0.11923076923076922,7,0.0698220580343725,0.14322508214716917,D-post-hoc-diagnostic
calibrated,central__full-exposure,revmob,call-graph,valid-fpr-leave-one-out,338,7,0.10144396555468031,0.11923076923076922,7,0.0572744649133079,0.14080482237217004,D-post-hoc-diagnostic
calibrated,central__full-exposure,revmob,call-graph,valid-fpr-leave-one-out,339,7,0.08199724495953553,0.10044642857142855,7,0.044188759934769666,0.11317598550517805,D-post-hoc-diagnostic
calibrated,central__full-exposure,revmob,call-graph,valid-fpr-only,,8,0.09572338077348559,0.10983859890109889,8,0.05672574642926183,0.13472226053642072,D-post-hoc-diagnostic
calibrated,central__full-exposure,revmob,mcndroid-static,all-seeds,,10,0.11998390840165549,0.06594972955774737,8,0.04216428505949289,0.2125040315634358,D-post-hoc-diagnostic
calibrated,central__full-exposure,revmob,mcndroid-static,leave-one-seed-out,330,9,0.13395647942064284,0.06904231625835189,8,0.04952241075874609,0.23138980420147548,D-post-hoc-diagnostic
calibrated,central__full-exposure,revmob,mcndroid-static,leave-one-seed-out,331,9,0.12633132679549025,0.06904231625835189,7,0.03776264006922603,0.22875579151767494,D-post-hoc-diagnostic
calibrated,central__full-exposure,revmob,mcndroid-static,leave-one-seed-out,332,9,0.11248212044628388,0.06285714285714286,7,0.029602401753566456,0.22286737908407234,D-post-hoc-diagnostic
calibrated,central__full-exposure,revmob,mcndroid-static,leave-one-seed-out,333,9,0.09232300502017815,0.06285714285714286,7,0.02084507233210277,0.17472547451708162,D-post-hoc-diagnostic
calibrated,central__full-exposure,revmob,mcndroid-static,leave-one-seed-out,334,9,0.12831839322700112,0.06904231625835189,7,0.04030198930671638,0.22783525308508362,D-post-hoc-diagnostic
calibrated,central__full-exposure,revmob,mcndroid-static,leave-one-seed-out,335,9,0.12672783849634978,0.06904231625835189,7,0.038130651381150266,0.22723077005305953,D-post-hoc-diagnostic
calibrated,central__full-exposure,revmob,mcndroid-static,leave-one-seed-out,336,9,0.1110453388370885,0.06285714285714286,7,0.029637817318719777,0.21725341992527497,D-post-hoc-diagnostic
calibrated,central__full-exposure,revmob,mcndroid-static,leave-one-seed-out,337,9,0.14466297151011367,0.06904231625835189,8,0.07448027033245286,0.23757644606861333,D-post-hoc-diagnostic
calibrated,central__full-exposure,revmob,mcndroid-static,leave-one-seed-out,338,9,0.125644085306467,0.06285714285714286,7,0.03588129563981054,0.227288439487856,D-post-hoc-diagnostic
calibrated,central__full-exposure,revmob,mcndroid-static,leave-one-seed-out,339,9,0.0983475249569398,0.06285714285714286,7,0.02499608039226686,0.19857732745908419,D-post-hoc-diagnostic
calibrated,central__full-exposure,revmob,mcndroid-static,valid-fpr-leave-one-out,330,8,0.10458453449385427,0.06594972955774737,7,0.027106568215824602,0.18783110630527033,D-post-hoc-diagnostic
calibrated,central__full-exposure,revmob,mcndroid-static,valid-fpr-leave-one-out,331,8,0.09600623779055757,0.06416542690387951,6,0.01593383692732146,0.18603484864662234,D-post-hoc-diagnostic
calibrated,central__full-exposure,revmob,mcndroid-static,valid-fpr-leave-one-out,332,8,0.08042588064770043,0.061072840203275,6,0.00993335270687818,0.17510440725763016,D-post-hoc-diagnostic
calibrated,central__full-exposure,revmob,mcndroid-static,valid-fpr-leave-one-out,334,8,0.0982416875260073,0.06594972955774737,6,0.01616226647128749,0.18794852033525017,D-post-hoc-diagnostic
calibrated,central__full-exposure,revmob,mcndroid-static,valid-fpr-leave-one-out,335,8,0.09645231345402454,0.06594972955774737,6,0.014944736089499484,0.1869039847151001,D-post-hoc-diagnostic
calibrated,central__full-exposure,revmob,mcndroid-static,valid-fpr-leave-one-out,336,8,0.0788095013373556,0.061072840203275,6,0.009220959546757416,0.17354834496055324,D-post-hoc-diagnostic
calibrated,central__full-exposure,revmob,mcndroid-static,valid-fpr-leave-one-out,337,8,0.11662933809450896,0.06594972955774737,7,0.05811147574101144,0.20297839940225015,D-post-hoc-diagnostic
calibrated,central__full-exposure,revmob,mcndroid-static,valid-fpr-leave-one-out,338,8,0.09523309111540645,0.061072840203275,6,0.013371551380917713,0.18620712814409335,D-post-hoc-diagnostic
calibrated,central__full-exposure,revmob,mcndroid-static,valid-fpr-leave-one-out,339,8,0.06452446072218833,0.061072840203275,6,-0.0021397591170949117,0.1252888357099769,D-post-hoc-diagnostic
calibrated,central__full-exposure,revmob,mcndroid-static,valid-fpr-only,,9,0.09232300502017815,0.06285714285714286,7,0.02084507233210277,0.17472547451708162,D-post-hoc-diagnostic
calibrated,central__full-exposure,revmob,report-json,all-seeds,,10,-0.15723301919759355,-0.14606845513413508,1,-0.23642668014927037,-0.08536406076258465,D-post-hoc-diagnostic
calibrated,central__full-exposure,revmob,report-json,leave-one-seed-out,330,9,-0.1644469444075826,-0.16170212765957448,1,-0.2431010478173004,-0.08309296076034176,D-post-hoc-diagnostic
calibrated,central__full-exposure,revmob,report-json,leave-one-seed-out,331,9,-0.1632747832354214,-0.16170212765957448,1,-0.24295516980759177,-0.0810788292559808,D-post-hoc-diagnostic
calibrated,central__full-exposure,revmob,report-json,leave-one-seed-out,332,9,-0.15659819593383412,-0.13043478260869565,1,-0.24047632084127102,-0.07753692106432454,D-post-hoc-diagnostic
calibrated,central__full-exposure,revmob,report-json,leave-one-seed-out,333,9,-0.15555556609872856,-0.13043478260869565,1,-0.23946114429105617,-0.07700710208570799,D-post-hoc-diagnostic
calibrated,central__full-exposure,revmob,report-json,leave-one-seed-out,334,9,-0.13707842815017746,-0.13043478260869565,1,-0.21658166107754562,-0.06756724853819346,D-post-hoc-diagnostic
calibrated,central__full-exposure,revmob,report-json,leave-one-seed-out,335,9,-0.16021060104080445,-0.16170212765957448,1,-0.24386426127133892,-0.0787662358681992,D-post-hoc-diagnostic
calibrated,central__full-exposure,revmob,report-json,leave-one-seed-out,336,9,-0.16153285657970168,-0.16170212765957448,1,-0.24436835165203302,-0.07949335567136606,D-post-hoc-diagnostic
calibrated,central__full-exposure,revmob,report-json,leave-one-seed-out,337,9,-0.1567364515907068,-0.13043478260869565,1,-0.24233199674883393,-0.0763437594348749,D-post-hoc-diagnostic
calibrated,central__full-exposure,revmob,report-json,leave-one-seed-out,338,9,-0.1328820233103675,-0.13043478260869565,1,-0.195913754112654,-0.06235869102281992,D-post-hoc-diagnostic
calibrated,central__full-exposure,revmob,report-json,leave-one-seed-out,339,9,-0.1840143416286111,-0.16170212765957448,0,-0.26638651397758456,-0.1336622821790947,D-post-hoc-diagnostic
calibrated,central__full-exposure,revmob,report-json,valid-fpr-leave-one-out,330,8,-0.1634615503226081,-0.14606845513413508,1,-0.25329287812006335,-0.07460666286421203,D-post-hoc-diagnostic
calibrated,central__full-exposure,revmob,report-json,valid-fpr-leave-one-out,331,8,-0.16214286900392677,-0.14606845513413508,1,-0.2520008690368902,-0.07310084682144558,D-post-hoc-diagnostic
calibrated,central__full-exposure,revmob,report-json,valid-fpr-leave-one-out,332,8,-0.15463170828964107,-0.12448463268365817,1,-0.25111330760097617,-0.06826702003571136,D-post-hoc-diagnostic
calibrated,central__full-exposure,revmob,report-json,valid-fpr-leave-one-out,334,8,-0.1326719695330273,-0.12448463268365817,1,-0.22362402969629602,-0.059047814795345335,D-post-hoc-diagnostic
calibrated,central__full-exposure,revmob,report-json,valid-fpr-leave-one-out,335,8,-0.15869566403498267,-0.14011830520909757,1,-0.25490333684235444,-0.06842255764969311,D-post-hoc-diagnostic
calibrated,central__full-exposure,revmob,report-json,valid-fpr-leave-one-out,336,8,-0.16018320151624205,-0.14606845513413508,1,-0.25529364775628444,-0.06842255764969313,D-post-hoc-diagnostic
calibrated,central__full-exposure,revmob,report-json,valid-fpr-leave-one-out,337,8,-0.1547872459036228,-0.12448463268365817,1,-0.2556658228447497,-0.06647380700601799,D-post-hoc-diagnostic
calibrated,central__full-exposure,revmob,report-json,valid-fpr-leave-one-out,338,8,-0.1279510140882411,-0.12448463268365817,1,-0.20482416679662557,-0.0510195844496797,D-post-hoc-diagnostic
calibrated,central__full-exposure,revmob,report-json,valid-fpr-leave-one-out,339,8,-0.18547487219626516,-0.14606845513413508,0,-0.2772655936636593,-0.1276925135677333,D-post-hoc-diagnostic
calibrated,central__full-exposure,revmob,report-json,valid-fpr-only,,9,-0.15555556609872856,-0.13043478260869565,1,-0.23946114429105617,-0.07700710208570799,D-post-hoc-diagnostic
calibrated,fedavg-ctk,adwo,call-graph,all-seeds,,10,0.10815292107722448,0.11596994798690038,8,0.051310892582770454,0.15507769181934306,D-post-hoc-diagnostic
calibrated,fedavg-ctk,adwo,call-graph,leave-one-seed-out,330,9,0.11068481745707867,0.12849162011173182,7,0.0451094569278904,0.16101029367410516,D-post-hoc-diagnostic
calibrated,fedavg-ctk,adwo,call-graph,leave-one-seed-out,331,9,0.10176934613676038,0.10344827586206895,7,0.04258546760233013,0.15392062484132973,D-post-hoc-diagnostic
calibrated,fedavg-ctk,adwo,call-graph,leave-one-seed-out,332,9,0.1255462563940487,0.12849162011173182,8,0.07791832062847065,0.16615606327575314,D-post-hoc-diagnostic
calibrated,fedavg-ctk,adwo,call-graph,leave-one-seed-out,333,9,0.12115903199150889,0.12849162011173182,8,0.0597280606560875,0.16373903987063385,D-post-hoc-diagnostic
calibrated,fedavg-ctk,adwo,call-graph,leave-one-seed-out,334,9,0.10589306562894588,0.10344827586206895,7,0.04396306683659604,0.15852712139103328,D-post-hoc-diagnostic
calibrated,fedavg-ctk,adwo,call-graph,leave-one-seed-out,335,9,0.11040821262384688,0.12849162011173182,7,0.04456216689502716,0.16066698654826708,D-post-hoc-diagnostic
calibrated,fedavg-ctk,adwo,call-graph,leave-one-seed-out,336,9,0.09369421786358273,0.10344827586206895,7,0.035855355328100136,0.1357624647324831,D-post-hoc-diagnostic
calibrated,fedavg-ctk,adwo,call-graph,leave-one-seed-out,337,9,0.10575091315620361,0.10344827586206895,7,0.04389967387785251,0.1583937626920712,D-post-hoc-diagnostic
calibrated,fedavg-ctk,adwo,call-graph,leave-one-seed-out,338,9,0.09794769008580495,0.10344827586206895,7,0.04061956753998028,0.1470519390492402,D-post-hoc-diagnostic
calibrated,fedavg-ctk,adwo,call-graph,leave-one-seed-out,339,9,0.10867565943446396,0.12849162011173182,7,0.046410544711261756,0.15990216196826623,D-post-hoc-diagnostic
calibrated,fedavg-ctk,adwo,call-graph,valid-fpr-leave-one-out,330,7,0.12522483059333023,0.12977099236641215,6,0.04736171040874447,0.17676535915749914,D-post-hoc-diagnostic
calibrated,fedavg-ctk,adwo,call-graph,valid-fpr-leave-one-out,331,7,0.11376208175292099,0.10344827586206895,6,0.04556610486376222,0.17073537455528826,D-post-hoc-diagnostic
calibrated,fedavg-ctk,adwo,call-graph,valid-fpr-leave-one-out,332,7,0.14433239494086308,0.12977099236641215,7,0.10935825569610623,0.19055846260577505,D-post-hoc-diagnostic
calibrated,fedavg-ctk,adwo,call-graph,valid-fpr-leave-one-out,335,7,0.1248691958077465,0.12977099236641215,6,0.048432703872262624,0.17728456561589767,D-post-hoc-diagnostic
calibrated,fedavg-ctk,adwo,call-graph,valid-fpr-leave-one-out,336,7,0.10337977397312116,0.10344827586206895,6,0.03509802143108765,0.14753759079271195,D-post-hoc-diagnostic
calibrated,fedavg-ctk,adwo,call-graph,valid-fpr-leave-one-out,337,7,0.118881239349348,0.10344827586206895,6,0.0477139399792477,0.1752625970461754,D-post-hoc-diagnostic
calibrated,fedavg-ctk,adwo,call-graph,valid-fpr-leave-one-out,338,7,0.10884852397312114,0.10344827586206895,6,0.0422434017290234,0.1625950895669684,D-post-hoc-diagnostic
calibrated,fedavg-ctk,adwo,call-graph,valid-fpr-leave-one-out,339,7,0.12264162742139702,0.12977099236641215,6,0.04620513548591316,0.17535404164381146,D-post-hoc-diagnostic
calibrated,fedavg-ctk,adwo,call-graph,valid-fpr-only,,8,0.12024245847648102,0.11660963411424055,7,0.05249103321790001,0.16891113580246309,D-post-hoc-diagnostic
calibrated,fedavg-ctk,adwo,mcndroid-static,all-seeds,,10,0.09523439876828951,0.08425732440615802,10,0.05506370505001791,0.14461112728290837,D-post-hoc-diagnostic
calibrated,fedavg-ctk,adwo,mcndroid-static,leave-one-seed-out,330,9,0.09362087668021327,0.07633587786259544,9,0.04913282057158046,0.14941865493995476,D-post-hoc-diagnostic
calibrated,fedavg-ctk,adwo,mcndroid-static,leave-one-seed-out,331,9,0.10015428596335069,0.0921787709497206,9,0.05396923850081168,0.15215893534614558,D-post-hoc-diagnostic
calibrated,fedavg-ctk,adwo,mcndroid-static,leave-one-seed-out,332,9,0.10402388393609228,0.0921787709497206,9,0.060362501573654234,0.1537708034402929,D-post-hoc-diagnostic
calibrated,fedavg-ctk,adwo,mcndroid-static,leave-one-seed-out,333,9,0.10284863958098768,0.0921787709497206,9,0.05773948510336229,0.152955849284768,D-post-hoc-diagnostic
calibrated,fedavg-ctk,adwo,mcndroid-static,leave-one-seed-out,334,9,0.09557391297035273,0.07633587786259544,9,0.04940134175917073,0.15022252891507762,D-post-hoc-diagnostic
calibrated,fedavg-ctk,adwo,mcndroid-static,leave-one-seed-out,335,9,0.08772814333427519,0.07633587786259544,9,0.04664541099062349,0.14403070395319428,D-post-hoc-diagnostic
calibrated,fedavg-ctk,adwo,mcndroid-static,leave-one-seed-out,336,9,0.08454863752032167,0.07633587786259544,9,0.04598679001311997,0.13869312510031528,D-post-hoc-diagnostic
calibrated,fedavg-ctk,adwo,mcndroid-static,leave-one-seed-out,337,9,0.09733423442447775,0.0921787709497206,9,0.05140934017631872,0.1504568914941163,D-post-hoc-diagnostic
calibrated,fedavg-ctk,adwo,mcndroid-static,leave-one-seed-out,338,9,0.08104368533452934,0.07633587786259544,9,0.04440846841363126,0.12515830312846216,D-post-hoc-diagnostic
calibrated,fedavg-ctk,adwo,mcndroid-static,leave-one-seed-out,339,9,0.1054676879382945,0.0921787709497206,9,0.06415207219716401,0.15385929404521412,D-post-hoc-diagnostic
calibrated,fedavg-ctk,adwo,mcndroid-static,valid-fpr-leave-one-out,330,8,0.1019852073334892,0.08425732440615802,8,0.052028754776575564,0.15818157294567992,D-post-hoc-diagnostic
calibrated,fedavg-ctk,adwo,mcndroid-static,valid-fpr-leave-one-out,331,8,0.10933529277701878,0.1009674342553481,8,0.05775129256563238,0.16027964893652702,D-post-hoc-diagnostic
calibrated,fedavg-ctk,adwo,mcndroid-static,valid-fpr-leave-one-out,332,8,0.11368859049635308,0.1009674342553481,8,0.06631804373176806,0.16226790743137098,D-post-hoc-diagnostic
calibrated,fedavg-ctk,adwo,mcndroid-static,valid-fpr-leave-one-out,334,8,0.10418237315989606,0.09304598771178552,8,0.053122833647895704,0.15839830356153994,D-post-hoc-diagnostic
calibrated,fedavg-ctk,adwo,mcndroid-static,valid-fpr-leave-one-out,335,8,0.09535588231930883,0.08425732440615802,8,0.05019791900539733,0.15319412021330336,D-post-hoc-diagnostic
calibrated,fedavg-ctk,adwo,mcndroid-static,valid-fpr-leave-one-out,336,8,0.09177893827861114,0.08425732440615802,8,0.04943547035989092,0.14713590065482768,D-post-hoc-diagnostic
calibrated,fedavg-ctk,adwo,mcndroid-static,valid-fpr-leave-one-out,337,8,0.10616273479578671,0.1009674342553481,8,0.05497673519272777,0.1596564558956987,D-post-hoc-diagnostic
calibrated,fedavg-ctk,adwo,mcndroid-static,valid-fpr-leave-one-out,338,8,0.08783586706959476,0.08425732440615802,8,0.04793518824229494,0.13311602831416408,D-post-hoc-diagnostic
calibrated,fedavg-ctk,adwo,mcndroid-static,valid-fpr-leave-one-out,339,8,0.11531286999883057,0.1009674342553481,8,0.0722479691901656,0.1646453807689036,D-post-hoc-diagnostic
calibrated,fedavg-ctk,adwo,mcndroid-static,valid-fpr-only,,9,0.10284863958098768,0.0921787709497206,9,0.05773948510336229,0.152955849284768,D-post-hoc-diagnostic
calibrated,fedavg-ctk,adwo,report-json,all-seeds,,10,-0.02527271867494314,-0.02021271644014152,2,-0.0584917782834294,0.014168682723049799,D-post-hoc-diagnostic
calibrated,fedavg-ctk,adwo,report-json,leave-one-seed-out,330,9,-0.025709524814977465,-0.019083969465648873,2,-0.06234150409829211,0.017989782961990934,D-post-hoc-diagnostic
calibrated,fedavg-ctk,adwo,report-json,leave-one-seed-out,331,9,-0.01392651685750936,-0.019083969465648873,2,-0.040883264442624516,0.025027978542294542,D-post-hoc-diagnostic
calibrated,fedavg-ctk,adwo,report-json,leave-one-seed-out,332,9,-0.019837070929148288,-0.019083969465648873,2,-0.0583366446971865,0.019104867896580877,D-post-hoc-diagnostic
calibrated,fedavg-ctk,adwo,report-json,leave-one-seed-out,333,9,-0.018849014815218716,-0.019083969465648873,2,-0.055775279805508934,0.019823494957258242,D-post-hoc-diagnostic
calibrated,fedavg-ctk,adwo,report-json,leave-one-seed-out,334,9,-0.031184460849254008,-0.021341463414634165,1,-0.06459663033554673,0.01303219531861722,D-post-hoc-diagnostic
calibrated,fedavg-ctk,adwo,report-json,leave-one-seed-out,335,9,-0.02549681919954922,-0.019083969465648873,2,-0.06311877572807958,0.018469986248939214,D-post-hoc-diagnostic
calibrated,fedavg-ctk,adwo,report-json,leave-one-seed-out,336,9,-0.026778715194381263,-0.021341463414634165,2,-0.06374420612216063,0.017688672420019227,D-post-hoc-diagnostic
calibrated,fedavg-ctk,adwo,report-json,leave-one-seed-out,337,9,-0.025960357475975835,-0.021341463414634165,2,-0.06329274674024113,0.01841304051120201,D-post-hoc-diagnostic
calibrated,fedavg-ctk,adwo,report-json,leave-one-seed-out,338,9,-0.03864546155139401,-0.021341463414634165,1,-0.07314161092203031,-0.014087327331746786,D-post-hoc-diagnostic
calibrated,fedavg-ctk,adwo,report-json,leave-one-seed-out,339,9,-0.0263392450620232,-0.021341463414634165,2,-0.06223186811207093,0.017656789931129718,D-post-hoc-diagnostic
calibrated,fedavg-ctk,adwo,report-json,valid-fpr-leave-one-out,330,8,-0.018537458740291786,-0.017378975328435735,2,-0.06003273761423705,0.023637328151850552,D-post-hoc-diagnostic
calibrated,fedavg-ctk,adwo,report-json,valid-fpr-leave-one-out,331,8,-0.005281574788140167,-0.017378975328435735,2,-0.030685574958162796,0.036705231059866734,D-post-hoc-diagnostic
calibrated,fedavg-ctk,adwo,report-json,valid-fpr-leave-one-out,332,8,-0.011930948118733962,-0.017378975328435735,2,-0.05318362589564125,0.028519519035599166,D-post-hoc-diagnostic
calibrated,fedavg-ctk,adwo,report-json,valid-fpr-leave-one-out,334,8,-0.02469676177885289,-0.02021271644014152,1,-0.06059708088425296,0.02337507412973189,D-post-hoc-diagnostic
calibrated,fedavg-ctk,adwo,report-json,valid-fpr-leave-one-out,335,8,-0.018298164922935012,-0.017378975328435735,2,-0.060071575141574886,0.024039527992542702,D-post-hoc-diagnostic
calibrated,fedavg-ctk,adwo,report-json,valid-fpr-leave-one-out,336,8,-0.019740297917121057,-0.02021271644014152,2,-0.0610443186844801,0.023242585387159925,D-post-hoc-diagnostic
calibrated,fedavg-ctk,adwo,report-json,valid-fpr-leave-one-out,337,8,-0.01881964548391495,-0.01850772230292838,2,-0.06061408523247687,0.02378572354940081,D-post-hoc-diagnostic
calibrated,fedavg-ctk,adwo,report-json,valid-fpr-leave-one-out,338,8,-0.0330903875687604,-0.02021271644014152,1,-0.07361676248553388,-0.008787144682782645,D-post-hoc-diagnostic
calibrated,fedavg-ctk,adwo,report-json,valid-fpr-leave-one-out,339,8,-0.019245894018218232,-0.02021271644014152,2,-0.060071296933633306,0.024368860689949975,D-post-hoc-diagnostic
calibrated,fedavg-ctk,adwo,report-json,valid-fpr-only,,9,-0.018849014815218716,-0.019083969465648873,2,-0.055775279805508934,0.019823494957258242,D-post-hoc-diagnostic
calibrated,fedavg-ctk,contrast-macro,call-graph,all-seeds,,10,0.1606277438889065,0.15937974522868242,10,0.11971383007976671,0.20127865403308715,D-post-hoc-diagnostic
calibrated,fedavg-ctk,contrast-macro,call-graph,leave-one-seed-out,330,9,0.16773164069550275,0.16833195485707186,9,0.12290689862410817,0.20804805040107605,D-post-hoc-diagnostic
calibrated,fedavg-ctk,contrast-macro,call-graph,leave-one-seed-out,331,9,0.17149084777525447,0.16833195485707186,9,0.13147068158160025,0.21003472124186925,D-post-hoc-diagnostic
calibrated,fedavg-ctk,contrast-macro,call-graph,leave-one-seed-out,332,9,0.15977172044799925,0.15042753560029298,9,0.11600238722176333,0.20638676375413004,D-post-hoc-diagnostic
calibrated,fedavg-ctk,contrast-macro,call-graph,leave-one-seed-out,333,9,0.1617611003654191,0.16833195485707186,9,0.11671495315993125,0.20656519044021243,D-post-hoc-diagnostic
calibrated,fedavg-ctk,contrast-macro,call-graph,leave-one-seed-out,334,9,0.15088440987575147,0.15042753560029298,9,0.1125341832772438,0.19379261130736658,D-post-hoc-diagnostic
calibrated,fedavg-ctk,contrast-macro,call-graph,leave-one-seed-out,335,9,0.15176902873559064,0.15042753560029298,9,0.11301887800235645,0.1961284543938932,D-post-hoc-diagnostic
calibrated,fedavg-ctk,contrast-macro,call-graph,leave-one-seed-out,336,9,0.15330394630441074,0.15042753560029298,9,0.11374360374991538,0.19932556589367992,D-post-hoc-diagnostic
calibrated,fedavg-ctk,contrast-macro,call-graph,leave-one-seed-out,337,9,0.1685866819972354,0.16833195485707186,9,0.12470930727339484,0.2090599691616073,D-post-hoc-diagnostic
calibrated,fedavg-ctk,contrast-macro,call-graph,leave-one-seed-out,338,9,0.16692987189476421,0.16833195485707186,9,0.12158599462197048,0.20830766554444244,D-post-hoc-diagnostic
calibrated,fedavg-ctk,contrast-macro,call-graph,leave-one-seed-out,339,9,0.15404819079713694,0.15042753560029298,9,0.11223261696235878,0.1986304334050497,D-post-hoc-diagnostic
calibrated,fedavg-ctk,contrast-macro,call-graph,valid-fpr-leave-one-out,330,7,0.15869135437884713,0.16833195485707186,7,0.10692524858963853,0.20614880823031576,D-post-hoc-diagnostic
calibrated,fedavg-ctk,contrast-macro,call-graph,valid-fpr-leave-one-out,331,7,0.16352462062424222,0.16833195485707186,7,0.11701055121702134,0.2080517232537228,D-post-hoc-diagnostic
calibrated,fedavg-ctk,contrast-macro,call-graph,valid-fpr-leave-one-out,332,7,0.14845717120348545,0.10390859183618706,7,0.10041517335233889,0.20404818787508974,D-post-hoc-diagnostic
calibrated,fedavg-ctk,contrast-macro,call-graph,valid-fpr-leave-one-out,335,7,0.13816799614467443,0.10390859183618706,7,0.0975366523472011,0.18749998494801062,D-post-hoc-diagnostic
calibrated,fedavg-ctk,contrast-macro,call-graph,valid-fpr-leave-one-out,336,7,0.14014146159030025,0.10390859183618706,7,0.09829116891506122,0.19339335482131623,D-post-hoc-diagnostic
calibrated,fedavg-ctk,contrast-macro,call-graph,valid-fpr-leave-one-out,337,7,0.15979069319536052,0.16833195485707186,7,0.10771168395378328,0.20595855563730212,D-post-hoc-diagnostic
calibrated,fedavg-ctk,contrast-macro,call-graph,valid-fpr-leave-one-out,338,7,0.15766050877789756,0.16833195485707186,7,0.10408745901899273,0.205181065924636,D-post-hoc-diagnostic
calibrated,fedavg-ctk,contrast-macro,call-graph,valid-fpr-leave-one-out,339,7,0.1410983473666625,0.10390859183618706,7,0.09719183009854783,0.19420820220918927,D-post-hoc-diagnostic
calibrated,fedavg-ctk,contrast-macro,call-graph,valid-fpr-only,,8,0.15094151916018375,0.13612027334662946,8,0.10608434569336334,0.1975497712477522,D-post-hoc-diagnostic
calibrated,fedavg-ctk,contrast-macro,mcndroid-static,all-seeds,,10,-0.002211073434179439,0.010220476620236701,6,-0.02551865149302846,0.015343412949515575,D-post-hoc-diagnostic
calibrated,fedavg-ctk,contrast-macro,mcndroid-static,leave-one-seed-out,330,9,-0.006923503978629625,0.007436081360152447,5,-0.028772324235053742,0.01113797745559079,D-post-hoc-diagnostic
calibrated,fedavg-ctk,contrast-macro,mcndroid-static,leave-one-seed-out,331,9,-0.003901734024679483,0.007436081360152447,5,-0.027137014311316307,0.016694945468709223,D-post-hoc-diagnostic
calibrated,fedavg-ctk,contrast-macro,mcndroid-static,leave-one-seed-out,332,9,-0.004433294072321033,0.007436081360152447,5,-0.027489292571790374,0.015977840725539278,D-post-hoc-diagnostic
calibrated,fedavg-ctk,contrast-macro,mcndroid-static,leave-one-seed-out,333,9,-0.006357061074870286,0.007436081360152447,5,-0.028334324474545692,0.012647489258064689,D-post-hoc-diagnostic
calibrated,fedavg-ctk,contrast-macro,mcndroid-static,leave-one-seed-out,334,9,0.004472545043774238,0.013004871880320956,6,-0.015145363525997543,0.019940526847005563,D-post-hoc-diagnostic
calibrated,fedavg-ctk,contrast-macro,mcndroid-static,leave-one-seed-out,335,9,0.0007464610191495654,0.013004871880320956,6,-0.025106621169520116,0.01865376887798298,D-post-hoc-diagnostic
calibrated,fedavg-ctk,contrast-macro,mcndroid-static,leave-one-seed-out,336,9,-0.004292604668026976,0.007436081360152447,5,-0.027481102653947393,0.016009038295073958,D-post-hoc-diagnostic
calibrated,fedavg-ctk,contrast-macro,mcndroid-static,leave-one-seed-out,337,9,-0.00035704368154811556,0.013004871880320956,6,-0.025367700083794673,0.018867088485292813,D-post-hoc-diagnostic
calibrated,fedavg-ctk,contrast-macro,mcndroid-static,leave-one-seed-out,338,9,0.002218480617795862,0.013004871880320956,6,-0.02162809786383464,0.019436582215669546,D-post-hoc-diagnostic
calibrated,fedavg-ctk,contrast-macro,mcndroid-static,leave-one-seed-out,339,9,-0.0032829795224385374,0.013004871880320956,5,-0.027190131223987408,0.016777897172281026,D-post-hoc-diagnostic
calibrated,fedavg-ctk,contrast-macro,mcndroid-static,valid-fpr-leave-one-out,330,8,-0.012176793892463102,-0.005730629923854452,4,-0.03404045682966242,0.005219547509269937,D-post-hoc-diagnostic
calibrated,fedavg-ctk,contrast-macro,mcndroid-static,valid-fpr-leave-one-out,331,8,-0.008777302694269191,-0.005730629923854452,4,-0.03185258843216668,0.012824055252624391,D-post-hoc-diagnostic
calibrated,fedavg-ctk,contrast-macro,mcndroid-static,valid-fpr-leave-one-out,332,8,-0.009375307747865935,-0.005730629923854452,4,-0.03197856920761702,0.011906046637676096,D-post-hoc-diagnostic
calibrated,fedavg-ctk,contrast-macro,mcndroid-static,valid-fpr-leave-one-out,334,8,0.0006437612577412447,0.010220476620236701,5,-0.018191888687821067,0.01734400384445322,D-post-hoc-diagnostic
calibrated,fedavg-ctk,contrast-macro,mcndroid-static,valid-fpr-leave-one-out,335,8,-0.003548083269961512,0.010220476620236701,5,-0.02955733183235377,0.01595979988257816,D-post-hoc-diagnostic
calibrated,fedavg-ctk,contrast-macro,mcndroid-static,valid-fpr-leave-one-out,336,8,-0.00921703216803512,-0.005730629923854452,4,-0.032056660932691126,0.012594151784530092,D-post-hoc-diagnostic
calibrated,fedavg-ctk,contrast-macro,mcndroid-static,valid-fpr-leave-one-out,337,8,-0.004789526058246403,0.010220476620236701,5,-0.03068446533899921,0.01551427561833945,D-post-hoc-diagnostic
calibrated,fedavg-ctk,contrast-macro,mcndroid-static,valid-fpr-leave-one-out,338,8,-0.0018920612214844285,0.010220476620236701,5,-0.026961786928618954,0.016157713353027597,D-post-hoc-diagnostic
calibrated,fedavg-ctk,contrast-macro,mcndroid-static,valid-fpr-leave-one-out,339,8,-0.008081203879248128,-0.0029462346637701975,4,-0.032166038595110524,0.01374549447955773,D-post-hoc-diagnostic
calibrated,fedavg-ctk,contrast-macro,mcndroid-static,valid-fpr-only,,9,-0.006357061074870286,0.007436081360152447,5,-0.028334324474545692,0.012647489258064689,D-post-hoc-diagnostic
calibrated,fedavg-ctk,contrast-macro,report-json,all-seeds,,10,-0.06989051471627576,-0.06469118529876672,0,-0.10060712880076719,-0.040906641491971214,D-post-hoc-diagnostic
calibrated,fedavg-ctk,contrast-macro,report-json,leave-one-seed-out,330,9,-0.06261626120163394,-0.05047755816719093,0,-0.0934487681207859,-0.03499778411034059,D-post-hoc-diagnostic
calibrated,fedavg-ctk,contrast-macro,report-json,leave-one-seed-out,331,9,-0.07207179081345892,-0.0789048124303425,0,-0.10494355478263213,-0.039674337365789646,D-post-hoc-diagnostic
calibrated,fedavg-ctk,contrast-macro,report-json,leave-one-seed-out,332,9,-0.06516792336328957,-0.05047755816719093,0,-0.10026170948786238,-0.03654457880576689,D-post-hoc-diagnostic
calibrated,fedavg-ctk,contrast-macro,report-json,leave-one-seed-out,333,9,-0.0755987951727631,-0.0789048124303425,0,-0.10554970480269787,-0.044985953687010374,D-post-hoc-diagnostic
calibrated,fedavg-ctk,contrast-macro,report-json,leave-one-seed-out,334,9,-0.06888892608137946,-0.05047755816719093,0,-0.10302013995718798,-0.03747419031554393,D-post-hoc-diagnostic
calibrated,fedavg-ctk,contrast-macro,report-json,leave-one-seed-out,335,9,-0.06160742495046553,-0.05047755816719093,0,-0.09127248271269386,-0.034905440078971325,D-post-hoc-diagnostic
calibrated,fedavg-ctk,contrast-macro,report-json,leave-one-seed-out,336,9,-0.06759920244022945,-0.05047755816719093,0,-0.1027138412236875,-0.036861254486221295,D-post-hoc-diagnostic
calibrated,fedavg-ctk,contrast-macro,report-json,leave-one-seed-out,337,9,-0.07685994323768768,-0.0789048124303425,0,-0.10655974875955554,-0.048430542558209125,D-post-hoc-diagnostic
calibrated,fedavg-ctk,contrast-macro,report-json,leave-one-seed-out,338,9,-0.07204750988839631,-0.0789048124303425,0,-0.10460381913252473,-0.04020267785396158,D-post-hoc-diagnostic
calibrated,fedavg-ctk,contrast-macro,report-json,leave-one-seed-out,339,9,-0.0764473700134537,-0.0789048124303425,0,-0.1065696278485635,-0.046486316021021414,D-post-hoc-diagnostic
calibrated,fedavg-ctk,contrast-macro,report-json,valid-fpr-leave-one-out,330,8,-0.06812879502585197,-0.06469118529876672,0,-0.10079426382116247,-0.03792626152721905,D-post-hoc-diagnostic
calibrated,fedavg-ctk,contrast-macro,report-json,valid-fpr-leave-one-out,331,8,-0.07876626583915508,-0.08470856881551755,0,-0.11180759764468029,-0.04284785151391235,D-post-hoc-diagnostic
calibrated,fedavg-ctk,contrast-macro,report-json,valid-fpr-leave-one-out,332,8,-0.07099941495771456,-0.06469118529876672,0,-0.10646373963793643,-0.03923657561005114,D-post-hoc-diagnostic
calibrated,fedavg-ctk,contrast-macro,report-json,valid-fpr-leave-one-out,334,8,-0.07518554301556568,-0.07049494168394177,0,-0.11063981246354518,-0.04033273658181842,D-post-hoc-diagnostic
calibrated,fedavg-ctk,contrast-macro,report-json,valid-fpr-leave-one-out,335,8,-0.0669938542432875,-0.06469118529876672,0,-0.09735013448704352,-0.03792075437090125,D-post-hoc-diagnostic
calibrated,fedavg-ctk,contrast-macro,report-json,valid-fpr-leave-one-out,336,8,-0.07373460391927192,-0.06469118529876672,0,-0.1087559098583033,-0.04007173334385081,D-post-hoc-diagnostic
calibrated,fedavg-ctk,contrast-macro,report-json,valid-fpr-leave-one-out,337,8,-0.08415293731641242,-0.08470856881551755,0,-0.11244552638367383,-0.05266171629009195,D-post-hoc-diagnostic
calibrated,fedavg-ctk,contrast-macro,report-json,valid-fpr-leave-one-out,338,8,-0.07873894979845962,-0.08470856881551755,0,-0.11083047131984712,-0.04183374125418636,D-post-hoc-diagnostic
calibrated,fedavg-ctk,contrast-macro,report-json,valid-fpr-leave-one-out,339,8,-0.0836887924391492,-0.08470856881551755,0,-0.11226619348161591,-0.051351100937495855,D-post-hoc-diagnostic
calibrated,fedavg-ctk,contrast-macro,report-json,valid-fpr-only,,9,-0.0755987951727631,-0.0789048124303425,0,-0.10554970480269787,-0.044985953687010374,D-post-hoc-diagnostic
calibrated,fedavg-ctk,gappusin,call-graph,all-seeds,,10,0.060829935345335984,0.032622964703889534,6,-0.006566466884772755,0.13813491499211988,D-post-hoc-diagnostic
calibrated,fedavg-ctk,gappusin,call-graph,leave-one-seed-out,330,9,0.0552181467849662,0.023121387283236983,5,-0.01589386772991104,0.1453544676043038,D-post-hoc-diagnostic
calibrated,fedavg-ctk,gappusin,call-graph,leave-one-seed-out,331,9,0.040555598264577206,0.023121387283236983,5,-0.019828119485389574,0.1182370026212119,D-post-hoc-diagnostic
calibrated,fedavg-ctk,gappusin,call-graph,leave-one-seed-out,332,9,0.04947086548816219,0.023121387283236983,5,-0.01651547180092297,0.13807203149906247,D-post-hoc-diagnostic
calibrated,fedavg-ctk,gappusin,call-graph,leave-one-seed-out,333,9,0.06290831236986864,0.023121387283236983,5,-0.012296427299049992,0.14895423664036497,D-post-hoc-diagnostic
calibrated,fedavg-ctk,gappusin,call-graph,leave-one-seed-out,334,9,0.07753906580659223,0.042124542124542086,6,0.009562174125487585,0.154781641862227,D-post-hoc-diagnostic
calibrated,fedavg-ctk,gappusin,call-graph,leave-one-seed-out,335,9,0.040525733383516074,0.023121387283236983,5,-0.01932182035169428,0.12011742785710253,D-post-hoc-diagnostic
calibrated,fedavg-ctk,gappusin,call-graph,leave-one-seed-out,336,9,0.07495290628580759,0.042124542124542086,6,0.003975038126714776,0.15456408184313625,D-post-hoc-diagnostic
calibrated,fedavg-ctk,gappusin,call-graph,leave-one-seed-out,337,9,0.07452013400059386,0.042124542124542086,6,0.0026791199094013435,0.1541348639800491,D-post-hoc-diagnostic
calibrated,fedavg-ctk,gappusin,call-graph,leave-one-seed-out,338,9,0.06758881705037331,0.042124542124542086,6,-0.008060284887623562,0.1517111938175319,D-post-hoc-diagnostic
calibrated,fedavg-ctk,gappusin,call-graph,leave-one-seed-out,339,9,0.06501977401890253,0.042124542124542086,5,-0.010629327919094338,0.1513891744520051,D-post-hoc-diagnostic
calibrated,fedavg-ctk,gappusin,call-graph,valid-fpr-leave-one-out,330,7,0.07777014539230341,0.023121387283236983,4,-0.0097449638284163,0.17626407901117175,D-post-hoc-diagnostic
calibrated,fedavg-ctk,gappusin,call-graph,valid-fpr-leave-one-out,331,7,0.05891829729466042,0.023121387283236983,4,-0.011942775200162523,0.14646776828854424,D-post-hoc-diagnostic
calibrated,fedavg-ctk,gappusin,call-graph,valid-fpr-leave-one-out,332,7,0.07038078372498398,0.023121387283236983,4,-0.009196141383546306,0.17087667499936257,D-post-hoc-diagnostic
calibrated,fedavg-ctk,gappusin,call-graph,valid-fpr-leave-one-out,335,7,0.05887989959043897,0.023121387283236983,4,-0.010718472937938995,0.14910901131165608,D-post-hoc-diagnostic
calibrated,fedavg-ctk,gappusin,call-graph,valid-fpr-leave-one-out,336,7,0.1031434076076709,0.11133603238866402,5,0.023896074503295592,0.1827470954246748,D-post-hoc-diagnostic
calibrated,fedavg-ctk,gappusin,call-graph,valid-fpr-leave-one-out,337,7,0.10258698609811041,0.11133603238866402,5,0.022426876771546016,0.1827086977204533,D-post-hoc-diagnostic
calibrated,fedavg-ctk,gappusin,call-graph,valid-fpr-leave-one-out,338,7,0.09367529287639828,0.11133603238866402,5,0.0046034903281217555,0.18156909199285873,D-post-hoc-diagnostic
calibrated,fedavg-ctk,gappusin,call-graph,valid-fpr-leave-one-out,339,7,0.09037223755022157,0.11133603238866402,4,-0.0019508214392861237,0.18026040836573293,D-post-hoc-diagnostic
calibrated,fedavg-ctk,gappusin,call-graph,valid-fpr-only,,8,0.08196588126684849,0.0672287098359505,5,0.003393242054151313,0.1681144751921645,D-post-hoc-diagnostic
calibrated,fedavg-ctk,gappusin,mcndroid-static,all-seeds,,10,0.17428935676087268,0.18076505697232775,10,0.14392332884568193,0.2058395355284684,D-post-hoc-diagnostic
calibrated,fedavg-ctk,gappusin,mcndroid-static,leave-one-seed-out,330,9,0.17318700458810415,0.17731958762886602,9,0.14051794499789333,0.20864079174966,D-post-hoc-diagnostic
calibrated,fedavg-ctk,gappusin,mcndroid-static,leave-one-seed-out,331,9,0.17395266444220678,0.1842105263157895,9,0.1408277433861798,0.2093841085066227,D-post-hoc-diagnostic
calibrated,fedavg-ctk,gappusin,mcndroid-static,leave-one-seed-out,332,9,0.18071344687240615,0.1842105263157895,9,0.14758791193332607,0.211488745079452,D-post-hoc-diagnostic
calibrated,fedavg-ctk,gappusin,mcndroid-static,leave-one-seed-out,333,9,0.17208381927439254,0.17731958762886602,9,0.1384672755916372,0.2080962901128216,D-post-hoc-diagnostic
calibrated,fedavg-ctk,gappusin,mcndroid-static,leave-one-seed-out,334,9,0.18080243620196468,0.1842105263157895,9,0.14718589251920935,0.21117277219549918,D-post-hoc-diagnostic
calibrated,fedavg-ctk,gappusin,mcndroid-static,leave-one-seed-out,335,9,0.16792585285227515,0.17731958762886602,9,0.13761262640797606,0.20223576494984288,D-post-hoc-diagnostic
calibrated,fedavg-ctk,gappusin,mcndroid-static,leave-one-seed-out,336,9,0.17026302797991702,0.17731958762886602,9,0.13851751366396742,0.20595952027709027,D-post-hoc-diagnostic
calibrated,fedavg-ctk,gappusin,mcndroid-static,leave-one-seed-out,337,9,0.1766416083312364,0.1842105263157895,9,0.14152237557157155,0.20993806562519002,D-post-hoc-diagnostic
calibrated,fedavg-ctk,gappusin,mcndroid-static,leave-one-seed-out,338,9,0.16480138602384992,0.17731958762886602,9,0.13571022066548585,0.19254007844407853,D-post-hoc-diagnostic
calibrated,fedavg-ctk,gappusin,mcndroid-static,leave-one-seed-out,339,9,0.18252232104237404,0.1842105263157895,9,0.15277434116355024,0.21185458310161187,D-post-hoc-diagnostic
calibrated,fedavg-ctk,gappusin,mcndroid-static,valid-fpr-leave-one-out,330,8,0.1705679808942179,0.16521934012823264,8,0.13391527542370912,0.21100188349930749,D-post-hoc-diagnostic
calibrated,fedavg-ctk,gappusin,mcndroid-static,valid-fpr-leave-one-out,331,8,0.17142934823008332,0.16866480947169438,8,0.13449854425634492,0.2114639304477985,D-post-hoc-diagnostic
calibrated,fedavg-ctk,gappusin,mcndroid-static,valid-fpr-leave-one-out,332,8,0.17903522846405767,0.18076505697232775,8,0.1428746748893486,0.21460480854682512,D-post-hoc-diagnostic
calibrated,fedavg-ctk,gappusin,mcndroid-static,valid-fpr-leave-one-out,334,8,0.179135341459811,0.18076505697232775,8,0.14302296548048,0.21454954542551463,D-post-hoc-diagnostic
calibrated,fedavg-ctk,gappusin,mcndroid-static,valid-fpr-leave-one-out,335,8,0.16464918519141028,0.16521934012823264,8,0.1327585055188184,0.20465000008116857,D-post-hoc-diagnostic
calibrated,fedavg-ctk,gappusin,mcndroid-static,valid-fpr-leave-one-out,336,8,0.1672785072100074,0.16521934012823264,8,0.13294791404881565,0.20861768137433512,D-post-hoc-diagnostic
calibrated,fedavg-ctk,gappusin,mcndroid-static,valid-fpr-leave-one-out,337,8,0.17445441010524168,0.18076505697232775,8,0.13626879436687347,0.21234276744909722,D-post-hoc-diagnostic
calibrated,fedavg-ctk,gappusin,mcndroid-static,valid-fpr-leave-one-out,338,8,0.16113416000943193,0.16521934012823264,8,0.13107056591911434,0.1931983371883672,D-post-hoc-diagnostic
calibrated,fedavg-ctk,gappusin,mcndroid-static,valid-fpr-leave-one-out,339,8,0.18107021190527156,0.18076505697232775,8,0.14843991419173336,0.21534468144695185,D-post-hoc-diagnostic
calibrated,fedavg-ctk,gappusin,mcndroid-static,valid-fpr-only,,9,0.17208381927439254,0.17731958762886602,9,0.1384672755916372,0.2080962901128216,D-post-hoc-diagnostic
calibrated,fedavg-ctk,gappusin,report-json,all-seeds,,10,0.07257931642893604,0.08825438027255025,9,0.02224855496312237,0.11830211844175918,D-post-hoc-diagnostic
calibrated,fedavg-ctk,gappusin,report-json,leave-one-seed-out,330,9,0.07974399981082864,0.08955223880597007,8,0.024030857230446796,0.127353170587588,D-post-hoc-diagnostic
calibrated,fedavg-ctk,gappusin,report-json,leave-one-seed-out,331,9,0.07606178343192208,0.08955223880597007,8,0.019351827345521412,0.12587136079957095,D-post-hoc-diagnostic
calibrated,fedavg-ctk,gappusin,report-json,leave-one-seed-out,332,9,0.08970266070214562,0.08955223880597007,9,0.055939191085321444,0.13733001546088383,D-post-hoc-diagnostic
calibrated,fedavg-ctk,gappusin,report-json,leave-one-seed-out,333,9,0.05622366050101562,0.08695652173913043,8,0.004304432804177123,0.08907496993659522,D-post-hoc-diagnostic
calibrated,fedavg-ctk,gappusin,report-json,leave-one-seed-out,334,9,0.07069343616482116,0.08695652173913043,8,0.016469031586904093,0.12194191950728497,D-post-hoc-diagnostic
calibrated,fedavg-ctk,gappusin,report-json,leave-one-seed-out,335,9,0.07797549357360342,0.08955223880597007,8,0.021242870276883423,0.12526859268742668,D-post-hoc-diagnostic
calibrated,fedavg-ctk,gappusin,report-json,leave-one-seed-out,336,9,0.06786482418896295,0.08695652173913043,8,0.015515864961746525,0.11947854053750441,D-post-hoc-diagnostic
calibrated,fedavg-ctk,gappusin,report-json,leave-one-seed-out,337,9,0.07098184917224777,0.08955223880597007,8,0.01658437741011589,0.12315401295481343,D-post-hoc-diagnostic
calibrated,fedavg-ctk,gappusin,report-json,leave-one-seed-out,338,9,0.06596385702936705,0.08695652173913043,8,0.015132072985173004,0.11860409026114499,D-post-hoc-diagnostic
calibrated,fedavg-ctk,gappusin,report-json,leave-one-seed-out,339,9,0.07058159971444616,0.08695652173913043,8,0.016662087185521385,0.12269540800487912,D-post-hoc-diagnostic
calibrated,fedavg-ctk,gappusin,report-json,valid-fpr-leave-one-out,330,8,0.06223947231465472,0.08825438027255025,7,-0.0009529490486290856,0.09543529776204596,D-post-hoc-diagnostic
calibrated,fedavg-ctk,gappusin,report-json,valid-fpr-leave-one-out,331,8,0.05809697888838485,0.08825438027255025,7,-0.002032160499058674,0.0946605524886642,D-post-hoc-diagnostic
calibrated,fedavg-ctk,gappusin,report-json,valid-fpr-leave-one-out,332,8,0.07344296581738634,0.08825438027255025,8,0.04255351935775265,0.10017253245071064,D-post-hoc-diagnostic
calibrated,fedavg-ctk,gappusin,report-json,valid-fpr-leave-one-out,334,8,0.05205758821289632,0.06409681757059613,7,-0.0020426482721284376,0.08998922686482572,D-post-hoc-diagnostic
calibrated,fedavg-ctk,gappusin,report-json,valid-fpr-leave-one-out,335,8,0.060249902797776374,0.08825438027255025,7,0.0005111346256371303,0.09480070435018219,D-post-hoc-diagnostic
calibrated,fedavg-ctk,gappusin,report-json,valid-fpr-leave-one-out,336,8,0.048875399740055836,0.06409681757059613,7,-0.003822043876453799,0.08450663880365324,D-post-hoc-diagnostic
calibrated,fedavg-ctk,gappusin,report-json,valid-fpr-leave-one-out,337,8,0.052382052846251276,0.06539467610401595,7,-0.001889021427121165,0.09013572625154762,D-post-hoc-diagnostic
calibrated,fedavg-ctk,gappusin,report-json,valid-fpr-leave-one-out,338,8,0.04673681168551045,0.06409681757059613,7,-0.0053813386784704684,0.07964171764936047,D-post-hoc-diagnostic
calibrated,fedavg-ctk,gappusin,report-json,valid-fpr-leave-one-out,339,8,0.05193177220622446,0.06409681757059613,7,-0.001917685751148327,0.08999809354097475,D-post-hoc-diagnostic
calibrated,fedavg-ctk,gappusin,report-json,valid-fpr-only,,9,0.05622366050101562,0.08695652173913043,8,0.004304432804177123,0.08907496993659522,D-post-hoc-diagnostic
calibrated,fedavg-ctk,hiddad,call-graph,all-seeds,,10,-0.002257455292772337,-0.023965936739659396,4,-0.04298786563044171,0.06504491424733684,D-post-hoc-diagnostic
calibrated,fedavg-ctk,hiddad,call-graph,leave-one-seed-out,330,9,-0.0008862236424153255,-0.03333333333333338,4,-0.046236617416624076,0.07428530591028845,D-post-hoc-diagnostic
calibrated,fedavg-ctk,hiddad,call-graph,leave-one-seed-out,331,9,0.008229344726051286,-0.014598540145985411,4,-0.032567416809747264,0.08019478833325085,D-post-hoc-diagnostic
calibrated,fedavg-ctk,hiddad,call-graph,leave-one-seed-out,332,9,-0.0035807847311370034,-0.03333333333333338,3,-0.047636525456195206,0.0725021759904533,D-post-hoc-diagnostic
calibrated,fedavg-ctk,hiddad,call-graph,leave-one-seed-out,333,9,0.003339669557738345,-0.014598540145985411,4,-0.040755576014278885,0.07531012911965601,D-post-hoc-diagnostic
calibrated,fedavg-ctk,hiddad,call-graph,leave-one-seed-out,334,9,0.005485321457271347,-0.014598540145985411,4,-0.03765148127223736,0.0759711235338272,D-post-hoc-diagnostic
calibrated,fedavg-ctk,hiddad,call-graph,leave-one-seed-out,335,9,0.0011954200450677824,-0.014598540145985411,4,-0.04353731997243661,0.07378036566094416,D-post-hoc-diagnostic
calibrated,fedavg-ctk,hiddad,call-graph,leave-one-seed-out,336,9,-0.024067155963776895,-0.03333333333333338,3,-0.05341285146558278,0.018553538714000506,D-post-hoc-diagnostic
calibrated,fedavg-ctk,hiddad,call-graph,leave-one-seed-out,337,9,-0.012458532414854832,-0.03333333333333338,3,-0.049767406677244226,0.06975339049300108,D-post-hoc-diagnostic
calibrated,fedavg-ctk,hiddad,call-graph,leave-one-seed-out,338,9,0.004696873717169907,-0.014598540145985411,4,-0.03916738541947435,0.07641837373794051,D-post-hoc-diagnostic
calibrated,fedavg-ctk,hiddad,call-graph,leave-one-seed-out,339,9,-0.004528485678837957,-0.03333333333333338,3,-0.048333714266986814,0.07301038657716201,D-post-hoc-diagnostic
calibrated,fedavg-ctk,hiddad,call-graph,valid-fpr-leave-one-out,330,7,0.016656858886970854,0.009652509652509689,4,-0.040783329457433896,0.0992181947405828,D-post-hoc-diagnostic
calibrated,fedavg-ctk,hiddad,call-graph,valid-fpr-leave-one-out,331,7,0.028376875360713642,0.009652509652509689,4,-0.019248152234041138,0.10680523185235126,D-post-hoc-diagnostic
calibrated,fedavg-ctk,hiddad,call-graph,valid-fpr-leave-one-out,332,7,0.013192423201471555,-0.014598540145985411,3,-0.04317045238844215,0.09753388465291139,D-post-hoc-diagnostic
calibrated,fedavg-ctk,hiddad,call-graph,valid-fpr-leave-one-out,335,7,0.01933325791373485,0.009652509652509689,4,-0.03737526656100062,0.09783965410473128,D-post-hoc-diagnostic
calibrated,fedavg-ctk,hiddad,call-graph,valid-fpr-leave-one-out,336,7,-0.013147196954779736,-0.014598540145985411,3,-0.05148410388038734,0.029995586925224478,D-post-hoc-diagnostic
calibrated,fedavg-ctk,hiddad,call-graph,valid-fpr-leave-one-out,337,7,0.0017781761795486303,-0.014598540145985411,3,-0.04442880446848812,0.09210942639456031,D-post-hoc-diagnostic
calibrated,fedavg-ctk,hiddad,call-graph,valid-fpr-leave-one-out,338,7,0.023835126920723298,0.009652509652509689,4,-0.029103192416693003,0.09779296367782513,D-post-hoc-diagnostic
calibrated,fedavg-ctk,hiddad,call-graph,valid-fpr-leave-one-out,339,7,0.011973950554427475,-0.014598540145985411,3,-0.041752405441724136,0.09610471965311218,D-post-hoc-diagnostic
calibrated,fedavg-ctk,hiddad,call-graph,valid-fpr-only,,8,0.012749934007851318,-0.0024730152467378613,4,-0.03523784417096916,0.08733295202818028,D-post-hoc-diagnostic
calibrated,fedavg-ctk,hiddad,mcndroid-static,all-seeds,,10,-0.04955533855951559,-0.02018113003514467,3,-0.20577257801980198,0.011469726419747457,D-post-hoc-diagnostic
calibrated,fedavg-ctk,hiddad,mcndroid-static,leave-one-seed-out,330,9,-0.052222882259964604,-0.014814814814814892,3,-0.21789473333849815,0.01590483056108987,D-post-hoc-diagnostic
calibrated,fedavg-ctk,hiddad,mcndroid-static,leave-one-seed-out,331,9,-0.003941039109078938,-0.014814814814814892,3,-0.040189495181618275,0.03616694922388169,D-post-hoc-diagnostic
calibrated,fedavg-ctk,hiddad,mcndroid-static,leave-one-seed-out,332,9,-0.06535749758436095,-0.02554744525547445,2,-0.23241507931561306,-0.0036244964543066284,D-post-hoc-diagnostic
calibrated,fedavg-ctk,hiddad,mcndroid-static,leave-one-seed-out,333,9,-0.04677688689848711,-0.014814814814814892,3,-0.21896272871057637,0.019021429911599146,D-post-hoc-diagnostic
calibrated,fedavg-ctk,hiddad,mcndroid-static,leave-one-seed-out,334,9,-0.055061487288350655,-0.02554744525547445,3,-0.2231150020042112,0.012278925788120162,D-post-hoc-diagnostic
calibrated,fedavg-ctk,hiddad,mcndroid-static,leave-one-seed-out,335,9,-0.05341539675337122,-0.02554744525547445,3,-0.22313517902228353,0.013583467353341365,D-post-hoc-diagnostic
calibrated,fedavg-ctk,hiddad,mcndroid-static,leave-one-seed-out,336,9,-0.05962201796828432,-0.02554744525547445,2,-0.22424788679903135,0.006115642320980444,D-post-hoc-diagnostic
calibrated,fedavg-ctk,hiddad,mcndroid-static,leave-one-seed-out,337,9,-0.06280056965429869,-0.02554744525547445,2,-0.22728248949673288,0.0011443000020047022,D-post-hoc-diagnostic
calibrated,fedavg-ctk,hiddad,mcndroid-static,leave-one-seed-out,338,9,-0.05089008038656833,-0.014814814814814892,3,-0.22045521679506938,0.016066179736182722,D-post-hoc-diagnostic
calibrated,fedavg-ctk,hiddad,mcndroid-static,leave-one-seed-out,339,9,-0.04546552769239107,-0.014814814814814892,3,-0.21832717698502307,0.020496818810553777,D-post-hoc-diagnostic
calibrated,fedavg-ctk,hiddad,mcndroid-static,valid-fpr-leave-one-out,330,8,-0.04943056710386369,-0.007407407407407446,3,-0.23942396336666888,0.024450290498373824,D-post-hoc-diagnostic
calibrated,fedavg-ctk,hiddad,mcndroid-static,valid-fpr-leave-one-out,331,8,0.004886506440882687,-0.007407407407407446,3,-0.03308919771623742,0.042953889097817596,D-post-hoc-diagnostic
calibrated,fedavg-ctk,hiddad,mcndroid-static,valid-fpr-leave-one-out,332,8,-0.06420700934380959,-0.02018113003514467,2,-0.2548263565545661,0.005641157426917211,D-post-hoc-diagnostic
calibrated,fedavg-ctk,hiddad,mcndroid-static,valid-fpr-leave-one-out,334,8,-0.05262399776079799,-0.02018113003514467,3,-0.24830418507319904,0.02191700177443391,D-post-hoc-diagnostic
calibrated,fedavg-ctk,hiddad,mcndroid-static,valid-fpr-leave-one-out,335,8,-0.05077214590894613,-0.012773722627737225,3,-0.24809938709851959,0.023768853626285773,D-post-hoc-diagnostic
calibrated,fedavg-ctk,hiddad,mcndroid-static,valid-fpr-leave-one-out,336,8,-0.05775459477572337,-0.02018113003514467,2,-0.24902927251429896,0.015554127929399673,D-post-hoc-diagnostic
calibrated,fedavg-ctk,hiddad,mcndroid-static,valid-fpr-leave-one-out,337,8,-0.06133046542248954,-0.02018113003514467,2,-0.2509073457916233,0.009737547841673688,D-post-hoc-diagnostic
calibrated,fedavg-ctk,hiddad,mcndroid-static,valid-fpr-leave-one-out,338,8,-0.04793116499629288,-0.007407407407407446,3,-0.24680616867634497,0.02589074656157129,D-post-hoc-diagnostic
calibrated,fedavg-ctk,hiddad,mcndroid-static,valid-fpr-leave-one-out,339,8,-0.041828543215343454,-0.007407407407407446,3,-0.24136440033508572,0.030348338336821358,D-post-hoc-diagnostic
calibrated,fedavg-ctk,hiddad,mcndroid-static,valid-fpr-only,,9,-0.04677688689848711,-0.014814814814814892,3,-0.21896272871057637,0.019021429911599146,D-post-hoc-diagnostic
calibrated,fedavg-ctk,hiddad,report-json,all-seeds,,10,-0.09407114481017553,-0.06219820503096953,1,-0.23494826946706318,-0.039281737426403285,D-post-hoc-diagnostic
calibrated,fedavg-ctk,hiddad,report-json,leave-one-seed-out,330,9,-0.09965731418486658,-0.062962962962963,1,-0.2524000682707796,-0.039702861077078336,D-post-hoc-diagnostic
calibrated,fedavg-ctk,hiddad,report-json,leave-one-seed-out,331,9,-0.05176905912615208,-0.061433447098976066,1,-0.07262462477614473,-0.00932460317839258,D-post-hoc-diagnostic
calibrated,fedavg-ctk,hiddad,report-json,leave-one-seed-out,332,9,-0.11095850066853481,-0.062962962962963,0,-0.28780383418772537,-0.05995410698284036,D-post-hoc-diagnostic
calibrated,fedavg-ctk,hiddad,report-json,leave-one-seed-out,333,9,-0.09331491723547769,-0.061433447098976066,1,-0.24877268024609717,-0.03336474422514067,D-post-hoc-diagnostic
calibrated,fedavg-ctk,hiddad,report-json,leave-one-seed-out,334,9,-0.0933324470712582,-0.061433447098976066,1,-0.24891861171125754,-0.033522279397192684,D-post-hoc-diagnostic
calibrated,fedavg-ctk,hiddad,report-json,leave-one-seed-out,335,9,-0.09752760945986583,-0.061433447098976066,1,-0.2509290720792573,-0.03669864263920864,D-post-hoc-diagnostic
calibrated,fedavg-ctk,hiddad,report-json,leave-one-seed-out,336,9,-0.10120674464812209,-0.062962962962963,1,-0.2514454059622575,-0.04094258192699703,D-post-hoc-diagnostic
calibrated,fedavg-ctk,hiddad,report-json,leave-one-seed-out,337,9,-0.09678441186758034,-0.061433447098976066,1,-0.24944111999017568,-0.03597467280772593,D-post-hoc-diagnostic
calibrated,fedavg-ctk,hiddad,report-json,leave-one-seed-out,338,9,-0.0976975556669755,-0.062962962962963,1,-0.25021232281767025,-0.03679344746932174,D-post-hoc-diagnostic
calibrated,fedavg-ctk,hiddad,report-json,leave-one-seed-out,339,9,-0.09846288817292231,-0.062962962962963,1,-0.2507078325082353,-0.03764926214667915,D-post-hoc-diagnostic
calibrated,fedavg-ctk,hiddad,report-json,valid-fpr-leave-one-out,330,8,-0.09950482933516788,-0.06219820503096953,1,-0.26516662898560106,-0.03205570853079712,D-post-hoc-diagnostic
calibrated,fedavg-ctk,hiddad,report-json,valid-fpr-leave-one-out,331,8,-0.04563054239411407,-0.05798945082221529,1,-0.06669649190715339,0.0016488892870799407,D-post-hoc-diagnostic
calibrated,fedavg-ctk,hiddad,report-json,valid-fpr-leave-one-out,332,8,-0.11221866412929463,-0.06219820503096953,0,-0.3139062317981036,-0.05523263687577209,D-post-hoc-diagnostic
calibrated,fedavg-ctk,hiddad,report-json,valid-fpr-leave-one-out,334,8,-0.09238935383235844,-0.05798945082221529,1,-0.2662960958401497,-0.025755219186526818,D-post-hoc-diagnostic
calibrated,fedavg-ctk,hiddad,report-json,valid-fpr-leave-one-out,335,8,-0.09710891151954203,-0.05798945082221529,1,-0.2710962644279178,-0.030261914495597102,D-post-hoc-diagnostic
calibrated,fedavg-ctk,hiddad,report-json,valid-fpr-leave-one-out,336,8,-0.10124793860633031,-0.06219820503096953,1,-0.2732068647214214,-0.03485100635414812,D-post-hoc-diagnostic
calibrated,fedavg-ctk,hiddad,report-json,valid-fpr-leave-one-out,337,8,-0.09627281422822086,-0.05798945082221529,1,-0.2714357144100835,-0.029684692493040298,D-post-hoc-diagnostic
calibrated,fedavg-ctk,hiddad,report-json,valid-fpr-leave-one-out,338,8,-0.0973001010025404,-0.05875420875420875,1,-0.272940418634212,-0.030855792584159106,D-post-hoc-diagnostic
calibrated,fedavg-ctk,hiddad,report-json,valid-fpr-leave-one-out,339,8,-0.0981611000717306,-0.06219820503096953,1,-0.2730994597573995,-0.031572978336550026,D-post-hoc-diagnostic
calibrated,fedavg-ctk,hiddad,report-json,valid-fpr-only,,9,-0.09331491723547769,-0.061433447098976066,1,-0.24877268024609717,-0.03336474422514067,D-post-hoc-diagnostic
calibrated,fedavg-ctk,priority-macro,call-graph,all-seeds,,10,0.0902566732227823,0.09094853476255622,9,0.055290976201622405,0.12350564330095959,D-post-hoc-diagnostic
calibrated,fedavg-ctk,priority-macro,call-graph,leave-one-seed-out,330,9,0.08302710871148228,0.090738560729196,8,0.04920506201619335,0.11914992155509654,D-post-hoc-diagnostic
calibrated,fedavg-ctk,priority-macro,call-graph,leave-one-seed-out,331,9,0.08039124787397404,0.090738560729196,8,0.04755441236617488,0.11140681152058299,D-post-hoc-diagnostic
calibrated,fedavg-ctk,priority-macro,call-graph,leave-one-seed-out,332,9,0.0890934013798805,0.090738560729196,8,0.05246325717385927,0.1279212195423937,D-post-hoc-diagnostic
calibrated,fedavg-ctk,priority-macro,call-graph,leave-one-seed-out,333,9,0.0952805987238937,0.09115850879591644,8,0.05747878442598944,0.13048349051389047,D-post-hoc-diagnostic
calibrated,fedavg-ctk,priority-macro,call-graph,leave-one-seed-out,334,9,0.09793804283944002,0.09115850879591644,8,0.06195214617621178,0.13144914453561835,D-post-hoc-diagnostic
calibrated,fedavg-ctk,priority-macro,call-graph,leave-one-seed-out,335,9,0.09015646927021186,0.090738560729196,8,0.05217032834528767,0.12879981004898639,D-post-hoc-diagnostic
calibrated,fedavg-ctk,priority-macro,call-graph,leave-one-seed-out,336,9,0.08405934523962598,0.090738560729196,8,0.04980262499565136,0.1223497726827112,D-post-hoc-diagnostic
calibrated,fedavg-ctk,priority-macro,call-graph,leave-one-seed-out,337,9,0.09179267225388948,0.09115850879591644,8,0.05320705122480924,0.13033504328366347,D-post-hoc-diagnostic
calibrated,fedavg-ctk,priority-macro,call-graph,leave-one-seed-out,338,9,0.1006247157689111,0.09115850879591644,9,0.0692798416583767,0.133013449969036,D-post-hoc-diagnostic
calibrated,fedavg-ctk,priority-macro,call-graph,leave-one-seed-out,339,9,0.09020313016651411,0.09115850879591644,8,0.05160843645267839,0.12798524582485166,D-post-hoc-diagnostic
calibrated,fedavg-ctk,priority-macro,call-graph,valid-fpr-leave-one-out,330,7,0.09729689828824253,0.09115850879591644,6,0.052087795578970995,0.1325773106324438,D-post-hoc-diagnostic
calibrated,fedavg-ctk,priority-macro,call-graph,valid-fpr-leave-one-out,331,7,0.09390793435430338,0.09115850879591644,6,0.04992411344756826,0.12378231533701131,D-post-hoc-diagnostic
calibrated,fedavg-ctk,priority-macro,call-graph,valid-fpr-leave-one-out,332,7,0.10509641743332601,0.09115850879591644,6,0.056456463923141284,0.14084778810423407,D-post-hoc-diagnostic
calibrated,fedavg-ctk,priority-macro,call-graph,valid-fpr-leave-one-out,335,7,0.10646321900660914,0.10072611980889845,6,0.05639446676206022,0.1413665719501203,D-post-hoc-diagnostic
calibrated,fedavg-ctk,priority-macro,call-graph,valid-fpr-leave-one-out,336,7,0.09862405953871305,0.09115850879591644,6,0.05208806031530275,0.13386483156010165,D-post-hoc-diagnostic
calibrated,fedavg-ctk,priority-macro,call-graph,valid-fpr-leave-one-out,337,7,0.10856690855705182,0.10072611980889845,6,0.05771078377211481,0.14174587789497176,D-post-hoc-diagnostic
calibrated,fedavg-ctk,priority-macro,call-graph,valid-fpr-leave-one-out,338,7,0.11992239307636532,0.10072611980889845,7,0.09603710557429022,0.1489528772225829,D-post-hoc-diagnostic
calibrated,fedavg-ctk,priority-macro,call-graph,valid-fpr-leave-one-out,339,7,0.10652321158756921,0.10072611980889845,6,0.05651645650410136,0.14170399102799774,D-post-hoc-diagnostic
calibrated,fedavg-ctk,priority-macro,call-graph,valid-fpr-only,,8,0.10455013023027257,0.09594231430240745,7,0.06190511501147416,0.13643563086535582,D-post-hoc-diagnostic
calibrated,fedavg-ctk,priority-macro,mcndroid-static,all-seeds,,10,0.08011189901285307,0.0788080868778514,9,0.03564850884975353,0.10541714111379796,D-post-hoc-diagnostic
calibrated,fedavg-ctk,priority-macro,mcndroid-static,leave-one-seed-out,330,9,0.08164108422002452,0.08134914322193748,8,0.03299025261332722,0.10917104552530806,D-post-hoc-diagnostic
calibrated,fedavg-ctk,priority-macro,mcndroid-static,leave-one-seed-out,331,9,0.09447716004192874,0.08134914322193748,9,0.0749640099645035,0.1157916976666819,D-post-hoc-diagnostic
calibrated,fedavg-ctk,priority-macro,mcndroid-static,leave-one-seed-out,332,9,0.07688580594577246,0.07626703053376532,8,0.029332373808932402,0.1051207574376339,D-post-hoc-diagnostic
calibrated,fedavg-ctk,priority-macro,mcndroid-static,leave-one-seed-out,333,9,0.0805391066216406,0.08134914322193748,8,0.03069108006085315,0.10850984247579948,D-post-hoc-diagnostic
calibrated,fedavg-ctk,priority-macro,mcndroid-static,leave-one-seed-out,334,9,0.07532285461578864,0.07626703053376532,8,0.02912584397136624,0.10280721113715742,D-post-hoc-diagnostic
calibrated,fedavg-ctk,priority-macro,mcndroid-static,leave-one-seed-out,335,9,0.08142476299155696,0.08134914322193748,8,0.03147546063520402,0.10892976622985812,D-post-hoc-diagnostic
calibrated,fedavg-ctk,priority-macro,mcndroid-static,leave-one-seed-out,336,9,0.0737091832386012,0.07626703053376532,8,0.02687350413527407,0.09929653616573703,D-post-hoc-diagnostic
calibrated,fedavg-ctk,priority-macro,mcndroid-static,leave-one-seed-out,337,9,0.07997442743406591,0.07626703053376532,8,0.030101162181257066,0.10726429653336247,D-post-hoc-diagnostic
calibrated,fedavg-ctk,priority-macro,mcndroid-static,leave-one-seed-out,338,9,0.0736094303439159,0.07626703053376532,8,0.02618156434010542,0.0986560074527986,D-post-hoc-diagnostic
calibrated,fedavg-ctk,priority-macro,mcndroid-static,leave-one-seed-out,339,9,0.08353517467523573,0.08134914322193748,8,0.03182491280876629,0.10934736130412227,D-post-hoc-diagnostic
calibrated,fedavg-ctk,priority-macro,mcndroid-static,valid-fpr-leave-one-out,330,8,0.0823128409308069,0.095247939919258,7,0.02673271017682529,0.11290381112810215,D-post-hoc-diagnostic
calibrated,fedavg-ctk,priority-macro,mcndroid-static,valid-fpr-leave-one-out,331,8,0.09675342623044916,0.095247939919258,8,0.07454123159728342,0.11986050720521146,D-post-hoc-diagnostic
calibrated,fedavg-ctk,priority-macro,mcndroid-static,valid-fpr-leave-one-out,332,8,0.07696315287227336,0.07482263321322775,7,0.02283768132602207,0.10879931630703292,D-post-hoc-diagnostic
calibrated,fedavg-ctk,priority-macro,mcndroid-static,valid-fpr-leave-one-out,334,8,0.07520483262604157,0.07482263321322775,7,0.021256298996110035,0.10581229046586219,D-post-hoc-diagnostic
calibrated,fedavg-ctk,priority-macro,mcndroid-static,valid-fpr-leave-one-out,335,8,0.08206947954878091,0.095247939919258,7,0.022928865400516987,0.11270531842717554,D-post-hoc-diagnostic
calibrated,fedavg-ctk,priority-macro,mcndroid-static,valid-fpr-leave-one-out,336,8,0.07338945232670571,0.07482263321322775,7,0.019952681473896207,0.1020536262500695,D-post-hoc-diagnostic
calibrated,fedavg-ctk,priority-macro,mcndroid-static,valid-fpr-leave-one-out,337,8,0.08043785204660348,0.08872142991054828,7,0.022802230303245494,0.11103900438896716,D-post-hoc-diagnostic
calibrated,fedavg-ctk,priority-macro,mcndroid-static,valid-fpr-leave-one-out,338,8,0.07327723032018474,0.07482263321322775,7,0.019663644955485192,0.10155875218171334,D-post-hoc-diagnostic
calibrated,fedavg-ctk,priority-macro,mcndroid-static,valid-fpr-leave-one-out,339,8,0.08444369269291954,0.095247939919258,7,0.02649558815177486,0.11326957666171752,D-post-hoc-diagnostic
calibrated,fedavg-ctk,priority-macro,mcndroid-static,valid-fpr-only,,9,0.0805391066216406,0.08134914322193748,8,0.03069108006085315,0.10850984247579948,D-post-hoc-diagnostic
calibrated,fedavg-ctk,priority-macro,report-json,all-seeds,,10,-0.061222843266589375,-0.06024532557745385,1,-0.0991029003155205,-0.03871787250658591,D-post-hoc-diagnostic
calibrated,fedavg-ctk,priority-macro,report-json,leave-one-seed-out,330,9,-0.06905364377826545,-0.06554365126158676,0,-0.1118663467104004,-0.0496549405328605,D-post-hoc-diagnostic
calibrated,fedavg-ctk,priority-macro,report-json,leave-one-seed-out,331,9,-0.048511080077778636,-0.05494699989332094,1,-0.06369525933030928,-0.026812601482679842,D-post-hoc-diagnostic
calibrated,fedavg-ctk,priority-macro,report-json,leave-one-seed-out,332,9,-0.05971024876814562,-0.05494699989332094,1,-0.1036627929925075,-0.03538105912576145,D-post-hoc-diagnostic
calibrated,fedavg-ctk,priority-macro,report-json,leave-one-seed-out,333,9,-0.060742753489367446,-0.05494699989332094,1,-0.10395141954972563,-0.03594502437636676,D-post-hoc-diagnostic
calibrated,fedavg-ctk,priority-macro,report-json,leave-one-seed-out,334,9,-0.05898940294588839,-0.05494699989332094,1,-0.10347172235375361,-0.03497564923277223,D-post-hoc-diagnostic
calibrated,fedavg-ctk,priority-macro,report-json,leave-one-seed-out,335,9,-0.06028798455012398,-0.05494699989332094,1,-0.1037095280709766,-0.03564496276639354,D-post-hoc-diagnostic
calibrated,fedavg-ctk,priority-macro,report-json,leave-one-seed-out,336,9,-0.06192015919695253,-0.06554365126158676,1,-0.10378334556468877,-0.03666133687335775,D-post-hoc-diagnostic
calibrated,fedavg-ctk,priority-macro,report-json,leave-one-seed-out,337,9,-0.064332177846205,-0.06554365126158676,1,-0.10487783482860638,-0.03917226509880043,D-post-hoc-diagnostic
calibrated,fedavg-ctk,priority-macro,report-json,leave-one-seed-out,338,9,-0.06552909886692808,-0.06554365126158676,1,-0.10560530853192315,-0.04152101249682472,D-post-hoc-diagnostic
calibrated,fedavg-ctk,priority-macro,report-json,leave-one-seed-out,339,9,-0.06315188314623864,-0.06554365126158676,1,-0.10448875031694521,-0.03800222776351893,D-post-hoc-diagnostic
calibrated,fedavg-ctk,priority-macro,report-json,valid-fpr-leave-one-out,330,8,-0.06949239284285026,-0.06229178580404944,0,-0.11701104881573593,-0.04767275401928152,D-post-hoc-diagnostic
calibrated,fedavg-ctk,priority-macro,report-json,valid-fpr-leave-one-out,331,8,-0.04638200867980262,-0.04940424212153345,1,-0.06355390258376922,-0.02328476347421303,D-post-hoc-diagnostic
calibrated,fedavg-ctk,priority-macro,report-json,valid-fpr-leave-one-out,332,8,-0.05898107345646548,-0.04940424212153345,1,-0.1077884076721799,-0.03198898407813407,D-post-hoc-diagnostic
calibrated,fedavg-ctk,priority-macro,report-json,valid-fpr-leave-one-out,334,8,-0.0581701219064261,-0.04940424212153345,1,-0.10803569267995493,-0.03193112617264933,D-post-hoc-diagnostic
calibrated,fedavg-ctk,priority-macro,report-json,valid-fpr-leave-one-out,335,8,-0.05963102621119113,-0.04940424212153345,1,-0.10784845265208227,-0.032014072698570976,D-post-hoc-diagnostic
calibrated,fedavg-ctk,priority-macro,report-json,valid-fpr-leave-one-out,336,8,-0.06146722268887325,-0.05674902803226195,1,-0.10811159665249143,-0.03317826211956052,D-post-hoc-diagnostic
calibrated,fedavg-ctk,priority-macro,report-json,valid-fpr-leave-one-out,337,8,-0.06418074366928227,-0.06229178580404944,1,-0.10949957471436655,-0.036267075272886626,D-post-hoc-diagnostic
calibrated,fedavg-ctk,priority-macro,report-json,valid-fpr-leave-one-out,338,8,-0.06552727981759575,-0.06229178580404944,1,-0.10974883500803426,-0.03826356417592576,D-post-hoc-diagnostic
calibrated,fedavg-ctk,priority-macro,report-json,valid-fpr-leave-one-out,339,8,-0.06285291213182012,-0.06229178580404944,1,-0.10851427782047199,-0.03465722591240726,D-post-hoc-diagnostic
calibrated,fedavg-ctk,priority-macro,report-json,valid-fpr-only,,9,-0.060742753489367446,-0.05494699989332094,1,-0.10395141954972563,-0.03594502437636676,D-post-hoc-diagnostic
calibrated,fedavg-ctk,revmob,call-graph,all-seeds,,10,0.2121975396157833,0.21349769222109652,10,0.14585472693276402,0.28190263817236805,D-post-hoc-diagnostic
calibrated,fedavg-ctk,revmob,call-graph,leave-one-seed-out,330,9,0.194749402991896,0.2021276595744681,9,0.1316871629851156,0.2689250111003946,D-post-hoc-diagnostic
calibrated,fedavg-ctk,revmob,call-graph,leave-one-seed-out,331,9,0.19238880063129363,0.2021276595744681,9,0.13069958567376452,0.26043607306972877,D-post-hoc-diagnostic
calibrated,fedavg-ctk,revmob,call-graph,leave-one-seed-out,332,9,0.2213901233826164,0.22486772486772494,9,0.14757075507421455,0.2952906803464046,D-post-hoc-diagnostic
calibrated,fedavg-ctk,revmob,call-graph,leave-one-seed-out,333,9,0.21959381424407423,0.22486772486772494,9,0.1458977835008318,0.2947445669065451,D-post-hoc-diagnostic
calibrated,fedavg-ctk,revmob,call-graph,leave-one-seed-out,334,9,0.2107897412544565,0.2021276595744681,9,0.13798880125785937,0.2914342799220481,D-post-hoc-diagnostic
calibrated,fedavg-ctk,revmob,call-graph,leave-one-seed-out,335,9,0.2287482543820517,0.22486772486772494,9,0.1632524273318126,0.299397779436388,D-post-hoc-diagnostic
calibrated,fedavg-ctk,revmob,call-graph,leave-one-seed-out,336,9,0.20129228539684738,0.2021276595744681,9,0.13396373021022542,0.28313647658466023,D-post-hoc-diagnostic
calibrated,fedavg-ctk,revmob,call-graph,leave-one-seed-out,337,9,0.21331641517592945,0.22486772486772494,9,0.13975584457659423,0.29093302455779246,D-post-hoc-diagnostic
calibrated,fedavg-ctk,revmob,call-graph,leave-one-seed-out,338,9,0.22958845653919008,0.22486772486772494,9,0.16528282960561205,0.29970086511232363,D-post-hoc-diagnostic
calibrated,fedavg-ctk,revmob,call-graph,leave-one-seed-out,339,9,0.21011810215947785,0.2021276595744681,9,0.13651792247185834,0.2916591953483464,D-post-hoc-diagnostic
calibrated,fedavg-ctk,revmob,call-graph,valid-fpr-leave-one-out,330,7,0.1974636905854534,0.2021276595744681,7,0.11736688682772657,0.28766354754476253,D-post-hoc-diagnostic
calibrated,fedavg-ctk,revmob,call-graph,valid-fpr-leave-one-out,331,7,0.19442863040753608,0.2021276595744681,7,0.11557552200335605,0.2792142463250391,D-post-hoc-diagnostic
calibrated,fedavg-ctk,revmob,call-graph,valid-fpr-leave-one-out,332,7,0.2317160453735225,0.23091247672253262,7,0.13606299068344618,0.31699856989204167,D-post-hoc-diagnostic
calibrated,fedavg-ctk,revmob,call-graph,valid-fpr-leave-one-out,335,7,0.24117649951565362,0.23091247672253262,7,0.15417713433134977,0.3191448665927232,D-post-hoc-diagnostic
calibrated,fedavg-ctk,revmob,call-graph,valid-fpr-leave-one-out,336,7,0.205875967963248,0.2021276595744681,7,0.1196833674153029,0.3015290226533243,D-post-hoc-diagnostic
calibrated,fedavg-ctk,revmob,call-graph,valid-fpr-leave-one-out,337,7,0.22133556339349642,0.23091247672253262,7,0.1276341056062165,0.3147635259008144,D-post-hoc-diagnostic
calibrated,fedavg-ctk,revmob,call-graph,valid-fpr-leave-one-out,338,7,0.24225675943197436,0.23091247672253262,7,0.15617742208556537,0.3202219231502437,D-post-hoc-diagnostic
calibrated,fedavg-ctk,revmob,call-graph,valid-fpr-leave-one-out,339,7,0.21722344665805865,0.2021276595744681,7,0.12461622049798352,0.31474484708946504,D-post-hoc-diagnostic
calibrated,fedavg-ctk,revmob,call-graph,valid-fpr-only,,8,0.21893457541611788,0.21652006814850036,8,0.1361709216637455,0.3034580871944011,D-post-hoc-diagnostic
calibrated,fedavg-ctk,revmob,mcndroid-static,all-seeds,,10,0.11560167883720211,0.12619089185953708,9,0.06818488006988363,0.16382052852155038,D-post-hoc-diagnostic
calibrated,fedavg-ctk,revmob,mcndroid-static,leave-one-seed-out,330,9,0.12395913033193397,0.13407821229050276,8,0.07031384943095789,0.16978180562735362,D-post-hoc-diagnostic
calibrated,fedavg-ctk,revmob,mcndroid-static,leave-one-seed-out,331,9,0.11341985479265843,0.1183035714285714,8,0.061017644128330065,0.16501569386275067,D-post-hoc-diagnostic
calibrated,fedavg-ctk,revmob,mcndroid-static,leave-one-seed-out,332,9,0.11530146854927217,0.13407821229050276,8,0.061977117432378125,0.16650897734766248,D-post-hoc-diagnostic
calibrated,fedavg-ctk,revmob,mcndroid-static,leave-one-seed-out,333,9,0.11631038748901637,0.13407821229050276,8,0.06277903436076335,0.16679687805630877,D-post-hoc-diagnostic
calibrated,fedavg-ctk,revmob,mcndroid-static,leave-one-seed-out,334,9,0.1002276149337519,0.1183035714285714,8,0.053670762524475,0.13755597198255998,D-post-hoc-diagnostic
calibrated,fedavg-ctk,revmob,mcndroid-static,leave-one-seed-out,335,9,0.12976383287576695,0.13407821229050276,9,0.0859058031167458,0.1734741553854922,D-post-hoc-diagnostic
calibrated,fedavg-ctk,revmob,mcndroid-static,leave-one-seed-out,336,9,0.11048653970417094,0.1183035714285714,8,0.06008276530533128,0.16200857918131994,D-post-hoc-diagnostic
calibrated,fedavg-ctk,revmob,mcndroid-static,leave-one-seed-out,337,9,0.12608224362526002,0.13407821229050276,8,0.07542469221256433,0.17089581777044807,D-post-hoc-diagnostic
calibrated,fedavg-ctk,revmob,mcndroid-static,leave-one-seed-out,338,9,0.10691698539446609,0.1183035714285714,8,0.059331385373994,0.15913943629153618,D-post-hoc-diagnostic
calibrated,fedavg-ctk,revmob,mcndroid-static,leave-one-seed-out,339,9,0.11354873067572428,0.1183035714285714,8,0.06136669345130866,0.1667475809727958,D-post-hoc-diagnostic
calibrated,fedavg-ctk,revmob,mcndroid-static,valid-fpr-leave-one-out,330,8,0.12580110900206648,0.13465815376429902,7,0.06431124869932976,0.17736936820648497,D-post-hoc-diagnostic
calibrated,fedavg-ctk,revmob,mcndroid-static,valid-fpr-leave-one-out,331,8,0.1139444240203815,0.12619089185953708,7,0.05441125858789307,0.17327291032685116,D-post-hoc-diagnostic
calibrated,fedavg-ctk,revmob,mcndroid-static,valid-fpr-leave-one-out,332,8,0.11606123949657199,0.13465815376429902,7,0.05578278466838996,0.17523259021703952,D-post-hoc-diagnostic
calibrated,fedavg-ctk,revmob,mcndroid-static,valid-fpr-leave-one-out,334,8,0.09910315417911167,0.12619089185953708,7,0.047002910566476604,0.14307662580449226,D-post-hoc-diagnostic
calibrated,fedavg-ctk,revmob,mcndroid-static,valid-fpr-leave-one-out,335,8,0.1323313993638786,0.13465815376429902,8,0.08341698072641499,0.18153992367809638,D-post-hoc-diagnostic
calibrated,fedavg-ctk,revmob,mcndroid-static,valid-fpr-leave-one-out,336,8,0.11064444454583307,0.12619089185953708,7,0.05388345374368154,0.17167524235095893,D-post-hoc-diagnostic
calibrated,fedavg-ctk,revmob,mcndroid-static,valid-fpr-leave-one-out,337,8,0.12818961145705832,0.13465815376429902,7,0.07090248440720177,0.17930636503888892,D-post-hoc-diagnostic
calibrated,fedavg-ctk,revmob,mcndroid-static,valid-fpr-leave-one-out,338,8,0.10662869594741513,0.12619089185953708,7,0.053830311420793156,0.1665548959551369,D-post-hoc-diagnostic
calibrated,fedavg-ctk,revmob,mcndroid-static,valid-fpr-leave-one-out,339,8,0.11408940938883057,0.12677083333333333,7,0.0556011002179737,0.17498119857681713,D-post-hoc-diagnostic
calibrated,fedavg-ctk,revmob,mcndroid-static,valid-fpr-only,,9,0.11631038748901637,0.13407821229050276,8,0.06277903436076335,0.16679687805630877,D-post-hoc-diagnostic
calibrated,fedavg-ctk,revmob,report-json,all-seeds,,10,-0.16217670141852863,-0.16877911983571448,1,-0.21336968183245597,-0.08847110697230158,D-post-hoc-diagnostic
calibrated,fedavg-ctk,revmob,report-json,leave-one-seed-out,330,9,-0.1872476169607583,-0.1699604743083004,0,-0.23590006830889915,-0.1488834552848634,D-post-hoc-diagnostic
calibrated,fedavg-ctk,revmob,report-json,leave-one-seed-out,331,9,-0.1698259645391059,-0.1699604743083004,1,-0.2224581350310507,-0.08695354938262727,D-post-hoc-diagnostic
calibrated,fedavg-ctk,revmob,report-json,leave-one-seed-out,332,9,-0.15787490633804768,-0.1675977653631285,1,-0.21631415036928925,-0.08049142156008146,D-post-hoc-diagnostic
calibrated,fedavg-ctk,revmob,report-json,leave-one-seed-out,333,9,-0.14513700373364025,-0.1675977653631285,1,-0.18890992241827329,-0.06652198502454656,D-post-hoc-diagnostic
calibrated,fedavg-ctk,revmob,report-json,leave-one-seed-out,334,9,-0.15432919793122815,-0.1675977653631285,1,-0.21078944099710653,-0.07793665269968217,D-post-hoc-diagnostic
calibrated,fedavg-ctk,revmob,report-json,leave-one-seed-out,335,9,-0.16131183776410954,-0.1675977653631285,1,-0.21842021075548004,-0.08123985846747442,D-post-hoc-diagnostic
calibrated,fedavg-ctk,revmob,report-json,leave-one-seed-out,336,9,-0.15241855713169847,-0.1675977653631285,1,-0.20738999506311762,-0.07690489606363818,D-post-hoc-diagnostic
calibrated,fedavg-ctk,revmob,report-json,leave-one-seed-out,337,9,-0.1671939708432824,-0.1699604743083004,1,-0.22080580317649862,-0.0830096896966192,D-post-hoc-diagnostic
calibrated,fedavg-ctk,revmob,report-json,leave-one-seed-out,338,9,-0.16485359796317584,-0.1699604743083004,1,-0.21991442071016878,-0.08127914259821595,D-post-hoc-diagnostic
calibrated,fedavg-ctk,revmob,report-json,leave-one-seed-out,339,9,-0.16157436098023975,-0.1699604743083004,1,-0.21805656746165786,-0.08135274002821234,D-post-hoc-diagnostic
calibrated,fedavg-ctk,revmob,report-json,valid-fpr-leave-one-out,330,8,-0.1712118215080376,-0.16877911983571448,0,-0.2072660269556914,-0.1366501389824452,D-post-hoc-diagnostic
calibrated,fedavg-ctk,revmob,report-json,valid-fpr-leave-one-out,331,8,-0.1516124625336786,-0.16877911983571448,1,-0.19711455668980424,-0.05697992675464548,D-post-hoc-diagnostic
calibrated,fedavg-ctk,revmob,report-json,valid-fpr-leave-one-out,332,8,-0.13816752205748814,-0.15284119893991616,1,-0.18803479401945758,-0.05540969334253814,D-post-hoc-diagnostic
calibrated,fedavg-ctk,revmob,report-json,valid-fpr-leave-one-out,334,8,-0.13417860009981616,-0.15284119893991616,1,-0.18030676553925945,-0.050567444661674066,D-post-hoc-diagnostic
calibrated,fedavg-ctk,revmob,report-json,valid-fpr-leave-one-out,335,8,-0.14203406991180773,-0.15284119893991616,1,-0.1928120121480885,-0.05796712811762482,D-post-hoc-diagnostic
calibrated,fedavg-ctk,revmob,report-json,valid-fpr-leave-one-out,336,8,-0.13202912920034526,-0.15284119893991616,1,-0.17588619767486935,-0.048996703386252616,D-post-hoc-diagnostic
calibrated,fedavg-ctk,revmob,report-json,valid-fpr-leave-one-out,337,8,-0.1486514696258772,-0.16877911983571448,1,-0.197408112821718,-0.057545411376807146,D-post-hoc-diagnostic
calibrated,fedavg-ctk,revmob,report-json,valid-fpr-leave-one-out,338,8,-0.1460185501357573,-0.16877911983571448,1,-0.19580756411519104,-0.05726325089017126,D-post-hoc-diagnostic
calibrated,fedavg-ctk,revmob,report-json,valid-fpr-leave-one-out,339,8,-0.1423294085299542,-0.1540225534125021,1,-0.19335205087358764,-0.057171407109286386,D-post-hoc-diagnostic
calibrated,fedavg-ctk,revmob,report-json,valid-fpr-only,,9,-0.14513700373364025,-0.1675977653631285,1,-0.18890992241827329,-0.06652198502454656,D-post-hoc-diagnostic
calibrated,fedavg__family-absent-everywhere,adwo,call-graph,all-seeds,,10,0.08991959198646708,0.0733153666020672,9,0.043670131018450034,0.15023075447167758,D-post-hoc-diagnostic
calibrated,fedavg__family-absent-everywhere,adwo,call-graph,leave-one-seed-out,330,9,0.10329819163807996,0.08203125,9,0.06060411018955313,0.16468888732631942,D-post-hoc-diagnostic
calibrated,fedavg__family-absent-everywhere,adwo,call-graph,leave-one-seed-out,331,9,0.08469480496727057,0.06459948320413439,8,0.038259387705760914,0.15593191427518935,D-post-hoc-diagnostic
calibrated,fedavg__family-absent-everywhere,adwo,call-graph,leave-one-seed-out,332,9,0.0873658548953577,0.06459948320413439,8,0.039165367100884585,0.15741446652576696,D-post-hoc-diagnostic
calibrated,fedavg__family-absent-everywhere,adwo,call-graph,leave-one-seed-out,333,9,0.09562447246765383,0.08203125,8,0.045432863249934785,0.15980035996374053,D-post-hoc-diagnostic
calibrated,fedavg__family-absent-everywhere,adwo,call-graph,leave-one-seed-out,334,9,0.09773809413766361,0.08203125,8,0.0484551374497002,0.16090783326408273,D-post-hoc-diagnostic
calibrated,fedavg__family-absent-everywhere,adwo,call-graph,leave-one-seed-out,335,9,0.09273293740672628,0.08203125,8,0.04221684807785883,0.15836300205269593,D-post-hoc-diagnostic
calibrated,fedavg__family-absent-everywhere,adwo,call-graph,leave-one-seed-out,336,9,0.09079607442940787,0.06459948320413439,8,0.040685355945377505,0.15799582760451858,D-post-hoc-diagnostic
calibrated,fedavg__family-absent-everywhere,adwo,call-graph,leave-one-seed-out,337,9,0.07870624724535359,0.06459948320413439,8,0.03709315643517916,0.1492006059857604,D-post-hoc-diagnostic
calibrated,fedavg__family-absent-everywhere,adwo,call-graph,leave-one-seed-out,338,9,0.07076675976638419,0.06459948320413439,8,0.03175588609325458,0.11570252529678549,D-post-hoc-diagnostic
calibrated,fedavg__family-absent-everywhere,adwo,call-graph,leave-one-seed-out,339,9,0.09747248291077325,0.08203125,8,0.04695567625647063,0.15773047766144618,D-post-hoc-diagnostic
calibrated,fedavg__family-absent-everywhere,adwo,call-graph,valid-fpr-leave-one-out,330,7,0.12450785492303358,0.11290322580645162,7,0.07717768914614191,0.18963584057736624,D-post-hoc-diagnostic
calibrated,fedavg__family-absent-everywhere,adwo,call-graph,valid-fpr-leave-one-out,331,7,0.10058921491770721,0.08203125,6,0.03990261398180346,0.17767714015828948,D-post-hoc-diagnostic
calibrated,fedavg__family-absent-everywhere,adwo,call-graph,valid-fpr-leave-one-out,332,7,0.10402342196810495,0.08203125,6,0.03990261398180346,0.17930109886949458,D-post-hoc-diagnostic
calibrated,fedavg__family-absent-everywhere,adwo,call-graph,valid-fpr-leave-one-out,335,7,0.11092395662557883,0.11290322580645162,6,0.0451791899280722,0.18031230765226777,D-post-hoc-diagnostic
calibrated,fedavg__family-absent-everywhere,adwo,call-graph,valid-fpr-leave-one-out,336,7,0.10843370422616945,0.11290322580645162,6,0.043069222527512926,0.17957126912877522,D-post-hoc-diagnostic
calibrated,fedavg__family-absent-everywhere,adwo,call-graph,valid-fpr-leave-one-out,337,7,0.09288964070381393,0.08203125,6,0.03931295170416872,0.1699956518040542,D-post-hoc-diagnostic
calibrated,fedavg__family-absent-everywhere,adwo,call-graph,valid-fpr-leave-one-out,338,7,0.0826817282308533,0.08203125,6,0.03155515626437183,0.13170446072795744,D-post-hoc-diagnostic
calibrated,fedavg__family-absent-everywhere,adwo,call-graph,valid-fpr-leave-one-out,339,7,0.11701765798792495,0.11290322580645162,6,0.05145518796629613,0.18031311926817323,D-post-hoc-diagnostic
calibrated,fedavg__family-absent-everywhere,adwo,call-graph,valid-fpr-only,,8,0.10513339744789828,0.09746723790322581,7,0.049642863535240785,0.16954088283240687,D-post-hoc-diagnostic
calibrated,fedavg__family-absent-everywhere,adwo,mcndroid-static,all-seeds,,10,0.20622832529986238,0.21008963178294573,9,0.12383887322708581,0.27044721185554355,D-post-hoc-diagnostic
calibrated,fedavg__family-absent-everywhere,adwo,mcndroid-static,leave-one-seed-out,330,9,0.23557889802965745,0.21705426356589147,9,0.19527914841876573,0.30640688625635015,D-post-hoc-diagnostic
calibrated,fedavg__family-absent-everywhere,adwo,mcndroid-static,leave-one-seed-out,331,9,0.19552616469977635,0.203125,8,0.11098571526145955,0.2653603568546131,D-post-hoc-diagnostic
calibrated,fedavg__family-absent-everywhere,adwo,mcndroid-static,leave-one-seed-out,332,9,0.20476982380988296,0.203125,8,0.11615672276847264,0.2784180910627313,D-post-hoc-diagnostic
calibrated,fedavg__family-absent-everywhere,adwo,mcndroid-static,leave-one-seed-out,333,9,0.20705224406875578,0.21705426356589147,8,0.11599631987613025,0.27851563836070914,D-post-hoc-diagnostic
calibrated,fedavg__family-absent-everywhere,adwo,mcndroid-static,leave-one-seed-out,334,9,0.20865841234435364,0.21705426356589147,8,0.1176706975943714,0.28012111708673354,D-post-hoc-diagnostic
calibrated,fedavg__family-absent-everywhere,adwo,mcndroid-static,leave-one-seed-out,335,9,0.20502544327030361,0.203125,8,0.11545703351417869,0.2774414253276516,D-post-hoc-diagnostic
calibrated,fedavg__family-absent-everywhere,adwo,mcndroid-static,leave-one-seed-out,336,9,0.20657313922206932,0.21705426356589147,8,0.11598378810855414,0.27818901592058676,D-post-hoc-diagnostic
calibrated,fedavg__family-absent-everywhere,adwo,mcndroid-static,leave-one-seed-out,337,9,0.18206879231791326,0.203125,8,0.08653927320620486,0.22613350260435544,D-post-hoc-diagnostic
calibrated,fedavg__family-absent-everywhere,adwo,mcndroid-static,leave-one-seed-out,338,9,0.20182017929492907,0.203125,8,0.11441582139411689,0.2754933810945659,D-post-hoc-diagnostic
calibrated,fedavg__family-absent-everywhere,adwo,mcndroid-static,leave-one-seed-out,339,9,0.21521015594098258,0.21705426356589147,8,0.12205047367518825,0.28137340445061754,D-post-hoc-diagnostic
calibrated,fedavg__family-absent-everywhere,adwo,mcndroid-static,valid-fpr-leave-one-out,330,8,0.2401746282358868,0.21820455113778445,8,0.19491001008635797,0.3159063373138953,D-post-hoc-diagnostic
calibrated,fedavg__family-absent-everywhere,adwo,mcndroid-static,valid-fpr-leave-one-out,331,8,0.1951153032397706,0.21008963178294573,7,0.10054379770978544,0.272012141725136,D-post-hoc-diagnostic
calibrated,fedavg__family-absent-everywhere,adwo,mcndroid-static,valid-fpr-leave-one-out,332,8,0.20551441973864054,0.21008963178294573,7,0.10402101539072345,0.2843829343634593,D-post-hoc-diagnostic
calibrated,fedavg__family-absent-everywhere,adwo,mcndroid-static,valid-fpr-leave-one-out,334,8,0.20988908183992006,0.21820455113778445,7,0.10626598868701108,0.28746797622412534,D-post-hoc-diagnostic
calibrated,fedavg__family-absent-everywhere,adwo,mcndroid-static,valid-fpr-leave-one-out,335,8,0.2058019916316138,0.2112399193548387,7,0.10381687686020691,0.2855030147776776,D-post-hoc-diagnostic
calibrated,fedavg__family-absent-everywhere,adwo,mcndroid-static,valid-fpr-leave-one-out,336,8,0.20754314957735026,0.21820455113778445,7,0.105308088244113,0.2862018067676354,D-post-hoc-diagnostic
calibrated,fedavg__family-absent-everywhere,adwo,mcndroid-static,valid-fpr-leave-one-out,337,8,0.17997575931017468,0.21008963178294573,7,0.07815456585436358,0.23005986358992864,D-post-hoc-diagnostic
calibrated,fedavg__family-absent-everywhere,adwo,mcndroid-static,valid-fpr-leave-one-out,338,8,0.20219606965931747,0.21008963178294573,7,0.10364821070754443,0.2836616099824491,D-post-hoc-diagnostic
calibrated,fedavg__family-absent-everywhere,adwo,mcndroid-static,valid-fpr-leave-one-out,339,8,0.21725979338612766,0.21820455113778445,7,0.11056604662980918,0.2902037110732796,D-post-hoc-diagnostic
calibrated,fedavg__family-absent-everywhere,adwo,mcndroid-static,valid-fpr-only,,9,0.20705224406875578,0.21705426356589147,8,0.11599631987613025,0.27851563836070914,D-post-hoc-diagnostic
calibrated,fedavg__family-absent-everywhere,adwo,report-json,all-seeds,,10,-0.24546222493253808,-0.2194197164523574,0,-0.3349644003368759,-0.17862092715413863,D-post-hoc-diagnostic
calibrated,fedavg__family-absent-everywhere,adwo,report-json,leave-one-seed-out,330,9,-0.21989027702531333,-0.21661721068249257,0,-0.3022498924648227,-0.164940222663979,D-post-hoc-diagnostic
calibrated,fedavg__family-absent-everywhere,adwo,report-json,leave-one-seed-out,331,9,-0.26176623718618885,-0.2222222222222222,0,-0.35160102433662216,-0.19394789503334967,D-post-hoc-diagnostic
calibrated,fedavg__family-absent-everywhere,adwo,report-json,leave-one-seed-out,332,9,-0.23940247214726457,-0.21661721068249257,0,-0.34254313191599206,-0.16897536498483995,D-post-hoc-diagnostic
calibrated,fedavg__family-absent-everywhere,adwo,report-json,leave-one-seed-out,333,9,-0.24866722651587647,-0.2222222222222222,0,-0.3475499257069681,-0.17455084319050088,D-post-hoc-diagnostic
calibrated,fedavg__family-absent-everywhere,adwo,report-json,leave-one-seed-out,334,9,-0.2584589588015166,-0.2222222222222222,0,-0.34904019194439084,-0.18625503738870225,D-post-hoc-diagnostic
calibrated,fedavg__family-absent-everywhere,adwo,report-json,leave-one-seed-out,335,9,-0.24804444745590656,-0.21661721068249257,0,-0.3466492265112275,-0.17347966360610426,D-post-hoc-diagnostic
calibrated,fedavg__family-absent-everywhere,adwo,report-json,leave-one-seed-out,336,9,-0.2419198332583757,-0.21661721068249257,0,-0.3439005292276357,-0.16941078251691744,D-post-hoc-diagnostic
calibrated,fedavg__family-absent-everywhere,adwo,report-json,leave-one-seed-out,337,9,-0.25322774780460133,-0.2222222222222222,0,-0.34933395618521645,-0.17991741804067118,D-post-hoc-diagnostic
calibrated,fedavg__family-absent-everywhere,adwo,report-json,leave-one-seed-out,338,9,-0.25962105138223723,-0.2222222222222222,0,-0.3523923636035967,-0.19050730570069707,D-post-hoc-diagnostic
calibrated,fedavg__family-absent-everywhere,adwo,report-json,leave-one-seed-out,339,9,-0.2236239977481005,-0.21661721068249257,0,-0.3162618283171025,-0.16755556953701622,D-post-hoc-diagnostic
calibrated,fedavg__family-absent-everywhere,adwo,report-json,valid-fpr-leave-one-out,330,8,-0.22029941031816594,-0.19889737065309582,0,-0.31059630599664134,-0.1574755205609723,D-post-hoc-diagnostic
calibrated,fedavg__family-absent-everywhere,adwo,report-json,valid-fpr-leave-one-out,331,8,-0.26740986549915086,-0.2497829861111111,0,-0.363534299312747,-0.1908652257510774,D-post-hoc-diagnostic
calibrated,fedavg__family-absent-everywhere,adwo,report-json,valid-fpr-leave-one-out,332,8,-0.24225062983036105,-0.19889737065309582,0,-0.3533372220573786,-0.16288757659606348,D-post-hoc-diagnostic
calibrated,fedavg__family-absent-everywhere,adwo,report-json,valid-fpr-leave-one-out,334,8,-0.2636891773163946,-0.2497829861111111,0,-0.36118569045028714,-0.1828558061012918,D-post-hoc-diagnostic
calibrated,fedavg__family-absent-everywhere,adwo,report-json,valid-fpr-leave-one-out,335,8,-0.25197285205258324,-0.2264581345419847,0,-0.35644211933827535,-0.16613356831966353,D-post-hoc-diagnostic
calibrated,fedavg__family-absent-everywhere,adwo,report-json,valid-fpr-leave-one-out,336,8,-0.24508266108036103,-0.19889737065309582,0,-0.3546494252956631,-0.16250356289703932,D-post-hoc-diagnostic
calibrated,fedavg__family-absent-everywhere,adwo,report-json,valid-fpr-leave-one-out,337,8,-0.25780406494486485,-0.2497829861111111,0,-0.3574903285215527,-0.17150427857878686,D-post-hoc-diagnostic
calibrated,fedavg__family-absent-everywhere,adwo,report-json,valid-fpr-leave-one-out,338,8,-0.2649965314697053,-0.2497829861111111,0,-0.3622694833698935,-0.18242482552255554,D-post-hoc-diagnostic
calibrated,fedavg__family-absent-everywhere,adwo,report-json,valid-fpr-leave-one-out,339,8,-0.22449984613130147,-0.19889737065309582,0,-0.3280669938088989,-0.1596806336529989,D-post-hoc-diagnostic
calibrated,fedavg__family-absent-everywhere,adwo,report-json,valid-fpr-only,,9,-0.24866722651587647,-0.2222222222222222,0,-0.3475499257069681,-0.17455084319050088,D-post-hoc-diagnostic
calibrated,fedavg__family-absent-everywhere,contrast-macro,call-graph,all-seeds,,10,-0.09774502609629793,-0.12028949283641176,1,-0.13255235643820548,-0.049333745728116676,D-post-hoc-diagnostic
calibrated,fedavg__family-absent-everywhere,contrast-macro,call-graph,leave-one-seed-out,330,9,-0.10853899888783278,-0.1287606516387013,1,-0.13892961145716576,-0.05399955426704647,D-post-hoc-diagnostic
calibrated,fedavg__family-absent-everywhere,contrast-macro,call-graph,leave-one-seed-out,331,9,-0.09835544288703678,-0.1287606516387013,1,-0.13732391790423235,-0.04562156633352039,D-post-hoc-diagnostic
calibrated,fedavg__family-absent-everywhere,contrast-macro,call-graph,leave-one-seed-out,332,9,-0.09618132521431745,-0.1287606516387013,1,-0.1354739100988536,-0.044899099751606164,D-post-hoc-diagnostic
calibrated,fedavg__family-absent-everywhere,contrast-macro,call-graph,leave-one-seed-out,333,9,-0.09351977206398471,-0.11181833403412222,1,-0.13243732684790377,-0.04339497252537405,D-post-hoc-diagnostic
calibrated,fedavg__family-absent-everywhere,contrast-macro,call-graph,leave-one-seed-out,334,9,-0.09352936584794705,-0.11181833403412222,1,-0.13248457555736237,-0.04343499009251878,D-post-hoc-diagnostic
calibrated,fedavg__family-absent-everywhere,contrast-macro,call-graph,leave-one-seed-out,335,9,-0.09429884548047533,-0.11181833403412222,1,-0.13345814643705722,-0.04378635641126381,D-post-hoc-diagnostic
calibrated,fedavg__family-absent-everywhere,contrast-macro,call-graph,leave-one-seed-out,336,9,-0.09033897816792252,-0.11181833403412222,1,-0.12727018877307014,-0.04173289719857033,D-post-hoc-diagnostic
calibrated,fedavg__family-absent-everywhere,contrast-macro,call-graph,leave-one-seed-out,337,9,-0.10202678609636287,-0.1287606516387013,1,-0.13879035005764107,-0.045453528430722076,D-post-hoc-diagnostic
calibrated,fedavg__family-absent-everywhere,contrast-macro,call-graph,leave-one-seed-out,338,9,-0.11209961089052224,-0.1287606516387013,0,-0.14057472009937252,-0.07031331849737853,D-post-hoc-diagnostic
calibrated,fedavg__family-absent-everywhere,contrast-macro,call-graph,leave-one-seed-out,339,9,-0.08856113542657754,-0.11181833403412222,1,-0.12295837214195698,-0.03942727579130659,D-post-hoc-diagnostic
calibrated,fedavg__family-absent-everywhere,contrast-macro,call-graph,valid-fpr-leave-one-out,330,7,-0.10077038703884604,-0.11181833403412222,1,-0.13905522660676403,-0.03780837810129822,D-post-hoc-diagnostic
calibrated,fedavg__family-absent-everywhere,contrast-macro,call-graph,valid-fpr-leave-one-out,331,7,-0.08767724360925118,-0.11181833403412222,1,-0.1367734322994425,-0.025640617783833464,D-post-hoc-diagnostic
calibrated,fedavg__family-absent-everywhere,contrast-macro,call-graph,valid-fpr-leave-one-out,332,7,-0.08488194945861204,-0.09225127497964825,1,-0.13568078049908433,-0.025644449699033595,D-post-hoc-diagnostic
calibrated,fedavg__family-absent-everywhere,contrast-macro,call-graph,valid-fpr-leave-one-out,335,7,-0.08246161837224361,-0.09225127497964825,1,-0.1334815076549991,-0.024236268970558455,D-post-hoc-diagnostic
calibrated,fedavg__family-absent-everywhere,contrast-macro,call-graph,valid-fpr-leave-one-out,336,7,-0.07737036039896142,-0.09225127497964825,1,-0.1236610889261713,-0.022845323633194324,D-post-hoc-diagnostic
calibrated,fedavg__family-absent-everywhere,contrast-macro,call-graph,valid-fpr-leave-one-out,337,7,-0.09239754202124185,-0.11181833403412222,1,-0.13881880032154026,-0.026153946039372038,D-post-hoc-diagnostic
calibrated,fedavg__family-absent-everywhere,contrast-macro,call-graph,valid-fpr-leave-one-out,338,7,-0.10534831675658965,-0.11181833403412222,0,-0.1432023975500233,-0.056624391296477186,D-post-hoc-diagnostic
calibrated,fedavg__family-absent-everywhere,contrast-macro,call-graph,valid-fpr-leave-one-out,339,7,-0.07508456258866072,-0.09225127497964825,1,-0.11856512452457564,-0.02220762811393035,D-post-hoc-diagnostic
calibrated,fedavg__family-absent-everywhere,contrast-macro,call-graph,valid-fpr-only,,8,-0.08824899753055082,-0.10203480450688523,1,-0.13276242642068523,-0.034621698677551355,D-post-hoc-diagnostic
calibrated,fedavg__family-absent-everywhere,contrast-macro,mcndroid-static,all-seeds,,10,-0.051629690386973556,-0.0502983984119956,0,-0.06338797987685267,-0.03976077628681198,D-post-hoc-diagnostic
calibrated,fedavg__family-absent-everywhere,contrast-macro,mcndroid-static,leave-one-seed-out,330,9,-0.055439103475203734,-0.05288412494417388,0,-0.06710603622390611,-0.04582522486948704,D-post-hoc-diagnostic
calibrated,fedavg__family-absent-everywhere,contrast-macro,mcndroid-static,leave-one-seed-out,331,9,-0.05094317385835468,-0.047712671879817314,0,-0.06464838655199466,-0.03814645014778611,D-post-hoc-diagnostic
calibrated,fedavg__family-absent-everywhere,contrast-macro,mcndroid-static,leave-one-seed-out,332,9,-0.053119235563395976,-0.05288412494417388,0,-0.06555269265891579,-0.03959214626503185,D-post-hoc-diagnostic
calibrated,fedavg__family-absent-everywhere,contrast-macro,mcndroid-static,leave-one-seed-out,333,9,-0.04886730324698124,-0.047712671879817314,0,-0.061540904479095694,-0.03735602679187086,D-post-hoc-diagnostic
calibrated,fedavg__family-absent-everywhere,contrast-macro,mcndroid-static,leave-one-seed-out,334,9,-0.05206491466554648,-0.05288412494417388,0,-0.06537911422418395,-0.03868455508899655,D-post-hoc-diagnostic
calibrated,fedavg__family-absent-everywhere,contrast-macro,mcndroid-static,leave-one-seed-out,335,9,-0.050021949872414234,-0.047712671879817314,0,-0.06339321770408558,-0.03781017378471076,D-post-hoc-diagnostic
calibrated,fedavg__family-absent-everywhere,contrast-macro,mcndroid-static,leave-one-seed-out,336,9,-0.05266488773363401,-0.05288412494417388,0,-0.06525443686697521,-0.039125151149052906,D-post-hoc-diagnostic
calibrated,fedavg__family-absent-everywhere,contrast-macro,mcndroid-static,leave-one-seed-out,337,9,-0.04802303241259549,-0.047712671879817314,0,-0.05878608421775214,-0.03693002116637996,D-post-hoc-diagnostic
calibrated,fedavg__family-absent-everywhere,contrast-macro,mcndroid-static,leave-one-seed-out,338,9,-0.053662994272102936,-0.05288412494417388,0,-0.06562731708536249,-0.040954187171349146,D-post-hoc-diagnostic
calibrated,fedavg__family-absent-everywhere,contrast-macro,mcndroid-static,leave-one-seed-out,339,9,-0.05149030876950686,-0.047712671879817314,0,-0.06482384381919426,-0.03861115370434709,D-post-hoc-diagnostic
calibrated,fedavg__family-absent-everywhere,contrast-macro,mcndroid-static,valid-fpr-leave-one-out,330,8,-0.052807594578741145,-0.0502983984119956,0,-0.06543731003907075,-0.04346608067563163,D-post-hoc-diagnostic
calibrated,fedavg__family-absent-everywhere,contrast-macro,mcndroid-static,valid-fpr-leave-one-out,331,8,-0.047749673759785956,-0.04501279307342343,0,-0.062201820003629914,-0.03557592831773802,D-post-hoc-diagnostic
calibrated,fedavg__family-absent-everywhere,contrast-macro,mcndroid-static,valid-fpr-leave-one-out,332,8,-0.050197743177957416,-0.0502983984119956,0,-0.06353754919854773,-0.036864583892706866,D-post-hoc-diagnostic
calibrated,fedavg__family-absent-everywhere,contrast-macro,mcndroid-static,valid-fpr-leave-one-out,334,8,-0.04901163216787673,-0.04759851960560171,0,-0.06327197495135478,-0.036060577968170325,D-post-hoc-diagnostic
calibrated,fedavg__family-absent-everywhere,contrast-macro,mcndroid-static,valid-fpr-leave-one-out,335,8,-0.04671329677560295,-0.04501279307342343,0,-0.06125721983450923,-0.035247177710398744,D-post-hoc-diagnostic
calibrated,fedavg__family-absent-everywhere,contrast-macro,mcndroid-static,valid-fpr-leave-one-out,336,8,-0.049686601869475204,-0.0502983984119956,0,-0.06280116449025464,-0.03643153690323254,D-post-hoc-diagnostic
calibrated,fedavg__family-absent-everywhere,contrast-macro,mcndroid-static,valid-fpr-leave-one-out,337,8,-0.04446451463330687,-0.04501279307342343,0,-0.053434116710856176,-0.03341668147777748,D-post-hoc-diagnostic
calibrated,fedavg__family-absent-everywhere,contrast-macro,mcndroid-static,valid-fpr-leave-one-out,338,8,-0.05080947172525274,-0.0502983984119956,0,-0.06377776052378847,-0.03802399773590948,D-post-hoc-diagnostic
calibrated,fedavg__family-absent-everywhere,contrast-macro,mcndroid-static,valid-fpr-leave-one-out,339,8,-0.04836520053483216,-0.04501279307342343,0,-0.06310872670426307,-0.0362931918529958,D-post-hoc-diagnostic
calibrated,fedavg__family-absent-everywhere,contrast-macro,mcndroid-static,valid-fpr-only,,9,-0.04886730324698124,-0.047712671879817314,0,-0.061540904479095694,-0.03735602679187086,D-post-hoc-diagnostic
calibrated,fedavg__family-absent-everywhere,contrast-macro,report-json,all-seeds,,10,-0.2756778356195849,-0.2812264982942755,0,-0.3024320187177996,-0.24156592971336316,D-post-hoc-diagnostic
calibrated,fedavg__family-absent-everywhere,contrast-macro,report-json,leave-one-seed-out,330,9,-0.28615745489981637,-0.2860880422921702,0,-0.3106326109827197,-0.2609990315546684,D-post-hoc-diagnostic
calibrated,fedavg__family-absent-everywhere,contrast-macro,report-json,leave-one-seed-out,331,9,-0.2740892250979837,-0.27636495429638075,0,-0.3044839814273624,-0.23749186558865382,D-post-hoc-diagnostic
calibrated,fedavg__family-absent-everywhere,contrast-macro,report-json,leave-one-seed-out,332,9,-0.2786284942179932,-0.2860880422921702,0,-0.30700866623898004,-0.2398542637596332,D-post-hoc-diagnostic
calibrated,fedavg__family-absent-everywhere,contrast-macro,report-json,leave-one-seed-out,333,9,-0.2679017592746866,-0.27636495429638075,0,-0.29407852987663796,-0.235019905422294,D-post-hoc-diagnostic
calibrated,fedavg__family-absent-everywhere,contrast-macro,report-json,leave-one-seed-out,334,9,-0.27452114598929767,-0.27636495429638075,0,-0.3050972213265672,-0.23871281370400482,D-post-hoc-diagnostic
calibrated,fedavg__family-absent-everywhere,contrast-macro,report-json,leave-one-seed-out,335,9,-0.28230419528774,-0.2860880422921702,0,-0.3083508673852895,-0.24594586388629394,D-post-hoc-diagnostic
calibrated,fedavg__family-absent-everywhere,contrast-macro,report-json,leave-one-seed-out,336,9,-0.27158679543662584,-0.27636495429638075,0,-0.30320344520291065,-0.23785362752165923,D-post-hoc-diagnostic
calibrated,fedavg__family-absent-everywhere,contrast-macro,report-json,leave-one-seed-out,337,9,-0.2689266036212575,-0.27636495429638075,0,-0.29768425869001136,-0.23623605686185314,D-post-hoc-diagnostic
calibrated,fedavg__family-absent-everywhere,contrast-macro,report-json,leave-one-seed-out,338,9,-0.2756014890999409,-0.2860880422921702,0,-0.3060991226030161,-0.23870722890811033,D-post-hoc-diagnostic
calibrated,fedavg__family-absent-everywhere,contrast-macro,report-json,leave-one-seed-out,339,9,-0.2770611932705073,-0.2860880422921702,0,-0.3066402813670283,-0.23944006092188408,D-post-hoc-diagnostic
calibrated,fedavg__family-absent-everywhere,contrast-macro,report-json,valid-fpr-leave-one-out,330,8,-0.27871932142183464,-0.2812264982942755,0,-0.301775572901158,-0.2531975943501374,D-post-hoc-diagnostic
calibrated,fedavg__family-absent-everywhere,contrast-macro,report-json,valid-fpr-leave-one-out,331,8,-0.265142562894773,-0.2697962855288319,0,-0.29521942002261475,-0.23009564625596146,D-post-hoc-diagnostic
calibrated,fedavg__family-absent-everywhere,contrast-macro,report-json,valid-fpr-leave-one-out,332,8,-0.27024924065478356,-0.2812264982942755,0,-0.2983475589815766,-0.23260526846148485,D-post-hoc-diagnostic
calibrated,fedavg__family-absent-everywhere,contrast-macro,report-json,valid-fpr-leave-one-out,334,8,-0.2656284738975011,-0.2697962855288319,0,-0.29573547877651885,-0.22999456725649592,D-post-hoc-diagnostic
calibrated,fedavg__family-absent-everywhere,contrast-macro,report-json,valid-fpr-leave-one-out,335,8,-0.2743844043582488,-0.2812264982942755,0,-0.2984262191917041,-0.23689098108507728,D-post-hoc-diagnostic
calibrated,fedavg__family-absent-everywhere,contrast-macro,report-json,valid-fpr-leave-one-out,336,8,-0.2623273295257454,-0.2697962855288319,0,-0.2910157952413196,-0.229365863310305,D-post-hoc-diagnostic
calibrated,fedavg__family-absent-everywhere,contrast-macro,report-json,valid-fpr-leave-one-out,337,8,-0.25933461373345595,-0.2697962855288319,0,-0.28288268872073896,-0.22699500881736445,D-post-hoc-diagnostic
calibrated,fedavg__family-absent-everywhere,contrast-macro,report-json,valid-fpr-leave-one-out,338,8,-0.26684385989697484,-0.2746578295267266,0,-0.29696571208341926,-0.23156549258177883,D-post-hoc-diagnostic
calibrated,fedavg__family-absent-everywhere,contrast-macro,report-json,valid-fpr-leave-one-out,339,8,-0.26848602708886204,-0.2812264982942755,0,-0.29766719345213677,-0.2322605189478967,D-post-hoc-diagnostic
calibrated,fedavg__family-absent-everywhere,contrast-macro,report-json,valid-fpr-only,,9,-0.2679017592746866,-0.27636495429638075,0,-0.29407852987663796,-0.235019905422294,D-post-hoc-diagnostic
calibrated,fedavg__family-absent-everywhere,gappusin,call-graph,all-seeds,,10,0.1673962378139821,0.14683526810392483,10,0.130024613835415,0.23324068337319387,D-post-hoc-diagnostic
calibrated,fedavg__family-absent-everywhere,gappusin,call-graph,leave-one-seed-out,330,9,0.14573491111135217,0.14552238805970152,9,0.11384635911037816,0.17645100670877875,D-post-hoc-diagnostic
calibrated,fedavg__family-absent-everywhere,gappusin,call-graph,leave-one-seed-out,331,9,0.16216993204989993,0.14552238805970152,9,0.12288724579265078,0.23959639316329656,D-post-hoc-diagnostic
calibrated,fedavg__family-absent-everywhere,gappusin,call-graph,leave-one-seed-out,332,9,0.16233155652838463,0.14552238805970152,9,0.12292879268785753,0.23969894463532754,D-post-hoc-diagnostic
calibrated,fedavg__family-absent-everywhere,gappusin,call-graph,leave-one-seed-out,333,9,0.17907681287430655,0.14814814814814814,9,0.14329651356515483,0.2505920881602243,D-post-hoc-diagnostic
calibrated,fedavg__family-absent-everywhere,gappusin,call-graph,leave-one-seed-out,334,9,0.16982666556445775,0.14814814814814814,9,0.12731284945859228,0.23956007471213334,D-post-hoc-diagnostic
calibrated,fedavg__family-absent-everywhere,gappusin,call-graph,leave-one-seed-out,335,9,0.16693731016876612,0.14552238805970152,9,0.1251723163189749,0.239663984164655,D-post-hoc-diagnostic
calibrated,fedavg__family-absent-everywhere,gappusin,call-graph,leave-one-seed-out,336,9,0.16953491444351923,0.14552238805970152,9,0.1272666982361096,0.24048759836548794,D-post-hoc-diagnostic
calibrated,fedavg__family-absent-everywhere,gappusin,call-graph,leave-one-seed-out,337,9,0.1731833854307846,0.14814814814814814,9,0.13167853858769535,0.24179677688187834,D-post-hoc-diagnostic
calibrated,fedavg__family-absent-everywhere,gappusin,call-graph,leave-one-seed-out,338,9,0.17030358997807682,0.14814814814814814,9,0.1279641474621808,0.24001182462869408,D-post-hoc-diagnostic
calibrated,fedavg__family-absent-everywhere,gappusin,call-graph,leave-one-seed-out,339,9,0.17486329999027342,0.14814814814814814,9,0.13414688072741124,0.24332609418741952,D-post-hoc-diagnostic
calibrated,fedavg__family-absent-everywhere,gappusin,call-graph,valid-fpr-leave-one-out,330,7,0.1576886785244865,0.14814814814814814,7,0.12858787561583232,0.18894937158105493,D-post-hoc-diagnostic
calibrated,fedavg__family-absent-everywhere,gappusin,call-graph,valid-fpr-leave-one-out,331,7,0.17881941973119084,0.14814814814814814,7,0.13543909435443913,0.27289964509383025,D-post-hoc-diagnostic
calibrated,fedavg__family-absent-everywhere,gappusin,call-graph,valid-fpr-leave-one-out,332,7,0.17902722263209972,0.14814814814814814,7,0.13508847274217292,0.27289964509383025,D-post-hoc-diagnostic
calibrated,fedavg__family-absent-everywhere,gappusin,call-graph,valid-fpr-leave-one-out,335,7,0.18494890588401874,0.14814814814814814,7,0.13802885710503804,0.2704278429229267,D-post-hoc-diagnostic
calibrated,fedavg__family-absent-everywhere,gappusin,call-graph,valid-fpr-leave-one-out,336,7,0.18828868280870134,0.17152658662092626,7,0.14212255007562305,0.27191134797797045,D-post-hoc-diagnostic
calibrated,fedavg__family-absent-everywhere,gappusin,call-graph,valid-fpr-leave-one-out,337,7,0.19297957407804248,0.17152658662092626,7,0.14869169032602955,0.2747980927234849,D-post-hoc-diagnostic
calibrated,fedavg__family-absent-everywhere,gappusin,call-graph,valid-fpr-leave-one-out,338,7,0.18927697992456105,0.17152658662092626,7,0.14230680894988806,0.27042784292292665,D-post-hoc-diagnostic
calibrated,fedavg__family-absent-everywhere,gappusin,call-graph,valid-fpr-leave-one-out,339,7,0.1951394642259567,0.17152658662092626,7,0.15371908251957286,0.2776174104099257,D-post-hoc-diagnostic
calibrated,fedavg__family-absent-everywhere,gappusin,call-graph,valid-fpr-only,,8,0.18327111597613216,0.1598373673845372,8,0.14308083327090135,0.26046163940472045,D-post-hoc-diagnostic
calibrated,fedavg__family-absent-everywhere,gappusin,mcndroid-static,all-seeds,,10,0.03877026379949692,-0.026547177407758915,4,-0.0478435187492275,0.14274174356763508,D-post-hoc-diagnostic
calibrated,fedavg__family-absent-everywhere,gappusin,mcndroid-static,leave-one-seed-out,330,9,0.012938619696247143,-0.026974951830443183,3,-0.06380639762717552,0.12072315370711287,D-post-hoc-diagnostic
calibrated,fedavg__family-absent-everywhere,gappusin,mcndroid-static,leave-one-seed-out,331,9,0.021543133889475388,-0.026974951830443183,3,-0.061073584920609714,0.1390478052851613,D-post-hoc-diagnostic
calibrated,fedavg__family-absent-everywhere,gappusin,mcndroid-static,leave-one-seed-out,332,9,0.02717864400720586,-0.026974951830443183,3,-0.0594323684159297,0.14589759946209907,D-post-hoc-diagnostic
calibrated,fedavg__family-absent-everywhere,gappusin,mcndroid-static,leave-one-seed-out,333,9,0.05508458289484192,-0.026119402985074647,4,-0.03963162519593406,0.15967756698072122,D-post-hoc-diagnostic
calibrated,fedavg__family-absent-everywhere,gappusin,mcndroid-static,leave-one-seed-out,334,9,0.04598022677556043,-0.026974951830443183,4,-0.05215987474174395,0.15778006566450017,D-post-hoc-diagnostic
calibrated,fedavg__family-absent-everywhere,gappusin,mcndroid-static,leave-one-seed-out,335,9,0.013727966066526967,-0.026974951830443183,3,-0.06548566095095606,0.12072390071219706,D-post-hoc-diagnostic
calibrated,fedavg__family-absent-everywhere,gappusin,mcndroid-static,leave-one-seed-out,336,9,0.057589658499332716,-0.026119402985074647,4,-0.03233756928175555,0.16491994066519777,D-post-hoc-diagnostic
calibrated,fedavg__family-absent-everywhere,gappusin,mcndroid-static,leave-one-seed-out,337,9,0.0533700263598695,-0.026119402985074647,4,-0.040343938747953306,0.16234929720347185,D-post-hoc-diagnostic
calibrated,fedavg__family-absent-everywhere,gappusin,mcndroid-static,leave-one-seed-out,338,9,0.054214492047530115,-0.026119402985074647,4,-0.03907064193732129,0.16265826382764578,D-post-hoc-diagnostic
calibrated,fedavg__family-absent-everywhere,gappusin,mcndroid-static,leave-one-seed-out,339,9,0.04607528775837915,-0.026119402985074647,4,-0.050320785920442396,0.16071532229142554,D-post-hoc-diagnostic
calibrated,fedavg__family-absent-everywhere,gappusin,mcndroid-static,valid-fpr-leave-one-out,330,8,0.028063273165604044,-0.026547177407758915,3,-0.05608710231945522,0.14081160428422065,D-post-hoc-diagnostic
calibrated,fedavg__family-absent-everywhere,gappusin,mcndroid-static,valid-fpr-leave-one-out,331,8,0.037743351632985825,-0.026547177407758915,3,-0.05397012827307769,0.16153831515401826,D-post-hoc-diagnostic
calibrated,fedavg__family-absent-everywhere,gappusin,mcndroid-static,valid-fpr-leave-one-out,332,8,0.044083300515432605,-0.026547177407758915,3,-0.05127992983025133,0.1685722864768972,D-post-hoc-diagnostic
calibrated,fedavg__family-absent-everywhere,gappusin,mcndroid-static,valid-fpr-leave-one-out,334,8,0.0652350811298315,0.05805994504983665,4,-0.04254832243722289,0.17841449424166994,D-post-hoc-diagnostic
calibrated,fedavg__family-absent-everywhere,gappusin,mcndroid-static,valid-fpr-leave-one-out,335,8,0.028951287832168854,-0.026547177407758915,3,-0.057565344009631925,0.1425677943214884,D-post-hoc-diagnostic
calibrated,fedavg__family-absent-everywhere,gappusin,mcndroid-static,valid-fpr-leave-one-out,336,8,0.07829569181907532,0.05848771947252092,4,-0.021196870495227744,0.1790084445116608,D-post-hoc-diagnostic
calibrated,fedavg__family-absent-everywhere,gappusin,mcndroid-static,valid-fpr-leave-one-out,337,8,0.0735486056621792,0.05848771947252092,4,-0.03056357394445068,0.17709539758188328,D-post-hoc-diagnostic
calibrated,fedavg__family-absent-everywhere,gappusin,mcndroid-static,valid-fpr-leave-one-out,338,8,0.07449862956079739,0.05848771947252092,4,-0.028244717999474075,0.17751952735862625,D-post-hoc-diagnostic
calibrated,fedavg__family-absent-everywhere,gappusin,mcndroid-static,valid-fpr-leave-one-out,339,8,0.06534202473550256,0.05848771947252092,4,-0.04275270209800206,0.17551049635316915,D-post-hoc-diagnostic
calibrated,fedavg__family-absent-everywhere,gappusin,mcndroid-static,valid-fpr-only,,9,0.05508458289484192,-0.026119402985074647,4,-0.03963162519593406,0.15967756698072122,D-post-hoc-diagnostic
calibrated,fedavg__family-absent-everywhere,gappusin,report-json,all-seeds,,10,-0.20792821647782941,-0.2890607307943359,1,-0.2866958618711138,-0.11376284194901856,D-post-hoc-diagnostic
calibrated,fedavg__family-absent-everywhere,gappusin,report-json,leave-one-seed-out,330,9,-0.22585816225831698,-0.2915717539863326,1,-0.29998714878149535,-0.12109126959685772,D-post-hoc-diagnostic
calibrated,fedavg__family-absent-everywhere,gappusin,report-json,leave-one-seed-out,331,9,-0.2330932073121358,-0.2915717539863326,0,-0.3021160974368705,-0.1420161078585617,D-post-hoc-diagnostic
calibrated,fedavg__family-absent-everywhere,gappusin,report-json,leave-one-seed-out,332,9,-0.2217874988041698,-0.2915717539863326,1,-0.29863301303805784,-0.11430981684210086,D-post-hoc-diagnostic
calibrated,fedavg__family-absent-everywhere,gappusin,report-json,leave-one-seed-out,333,9,-0.192366312976994,-0.28654970760233917,1,-0.2771057973004404,-0.09792615161472706,D-post-hoc-diagnostic
calibrated,fedavg__family-absent-everywhere,gappusin,report-json,leave-one-seed-out,334,9,-0.19019387237171756,-0.28654970760233917,1,-0.27407957383348974,-0.09646781720512444,D-post-hoc-diagnostic
calibrated,fedavg__family-absent-everywhere,gappusin,report-json,leave-one-seed-out,335,9,-0.22455145836968654,-0.2915717539863326,1,-0.2993942613604316,-0.11827472175017216,D-post-hoc-diagnostic
calibrated,fedavg__family-absent-everywhere,gappusin,report-json,leave-one-seed-out,336,9,-0.19919249524177277,-0.2915717539863326,1,-0.2855993505317791,-0.09796540614823339,D-post-hoc-diagnostic
calibrated,fedavg__family-absent-everywhere,gappusin,report-json,leave-one-seed-out,337,9,-0.19511452744543534,-0.28654970760233917,1,-0.27939578455388586,-0.09687220470289556,D-post-hoc-diagnostic
calibrated,fedavg__family-absent-everywhere,gappusin,report-json,leave-one-seed-out,338,9,-0.19863449008799572,-0.28654970760233917,1,-0.2844037552600643,-0.09761277450616282,D-post-hoc-diagnostic
calibrated,fedavg__family-absent-everywhere,gappusin,report-json,leave-one-seed-out,339,9,-0.1984901399100695,-0.28654970760233917,1,-0.28418295341696065,-0.0976134921439431,D-post-hoc-diagnostic
calibrated,fedavg__family-absent-everywhere,gappusin,report-json,valid-fpr-leave-one-out,330,8,-0.2105922640424381,-0.2890607307943359,1,-0.29050672389122584,-0.10007584076300938,D-post-hoc-diagnostic
calibrated,fedavg__family-absent-everywhere,gappusin,report-json,valid-fpr-leave-one-out,331,8,-0.21873168972798424,-0.2890607307943359,0,-0.29363896792922684,-0.1216038328962977,D-post-hoc-diagnostic
calibrated,fedavg__family-absent-everywhere,gappusin,report-json,valid-fpr-leave-one-out,332,8,-0.2060127676565226,-0.2890607307943359,1,-0.289827506773335,-0.09463559316515724,D-post-hoc-diagnostic
calibrated,fedavg__family-absent-everywhere,gappusin,report-json,valid-fpr-leave-one-out,334,8,-0.1704699379200138,-0.18487219157155227,1,-0.2631792787715138,-0.07549547689338107,D-post-hoc-diagnostic
calibrated,fedavg__family-absent-everywhere,gappusin,report-json,valid-fpr-leave-one-out,335,8,-0.2091222221677289,-0.2890607307943359,1,-0.29292680371220814,-0.10023496377453478,D-post-hoc-diagnostic
calibrated,fedavg__family-absent-everywhere,gappusin,report-json,valid-fpr-leave-one-out,336,8,-0.18059338864882585,-0.18738321476354902,1,-0.2770673842618698,-0.07937661601752698,D-post-hoc-diagnostic
calibrated,fedavg__family-absent-everywhere,gappusin,report-json,valid-fpr-leave-one-out,337,8,-0.17600567487794624,-0.18487219157155227,1,-0.2709801359045789,-0.07833109986351378,D-post-hoc-diagnostic
calibrated,fedavg__family-absent-everywhere,gappusin,report-json,valid-fpr-leave-one-out,338,8,-0.17996563285082667,-0.18487219157155227,1,-0.2752647172641849,-0.07887912907865531,D-post-hoc-diagnostic
calibrated,fedavg__family-absent-everywhere,gappusin,report-json,valid-fpr-leave-one-out,339,8,-0.17980323890065966,-0.18487219157155227,1,-0.2748799701250937,-0.07887560506210142,D-post-hoc-diagnostic
calibrated,fedavg__family-absent-everywhere,gappusin,report-json,valid-fpr-only,,9,-0.192366312976994,-0.28654970760233917,1,-0.2771057973004404,-0.09792615161472706,D-post-hoc-diagnostic
calibrated,fedavg__family-absent-everywhere,hiddad,call-graph,all-seeds,,10,-0.07718281100244258,-0.06824441650200587,1,-0.13268232591047865,-0.03501479680661914,D-post-hoc-diagnostic
calibrated,fedavg__family-absent-everywhere,hiddad,call-graph,leave-one-seed-out,330,9,-0.0853531638875477,-0.07508532423208192,1,-0.14354094448044197,-0.04028054761403113,D-post-hoc-diagnostic
calibrated,fedavg__family-absent-everywhere,hiddad,call-graph,leave-one-seed-out,331,9,-0.08529182548357296,-0.07508532423208192,1,-0.14347676337127338,-0.04021432104720194,D-post-hoc-diagnostic
calibrated,fedavg__family-absent-everywhere,hiddad,call-graph,leave-one-seed-out,332,9,-0.07739317052609447,-0.06140350877192982,1,-0.1399505870377464,-0.031115574744295334,D-post-hoc-diagnostic
calibrated,fedavg__family-absent-everywhere,hiddad,call-graph,leave-one-seed-out,333,9,-0.07893606680583286,-0.07508532423208192,1,-0.14070576652401526,-0.03166570159463443,D-post-hoc-diagnostic
calibrated,fedavg__family-absent-everywhere,hiddad,call-graph,leave-one-seed-out,334,9,-0.08376027761262603,-0.07508532423208192,1,-0.14299772045191045,-0.03794082367681954,D-post-hoc-diagnostic
calibrated,fedavg__family-absent-everywhere,hiddad,call-graph,leave-one-seed-out,335,9,-0.08740476942658229,-0.07508532423208192,0,-0.14533389936030092,-0.044826572843897815,D-post-hoc-diagnostic
calibrated,fedavg__family-absent-everywhere,hiddad,call-graph,leave-one-seed-out,336,9,-0.06337061919011032,-0.06140350877192982,1,-0.121794030450666,-0.02672986651971302,D-post-hoc-diagnostic
calibrated,fedavg__family-absent-everywhere,hiddad,call-graph,leave-one-seed-out,337,9,-0.0713860973548422,-0.06140350877192982,1,-0.13533384529076006,-0.02756357056001262,D-post-hoc-diagnostic
calibrated,fedavg__family-absent-everywhere,hiddad,call-graph,leave-one-seed-out,338,9,-0.07741586508803819,-0.06140350877192982,1,-0.13916440337292715,-0.03108770189293552,D-post-hoc-diagnostic
calibrated,fedavg__family-absent-everywhere,hiddad,call-graph,leave-one-seed-out,339,9,-0.06151625464917861,-0.06140350877192982,1,-0.11384664833693532,-0.025651980745799715,D-post-hoc-diagnostic
calibrated,fedavg__family-absent-everywhere,hiddad,call-graph,valid-fpr-leave-one-out,330,7,-0.09839847924360116,-0.0752895752895753,1,-0.16240250486809588,-0.03936087159192101,D-post-hoc-diagnostic
calibrated,fedavg__family-absent-everywhere,hiddad,call-graph,valid-fpr-leave-one-out,331,7,-0.09831961558134794,-0.0752895752895753,1,-0.16228148232412626,-0.03925282920716873,D-post-hoc-diagnostic
calibrated,fedavg__family-absent-everywhere,hiddad,call-graph,valid-fpr-leave-one-out,332,7,-0.08816420206458989,-0.07508532423208192,1,-0.15993945822464475,-0.026716213352223017,D-post-hoc-diagnostic
calibrated,fedavg__family-absent-everywhere,hiddad,call-graph,valid-fpr-leave-one-out,335,7,-0.10103625779378847,-0.0752895752895753,0,-0.16243168359059496,-0.04465991555256099,D-post-hoc-diagnostic
calibrated,fedavg__family-absent-everywhere,hiddad,call-graph,valid-fpr-leave-one-out,336,7,-0.07013520748975309,-0.07508532423208192,1,-0.13925689105397585,-0.02165243175145705,D-post-hoc-diagnostic
calibrated,fedavg__family-absent-everywhere,hiddad,call-graph,valid-fpr-leave-one-out,337,7,-0.0804408222729798,-0.07508532423208192,1,-0.15474472758403396,-0.02168782310859221,D-post-hoc-diagnostic
calibrated,fedavg__family-absent-everywhere,hiddad,call-graph,valid-fpr-leave-one-out,338,7,-0.08819338078708894,-0.0752895752895753,1,-0.1575844539659459,-0.026644875748007574,D-post-hoc-diagnostic
calibrated,fedavg__family-absent-everywhere,hiddad,call-graph,valid-fpr-leave-one-out,339,7,-0.06775102450855518,-0.07508532423208192,1,-0.1268364829041854,-0.021440656251848395,D-post-hoc-diagnostic
calibrated,fedavg__family-absent-everywhere,hiddad,call-graph,valid-fpr-only,,8,-0.08655487371771305,-0.07518744976082861,1,-0.14916185811708202,-0.0325291080579477,D-post-hoc-diagnostic
calibrated,fedavg__family-absent-everywhere,hiddad,mcndroid-static,all-seeds,,10,0.011449821785486902,-0.011945392491467588,4,-0.04311798698327951,0.11705499536771759,D-post-hoc-diagnostic
calibrated,fedavg__family-absent-everywhere,hiddad,mcndroid-static,leave-one-seed-out,330,9,0.01637165924259291,0.0,4,-0.04448644549687413,0.13009420913660075,D-post-hoc-diagnostic
calibrated,fedavg__family-absent-everywhere,hiddad,mcndroid-static,leave-one-seed-out,331,9,0.01248859750208162,-0.023890784982935176,3,-0.04803207860293552,0.12812095403512613,D-post-hoc-diagnostic
calibrated,fedavg__family-absent-everywhere,hiddad,mcndroid-static,leave-one-seed-out,332,9,-0.021812510328437975,-0.023890784982935176,3,-0.07205695640651966,0.01428271265564838,D-post-hoc-diagnostic
calibrated,fedavg__family-absent-everywhere,hiddad,mcndroid-static,leave-one-seed-out,333,9,0.016133330248981545,0.0,4,-0.044270972435688026,0.13218053706851007,D-post-hoc-diagnostic
calibrated,fedavg__family-absent-everywhere,hiddad,mcndroid-static,leave-one-seed-out,334,9,0.010323942671324379,-0.023890784982935176,3,-0.04932358563523078,0.1305672745172881,D-post-hoc-diagnostic
calibrated,fedavg__family-absent-everywhere,hiddad,mcndroid-static,leave-one-seed-out,335,9,0.018894863712269394,0.0,4,-0.041352426029960504,0.13266869083962451,D-post-hoc-diagnostic
calibrated,fedavg__family-absent-everywhere,hiddad,mcndroid-static,leave-one-seed-out,336,9,0.031378740624007,0.0,4,-0.014661612853093631,0.149777112435792,D-post-hoc-diagnostic
calibrated,fedavg__family-absent-everywhere,hiddad,mcndroid-static,leave-one-seed-out,337,9,0.012722024206096558,-0.023890784982935176,4,-0.047914532737916314,0.1300459488039224,D-post-hoc-diagnostic
calibrated,fedavg__family-absent-everywhere,hiddad,mcndroid-static,leave-one-seed-out,338,9,0.015376555870867134,0.0,4,-0.04573780255801383,0.13054215547960568,D-post-hoc-diagnostic
calibrated,fedavg__family-absent-everywhere,hiddad,mcndroid-static,leave-one-seed-out,339,9,0.0026210141050864535,-0.023890784982935176,3,-0.05345819521614404,0.12882782047869534,D-post-hoc-diagnostic
calibrated,fedavg__family-absent-everywhere,hiddad,mcndroid-static,valid-fpr-leave-one-out,330,8,0.022255835946162636,0.00105042016806723,4,-0.04722660754640111,0.14288777861949745,D-post-hoc-diagnostic
calibrated,fedavg__family-absent-everywhere,hiddad,mcndroid-static,valid-fpr-leave-one-out,331,8,0.017887391488087434,-0.011945392491467588,3,-0.05047779716866349,0.14355277560603785,D-post-hoc-diagnostic
calibrated,fedavg__family-absent-everywhere,hiddad,mcndroid-static,valid-fpr-leave-one-out,332,8,-0.02070135482124711,-0.011945392491467588,3,-0.07720901158102937,0.020340130824699484,D-post-hoc-diagnostic
calibrated,fedavg__family-absent-everywhere,hiddad,mcndroid-static,valid-fpr-leave-one-out,334,8,0.015452154803485538,-0.011945392491467588,3,-0.05219606006817096,0.13957067025108458,D-post-hoc-diagnostic
calibrated,fedavg__family-absent-everywhere,hiddad,mcndroid-static,valid-fpr-leave-one-out,335,8,0.02509444097454868,0.00105042016806723,4,-0.04408237955721661,0.14169066211169729,D-post-hoc-diagnostic
calibrated,fedavg__family-absent-everywhere,hiddad,mcndroid-static,valid-fpr-leave-one-out,336,8,0.03913880250025349,0.00105042016806723,4,-0.011612491175225056,0.16528104298740984,D-post-hoc-diagnostic
calibrated,fedavg__family-absent-everywhere,hiddad,mcndroid-static,valid-fpr-leave-one-out,337,8,0.01814999653010424,-0.010894972323400358,4,-0.04995258708462988,0.1405711708185058,D-post-hoc-diagnostic
calibrated,fedavg__family-absent-everywhere,hiddad,mcndroid-static,valid-fpr-leave-one-out,338,8,0.021136344652971137,0.00105042016806723,4,-0.047632212347563936,0.1405711708185058,D-post-hoc-diagnostic
calibrated,fedavg__family-absent-everywhere,hiddad,mcndroid-static,valid-fpr-leave-one-out,339,8,0.0067863601664678724,-0.011945392491467588,3,-0.05575163888165143,0.14024928212884416,D-post-hoc-diagnostic
calibrated,fedavg__family-absent-everywhere,hiddad,mcndroid-static,valid-fpr-only,,9,0.016133330248981545,0.0,4,-0.044270972435688026,0.13218053706851007,D-post-hoc-diagnostic
calibrated,fedavg__family-absent-everywhere,hiddad,report-json,all-seeds,,10,-0.10569091850707432,-0.058193445243804987,0,-0.17163402303394723,-0.06114051911954398,D-post-hoc-diagnostic
calibrated,fedavg__family-absent-everywhere,hiddad,report-json,leave-one-seed-out,330,9,-0.11256817384808745,-0.07194244604316552,0,-0.1786571489461063,-0.062075965066016155,D-post-hoc-diagnostic
calibrated,fedavg__family-absent-everywhere,hiddad,report-json,leave-one-seed-out,331,9,-0.11346609992849527,-0.07194244604316552,0,-0.1792382181898359,-0.06339221271525798,D-post-hoc-diagnostic
calibrated,fedavg__family-absent-everywhere,hiddad,report-json,leave-one-seed-out,332,9,-0.09963083609323145,-0.04444444444444445,0,-0.1725312620955219,-0.05267237254421981,D-post-hoc-diagnostic
calibrated,fedavg__family-absent-everywhere,hiddad,report-json,leave-one-seed-out,333,9,-0.11451037728856212,-0.07194244604316552,0,-0.18232401752304708,-0.06443016476375804,D-post-hoc-diagnostic
calibrated,fedavg__family-absent-everywhere,hiddad,report-json,leave-one-seed-out,334,9,-0.10944074878084195,-0.04444444444444445,0,-0.17936223994827072,-0.05561670093577184,D-post-hoc-diagnostic
calibrated,fedavg__family-absent-everywhere,hiddad,report-json,leave-one-seed-out,335,9,-0.11249608229181098,-0.07194244604316552,0,-0.1806564798704137,-0.060434698012753085,D-post-hoc-diagnostic
calibrated,fedavg__family-absent-everywhere,hiddad,report-json,leave-one-seed-out,336,9,-0.0855106391372136,-0.04444444444444445,0,-0.13582724270358132,-0.04891905884353755,D-post-hoc-diagnostic
calibrated,fedavg__family-absent-everywhere,hiddad,report-json,leave-one-seed-out,337,9,-0.11522318750647836,-0.07194244604316552,0,-0.18247101447109945,-0.06732722518575195,D-post-hoc-diagnostic
calibrated,fedavg__family-absent-everywhere,hiddad,report-json,leave-one-seed-out,338,9,-0.09733575700634349,-0.04444444444444445,0,-0.17249325897141343,-0.05120461462442446,D-post-hoc-diagnostic
calibrated,fedavg__family-absent-everywhere,hiddad,report-json,leave-one-seed-out,339,9,-0.09672728318967855,-0.04444444444444445,0,-0.1713143983370944,-0.051157318501942536,D-post-hoc-diagnostic
calibrated,fedavg__family-absent-everywhere,hiddad,report-json,valid-fpr-leave-one-out,330,8,-0.12334972189488785,-0.11608705313741287,0,-0.19108030080216926,-0.06833794446660305,D-post-hoc-diagnostic
calibrated,fedavg__family-absent-everywhere,hiddad,report-json,valid-fpr-leave-one-out,331,8,-0.12435988873534666,-0.11608705313741287,0,-0.19141162621618862,-0.07012537946352396,D-post-hoc-diagnostic
calibrated,fedavg__family-absent-everywhere,hiddad,report-json,valid-fpr-leave-one-out,332,8,-0.10879521692067484,-0.058193445243804987,0,-0.1855907704605019,-0.056987791008233465,D-post-hoc-diagnostic
calibrated,fedavg__family-absent-everywhere,hiddad,report-json,valid-fpr-leave-one-out,334,8,-0.11983136869423669,-0.10233805233805233,0,-0.18781380378567225,-0.06507272197570704,D-post-hoc-diagnostic
calibrated,fedavg__family-absent-everywhere,hiddad,report-json,valid-fpr-leave-one-out,335,8,-0.12326861889407682,-0.11608705313741287,0,-0.19010498939442916,-0.06817462482447109,D-post-hoc-diagnostic
calibrated,fedavg__family-absent-everywhere,hiddad,report-json,valid-fpr-leave-one-out,336,8,-0.09290999534515476,-0.058193445243804987,0,-0.14443360445062173,-0.052863342225801024,D-post-hoc-diagnostic
calibrated,fedavg__family-absent-everywhere,hiddad,report-json,valid-fpr-leave-one-out,337,8,-0.12633661226057766,-0.11608705313741287,0,-0.19333532813653242,-0.07558907498380842,D-post-hoc-diagnostic
calibrated,fedavg__family-absent-everywhere,hiddad,report-json,valid-fpr-leave-one-out,338,8,-0.10621325294792588,-0.058193445243804987,0,-0.18449227368124332,-0.055642841697286616,D-post-hoc-diagnostic
calibrated,fedavg__family-absent-everywhere,hiddad,report-json,valid-fpr-leave-one-out,339,8,-0.10552871990417784,-0.058193445243804987,0,-0.18362423987534016,-0.05512076770294656,D-post-hoc-diagnostic
calibrated,fedavg__family-absent-everywhere,hiddad,report-json,valid-fpr-only,,9,-0.11451037728856212,-0.07194244604316552,0,-0.18232401752304708,-0.06443016476375804,D-post-hoc-diagnostic
calibrated,fedavg__family-absent-everywhere,priority-macro,call-graph,all-seeds,,10,0.04656912364280178,0.033364050570201906,7,0.012601848163615568,0.08612740336381289,D-post-hoc-diagnostic
calibrated,fedavg__family-absent-everywhere,priority-macro,call-graph,leave-one-seed-out,330,9,0.03546688649680249,0.009884392888437399,6,0.005035126048695719,0.07330571960479676,D-post-hoc-diagnostic
calibrated,fedavg__family-absent-everywhere,priority-macro,call-graph,leave-one-seed-out,331,9,0.03810174674705046,0.009884392888437399,6,0.005777120237341299,0.08069507741187218,D-post-hoc-diagnostic
calibrated,fedavg__family-absent-everywhere,priority-macro,call-graph,leave-one-seed-out,332,9,0.03994745717632214,0.009884392888437399,6,0.006008716398334262,0.08458699061110758,D-post-hoc-diagnostic
calibrated,fedavg__family-absent-everywhere,priority-macro,call-graph,leave-one-seed-out,333,9,0.050992173335435764,0.05684370825196641,6,0.01198743984807802,0.09059707656758786,D-post-hoc-diagnostic
calibrated,fedavg__family-absent-everywhere,priority-macro,call-graph,leave-one-seed-out,334,9,0.050645204837731155,0.05684370825196641,6,0.011388607906457543,0.09064772832209227,D-post-hoc-diagnostic
calibrated,fedavg__family-absent-everywhere,priority-macro,call-graph,leave-one-seed-out,335,9,0.04542750313067237,0.009884392888437399,6,0.007105774678401862,0.08833705854368754,D-post-hoc-diagnostic
calibrated,fedavg__family-absent-everywhere,priority-macro,call-graph,leave-one-seed-out,336,9,0.0541981160345221,0.05684370825196641,7,0.018148325110894252,0.09294063767000788,D-post-hoc-diagnostic
calibrated,fedavg__family-absent-everywhere,priority-macro,call-graph,leave-one-seed-out,337,9,0.0520271131529161,0.05684370825196641,7,0.014351880476443151,0.09197283757333241,D-post-hoc-diagnostic
calibrated,fedavg__family-absent-everywhere,priority-macro,call-graph,leave-one-seed-out,338,9,0.044426883227367264,0.009884392888437399,6,0.007499471356638442,0.0888520336988287,D-post-hoc-diagnostic
calibrated,fedavg__family-absent-everywhere,priority-macro,call-graph,leave-one-seed-out,339,9,0.05445815228919792,0.05684370825196641,7,0.019311922424559702,0.09344368678225365,D-post-hoc-diagnostic
calibrated,fedavg__family-absent-everywhere,priority-macro,call-graph,valid-fpr-leave-one-out,330,7,0.04322227273909845,0.05684370825196641,4,0.0029176492391182088,0.08452903579560744,D-post-hoc-diagnostic
calibrated,fedavg__family-absent-everywhere,priority-macro,call-graph,valid-fpr-leave-one-out,331,7,0.04660995020370299,0.05684370825196641,4,0.003987723503395966,0.0938237900381729,D-post-hoc-diagnostic
calibrated,fedavg__family-absent-everywhere,priority-macro,call-graph,valid-fpr-leave-one-out,332,7,0.04898300646990943,0.05684370825196641,4,0.004204665123234954,0.09863659417298933,D-post-hoc-diagnostic
calibrated,fedavg__family-absent-everywhere,priority-macro,call-graph,valid-fpr-leave-one-out,335,7,0.0560287798397883,0.06584928738171242,4,0.0051568441000440545,0.10411089782550637,D-post-hoc-diagnostic
calibrated,fedavg__family-absent-everywhere,priority-macro,call-graph,valid-fpr-leave-one-out,336,7,0.06730528214473795,0.06584928738171242,5,0.02057176483893339,0.1072536101334386,D-post-hoc-diagnostic
calibrated,fedavg__family-absent-everywhere,priority-macro,call-graph,valid-fpr-leave-one-out,337,7,0.06451399272553024,0.06584928738171242,5,0.013551218149836433,0.10725361013343859,D-post-hoc-diagnostic
calibrated,fedavg__family-absent-everywhere,priority-macro,call-graph,valid-fpr-leave-one-out,338,7,0.05474226853553887,0.05684370825196641,4,0.00427000372233017,0.10324261967425821,D-post-hoc-diagnostic
calibrated,fedavg__family-absent-everywhere,priority-macro,call-graph,valid-fpr-leave-one-out,339,7,0.06763961447217828,0.06584928738171242,5,0.022684589898289798,0.10690218724471409,D-post-hoc-diagnostic
calibrated,fedavg__family-absent-everywhere,priority-macro,call-graph,valid-fpr-only,,8,0.05613064589131056,0.061346497816839415,5,0.01191139660517478,0.09969415052890823,D-post-hoc-diagnostic
calibrated,fedavg__family-absent-everywhere,priority-macro,mcndroid-static,all-seeds,,10,0.02285442534329614,0.018185914674619552,5,-0.020144416393219164,0.08344540171682867,D-post-hoc-diagnostic
calibrated,fedavg__family-absent-everywhere,priority-macro,mcndroid-static,leave-one-seed-out,330,9,0.0180595937141934,-0.004182256737187806,4,-0.026515822413253627,0.08843665792403449,D-post-hoc-diagnostic
calibrated,fedavg__family-absent-everywhere,priority-macro,mcndroid-static,leave-one-seed-out,331,9,0.018490418388772908,-0.004182256737187806,4,-0.026210359630653286,0.08870714141500788,D-post-hoc-diagnostic
calibrated,fedavg__family-absent-everywhere,priority-macro,mcndroid-static,leave-one-seed-out,332,9,0.0023820886397126918,-0.004182256737187806,4,-0.03892335498391607,0.03439131236617654,D-post-hoc-diagnostic
calibrated,fedavg__family-absent-everywhere,priority-macro,mcndroid-static,leave-one-seed-out,333,9,0.025858501130016576,0.04055408608642691,5,-0.022860867629105275,0.09034167032464119,D-post-hoc-diagnostic
calibrated,fedavg__family-absent-everywhere,priority-macro,mcndroid-static,leave-one-seed-out,334,9,0.031048799171079895,0.04055408608642691,5,-0.01597765497357327,0.09257366336143598,D-post-hoc-diagnostic
calibrated,fedavg__family-absent-everywhere,priority-macro,mcndroid-static,leave-one-seed-out,335,9,0.018912378163069527,-0.004182256737187806,4,-0.026493119907831368,0.08762881124689842,D-post-hoc-diagnostic
calibrated,fedavg__family-absent-everywhere,priority-macro,mcndroid-static,leave-one-seed-out,336,9,0.037088476884053645,0.04055408608642691,5,-0.00006126246123746853,0.10177723414573701,D-post-hoc-diagnostic
calibrated,fedavg__family-absent-everywhere,priority-macro,mcndroid-static,leave-one-seed-out,337,9,0.02945487541253649,0.04055408608642691,5,-0.01918976880212074,0.09238945902392379,D-post-hoc-diagnostic
calibrated,fedavg__family-absent-everywhere,priority-macro,mcndroid-static,leave-one-seed-out,338,9,0.026361325557689094,0.04055408608642691,5,-0.022878861677726483,0.09077690102747717,D-post-hoc-diagnostic
calibrated,fedavg__family-absent-everywhere,priority-macro,mcndroid-static,leave-one-seed-out,339,9,0.020887796371837165,-0.004182256737187806,4,-0.026888757845927466,0.08830364890755327,D-post-hoc-diagnostic
calibrated,fedavg__family-absent-everywhere,priority-macro,mcndroid-static,valid-fpr-leave-one-out,330,8,0.02083982502061605,0.015923204750093234,4,-0.03011950369460449,0.09835194250712904,D-post-hoc-diagnostic
calibrated,fedavg__family-absent-everywhere,priority-macro,mcndroid-static,valid-fpr-leave-one-out,331,8,0.021324502779517994,0.015923204750093234,4,-0.0299029588129895,0.09839594562218512,D-post-hoc-diagnostic
calibrated,fedavg__family-absent-everywhere,priority-macro,mcndroid-static,valid-fpr-leave-one-out,332,8,0.0032026318118252538,0.015923204750093234,4,-0.043238208841113915,0.039652162773417585,D-post-hoc-diagnostic
calibrated,fedavg__family-absent-everywhere,priority-macro,mcndroid-static,valid-fpr-leave-one-out,334,8,0.03545268115961336,0.049443468025881274,5,-0.018367074101195865,0.10095946201100071,D-post-hoc-diagnostic
calibrated,fedavg__family-absent-everywhere,priority-macro,mcndroid-static,valid-fpr-leave-one-out,335,8,0.021799207525601695,0.015923204750093234,4,-0.02979820225034394,0.09459933063011221,D-post-hoc-diagnostic
calibrated,fedavg__family-absent-everywhere,priority-macro,mcndroid-static,valid-fpr-leave-one-out,336,8,0.042247318586708826,0.049443468025881274,5,-0.00012537244076796933,0.10813635677131805,D-post-hoc-diagnostic
calibrated,fedavg__family-absent-everywhere,priority-macro,mcndroid-static,valid-fpr-leave-one-out,337,8,0.03365951693125202,0.049443468025881274,5,-0.020138600582162963,0.09928121047874222,D-post-hoc-diagnostic
calibrated,fedavg__family-absent-everywhere,priority-macro,mcndroid-static,valid-fpr-leave-one-out,338,8,0.030179273344548705,0.049443468025881274,5,-0.024382155571918123,0.09886535561978887,D-post-hoc-diagnostic
calibrated,fedavg__family-absent-everywhere,priority-macro,mcndroid-static,valid-fpr-leave-one-out,339,8,0.024021553010465286,0.024812586689547597,4,-0.029161285157331893,0.09695212143075146,D-post-hoc-diagnostic
calibrated,fedavg__family-absent-everywhere,priority-macro,mcndroid-static,valid-fpr-only,,9,0.025858501130016576,0.04055408608642691,5,-0.022860867629105275,0.09034167032464119,D-post-hoc-diagnostic
calibrated,fedavg__family-absent-everywhere,priority-macro,report-json,all-seeds,,10,-0.09925467657509375,-0.11533568230800927,0,-0.1364779744505934,-0.05916734431790839,D-post-hoc-diagnostic
calibrated,fedavg__family-absent-everywhere,priority-macro,report-json,leave-one-seed-out,330,9,-0.10807611863446837,-0.12289461005847696,0,-0.1436223675361434,-0.06563761174898554,D-post-hoc-diagnostic
calibrated,fedavg__family-absent-everywhere,priority-macro,report-json,leave-one-seed-out,331,9,-0.10985914808458297,-0.12289461005847696,0,-0.14468275084884424,-0.07074790482305354,D-post-hoc-diagnostic
calibrated,fedavg__family-absent-everywhere,priority-macro,report-json,leave-one-seed-out,332,9,-0.1066408610072101,-0.12289461005847696,0,-0.14327228919941207,-0.0623392870328304,D-post-hoc-diagnostic
calibrated,fedavg__family-absent-everywhere,priority-macro,report-json,leave-one-seed-out,333,9,-0.09830777902148842,-0.12289461005847696,0,-0.14032055343086713,-0.05446114658799333,D-post-hoc-diagnostic
calibrated,fedavg__family-absent-everywhere,priority-macro,report-json,leave-one-seed-out,334,9,-0.09126246161861988,-0.10777675455754157,0,-0.13171433323054257,-0.052542673270279394,D-post-hoc-diagnostic
calibrated,fedavg__family-absent-everywhere,priority-macro,report-json,leave-one-seed-out,335,9,-0.10384187289992461,-0.12289461005847696,0,-0.1423210647011744,-0.0583163101446166,D-post-hoc-diagnostic
calibrated,fedavg__family-absent-everywhere,priority-macro,report-json,leave-one-seed-out,336,9,-0.08902878358572787,-0.10777675455754157,0,-0.12524361624691777,-0.05028634443964132,D-post-hoc-diagnostic
calibrated,fedavg__family-absent-everywhere,priority-macro,report-json,leave-one-seed-out,337,9,-0.09662801729916226,-0.10777675455754157,0,-0.13899910778016633,-0.05321591664368437,D-post-hoc-diagnostic
calibrated,fedavg__family-absent-everywhere,priority-macro,report-json,leave-one-seed-out,338,9,-0.09360936615462506,-0.10777675455754157,0,-0.13568499243327703,-0.052281716936285985,D-post-hoc-diagnostic
calibrated,fedavg__family-absent-everywhere,priority-macro,report-json,leave-one-seed-out,339,9,-0.0952923574451279,-0.10777675455754157,0,-0.1376113747171071,-0.05310758715624156,D-post-hoc-diagnostic
calibrated,fedavg__family-absent-everywhere,priority-macro,report-json,valid-fpr-leave-one-out,330,8,-0.1081135391440842,-0.12890507940163165,0,-0.14821971809730972,-0.05902333798065347,D-post-hoc-diagnostic
calibrated,fedavg__family-absent-everywhere,priority-macro,report-json,valid-fpr-leave-one-out,331,8,-0.11011944727546315,-0.12890507940163165,0,-0.14902782114140944,-0.06456456130664137,D-post-hoc-diagnostic
calibrated,fedavg__family-absent-everywhere,priority-macro,report-json,valid-fpr-leave-one-out,332,8,-0.10649887431341866,-0.12890507940163165,0,-0.14769733731818788,-0.05616530690037182,D-post-hoc-diagnostic
calibrated,fedavg__family-absent-everywhere,priority-macro,report-json,valid-fpr-leave-one-out,334,8,-0.08919817500125468,-0.09043225985504647,0,-0.13540835432248244,-0.04584243744902711,D-post-hoc-diagnostic
calibrated,fedavg__family-absent-everywhere,priority-macro,report-json,valid-fpr-leave-one-out,335,8,-0.10335001269272248,-0.12890507940163165,0,-0.14736831167413955,-0.05087368958434433,D-post-hoc-diagnostic
calibrated,fedavg__family-absent-everywhere,priority-macro,report-json,valid-fpr-leave-one-out,336,8,-0.08668528721425114,-0.09043225985504647,0,-0.12898933487301062,-0.04442619068719393,D-post-hoc-diagnostic
calibrated,fedavg__family-absent-everywhere,priority-macro,report-json,valid-fpr-leave-one-out,337,8,-0.09523442514186486,-0.09644272919820115,0,-0.14287216517578907,-0.0467915150717292,D-post-hoc-diagnostic
calibrated,fedavg__family-absent-everywhere,priority-macro,report-json,valid-fpr-leave-one-out,338,8,-0.0918384426042605,-0.09043225985504647,0,-0.13958824311521958,-0.04583676598393255,D-post-hoc-diagnostic
calibrated,fedavg__family-absent-everywhere,priority-macro,report-json,valid-fpr-leave-one-out,339,8,-0.09373180780607618,-0.09043225985504647,0,-0.14173731091854908,-0.046371636233764765,D-post-hoc-diagnostic
calibrated,fedavg__family-absent-everywhere,priority-macro,report-json,valid-fpr-only,,9,-0.09830777902148842,-0.12289461005847696,0,-0.14032055343086713,-0.05446114658799333,D-post-hoc-diagnostic
calibrated,fedavg__family-absent-everywhere,revmob,call-graph,all-seeds,,10,0.04949394411686582,0.03205510657916146,7,-0.0017247229348596295,0.10233262627219121,D-post-hoc-diagnostic
calibrated,fedavg__family-absent-everywhere,revmob,call-graph,leave-one-seed-out,330,9,0.04601891226660305,0.01941747572815533,6,-0.008551146587188372,0.1060852475726245,D-post-hoc-diagnostic
calibrated,fedavg__family-absent-everywhere,revmob,call-graph,leave-one-seed-out,331,9,0.03742713367482445,0.01941747572815533,6,-0.01089987161064172,0.09301455768348299,D-post-hoc-diagnostic
calibrated,fedavg__family-absent-everywhere,revmob,call-graph,leave-one-seed-out,332,9,0.034903985526676305,0.01941747572815533,6,-0.0130458807802455,0.08487437933961882,D-post-hoc-diagnostic
calibrated,fedavg__family-absent-everywhere,revmob,call-graph,leave-one-seed-out,333,9,0.052835773937833654,0.04469273743016759,6,-0.004565276852238508,0.10965549735557206,D-post-hoc-diagnostic
calibrated,fedavg__family-absent-everywhere,revmob,call-graph,leave-one-seed-out,334,9,0.0658692265613618,0.04469273743016759,7,0.024094448001320736,0.11707658159728163,D-post-hoc-diagnostic
calibrated,fedavg__family-absent-everywhere,revmob,call-graph,leave-one-seed-out,335,9,0.056749968649833345,0.04469273743016759,7,0.0003595861066614146,0.11056919941384363,D-post-hoc-diagnostic
calibrated,fedavg__family-absent-everywhere,revmob,call-graph,leave-one-seed-out,336,9,0.05643005285015742,0.04469273743016759,7,-0.00018117356527978627,0.11053211676471458,D-post-hoc-diagnostic
calibrated,fedavg__family-absent-everywhere,revmob,call-graph,leave-one-seed-out,337,9,0.05428405138280599,0.04469273743016759,6,-0.00228397986768175,0.10984045178303192,D-post-hoc-diagnostic
calibrated,fedavg__family-absent-everywhere,revmob,call-graph,leave-one-seed-out,338,9,0.04039292479206323,0.01941747572815533,6,-0.009088224923784525,0.0992705951693135,D-post-hoc-diagnostic
calibrated,fedavg__family-absent-everywhere,revmob,call-graph,leave-one-seed-out,339,9,0.05002741152649895,0.01941747572815533,6,-0.0055600124821595836,0.10775121889782396,D-post-hoc-diagnostic
calibrated,fedavg__family-absent-everywhere,revmob,call-graph,valid-fpr-leave-one-out,330,7,0.07037661893641,0.04469273743016759,5,0.017445281381625235,0.13252468866357694,D-post-hoc-diagnostic
calibrated,fedavg__family-absent-everywhere,revmob,call-graph,valid-fpr-leave-one-out,331,7,0.05933004646126609,0.04469273743016759,5,0.01468613663788768,0.12024789608395275,D-post-hoc-diagnostic
calibrated,fedavg__family-absent-everywhere,revmob,call-graph,valid-fpr-leave-one-out,332,7,0.056085998842218474,0.04469273743016759,5,0.013382333971966353,0.1098362361876145,D-post-hoc-diagnostic
calibrated,fedavg__family-absent-everywhere,revmob,call-graph,valid-fpr-leave-one-out,335,7,0.08417369142913467,0.08076923076923077,6,0.03482413924582553,0.13576873628262456,D-post-hoc-diagnostic
calibrated,fedavg__family-absent-everywhere,revmob,call-graph,valid-fpr-leave-one-out,336,7,0.08376237111526562,0.08076923076923077,6,0.033428054175706615,0.13535741596875553,D-post-hoc-diagnostic
calibrated,fedavg__family-absent-everywhere,revmob,call-graph,valid-fpr-leave-one-out,337,7,0.08100322637152806,0.08076923076923077,5,0.027553904689636508,0.13486386836728867,D-post-hoc-diagnostic
calibrated,fedavg__family-absent-everywhere,revmob,call-graph,valid-fpr-leave-one-out,338,7,0.06314320646914454,0.04469273743016759,5,0.015365653677083075,0.12569452361950367,D-post-hoc-diagnostic
calibrated,fedavg__family-absent-everywhere,revmob,call-graph,valid-fpr-leave-one-out,339,7,0.07553040369913332,0.08076923076923077,5,0.019428601086741958,0.1321133683497079,D-post-hoc-diagnostic
calibrated,fedavg__family-absent-everywhere,revmob,call-graph,valid-fpr-only,,8,0.07167569541551261,0.06273098409969918,6,0.02390857022362414,0.12569535115214828,D-post-hoc-diagnostic
calibrated,fedavg__family-absent-everywhere,revmob,mcndroid-static,all-seeds,,10,0.018343190444904615,-0.013272543059777105,4,-0.036108584471824634,0.07299720987222384,D-post-hoc-diagnostic
calibrated,fedavg__family-absent-everywhere,revmob,mcndroid-static,leave-one-seed-out,330,9,0.024868502203740168,-0.009523809523809518,4,-0.03704532306126388,0.08299068356228084,D-post-hoc-diagnostic
calibrated,fedavg__family-absent-everywhere,revmob,mcndroid-static,leave-one-seed-out,331,9,0.02143952377476174,-0.01702127659574469,4,-0.040352459989336634,0.08147604811682843,D-post-hoc-diagnostic
calibrated,fedavg__family-absent-everywhere,revmob,mcndroid-static,leave-one-seed-out,332,9,0.0017801322403702058,-0.01702127659574469,3,-0.051509562042813956,0.05149943756144337,D-post-hoc-diagnostic
calibrated,fedavg__family-absent-everywhere,revmob,mcndroid-static,leave-one-seed-out,333,9,0.006357590246226272,-0.01702127659574469,3,-0.04720818607953485,0.06664150359712204,D-post-hoc-diagnostic
calibrated,fedavg__family-absent-everywhere,revmob,mcndroid-static,leave-one-seed-out,334,9,0.036842228066354926,-0.009523809523809518,4,-0.0052953472134506544,0.09131464866171304,D-post-hoc-diagnostic
calibrated,fedavg__family-absent-everywhere,revmob,mcndroid-static,leave-one-seed-out,335,9,0.024114304710412243,-0.009523809523809518,4,-0.03727636621603773,0.08140726274570745,D-post-hoc-diagnostic
calibrated,fedavg__family-absent-everywhere,revmob,mcndroid-static,leave-one-seed-out,336,9,0.022297031528821218,-0.009523809523809518,4,-0.038956693337317896,0.08077185868813264,D-post-hoc-diagnostic
calibrated,fedavg__family-absent-everywhere,revmob,mcndroid-static,leave-one-seed-out,337,9,0.02227257567164343,-0.009523809523809518,4,-0.03898130661343647,0.08076575824518606,D-post-hoc-diagnostic
calibrated,fedavg__family-absent-everywhere,revmob,mcndroid-static,leave-one-seed-out,338,9,0.009492928754670067,-0.01702127659574469,3,-0.042839964040935916,0.07175313887925706,D-post-hoc-diagnostic
calibrated,fedavg__family-absent-everywhere,revmob,mcndroid-static,leave-one-seed-out,339,9,0.013967087252045892,-0.01702127659574469,3,-0.040927556328053935,0.07780226872334331,D-post-hoc-diagnostic
calibrated,fedavg__family-absent-everywhere,revmob,mcndroid-static,valid-fpr-leave-one-out,330,8,0.01220036595008148,-0.013272543059777105,3,-0.04903271333365028,0.07500286037264928,D-post-hoc-diagnostic
calibrated,fedavg__family-absent-everywhere,revmob,mcndroid-static,valid-fpr-leave-one-out,331,8,0.008342765217480747,-0.017131327953044756,3,-0.0510526344335462,0.07442881762396465,D-post-hoc-diagnostic
calibrated,fedavg__family-absent-everywhere,revmob,mcndroid-static,valid-fpr-leave-one-out,332,8,-0.01377405025870973,-0.017131327953044756,2,-0.0618702981268033,0.03137101424853077,D-post-hoc-diagnostic
calibrated,fedavg__family-absent-everywhere,revmob,mcndroid-static,valid-fpr-leave-one-out,334,8,0.025670807545523075,-0.013272543059777105,3,-0.012895055880877353,0.0879471796401737,D-post-hoc-diagnostic
calibrated,fedavg__family-absent-everywhere,revmob,mcndroid-static,valid-fpr-leave-one-out,335,8,0.011351893770087558,-0.013272543059777105,3,-0.05181374128778751,0.07294107988983586,D-post-hoc-diagnostic
calibrated,fedavg__family-absent-everywhere,revmob,mcndroid-static,valid-fpr-leave-one-out,336,8,0.009307461440797658,-0.013272543059777105,3,-0.053101676938369737,0.07180419309004517,D-post-hoc-diagnostic
calibrated,fedavg__family-absent-everywhere,revmob,mcndroid-static,valid-fpr-leave-one-out,337,8,0.009279948601472642,-0.013382594417077169,3,-0.05312924951475412,0.07178119858171447,D-post-hoc-diagnostic
calibrated,fedavg__family-absent-everywhere,revmob,mcndroid-static,valid-fpr-leave-one-out,338,8,-0.0050971541801223905,-0.017131327953044756,2,-0.05680610380501126,0.059913238063627895,D-post-hoc-diagnostic
calibrated,fedavg__family-absent-everywhere,revmob,mcndroid-static,valid-fpr-leave-one-out,339,8,-0.00006372587057458697,-0.017131327953044756,2,-0.05608956623242757,0.06544124998793396,D-post-hoc-diagnostic
calibrated,fedavg__family-absent-everywhere,revmob,mcndroid-static,valid-fpr-only,,9,0.006357590246226272,-0.01702127659574469,3,-0.04720818607953485,0.06664150359712204,D-post-hoc-diagnostic
calibrated,fedavg__family-absent-everywhere,revmob,report-json,all-seeds,,10,0.01585510525962253,0.013993000318167352,6,-0.019011724589414556,0.05916532118999902,D-post-hoc-diagnostic
calibrated,fedavg__family-absent-everywhere,revmob,report-json,leave-one-seed-out,330,9,0.014197980202999394,0.005714285714285713,5,-0.02449536105887072,0.06198533573174326,D-post-hoc-diagnostic
calibrated,fedavg__family-absent-everywhere,revmob,report-json,leave-one-seed-out,331,9,0.016981862986882177,0.02227171492204899,5,-0.022651916816580034,0.06290207003150684,D-post-hoc-diagnostic
calibrated,fedavg__family-absent-everywhere,revmob,report-json,leave-one-seed-out,332,9,0.0014957518757710657,0.005714285714285713,5,-0.031998505836000835,0.03075351033648957,D-post-hoc-diagnostic
calibrated,fedavg__family-absent-everywhere,revmob,report-json,leave-one-seed-out,333,9,0.011953353201090837,0.005714285714285713,5,-0.02502125340208338,0.06290968116253104,D-post-hoc-diagnostic
calibrated,fedavg__family-absent-everywhere,revmob,report-json,leave-one-seed-out,334,9,0.025847236296699928,0.02227171492204899,6,-0.007060866604642603,0.06977596432159568,D-post-hoc-diagnostic
calibrated,fedavg__family-absent-everywhere,revmob,report-json,leave-one-seed-out,335,9,0.025521921961723756,0.02227171492204899,6,-0.007998466881555569,0.06918323355805756,D-post-hoc-diagnostic
calibrated,fedavg__family-absent-everywhere,revmob,report-json,leave-one-seed-out,336,9,0.01761678362180281,0.02227171492204899,6,-0.021190907495382917,0.06468520624473806,D-post-hoc-diagnostic
calibrated,fedavg__family-absent-everywhere,revmob,report-json,leave-one-seed-out,337,9,0.020453663054426925,0.02227171492204899,6,-0.018148343200308958,0.06602018866576528,D-post-hoc-diagnostic
calibrated,fedavg__family-absent-everywhere,revmob,report-json,leave-one-seed-out,338,9,0.015142148630464033,0.005714285714285713,5,-0.023045840851909763,0.06331874654952772,D-post-hoc-diagnostic
calibrated,fedavg__family-absent-everywhere,revmob,report-json,leave-one-seed-out,339,9,0.009340350764364366,0.005714285714285713,5,-0.02503329914050919,0.05777100191998725,D-post-hoc-diagnostic
calibrated,fedavg__family-absent-everywhere,revmob,report-json,valid-fpr-leave-one-out,330,8,0.00960136850507335,0.0028571428571428567,4,-0.030658562891164108,0.06721771918701722,D-post-hoc-diagnostic
calibrated,fedavg__family-absent-everywhere,revmob,report-json,valid-fpr-leave-one-out,331,8,0.01273323663694148,0.011135857461024495,4,-0.029257255239723497,0.06928739783798764,D-post-hoc-diagnostic
calibrated,fedavg__family-absent-everywhere,revmob,report-json,valid-fpr-leave-one-out,332,8,-0.004688638363058519,0.0028571428571428567,4,-0.03779922932187699,0.028453762838109777,D-post-hoc-diagnostic
calibrated,fedavg__family-absent-everywhere,revmob,report-json,valid-fpr-leave-one-out,334,8,0.02270678161048645,0.013993000318167352,5,-0.014347932415114293,0.07082495022790215,D-post-hoc-diagnostic
calibrated,fedavg__family-absent-everywhere,revmob,report-json,valid-fpr-leave-one-out,335,8,0.022340802983638258,0.013993000318167352,5,-0.015395098494657804,0.07036238315228668,D-post-hoc-diagnostic
calibrated,fedavg__family-absent-everywhere,revmob,report-json,valid-fpr-leave-one-out,336,8,0.013447522351227191,0.013993000318167352,5,-0.02892702301252216,0.06580270502049852,D-post-hoc-diagnostic
calibrated,fedavg__family-absent-everywhere,revmob,report-json,valid-fpr-leave-one-out,337,8,0.016639011712929322,0.013993000318167352,5,-0.025810732865540652,0.06758263248878116,D-post-hoc-diagnostic
calibrated,fedavg__family-absent-everywhere,revmob,report-json,valid-fpr-leave-one-out,338,8,0.010663557985971068,0.0028571428571428567,4,-0.03013464288563491,0.06514804053604682,D-post-hoc-diagnostic
calibrated,fedavg__family-absent-everywhere,revmob,report-json,valid-fpr-leave-one-out,339,8,0.004136535386608941,0.0028571428571428567,4,-0.03215216521934709,0.059590765650034926,D-post-hoc-diagnostic
calibrated,fedavg__family-absent-everywhere,revmob,report-json,valid-fpr-only,,9,0.011953353201090837,0.005714285714285713,5,-0.02502125340208338,0.06290968116253104,D-post-hoc-diagnostic
calibrated,fedavg__peer-present,adwo,call-graph,all-seeds,,10,0.19807251306369153,0.15024973654959362,10,0.1232953413915015,0.2955931653667115,D-post-hoc-diagnostic
calibrated,fedavg__peer-present,adwo,call-graph,leave-one-seed-out,330,9,0.21398300909515863,0.15245478036175708,9,0.13026646117586294,0.30969248995247683,D-post-hoc-diagnostic
calibrated,fedavg__peer-present,adwo,call-graph,leave-one-seed-out,331,9,0.18646415110403092,0.14804469273743015,9,0.11041909391152636,0.2976051026351396,D-post-hoc-diagnostic
calibrated,fedavg__peer-present,adwo,call-graph,leave-one-seed-out,332,9,0.21291211128940637,0.15245478036175708,9,0.13204734400323268,0.31019915984230456,D-post-hoc-diagnostic
calibrated,fedavg__peer-present,adwo,call-graph,leave-one-seed-out,333,9,0.21678350445916272,0.15245478036175708,9,0.1400512976597952,0.31210670404271046,D-post-hoc-diagnostic
calibrated,fedavg__peer-present,adwo,call-graph,leave-one-seed-out,334,9,0.20363115976660948,0.15245478036175708,9,0.11834323542647755,0.3044886516037359,D-post-hoc-diagnostic
calibrated,fedavg__peer-present,adwo,call-graph,leave-one-seed-out,335,9,0.20314115003057315,0.14804469273743015,9,0.11811720321940357,0.30441339926228517,D-post-hoc-diagnostic
calibrated,fedavg__peer-present,adwo,call-graph,leave-one-seed-out,336,9,0.1844902922929906,0.14804469273743015,9,0.11013723009106222,0.2964400486748016,D-post-hoc-diagnostic
calibrated,fedavg__peer-present,adwo,call-graph,leave-one-seed-out,337,9,0.18445716040155719,0.14804469273743015,9,0.1101420854261157,0.29640786768695426,D-post-hoc-diagnostic
calibrated,fedavg__peer-present,adwo,call-graph,leave-one-seed-out,338,9,0.16871444985218914,0.14804469273743015,9,0.10305870489464705,0.24754940298436376,D-post-hoc-diagnostic
calibrated,fedavg__peer-present,adwo,call-graph,leave-one-seed-out,339,9,0.2061481423452372,0.15245478036175708,9,0.12113622111580091,0.3029786592051571,D-post-hoc-diagnostic
calibrated,fedavg__peer-present,adwo,call-graph,valid-fpr-leave-one-out,330,7,0.2497326855163638,0.30254777070063693,7,0.15636478210169283,0.3496315698230368,D-post-hoc-diagnostic
calibrated,fedavg__peer-present,adwo,call-graph,valid-fpr-leave-one-out,331,7,0.21435129667062822,0.15245478036175708,7,0.12235316002911681,0.3355414069390658,D-post-hoc-diagnostic
calibrated,fedavg__peer-present,adwo,call-graph,valid-fpr-leave-one-out,332,7,0.24835581690896805,0.30254777070063693,7,0.1533356304826656,0.35072767810528205,D-post-hoc-diagnostic
calibrated,fedavg__peer-present,adwo,call-graph,valid-fpr-leave-one-out,335,7,0.2357931524333253,0.30254777070063693,7,0.1335127987755543,0.34212461895106216,D-post-hoc-diagnostic
calibrated,fedavg__peer-present,adwo,call-graph,valid-fpr-leave-one-out,336,7,0.2118134781992906,0.15245478036175708,7,0.12226910961448759,0.3345194395902183,D-post-hoc-diagnostic
calibrated,fedavg__peer-present,adwo,call-graph,valid-fpr-leave-one-out,337,7,0.21177088005316194,0.15245478036175708,7,0.12237659532054176,0.33552008905264097,D-post-hoc-diagnostic
calibrated,fedavg__peer-present,adwo,call-graph,valid-fpr-leave-one-out,338,7,0.19153025220397443,0.15245478036175708,7,0.11315997505509855,0.2762419021685672,D-post-hoc-diagnostic
calibrated,fedavg__peer-present,adwo,call-graph,valid-fpr-leave-one-out,339,7,0.23965928540932196,0.30254777070063693,7,0.1336861193728796,0.34208202080493344,D-post-hoc-diagnostic
calibrated,fedavg__peer-present,adwo,call-graph,valid-fpr-only,,8,0.2253758559243793,0.227501275531197,8,0.13787838253018153,0.32705687440055237,D-post-hoc-diagnostic
calibrated,fedavg__peer-present,adwo,mcndroid-static,all-seeds,,10,0.3014627240681519,0.31501974878126887,10,0.21216585242305924,0.3834011227728639,D-post-hoc-diagnostic
calibrated,fedavg__peer-present,adwo,mcndroid-static,leave-one-seed-out,330,9,0.3291997747098707,0.3535031847133758,9,0.25145026578167007,0.3997092364206253,D-post-hoc-diagnostic
calibrated,fedavg__peer-present,adwo,mcndroid-static,leave-one-seed-out,331,9,0.29568045066312704,0.27653631284916197,9,0.20103158986446623,0.38511709964895185,D-post-hoc-diagnostic
calibrated,fedavg__peer-present,adwo,mcndroid-static,leave-one-seed-out,332,9,0.30879370774597525,0.3535031847133758,9,0.20699272071579924,0.39315615817697924,D-post-hoc-diagnostic
calibrated,fedavg__peer-present,adwo,mcndroid-static,leave-one-seed-out,333,9,0.3099008836497435,0.3535031847133758,9,0.20759009576045162,0.39308052368812363,D-post-hoc-diagnostic
calibrated,fedavg__peer-present,adwo,mcndroid-static,leave-one-seed-out,334,9,0.30423232531470634,0.3535031847133758,9,0.20237540574392165,0.39092526300340136,D-post-hoc-diagnostic
calibrated,fedavg__peer-present,adwo,mcndroid-static,leave-one-seed-out,335,9,0.29275358660457873,0.27653631284916197,9,0.1977072087889376,0.3815980952224761,D-post-hoc-diagnostic
calibrated,fedavg__peer-present,adwo,mcndroid-static,leave-one-seed-out,336,9,0.29112177674239104,0.27653631284916197,9,0.19732270866003676,0.38024259516842385,D-post-hoc-diagnostic
calibrated,fedavg__peer-present,adwo,mcndroid-static,leave-one-seed-out,337,9,0.27940302674239104,0.27653631284916197,9,0.1916236772777714,0.35662235642650636,D-post-hoc-diagnostic
calibrated,fedavg__peer-present,adwo,mcndroid-static,leave-one-seed-out,338,9,0.2828638646294584,0.27653631284916197,9,0.19482079403481126,0.3662534282066735,D-post-hoc-diagnostic
calibrated,fedavg__peer-present,adwo,mcndroid-static,leave-one-seed-out,339,9,0.3206778438792771,0.3535031847133758,9,0.22364344279029502,0.39587645613857303,D-post-hoc-diagnostic
calibrated,fedavg__peer-present,adwo,mcndroid-static,valid-fpr-leave-one-out,330,8,0.342159835569376,0.3666740729768429,8,0.2531030038289032,0.4126335231192768,D-post-hoc-diagnostic
calibrated,fedavg__peer-present,adwo,mcndroid-static,valid-fpr-leave-one-out,331,8,0.3044505960167894,0.328190637044736,8,0.1914545173738014,0.3977865196463982,D-post-hoc-diagnostic
calibrated,fedavg__peer-present,adwo,mcndroid-static,valid-fpr-leave-one-out,332,8,0.31920301023499364,0.3666740729768429,8,0.19884701166452406,0.4046623908312467,D-post-hoc-diagnostic
calibrated,fedavg__peer-present,adwo,mcndroid-static,valid-fpr-leave-one-out,334,8,0.31407145499981615,0.3666740729768429,8,0.1966774706392358,0.4022595709778104,D-post-hoc-diagnostic
calibrated,fedavg__peer-present,adwo,mcndroid-static,valid-fpr-leave-one-out,335,8,0.30115787395092264,0.31501974878126887,8,0.19233574243545642,0.39538206231619444,D-post-hoc-diagnostic
calibrated,fedavg__peer-present,adwo,mcndroid-static,valid-fpr-leave-one-out,336,8,0.29932208785596137,0.31501974878126887,8,0.19159523285454505,0.3937537600168092,D-post-hoc-diagnostic
calibrated,fedavg__peer-present,adwo,mcndroid-static,valid-fpr-leave-one-out,337,8,0.28613849410596137,0.31501974878126887,8,0.18339955210343237,0.36751382863610227,D-post-hoc-diagnostic
calibrated,fedavg__peer-present,adwo,mcndroid-static,valid-fpr-leave-one-out,338,8,0.2900319367289122,0.31501974878126887,8,0.1878433916132577,0.3789287665387613,D-post-hoc-diagnostic
calibrated,fedavg__peer-present,adwo,mcndroid-static,valid-fpr-leave-one-out,339,8,0.3325726633849583,0.3666740729768429,8,0.21507257679915956,0.40814421937142764,D-post-hoc-diagnostic
calibrated,fedavg__peer-present,adwo,mcndroid-static,valid-fpr-only,,9,0.3099008836497435,0.3535031847133758,9,0.20759009576045162,0.39308052368812363,D-post-hoc-diagnostic
calibrated,fedavg__peer-present,adwo,report-json,all-seeds,,10,-0.27073494360748124,-0.2672702680878553,0,-0.35613231497368114,-0.1798177150873129,D-post-hoc-diagnostic
calibrated,fedavg__peer-present,adwo,report-json,leave-one-seed-out,330,9,-0.24559980184029082,-0.2454780361757106,0,-0.32430796424630887,-0.1631359512796245,D-post-hoc-diagnostic
calibrated,fedavg__peer-present,adwo,report-json,leave-one-seed-out,331,9,-0.2756927540436982,-0.2890625,0,-0.367291751973706,-0.17804159710170095,D-post-hoc-diagnostic
calibrated,fedavg__peer-present,adwo,report-json,leave-one-seed-out,332,9,-0.2592395430764129,-0.2454780361757106,0,-0.35588284896561895,-0.1687248762297583,D-post-hoc-diagnostic
calibrated,fedavg__peer-present,adwo,report-json,leave-one-seed-out,333,9,-0.2675162413310952,-0.2454780361757106,0,-0.3621973217633799,-0.17101112290981343,D-post-hoc-diagnostic
calibrated,fedavg__peer-present,adwo,report-json,leave-one-seed-out,334,9,-0.28964341965077056,-0.2890625,0,-0.3713291802567197,-0.19295773327528934,D-post-hoc-diagnostic
calibrated,fedavg__peer-present,adwo,report-json,leave-one-seed-out,335,9,-0.27354126665545575,-0.2890625,0,-0.3665040626109044,-0.17286002891394303,D-post-hoc-diagnostic
calibrated,fedavg__peer-present,adwo,report-json,leave-one-seed-out,336,9,-0.2686985484527569,-0.2454780361757106,0,-0.3634250876397259,-0.17087792541798538,D-post-hoc-diagnostic
calibrated,fedavg__peer-present,adwo,report-json,leave-one-seed-out,337,9,-0.27918810528057714,-0.2890625,0,-0.36797279390168547,-0.17849509989365597,D-post-hoc-diagnostic
calibrated,fedavg__peer-present,adwo,report-json,leave-one-seed-out,338,9,-0.29826651293363127,-0.2890625,0,-0.38092838938613416,-0.22518504568100267,D-post-hoc-diagnostic
calibrated,fedavg__peer-present,adwo,report-json,leave-one-seed-out,339,9,-0.24996324281012372,-0.2454780361757106,0,-0.33742686180078707,-0.16604666785573655,D-post-hoc-diagnostic
calibrated,fedavg__peer-present,adwo,report-json,valid-fpr-leave-one-out,330,8,-0.2388368690584577,-0.23579634292861962,0,-0.3284588177003285,-0.14952516226788187,D-post-hoc-diagnostic
calibrated,fedavg__peer-present,adwo,report-json,valid-fpr-leave-one-out,331,8,-0.27269144028729103,-0.2672702680878553,0,-0.37620557173073216,-0.16359165164910816,D-post-hoc-diagnostic
calibrated,fedavg__peer-present,adwo,report-json,valid-fpr-leave-one-out,332,8,-0.254181577949095,-0.23579634292861962,0,-0.3629806979658928,-0.1563227382187455,D-post-hoc-diagnostic
calibrated,fedavg__peer-present,adwo,report-json,valid-fpr-leave-one-out,334,8,-0.28838593909524746,-0.2672702680878553,0,-0.37967851167963024,-0.1811780505282003,D-post-hoc-diagnostic
calibrated,fedavg__peer-present,adwo,report-json,valid-fpr-leave-one-out,335,8,-0.27027101697551825,-0.2575885748407643,0,-0.37475187708910374,-0.1581624968426545,D-post-hoc-diagnostic
calibrated,fedavg__peer-present,adwo,report-json,valid-fpr-leave-one-out,336,8,-0.2648229589974821,-0.23579634292861962,0,-0.3726454780647066,-0.15550667396750192,D-post-hoc-diagnostic
calibrated,fedavg__peer-present,adwo,report-json,valid-fpr-leave-one-out,337,8,-0.2766237104287798,-0.2672702680878553,0,-0.37578622081608815,-0.16208931118408412,D-post-hoc-diagnostic
calibrated,fedavg__peer-present,adwo,report-json,valid-fpr-leave-one-out,338,8,-0.29808691903846574,-0.2672702680878553,0,-0.3883851271738108,-0.21288303795700636,D-post-hoc-diagnostic
calibrated,fedavg__peer-present,adwo,report-json,valid-fpr-leave-one-out,339,8,-0.24374574014951972,-0.23579634292861962,0,-0.3461878808412355,-0.1512317301285281,D-post-hoc-diagnostic
calibrated,fedavg__peer-present,adwo,report-json,valid-fpr-only,,9,-0.2675162413310952,-0.2454780361757106,0,-0.3621973217633799,-0.17101112290981343,D-post-hoc-diagnostic
calibrated,fedavg__peer-present,contrast-macro,call-graph,all-seeds,,10,0.06288271779260858,0.05932804276032072,9,0.030647076756351067,0.0911983442866339,D-post-hoc-diagnostic
calibrated,fedavg__peer-present,contrast-macro,call-graph,leave-one-seed-out,330,9,0.059192641807669984,0.05651362082294964,8,0.026191042420175194,0.09112458191577362,D-post-hoc-diagnostic
calibrated,fedavg__peer-present,contrast-macro,call-graph,leave-one-seed-out,331,9,0.07313540488821772,0.0621424646976918,9,0.04703969718088373,0.09923509812297193,D-post-hoc-diagnostic
calibrated,fedavg__peer-present,contrast-macro,call-graph,leave-one-seed-out,332,9,0.06359039523368179,0.0621424646976918,8,0.02655274443740463,0.09475702573755514,D-post-hoc-diagnostic
calibrated,fedavg__peer-present,contrast-macro,call-graph,leave-one-seed-out,333,9,0.06824132830143441,0.0621424646976918,8,0.03157714950106713,0.09602994158266341,D-post-hoc-diagnostic
calibrated,fedavg__peer-present,contrast-macro,call-graph,leave-one-seed-out,334,9,0.05735504402780441,0.05651362082294964,8,0.025210074689603963,0.08879015978451685,D-post-hoc-diagnostic
calibrated,fedavg__peer-present,contrast-macro,call-graph,leave-one-seed-out,335,9,0.057470183255115326,0.05651362082294964,8,0.025266689649197004,0.0890474629267945,D-post-hoc-diagnostic
calibrated,fedavg__peer-present,contrast-macro,call-graph,leave-one-seed-out,336,9,0.06296496813648822,0.05651362082294964,8,0.026865668689605708,0.09411153162887606,D-post-hoc-diagnostic
calibrated,fedavg__peer-present,contrast-macro,call-graph,leave-one-seed-out,337,9,0.06655989590087255,0.0621424646976918,8,0.029834556372245566,0.09581825565461993,D-post-hoc-diagnostic
calibrated,fedavg__peer-present,contrast-macro,call-graph,leave-one-seed-out,338,9,0.054830261004241966,0.05651362082294964,8,0.023795318376544583,0.0813448985676453,D-post-hoc-diagnostic
calibrated,fedavg__peer-present,contrast-macro,call-graph,leave-one-seed-out,339,9,0.0654870553705594,0.0621424646976918,8,0.028885884587315412,0.0956348550851564,D-post-hoc-diagnostic
calibrated,fedavg__peer-present,contrast-macro,call-graph,valid-fpr-leave-one-out,330,7,0.05792096734000109,0.05651362082294964,6,0.02026044591150176,0.09314292573537206,D-post-hoc-diagnostic
calibrated,fedavg__peer-present,contrast-macro,call-graph,valid-fpr-leave-one-out,331,7,0.07584737701499103,0.0621424646976918,7,0.05094707205403829,0.10462992892449563,D-post-hoc-diagnostic
calibrated,fedavg__peer-present,contrast-macro,call-graph,valid-fpr-leave-one-out,332,7,0.06357522174487341,0.0621424646976918,6,0.021278403904746983,0.09756931590858742,D-post-hoc-diagnostic
calibrated,fedavg__peer-present,contrast-macro,call-graph,valid-fpr-leave-one-out,335,7,0.055706377772430815,0.05651362082294964,6,0.019094916955095496,0.09050459248967942,D-post-hoc-diagnostic
calibrated,fedavg__peer-present,contrast-macro,call-graph,valid-fpr-leave-one-out,336,7,0.06277110119133882,0.05651362082294964,6,0.02130950652266577,0.09779328937414551,D-post-hoc-diagnostic
calibrated,fedavg__peer-present,contrast-macro,call-graph,valid-fpr-leave-one-out,337,7,0.06739315117411868,0.0621424646976918,6,0.023716966937875346,0.09826251213844704,D-post-hoc-diagnostic
calibrated,fedavg__peer-present,contrast-macro,call-graph,valid-fpr-leave-one-out,338,7,0.05231219202130793,0.05651362082294964,6,0.01527698752585024,0.08031792483331095,D-post-hoc-diagnostic
calibrated,fedavg__peer-present,contrast-macro,call-graph,valid-fpr-leave-one-out,339,7,0.06601378477800178,0.0621424646976918,6,0.022337600541758453,0.09927017915174219,D-post-hoc-diagnostic
calibrated,fedavg__peer-present,contrast-macro,call-graph,valid-fpr-only,,8,0.06269252162963294,0.05932804276032072,7,0.025717702376053017,0.09300839511332303,D-post-hoc-diagnostic
calibrated,fedavg__peer-present,contrast-macro,mcndroid-static,all-seeds,,10,-0.053840763821153007,-0.045125755424122005,1,-0.0777788562100884,-0.028068095815278204,D-post-hoc-diagnostic
calibrated,fedavg__peer-present,contrast-macro,mcndroid-static,leave-one-seed-out,330,9,-0.06236260745383336,-0.045448043584021436,0,-0.08472710343672524,-0.04283273827688959,D-post-hoc-diagnostic
calibrated,fedavg__peer-present,contrast-macro,mcndroid-static,leave-one-seed-out,331,9,-0.054844907883034165,-0.045448043584021436,1,-0.08040426236184639,-0.025975891054236463,D-post-hoc-diagnostic
calibrated,fedavg__peer-present,contrast-macro,mcndroid-static,leave-one-seed-out,332,9,-0.05755252963571701,-0.045448043584021436,1,-0.08144378678327815,-0.028339895777378693,D-post-hoc-diagnostic
calibrated,fedavg__peer-present,contrast-macro,mcndroid-static,leave-one-seed-out,333,9,-0.05522436432185153,-0.045448043584021436,1,-0.08087042424074611,-0.02637035457114495,D-post-hoc-diagnostic
calibrated,fedavg__peer-present,contrast-macro,mcndroid-static,leave-one-seed-out,334,9,-0.04759236962177224,-0.044803467264222574,1,-0.07055925667128224,-0.022541750762432183,D-post-hoc-diagnostic
calibrated,fedavg__peer-present,contrast-macro,mcndroid-static,leave-one-seed-out,335,9,-0.049275488853264666,-0.044803467264222574,1,-0.07474302479450322,-0.023301961005285404,D-post-hoc-diagnostic
calibrated,fedavg__peer-present,contrast-macro,mcndroid-static,leave-one-seed-out,336,9,-0.05695749240166099,-0.045448043584021436,1,-0.08045584704608058,-0.027520069680809483,D-post-hoc-diagnostic
calibrated,fedavg__peer-present,contrast-macro,mcndroid-static,leave-one-seed-out,337,9,-0.048380076094143604,-0.044803467264222574,1,-0.07258710007836697,-0.022855854028900183,D-post-hoc-diagnostic
calibrated,fedavg__peer-present,contrast-macro,mcndroid-static,leave-one-seed-out,338,9,-0.05144451365430707,-0.044803467264222574,1,-0.07752191851828774,-0.024059440850336553,D-post-hoc-diagnostic
calibrated,fedavg__peer-present,contrast-macro,mcndroid-static,leave-one-seed-out,339,9,-0.0547732882919454,-0.044803467264222574,1,-0.0802899672325663,-0.025625931042973112,D-post-hoc-diagnostic
calibrated,fedavg__peer-present,contrast-macro,mcndroid-static,valid-fpr-leave-one-out,330,8,-0.06498438847120425,-0.06042752945339391,0,-0.08725142209634418,-0.041989069313717764,D-post-hoc-diagnostic
calibrated,fedavg__peer-present,contrast-macro,mcndroid-static,valid-fpr-leave-one-out,331,8,-0.05652697645405515,-0.06042752945339391,1,-0.0840038932838336,-0.022825627079942096,D-post-hoc-diagnostic
calibrated,fedavg__peer-present,contrast-macro,mcndroid-static,valid-fpr-leave-one-out,332,8,-0.05957305092582335,-0.06042752945339391,1,-0.08480742305577743,-0.024851759826920512,D-post-hoc-diagnostic
calibrated,fedavg__peer-present,contrast-macro,mcndroid-static,valid-fpr-leave-one-out,334,8,-0.04836787091013549,-0.045125755424122005,1,-0.07358807615965879,-0.02026113927390598,D-post-hoc-diagnostic
calibrated,fedavg__peer-present,contrast-macro,mcndroid-static,valid-fpr-leave-one-out,335,8,-0.05026138004556446,-0.045125755424122005,1,-0.07836548141224908,-0.02136200696002863,D-post-hoc-diagnostic
calibrated,fedavg__peer-present,contrast-macro,mcndroid-static,valid-fpr-leave-one-out,336,8,-0.058903634037510325,-0.06042752945339391,1,-0.08427409443955718,-0.024324924938055464,D-post-hoc-diagnostic
calibrated,fedavg__peer-present,contrast-macro,mcndroid-static,valid-fpr-leave-one-out,337,8,-0.04925404069155327,-0.045125755424122005,1,-0.07647101445788565,-0.020336556292868454,D-post-hoc-diagnostic
calibrated,fedavg__peer-present,contrast-macro,mcndroid-static,valid-fpr-leave-one-out,338,8,-0.05270153294673717,-0.045125755424122005,1,-0.08171541185230174,-0.021657080702594984,D-post-hoc-diagnostic
calibrated,fedavg__peer-present,contrast-macro,mcndroid-static,valid-fpr-leave-one-out,339,8,-0.05644640441408029,-0.06010524129349448,1,-0.08451432246377313,-0.022842860791211166,D-post-hoc-diagnostic
calibrated,fedavg__peer-present,contrast-macro,mcndroid-static,valid-fpr-only,,9,-0.05522436432185153,-0.045448043584021436,1,-0.08087042424074611,-0.02637035457114495,D-post-hoc-diagnostic
calibrated,fedavg__peer-present,contrast-macro,report-json,all-seeds,,10,-0.3455683503358607,-0.3520417514214287,0,-0.36390697985959997,-0.32225922037069904,D-post-hoc-diagnostic
calibrated,fedavg__peer-present,contrast-macro,report-json,leave-one-seed-out,330,9,-0.3487737161014503,-0.360478921214757,0,-0.3669488629156105,-0.3225689040092404,D-post-hoc-diagnostic
calibrated,fedavg__peer-present,contrast-macro,report-json,leave-one-seed-out,331,9,-0.34616101591144266,-0.360478921214757,0,-0.3659296156138211,-0.3204717337045365,D-post-hoc-diagnostic
calibrated,fedavg__peer-present,contrast-macro,report-json,leave-one-seed-out,332,9,-0.3437964175812827,-0.3436045816281003,0,-0.36435804701866314,-0.31972553820077676,D-post-hoc-diagnostic
calibrated,fedavg__peer-present,contrast-macro,report-json,leave-one-seed-out,333,9,-0.34350055444744965,-0.3436045816281003,0,-0.364042564053096,-0.3197052573550384,D-post-hoc-diagnostic
calibrated,fedavg__peer-present,contrast-macro,report-json,leave-one-seed-out,334,9,-0.34341007207067714,-0.3436045816281003,0,-0.3639704147798305,-0.3196350558240042,D-post-hoc-diagnostic
calibrated,fedavg__peer-present,contrast-macro,report-json,leave-one-seed-out,335,9,-0.34391162023820554,-0.3436045816281003,0,-0.3644634411334126,-0.3197061998917933,D-post-hoc-diagnostic
calibrated,fedavg__peer-present,contrast-macro,report-json,leave-one-seed-out,336,9,-0.3391859978768553,-0.3436045816281003,0,-0.3533976014578588,-0.3147065029594745,D-post-hoc-diagnostic
calibrated,fedavg__peer-present,contrast-macro,report-json,leave-one-seed-out,337,9,-0.34578654685894517,-0.360478921214757,0,-0.36628510332952613,-0.3207022190907573,D-post-hoc-diagnostic
calibrated,fedavg__peer-present,contrast-macro,report-json,leave-one-seed-out,338,9,-0.34764899898833723,-0.360478921214757,0,-0.36680431297937394,-0.32159695846741965,D-post-hoc-diagnostic
calibrated,fedavg__peer-present,contrast-macro,report-json,leave-one-seed-out,339,9,-0.3535085632839611,-0.360478921214757,0,-0.370980966074126,-0.3393182514542028,D-post-hoc-diagnostic
calibrated,fedavg__peer-present,contrast-macro,report-json,valid-fpr-leave-one-out,330,8,-0.34684811644768665,-0.3520417514214287,0,-0.3674414260068857,-0.31784341079265166,D-post-hoc-diagnostic
calibrated,fedavg__peer-present,contrast-macro,report-json,valid-fpr-leave-one-out,331,8,-0.34390882873392803,-0.3520417514214287,0,-0.3667482970268599,-0.3157654468909142,D-post-hoc-diagnostic
calibrated,fedavg__peer-present,contrast-macro,report-json,valid-fpr-leave-one-out,332,8,-0.3412486556124981,-0.3419194708918616,0,-0.3647765863052559,-0.3154193610304336,D-post-hoc-diagnostic
calibrated,fedavg__peer-present,contrast-macro,report-json,valid-fpr-leave-one-out,334,8,-0.3408140169130668,-0.3419194708918616,0,-0.36422291761187364,-0.3151698766558501,D-post-hoc-diagnostic
calibrated,fedavg__peer-present,contrast-macro,report-json,valid-fpr-leave-one-out,335,8,-0.34137825860153626,-0.3419194708918616,0,-0.3649190289052145,-0.31516987665585017,D-post-hoc-diagnostic
calibrated,fedavg__peer-present,contrast-macro,report-json,valid-fpr-leave-one-out,336,8,-0.33606193344501734,-0.3419194708918616,0,-0.3514860250217473,-0.30927869775352745,D-post-hoc-diagnostic
calibrated,fedavg__peer-present,contrast-macro,report-json,valid-fpr-leave-one-out,337,8,-0.3434875510498684,-0.3503566406851899,0,-0.36659007371076335,-0.3157383232101217,D-post-hoc-diagnostic
calibrated,fedavg__peer-present,contrast-macro,report-json,valid-fpr-leave-one-out,338,8,-0.3455828096954344,-0.3520417514214287,0,-0.3670190251128542,-0.3171734507134969,D-post-hoc-diagnostic
calibrated,fedavg__peer-present,contrast-macro,report-json,valid-fpr-leave-one-out,339,8,-0.3521748195280112,-0.3520417514214287,0,-0.37187791093583406,-0.3371730567860157,D-post-hoc-diagnostic
calibrated,fedavg__peer-present,contrast-macro,report-json,valid-fpr-only,,9,-0.34350055444744965,-0.3436045816281003,0,-0.364042564053096,-0.3197052573550384,D-post-hoc-diagnostic
calibrated,fedavg__peer-present,gappusin,call-graph,all-seeds,,10,0.2282261731593181,0.13227206692386356,10,0.1319710202971564,0.3403432844584473,D-post-hoc-diagnostic
calibrated,fedavg__peer-present,gappusin,call-graph,leave-one-seed-out,330,9,0.20095305789631834,0.12331406551059731,9,0.11644759611722083,0.3195828110945581,D-post-hoc-diagnostic
calibrated,fedavg__peer-present,gappusin,call-graph,leave-one-seed-out,331,9,0.20272553031447715,0.12331406551059731,9,0.11703733607169053,0.32509299707911105,D-post-hoc-diagnostic
calibrated,fedavg__peer-present,gappusin,call-graph,leave-one-seed-out,332,9,0.21180242201654684,0.12331406551059731,9,0.11975406545896675,0.33923698083582615,D-post-hoc-diagnostic
calibrated,fedavg__peer-present,gappusin,call-graph,leave-one-seed-out,333,9,0.2419851252441752,0.1412300683371298,9,0.132177013125527,0.3595525559189875,D-post-hoc-diagnostic
calibrated,fedavg__peer-present,gappusin,call-graph,leave-one-seed-out,334,9,0.24736573137104992,0.1412300683371298,9,0.14011165126184974,0.3614564398284372,D-post-hoc-diagnostic
calibrated,fedavg__peer-present,gappusin,call-graph,leave-one-seed-out,335,9,0.20746304355228218,0.12331406551059731,9,0.11729338754199192,0.332169432410469,D-post-hoc-diagnostic
calibrated,fedavg__peer-present,gappusin,call-graph,leave-one-seed-out,336,9,0.24448782072932682,0.1412300683371298,9,0.13730539877090747,0.36389155904096115,D-post-hoc-diagnostic
calibrated,fedavg__peer-present,gappusin,call-graph,leave-one-seed-out,337,9,0.24770351943137847,0.1412300683371298,9,0.142927348188317,0.3642867078416582,D-post-hoc-diagnostic
calibrated,fedavg__peer-present,gappusin,call-graph,leave-one-seed-out,338,9,0.2378924070284501,0.12331406551059731,9,0.12643329911842424,0.3606906271639757,D-post-hoc-diagnostic
calibrated,fedavg__peer-present,gappusin,call-graph,leave-one-seed-out,339,9,0.23988307400917597,0.1412300683371298,9,0.13080202978039196,0.3617774137850713,D-post-hoc-diagnostic
calibrated,fedavg__peer-present,gappusin,call-graph,valid-fpr-leave-one-out,330,7,0.23545882391678993,0.1412300683371298,7,0.12891199797220015,0.3643803600529072,D-post-hoc-diagnostic
calibrated,fedavg__peer-present,gappusin,call-graph,valid-fpr-leave-one-out,331,7,0.23773771702585125,0.1412300683371298,7,0.12891199797220015,0.3677340531318014,D-post-hoc-diagnostic
calibrated,fedavg__peer-present,gappusin,call-graph,valid-fpr-leave-one-out,332,7,0.24940800635708368,0.1412300683371298,7,0.1348323866123941,0.39271083541147533,D-post-hoc-diagnostic
calibrated,fedavg__peer-present,gappusin,call-graph,valid-fpr-leave-one-out,335,7,0.24382880547445773,0.1412300683371298,7,0.13145238338151055,0.37950489223698486,D-post-hoc-diagnostic
calibrated,fedavg__peer-present,gappusin,call-graph,valid-fpr-leave-one-out,336,7,0.29143209041637225,0.3760399334442595,7,0.16093551349569327,0.4015004970790962,D-post-hoc-diagnostic
calibrated,fedavg__peer-present,gappusin,call-graph,valid-fpr-leave-one-out,337,7,0.29556656017615296,0.3760399334442595,7,0.16726253587091125,0.4015927045351236,D-post-hoc-diagnostic
calibrated,fedavg__peer-present,gappusin,call-graph,valid-fpr-leave-one-out,338,7,0.28295227280095936,0.3760399334442595,7,0.14092347506100053,0.3969250822592558,D-post-hoc-diagnostic
calibrated,fedavg__peer-present,gappusin,call-graph,valid-fpr-leave-one-out,339,7,0.2855117017761783,0.3760399334442595,7,0.14663484478416125,0.39880192386008184,D-post-hoc-diagnostic
calibrated,fedavg__peer-present,gappusin,call-graph,valid-fpr-only,,8,0.26523699724298067,0.2586350008906947,8,0.14628259884413727,0.38639344084182814,D-post-hoc-diagnostic
calibrated,fedavg__peer-present,gappusin,mcndroid-static,all-seeds,,10,0.21305962056036956,0.12450277088362283,10,0.12694073803270206,0.33201959212118,D-post-hoc-diagnostic
calibrated,fedavg__peer-present,gappusin,mcndroid-static,leave-one-seed-out,330,9,0.1861256242843513,0.08955223880597007,9,0.10904083245190128,0.31038164155504644,D-post-hoc-diagnostic
calibrated,fedavg__peer-present,gappusin,mcndroid-static,leave-one-seed-out,331,9,0.19549579833168212,0.08955223880597007,9,0.11230343774716431,0.3318401818708201,D-post-hoc-diagnostic
calibrated,fedavg__peer-present,gappusin,mcndroid-static,leave-one-seed-out,332,9,0.207892090879612,0.08955223880597007,9,0.11714931022139036,0.33799838537858184,D-post-hoc-diagnostic
calibrated,fedavg__peer-present,gappusin,mcndroid-static,leave-one-seed-out,333,9,0.22716840216923442,0.15945330296127558,9,0.13112005353930456,0.3461855002469584,D-post-hoc-diagnostic
calibrated,fedavg__peer-present,gappusin,mcndroid-static,leave-one-seed-out,334,9,0.22678266297752506,0.15945330296127558,9,0.12991300416149354,0.34569119577040897,D-post-hoc-diagnostic
calibrated,fedavg__peer-present,gappusin,mcndroid-static,leave-one-seed-out,335,9,0.1816538189188021,0.08955223880597007,9,0.10820629162677219,0.29256419498097275,D-post-hoc-diagnostic
calibrated,fedavg__peer-present,gappusin,mcndroid-static,leave-one-seed-out,336,9,0.22785268647924972,0.15945330296127558,9,0.13436433358618374,0.3509538985652529,D-post-hoc-diagnostic
calibrated,fedavg__peer-present,gappusin,mcndroid-static,leave-one-seed-out,337,9,0.2300116346911059,0.15945330296127558,9,0.13809457132167632,0.35173091472729767,D-post-hoc-diagnostic
calibrated,fedavg__peer-present,gappusin,mcndroid-static,leave-one-seed-out,338,9,0.21901587807138004,0.08955223880597007,9,0.12310969602655518,0.348169543755108,D-post-hoc-diagnostic
calibrated,fedavg__peer-present,gappusin,mcndroid-static,leave-one-seed-out,339,9,0.2285976088007532,0.15945330296127558,9,0.13630737067038934,0.3520244875737087,D-post-hoc-diagnostic
calibrated,fedavg__peer-present,gappusin,mcndroid-static,valid-fpr-leave-one-out,330,8,0.19863125405982196,0.12450277088362283,8,0.11424188086364553,0.3324837647139468,D-post-hoc-diagnostic
calibrated,fedavg__peer-present,gappusin,mcndroid-static,valid-fpr-leave-one-out,331,8,0.20917269986306913,0.12450277088362283,8,0.1181556242960266,0.35466657697934545,D-post-hoc-diagnostic
calibrated,fedavg__peer-present,gappusin,mcndroid-static,valid-fpr-leave-one-out,332,8,0.22311852897949025,0.12450277088362283,8,0.12252578278134313,0.36553055806710033,D-post-hoc-diagnostic
calibrated,fedavg__peer-present,gappusin,mcndroid-static,valid-fpr-leave-one-out,334,8,0.24437042258964248,0.20951034532423177,8,0.13888509279316721,0.37051959317398275,D-post-hoc-diagnostic
calibrated,fedavg__peer-present,gappusin,mcndroid-static,valid-fpr-leave-one-out,335,8,0.19360047302357913,0.12450277088362283,8,0.10941799127661342,0.31440245462010713,D-post-hoc-diagnostic
calibrated,fedavg__peer-present,gappusin,mcndroid-static,valid-fpr-leave-one-out,336,8,0.24557419902908273,0.20951034532423177,8,0.1413488596531572,0.36885880748141076,D-post-hoc-diagnostic
calibrated,fedavg__peer-present,gappusin,mcndroid-static,valid-fpr-leave-one-out,337,8,0.2480030157674209,0.20951034532423177,8,0.14544189900622417,0.36918703302479394,D-post-hoc-diagnostic
calibrated,fedavg__peer-present,gappusin,mcndroid-static,valid-fpr-leave-one-out,338,8,0.23563278957022932,0.17455981324657902,8,0.12556233983167006,0.36326095192972685,D-post-hoc-diagnostic
calibrated,fedavg__peer-present,gappusin,mcndroid-static,valid-fpr-leave-one-out,339,8,0.2464122366407741,0.20951034532423177,8,0.1435943022638152,0.3672142182373021,D-post-hoc-diagnostic
calibrated,fedavg__peer-present,gappusin,mcndroid-static,valid-fpr-only,,9,0.22716840216923442,0.15945330296127558,9,0.13112005353930456,0.3461855002469584,D-post-hoc-diagnostic
calibrated,fedavg__peer-present,gappusin,report-json,all-seeds,,10,-0.13534890004889336,-0.16208938026599554,1,-0.18858906675302528,-0.06572373322407984,D-post-hoc-diagnostic
calibrated,fedavg__peer-present,gappusin,report-json,leave-one-seed-out,330,9,-0.14611416244748834,-0.1647254575707155,1,-0.1986198208650853,-0.06884283376280906,D-post-hoc-diagnostic
calibrated,fedavg__peer-present,gappusin,report-json,leave-one-seed-out,331,9,-0.1570314238802137,-0.1647254575707155,0,-0.20401319498689502,-0.10448724357596258,D-post-hoc-diagnostic
calibrated,fedavg__peer-present,gappusin,report-json,leave-one-seed-out,332,9,-0.13208483810202423,-0.15945330296127558,1,-0.19197518103147515,-0.05726959234865381,D-post-hoc-diagnostic
calibrated,fedavg__peer-present,gappusin,report-json,leave-one-seed-out,333,9,-0.13614265247597837,-0.1647254575707155,1,-0.19395735929270175,-0.05873360811534965,D-post-hoc-diagnostic
calibrated,fedavg__peer-present,gappusin,report-json,leave-one-seed-out,334,9,-0.11950043620689642,-0.15945330296127558,1,-0.16872486064288597,-0.049766090551481415,D-post-hoc-diagnostic
calibrated,fedavg__peer-present,gappusin,report-json,leave-one-seed-out,335,9,-0.14657596479608312,-0.1647254575707155,1,-0.19745396426143966,-0.06724010791272313,D-post-hoc-diagnostic
calibrated,fedavg__peer-present,gappusin,report-json,leave-one-seed-out,336,9,-0.13132767105280982,-0.15945330296127558,1,-0.1904485294859602,-0.05613679201302996,D-post-hoc-diagnostic
calibrated,fedavg__peer-present,gappusin,report-json,leave-one-seed-out,337,9,-0.12413267827318755,-0.15945330296127558,1,-0.1803950886404723,-0.05383433238120831,D-post-hoc-diagnostic
calibrated,fedavg__peer-present,gappusin,report-json,leave-one-seed-out,338,9,-0.13267063305862867,-0.1647254575707155,1,-0.19285561849496285,-0.057259145444702265,D-post-hoc-diagnostic
calibrated,fedavg__peer-present,gappusin,report-json,leave-one-seed-out,339,9,-0.12790854019562334,-0.15945330296127558,1,-0.18680416572001216,-0.05570240515079285,D-post-hoc-diagnostic
calibrated,fedavg__peer-present,gappusin,report-json,valid-fpr-leave-one-out,330,8,-0.14835279172778337,-0.16813270929218035,1,-0.2055596317387216,-0.05902906765116038,D-post-hoc-diagnostic
calibrated,fedavg__peer-present,gappusin,report-json,valid-fpr-leave-one-out,331,8,-0.1606347108395994,-0.16813270929218035,0,-0.21009197933427595,-0.09827133380091449,D-post-hoc-diagnostic
calibrated,fedavg__peer-present,gappusin,report-json,valid-fpr-leave-one-out,332,8,-0.13256980183913625,-0.1654966319874604,1,-0.1998947781635722,-0.046931314899984033,D-post-hoc-diagnostic
calibrated,fedavg__peer-present,gappusin,report-json,valid-fpr-leave-one-out,334,8,-0.11841234970711746,-0.16208938026599554,1,-0.1746706824394761,-0.04072649543284375,D-post-hoc-diagnostic
calibrated,fedavg__peer-present,gappusin,report-json,valid-fpr-leave-one-out,335,8,-0.14887231936995252,-0.16813270929218035,1,-0.20636473321120508,-0.05649942217706452,D-post-hoc-diagnostic
calibrated,fedavg__peer-present,gappusin,report-json,valid-fpr-leave-one-out,336,8,-0.13171798890877,-0.16208938026599554,1,-0.19899574421166166,-0.04564113842488515,D-post-hoc-diagnostic
calibrated,fedavg__peer-present,gappusin,report-json,valid-fpr-leave-one-out,337,8,-0.12362362203169497,-0.16208938026599554,1,-0.18861386010699127,-0.0450346657145554,D-post-hoc-diagnostic
calibrated,fedavg__peer-present,gappusin,report-json,valid-fpr-leave-one-out,338,8,-0.13322882116531623,-0.16813270929218035,1,-0.20069987963605568,-0.04682286766143515,D-post-hoc-diagnostic
calibrated,fedavg__peer-present,gappusin,report-json,valid-fpr-leave-one-out,339,8,-0.12787146669443522,-0.16208938026599554,1,-0.19416432660378277,-0.04475691001905945,D-post-hoc-diagnostic
calibrated,fedavg__peer-present,gappusin,report-json,valid-fpr-only,,9,-0.13614265247597837,-0.1647254575707155,1,-0.19395735929270175,-0.05873360811534965,D-post-hoc-diagnostic
calibrated,fedavg__peer-present,hiddad,call-graph,all-seeds,,10,-0.0794402662952149,-0.07778256159551122,0,-0.12126108202777315,-0.047246920956605806,D-post-hoc-diagnostic
calibrated,fedavg__peer-present,hiddad,call-graph,leave-one-seed-out,330,9,-0.08623938752996302,-0.08992805755395683,0,-0.12810647791564975,-0.05225014097575953,D-post-hoc-diagnostic
calibrated,fedavg__peer-present,hiddad,call-graph,leave-one-seed-out,331,9,-0.07706248075752169,-0.06563706563706562,0,-0.12399768264602723,-0.04236175814730827,D-post-hoc-diagnostic
calibrated,fedavg__peer-present,hiddad,call-graph,leave-one-seed-out,332,9,-0.08097395525723147,-0.08992805755395683,0,-0.12545934190552555,-0.04485675464435554,D-post-hoc-diagnostic
calibrated,fedavg__peer-present,hiddad,call-graph,leave-one-seed-out,333,9,-0.07559639724809451,-0.06563706563706562,0,-0.12273820249314142,-0.0423875328448028,D-post-hoc-diagnostic
calibrated,fedavg__peer-present,hiddad,call-graph,leave-one-seed-out,334,9,-0.07827495615535468,-0.06563706563706562,0,-0.1242029249667903,-0.0436175627717086,D-post-hoc-diagnostic
calibrated,fedavg__peer-present,hiddad,call-graph,leave-one-seed-out,335,9,-0.08620934938151449,-0.08992805755395683,0,-0.12749809501471707,-0.05250103738523396,D-post-hoc-diagnostic
calibrated,fedavg__peer-present,hiddad,call-graph,leave-one-seed-out,336,9,-0.0874377751538872,-0.08992805755395683,0,-0.12810545339651647,-0.054985503893657646,D-post-hoc-diagnostic
calibrated,fedavg__peer-present,hiddad,call-graph,leave-one-seed-out,337,9,-0.08384462976969703,-0.08992805755395683,0,-0.12669680191068933,-0.04805251151143474,D-post-hoc-diagnostic
calibrated,fedavg__peer-present,hiddad,call-graph,leave-one-seed-out,338,9,-0.07271899137086828,-0.06563706563706562,0,-0.12006531018149837,-0.041933022507341856,D-post-hoc-diagnostic
calibrated,fedavg__peer-present,hiddad,call-graph,leave-one-seed-out,339,9,-0.06604474032801656,-0.06563706563706562,0,-0.09573367446096481,-0.03807384825760285,D-post-hoc-diagnostic
calibrated,fedavg__peer-present,hiddad,call-graph,valid-fpr-leave-one-out,330,7,-0.08174162035663031,-0.06563706563706562,0,-0.13913429833409763,-0.04089662564232666,D-post-hoc-diagnostic
calibrated,fedavg__peer-present,hiddad,call-graph,valid-fpr-leave-one-out,331,7,-0.06994274022063429,-0.03980099502487561,0,-0.13613760477612838,-0.02874491047027737,D-post-hoc-diagnostic
calibrated,fedavg__peer-present,hiddad,call-graph,valid-fpr-leave-one-out,332,7,-0.07497177886311833,-0.03980099502487561,0,-0.1372052218574761,-0.03258859397351808,D-post-hoc-diagnostic
calibrated,fedavg__peer-present,hiddad,call-graph,valid-fpr-leave-one-out,335,7,-0.08170299988005361,-0.06563706563706562,0,-0.13794894319485432,-0.03989327716258295,D-post-hoc-diagnostic
calibrated,fedavg__peer-present,hiddad,call-graph,valid-fpr-leave-one-out,336,7,-0.08328240444453282,-0.06563706563706562,0,-0.13956696823591022,-0.04301346581496468,D-post-hoc-diagnostic
calibrated,fedavg__peer-present,hiddad,call-graph,valid-fpr-leave-one-out,337,7,-0.07866264609343118,-0.06563706563706562,0,-0.13763828247997745,-0.03547613148721267,D-post-hoc-diagnostic
calibrated,fedavg__peer-present,hiddad,call-graph,valid-fpr-leave-one-out,338,7,-0.06435825386636564,-0.03980099502487561,0,-0.1315384547979776,-0.0300422540253594,D-post-hoc-diagnostic
calibrated,fedavg__peer-present,hiddad,call-graph,valid-fpr-leave-one-out,339,7,-0.05577707395412771,-0.03980099502487561,0,-0.09575516082530208,-0.028094397026586948,D-post-hoc-diagnostic
calibrated,fedavg__peer-present,hiddad,call-graph,valid-fpr-only,,8,-0.07380493970986174,-0.05271903033097061,0,-0.1289154584789379,-0.0367243006434474,D-post-hoc-diagnostic
calibrated,fedavg__peer-present,hiddad,mcndroid-static,all-seeds,,10,-0.03810551677402869,-0.05991380384145885,4,-0.16093986427162418,0.09627996986522827,D-post-hoc-diagnostic
calibrated,fedavg__peer-present,hiddad,mcndroid-static,leave-one-seed-out,330,9,-0.03585122301737169,-0.06143344709897608,4,-0.16777268923382108,0.11159608957377196,D-post-hoc-diagnostic
calibrated,fedavg__peer-present,hiddad,mcndroid-static,leave-one-seed-out,331,9,0.008547558393002684,-0.05839416058394162,4,-0.05699548969438059,0.18039158426282675,D-post-hoc-diagnostic
calibrated,fedavg__peer-present,hiddad,mcndroid-static,leave-one-seed-out,332,9,-0.08717000791279893,-0.06143344709897608,3,-0.23975163845382083,-0.02244434611071352,D-post-hoc-diagnostic
calibrated,fedavg__peer-present,hiddad,mcndroid-static,leave-one-seed-out,333,9,-0.03064355664950556,-0.05839416058394162,4,-0.16604307341067792,0.11412142715056373,D-post-hoc-diagnostic
calibrated,fedavg__peer-present,hiddad,mcndroid-static,leave-one-seed-out,334,9,-0.044737544617026274,-0.06143344709897608,3,-0.17075321228396434,0.10882976462438804,D-post-hoc-diagnostic
calibrated,fedavg__peer-present,hiddad,mcndroid-static,leave-one-seed-out,335,9,-0.03452053304110183,-0.05839416058394162,4,-0.16680229216767706,0.11313475716900213,D-post-hoc-diagnostic
calibrated,fedavg__peer-present,hiddad,mcndroid-static,leave-one-seed-out,336,9,-0.028243277344277316,-0.05839416058394162,4,-0.16319539085860346,0.11665849345278839,D-post-hoc-diagnostic
calibrated,fedavg__peer-present,hiddad,mcndroid-static,leave-one-seed-out,337,9,-0.05007854544820214,-0.06143344709897608,3,-0.17551078764104458,0.1034757417298723,D-post-hoc-diagnostic
calibrated,fedavg__peer-present,hiddad,mcndroid-static,leave-one-seed-out,338,9,-0.035513524515701195,-0.05839416058394162,4,-0.17036411415767336,0.10840008171428289,D-post-hoc-diagnostic
calibrated,fedavg__peer-present,hiddad,mcndroid-static,leave-one-seed-out,339,9,-0.04284451358730461,-0.06143344709897608,3,-0.17339233175394886,0.10692981542082296,D-post-hoc-diagnostic
calibrated,fedavg__peer-present,hiddad,mcndroid-static,valid-fpr-leave-one-out,330,8,-0.027174731157701047,-0.028443996276760725,4,-0.18337548073570994,0.12824405214407,D-post-hoc-diagnostic
calibrated,fedavg__peer-present,hiddad,mcndroid-static,valid-fpr-leave-one-out,331,8,0.022773897928970124,-0.026924353019243494,4,-0.04911999989535919,0.20603076205657184,D-post-hoc-diagnostic
calibrated,fedavg__peer-present,hiddad,mcndroid-static,valid-fpr-leave-one-out,332,8,-0.08490836416505669,-0.05991380384145885,3,-0.2549149301838781,-0.013350197670295,D-post-hoc-diagnostic
calibrated,fedavg__peer-present,hiddad,mcndroid-static,valid-fpr-leave-one-out,334,8,-0.037171842957312455,-0.05991380384145885,3,-0.18655537143245657,0.12149371566181975,D-post-hoc-diagnostic
calibrated,fedavg__peer-present,hiddad,mcndroid-static,valid-fpr-leave-one-out,335,8,-0.02567770493439745,-0.026924353019243494,4,-0.18329956110063628,0.12403662052401965,D-post-hoc-diagnostic
calibrated,fedavg__peer-present,hiddad,mcndroid-static,valid-fpr-leave-one-out,336,8,-0.018615792275469875,-0.026924353019243494,4,-0.17848542022664884,0.12988801841323236,D-post-hoc-diagnostic
calibrated,fedavg__peer-present,hiddad,mcndroid-static,valid-fpr-leave-one-out,337,8,-0.0431804688923853,-0.05991380384145885,3,-0.18893731123578894,0.12043294808551014,D-post-hoc-diagnostic
calibrated,fedavg__peer-present,hiddad,mcndroid-static,valid-fpr-leave-one-out,338,8,-0.026794820343321743,-0.026924353019243494,4,-0.18292868530071613,0.12779640632836503,D-post-hoc-diagnostic
calibrated,fedavg__peer-present,hiddad,mcndroid-static,valid-fpr-leave-one-out,339,8,-0.03504218304887558,-0.05991380384145885,3,-0.18521338154480543,0.12594148668851946,D-post-hoc-diagnostic
calibrated,fedavg__peer-present,hiddad,mcndroid-static,valid-fpr-only,,9,-0.03064355664950556,-0.05839416058394162,4,-0.16604307341067792,0.11412142715056373,D-post-hoc-diagnostic
calibrated,fedavg__peer-present,hiddad,report-json,all-seeds,,10,-0.19976206331724988,-0.14992742647986876,0,-0.31112941928908505,-0.14021462817007696,D-post-hoc-diagnostic
calibrated,fedavg__peer-present,hiddad,report-json,leave-one-seed-out,330,9,-0.21222548803295402,-0.17266187050359716,0,-0.3274421203915898,-0.14783875485630918,D-post-hoc-diagnostic
calibrated,fedavg__peer-present,hiddad,report-json,leave-one-seed-out,331,9,-0.16523515905464736,-0.12719298245614036,0,-0.22506555171475967,-0.1213356179128972,D-post-hoc-diagnostic
calibrated,fedavg__peer-present,hiddad,report-json,leave-one-seed-out,332,9,-0.21058933676176628,-0.17266187050359716,0,-0.3255807352357281,-0.14622003910631892,D-post-hoc-diagnostic
calibrated,fedavg__peer-present,hiddad,report-json,leave-one-seed-out,333,9,-0.20782529452403978,-0.17266187050359716,0,-0.3228493658327027,-0.14154089716772586,D-post-hoc-diagnostic
calibrated,fedavg__peer-present,hiddad,report-json,leave-one-seed-out,334,9,-0.20277319585210016,-0.12719298245614036,0,-0.320605896349749,-0.13489284479398467,D-post-hoc-diagnostic
calibrated,fedavg__peer-present,hiddad,report-json,leave-one-seed-out,335,9,-0.2100236917516768,-0.17266187050359716,0,-0.3237925248164113,-0.1444703877164837,D-post-hoc-diagnostic
calibrated,fedavg__peer-present,hiddad,report-json,leave-one-seed-out,336,9,-0.18671738378533564,-0.12719298245614036,0,-0.317976152501247,-0.12889146349027192,D-post-hoc-diagnostic
calibrated,fedavg__peer-present,hiddad,report-json,leave-one-seed-out,337,9,-0.21200759937405872,-0.17266187050359716,0,-0.32619497972700795,-0.14814785190554305,D-post-hoc-diagnostic
calibrated,fedavg__peer-present,hiddad,report-json,leave-one-seed-out,338,9,-0.19503331267331894,-0.12719298245614036,0,-0.3241164935594548,-0.13091384116595234,D-post-hoc-diagnostic
calibrated,fedavg__peer-present,hiddad,report-json,leave-one-seed-out,339,9,-0.19519017136260086,-0.12719298245614036,0,-0.3242605363237346,-0.13100766702465913,D-post-hoc-diagnostic
calibrated,fedavg__peer-present,hiddad,report-json,valid-fpr-leave-one-out,330,8,-0.2228545512300557,-0.206785480706344,0,-0.3423302216182684,-0.15131594935782786,D-post-hoc-diagnostic
calibrated,fedavg__peer-present,hiddad,report-json,valid-fpr-leave-one-out,331,8,-0.16999043112946072,-0.1400346389555023,0,-0.2338495596108745,-0.12021150031809169,D-post-hoc-diagnostic
calibrated,fedavg__peer-present,hiddad,report-json,valid-fpr-leave-one-out,332,8,-0.22101388104996947,-0.206785480706344,0,-0.34715419455226754,-0.1492301544364844,D-post-hoc-diagnostic
calibrated,fedavg__peer-present,hiddad,report-json,valid-fpr-leave-one-out,334,8,-0.21222072252659513,-0.17415824915824915,0,-0.3396394447333726,-0.13585162619535193,D-post-hoc-diagnostic
calibrated,fedavg__peer-present,hiddad,report-json,valid-fpr-leave-one-out,335,8,-0.22037753041361885,-0.206785480706344,0,-0.34353763899849693,-0.14841733777469163,D-post-hoc-diagnostic
calibrated,fedavg__peer-present,hiddad,report-json,valid-fpr-leave-one-out,336,8,-0.19415793395148506,-0.1400346389555023,0,-0.3400144045893929,-0.12748019105596523,D-post-hoc-diagnostic
calibrated,fedavg__peer-present,hiddad,report-json,valid-fpr-leave-one-out,337,8,-0.2226094264887985,-0.206785480706344,0,-0.3447362511104545,-0.1518589838385356,D-post-hoc-diagnostic
calibrated,fedavg__peer-present,hiddad,report-json,valid-fpr-leave-one-out,338,8,-0.20351335395046627,-0.1400346389555023,0,-0.3403060801060672,-0.13148158189550355,D-post-hoc-diagnostic
calibrated,fedavg__peer-present,hiddad,report-json,valid-fpr-leave-one-out,339,8,-0.2036898199759084,-0.1400346389555023,0,-0.3402161314854655,-0.13148433654933722,D-post-hoc-diagnostic
calibrated,fedavg__peer-present,hiddad,report-json,valid-fpr-only,,9,-0.20782529452403978,-0.17266187050359716,0,-0.3228493658327027,-0.14154089716772586,D-post-hoc-diagnostic
calibrated,fedavg__peer-present,priority-macro,call-graph,all-seeds,,10,0.1368257968655841,0.09891035859154929,10,0.08500801405742119,0.20559601197334415,D-post-hoc-diagnostic
calibrated,fedavg__peer-present,priority-macro,call-graph,leave-one-seed-out,330,9,0.11849399520828478,0.07387989999459055,9,0.07591200219747979,0.1905986243996568,D-post-hoc-diagnostic
calibrated,fedavg__peer-present,priority-macro,call-graph,leave-one-seed-out,331,9,0.11849299462102453,0.07387989999459055,9,0.07592393336177009,0.19061646457210002,D-post-hoc-diagnostic
calibrated,fedavg__peer-present,priority-macro,call-graph,leave-one-seed-out,332,9,0.12904085855620265,0.07387989999459055,9,0.07749828553212104,0.21231140856883352,D-post-hoc-diagnostic
calibrated,fedavg__peer-present,priority-macro,call-graph,leave-one-seed-out,333,9,0.14627277205932948,0.12394081718850802,9,0.09040906564364123,0.2187797930938567,D-post-hoc-diagnostic
calibrated,fedavg__peer-present,priority-macro,call-graph,leave-one-seed-out,334,9,0.14858324767717118,0.12394081718850802,9,0.09491719207807896,0.22000193983922722,D-post-hoc-diagnostic
calibrated,fedavg__peer-present,priority-macro,call-graph,leave-one-seed-out,335,9,0.1355839724008842,0.07387989999459055,9,0.07920667452150645,0.2147987887643739,D-post-hoc-diagnostic
calibrated,fedavg__peer-present,priority-macro,call-graph,leave-one-seed-out,336,9,0.13825746127414812,0.07387989999459055,9,0.08161685406980038,0.216170808122926,D-post-hoc-diagnostic
calibrated,fedavg__peer-present,priority-macro,call-graph,leave-one-seed-out,337,9,0.14381978540680562,0.12394081718850802,9,0.08739637394727004,0.2176990518121687,D-post-hoc-diagnostic
calibrated,fedavg__peer-present,priority-macro,call-graph,leave-one-seed-out,338,9,0.1450515989962784,0.12394081718850802,9,0.08910438051549013,0.2185420533902394,D-post-hoc-diagnostic
calibrated,fedavg__peer-present,priority-macro,call-graph,leave-one-seed-out,339,9,0.14466128245571205,0.12394081718850802,9,0.08847299509617573,0.21860668618547774,D-post-hoc-diagnostic
calibrated,fedavg__peer-present,priority-macro,call-graph,valid-fpr-leave-one-out,330,7,0.140519171027341,0.12394081718850802,7,0.09061336201662863,0.2168277651422188,D-post-hoc-diagnostic
calibrated,fedavg__peer-present,priority-macro,call-graph,valid-fpr-leave-one-out,331,7,0.14051788455800637,0.12394081718850802,7,0.09080825943115009,0.21718559751548178,D-post-hoc-diagnostic
calibrated,fedavg__peer-present,priority-macro,call-graph,valid-fpr-leave-one-out,332,7,0.15407942390323542,0.12394081718850802,7,0.09216705813333947,0.24226149641794337,D-post-hoc-diagnostic
calibrated,fedavg__peer-present,priority-macro,call-graph,valid-fpr-leave-one-out,335,7,0.16249199884639745,0.12394081718850802,7,0.09628532708941526,0.2421323487129174,D-post-hoc-diagnostic
calibrated,fedavg__peer-present,priority-macro,call-graph,valid-fpr-leave-one-out,336,7,0.16592934168345103,0.14800221704788286,7,0.09894641048252563,0.2421307300983382,D-post-hoc-diagnostic
calibrated,fedavg__peer-present,priority-macro,call-graph,valid-fpr-leave-one-out,337,7,0.17308090128258208,0.14800221704788286,7,0.10718118132815677,0.24430867620593993,D-post-hoc-diagnostic
calibrated,fedavg__peer-present,priority-macro,call-graph,valid-fpr-leave-one-out,338,7,0.17466466161190425,0.14800221704788286,7,0.11143062676396645,0.24619803680445151,D-post-hoc-diagnostic
calibrated,fedavg__peer-present,priority-macro,call-graph,valid-fpr-leave-one-out,339,7,0.1741628260597475,0.14800221704788286,7,0.1104256691903184,0.2443099626752746,D-post-hoc-diagnostic
calibrated,fedavg__peer-present,priority-macro,call-graph,valid-fpr-only,,8,0.16068077612158313,0.13597151711819544,8,0.10231083222608658,0.232021091324751,D-post-hoc-diagnostic
calibrated,fedavg__peer-present,priority-macro,mcndroid-static,all-seeds,,10,0.1029663243561492,0.08108743180875555,10,0.06640780351458078,0.18118606238300483,D-post-hoc-diagnostic
calibrated,fedavg__peer-present,priority-macro,mcndroid-static,leave-one-seed-out,330,9,0.09970067793421791,0.07231835947967513,9,0.06128656955608923,0.18819769309262901,D-post-hoc-diagnostic
calibrated,fedavg__peer-present,priority-macro,mcndroid-static,leave-one-seed-out,331,9,0.11296757843070167,0.08985650413783597,9,0.07676556010827824,0.1958469984276025,D-post-hoc-diagnostic
calibrated,fedavg__peer-present,priority-macro,mcndroid-static,leave-one-seed-out,332,9,0.07926789458548517,0.07231835947967513,9,0.05150539973062253,0.10589670655112036,D-post-hoc-diagnostic
calibrated,fedavg__peer-present,priority-macro,mcndroid-static,leave-one-seed-out,333,9,0.10639760775165716,0.08985650413783597,9,0.06555778851027656,0.1903818736251163,D-post-hoc-diagnostic
calibrated,fedavg__peer-present,priority-macro,mcndroid-static,leave-one-seed-out,334,9,0.10637165378686855,0.08985650413783597,9,0.06560094614535346,0.1909101898129828,D-post-hoc-diagnostic
calibrated,fedavg__peer-present,priority-macro,mcndroid-static,leave-one-seed-out,335,9,0.1003371411546265,0.07231835947967513,9,0.061211312980839344,0.18913462861644073,D-post-hoc-diagnostic
calibrated,fedavg__peer-present,priority-macro,mcndroid-static,leave-one-seed-out,336,9,0.11079766012265485,0.08985650413783597,9,0.07234382901601225,0.1919058141822648,D-post-hoc-diagnostic
calibrated,fedavg__peer-present,priority-macro,mcndroid-static,leave-one-seed-out,337,9,0.1094293028466024,0.08985650413783597,9,0.06979611154274999,0.1906914832067237,D-post-hoc-diagnostic
calibrated,fedavg__peer-present,priority-macro,mcndroid-static,leave-one-seed-out,338,9,0.099970755901605,0.07231835947967513,9,0.06059976641072117,0.18832450728432928,D-post-hoc-diagnostic
calibrated,fedavg__peer-present,priority-macro,mcndroid-static,leave-one-seed-out,339,9,0.10442297104707289,0.07231835947967513,9,0.06351329666046696,0.18860334741733367,D-post-hoc-diagnostic
calibrated,fedavg__peer-present,priority-macro,mcndroid-static,valid-fpr-leave-one-out,330,8,0.10315266595142294,0.08108743180875555,8,0.05961578099001245,0.20220769514810755,D-post-hoc-diagnostic
calibrated,fedavg__peer-present,priority-macro,mcndroid-static,valid-fpr-leave-one-out,331,8,0.11807792900996716,0.10824273865384482,8,0.07730166478263217,0.2086056653558419,D-post-hoc-diagnostic
calibrated,fedavg__peer-present,priority-macro,mcndroid-static,valid-fpr-leave-one-out,332,8,0.0801657846840986,0.08108743180875555,8,0.04850043621091308,0.1095721340434429,D-post-hoc-diagnostic
calibrated,fedavg__peer-present,priority-macro,mcndroid-static,valid-fpr-leave-one-out,334,8,0.11065751378565492,0.10824273865384482,8,0.06447208851198297,0.19556083307263128,D-post-hoc-diagnostic
calibrated,fedavg__peer-present,priority-macro,mcndroid-static,valid-fpr-leave-one-out,335,8,0.1038686870743826,0.08108743180875555,8,0.059424017053560464,0.1953341701794069,D-post-hoc-diagnostic
calibrated,fedavg__peer-present,priority-macro,mcndroid-static,valid-fpr-leave-one-out,336,8,0.11563677091341451,0.10824273865384482,8,0.0715816893807085,0.19992176926726846,D-post-hoc-diagnostic
calibrated,fedavg__peer-present,priority-macro,mcndroid-static,valid-fpr-leave-one-out,337,8,0.1140973689778555,0.10824273865384482,8,0.06902911287585817,0.19888304689376024,D-post-hoc-diagnostic
calibrated,fedavg__peer-present,priority-macro,mcndroid-static,valid-fpr-leave-one-out,338,8,0.10345650366473343,0.08108743180875555,8,0.05875553262759255,0.19490204219464172,D-post-hoc-diagnostic
calibrated,fedavg__peer-present,priority-macro,mcndroid-static,valid-fpr-leave-one-out,339,8,0.10846524570338481,0.0994736663247644,8,0.061880041096672486,0.19558846736393742,D-post-hoc-diagnostic
calibrated,fedavg__peer-present,priority-macro,mcndroid-static,valid-fpr-only,,9,0.10639760775165716,0.08985650413783597,9,0.06555778851027656,0.1903818736251163,D-post-hoc-diagnostic
calibrated,fedavg__peer-present,priority-macro,report-json,all-seeds,,10,-0.1604775198416831,-0.17292470952099057,0,-0.19585771461883889,-0.11149863075012695,D-post-hoc-diagnostic
calibrated,fedavg__peer-present,priority-macro,report-json,leave-one-seed-out,330,9,-0.17712976241273382,-0.17332040581912833,0,-0.2084142820950291,-0.14983630297106548,D-post-hoc-diagnostic
calibrated,fedavg__peer-present,priority-macro,report-json,leave-one-seed-out,331,9,-0.15837022816236163,-0.1725290132228528,0,-0.1969309497777287,-0.10594912389725356,D-post-hoc-diagnostic
calibrated,fedavg__peer-present,priority-macro,report-json,leave-one-seed-out,332,9,-0.16635110977535572,-0.17332040581912833,0,-0.2002669687839244,-0.11030373969707849,D-post-hoc-diagnostic
calibrated,fedavg__peer-present,priority-macro,report-json,leave-one-seed-out,333,9,-0.15905053251085588,-0.1725290132228528,0,-0.19763561059760593,-0.10833163663558772,D-post-hoc-diagnostic
calibrated,fedavg__peer-present,priority-macro,report-json,leave-one-seed-out,334,9,-0.1502518645645083,-0.1725290132228528,0,-0.1823830841909924,-0.1010580737953956,D-post-hoc-diagnostic
calibrated,fedavg__peer-present,priority-macro,report-json,leave-one-seed-out,335,9,-0.16412985745004857,-0.17332040581912833,0,-0.1998931221360943,-0.10929045568179886,D-post-hoc-diagnostic
calibrated,fedavg__peer-present,priority-macro,report-json,leave-one-seed-out,336,9,-0.1509489427826804,-0.1725290132228528,0,-0.18361331523155044,-0.10062442537790606,D-post-hoc-diagnostic
calibrated,fedavg__peer-present,priority-macro,report-json,leave-one-seed-out,337,9,-0.16096019514536725,-0.17332040581912833,0,-0.19960242690115568,-0.10640079914893964,D-post-hoc-diagnostic
calibrated,fedavg__peer-present,priority-macro,report-json,leave-one-seed-out,338,9,-0.15913846502155315,-0.17332040581912833,0,-0.19783725622946685,-0.10570853824207976,D-post-hoc-diagnostic
calibrated,fedavg__peer-present,priority-macro,report-json,leave-one-seed-out,339,9,-0.15844424059136653,-0.1725290132228528,0,-0.19746671061688872,-0.10518282653096,D-post-hoc-diagnostic
calibrated,fedavg__peer-present,priority-macro,report-json,valid-fpr-leave-one-out,330,8,-0.17760593198693447,-0.17565302315869255,0,-0.21291354292596196,-0.14605069803748189,D-post-hoc-diagnostic
calibrated,fedavg__peer-present,priority-macro,report-json,valid-fpr-leave-one-out,331,8,-0.15650145595526577,-0.1643312276656893,0,-0.2009061604565328,-0.09897419395046855,D-post-hoc-diagnostic
calibrated,fedavg__peer-present,priority-macro,report-json,valid-fpr-leave-one-out,332,8,-0.16547994776988412,-0.17565302315869255,0,-0.20414979288390972,-0.10234382559695535,D-post-hoc-diagnostic
calibrated,fedavg__peer-present,priority-macro,report-json,valid-fpr-leave-one-out,334,8,-0.14736829690768077,-0.1643312276656893,0,-0.18369910929038666,-0.09249416374957366,D-post-hoc-diagnostic
calibrated,fedavg__peer-present,priority-macro,report-json,valid-fpr-leave-one-out,335,8,-0.16298103890391363,-0.17565302315869255,0,-0.2032160994973428,-0.10069425357171255,D-post-hoc-diagnostic
calibrated,fedavg__peer-present,priority-macro,report-json,valid-fpr-leave-one-out,336,8,-0.1481525099031244,-0.1643312276656893,0,-0.1870172485889648,-0.0949211151833322,D-post-hoc-diagnostic
calibrated,fedavg__peer-present,priority-macro,report-json,valid-fpr-leave-one-out,337,8,-0.15941516881114715,-0.17565302315869255,0,-0.20369611615592248,-0.10043567245399238,D-post-hoc-diagnostic
calibrated,fedavg__peer-present,priority-macro,report-json,valid-fpr-leave-one-out,338,8,-0.15736572242185626,-0.16745523760152906,0,-0.20156844000398624,-0.09976694321165341,D-post-hoc-diagnostic
calibrated,fedavg__peer-present,priority-macro,report-json,valid-fpr-leave-one-out,339,8,-0.15658471993789633,-0.1643312276656893,0,-0.20123608002802837,-0.09970061453256887,D-post-hoc-diagnostic
calibrated,fedavg__peer-present,priority-macro,report-json,valid-fpr-only,,9,-0.15905053251085588,-0.1725290132228528,0,-0.19763561059760593,-0.10833163663558772,D-post-hoc-diagnostic
calibrated,fedavg__peer-present,revmob,call-graph,all-seeds,,10,0.2616914837326491,0.24205792622528627,10,0.18274184378231706,0.36154722584273097,D-post-hoc-diagnostic
calibrated,fedavg__peer-present,revmob,call-graph,leave-one-seed-out,330,9,0.240768315258499,0.2085106382978723,9,0.17129300252531218,0.3532020015317088,D-post-hoc-diagnostic
calibrated,fedavg__peer-present,revmob,call-graph,leave-one-seed-out,331,9,0.22981593430611807,0.2085106382978723,9,0.16368229453054262,0.30905095552642803,D-post-hoc-diagnostic
calibrated,fedavg__peer-present,revmob,call-graph,leave-one-seed-out,332,9,0.25629410890929266,0.2085106382978723,9,0.17359166604781226,0.3733781532123367,D-post-hoc-diagnostic
calibrated,fedavg__peer-present,revmob,call-graph,leave-one-seed-out,333,9,0.2724295881819078,0.27560521415270023,9,0.18831159977158032,0.3785429817020817,D-post-hoc-diagnostic
calibrated,fedavg__peer-present,revmob,call-graph,leave-one-seed-out,334,9,0.2766589678158182,0.27560521415270023,9,0.19414452778981486,0.3806240814226925,D-post-hoc-diagnostic
calibrated,fedavg__peer-present,revmob,call-graph,leave-one-seed-out,335,9,0.28549822303188505,0.27560521415270023,9,0.21589819397652069,0.39158702153451297,D-post-hoc-diagnostic
calibrated,fedavg__peer-present,revmob,call-graph,leave-one-seed-out,336,9,0.25772233824700475,0.2085106382978723,9,0.1744981430238291,0.37384125688968534,D-post-hoc-diagnostic
calibrated,fedavg__peer-present,revmob,call-graph,leave-one-seed-out,337,9,0.26760046655873543,0.27560521415270023,9,0.18027568081964812,0.3785365218981252,D-post-hoc-diagnostic
calibrated,fedavg__peer-present,revmob,call-graph,leave-one-seed-out,338,9,0.26998138133125327,0.27560521415270023,9,0.1837778210715003,0.3795836815822528,D-post-hoc-diagnostic
calibrated,fedavg__peer-present,revmob,call-graph,leave-one-seed-out,339,9,0.26014551368597677,0.2085106382978723,9,0.17444586850410737,0.3739771935708867,D-post-hoc-diagnostic
calibrated,fedavg__peer-present,revmob,call-graph,valid-fpr-leave-one-out,330,7,0.2678403095218634,0.27560521415270023,7,0.1785965386179154,0.3894589632534142,D-post-hoc-diagnostic
calibrated,fedavg__peer-present,revmob,call-graph,valid-fpr-leave-one-out,331,7,0.2537586768688022,0.27560521415270023,7,0.1659504230739885,0.33313243264116943,D-post-hoc-diagnostic
calibrated,fedavg__peer-present,revmob,call-graph,valid-fpr-leave-one-out,332,7,0.28780204421574096,0.27560521415270023,7,0.18407847147362352,0.4096536653574934,D-post-hoc-diagnostic
calibrated,fedavg__peer-present,revmob,call-graph,valid-fpr-leave-one-out,335,7,0.3253501909447883,0.29741379310344834,7,0.2518565372132375,0.43052339901477843,D-post-hoc-diagnostic
calibrated,fedavg__peer-present,revmob,call-graph,valid-fpr-leave-one-out,336,7,0.2896383390785136,0.27560521415270023,7,0.18049867827348015,0.4096740705099139,D-post-hoc-diagnostic
calibrated,fedavg__peer-present,revmob,call-graph,valid-fpr-leave-one-out,337,7,0.30233878976502443,0.29741379310344834,7,0.19134814118288304,0.411489960220266,D-post-hoc-diagnostic
calibrated,fedavg__peer-present,revmob,call-graph,valid-fpr-leave-one-out,338,7,0.3053999659011189,0.29741379310344834,7,0.1954761351239861,0.41276917663617174,D-post-hoc-diagnostic
calibrated,fedavg__peer-present,revmob,call-graph,valid-fpr-leave-one-out,339,7,0.2927538503571919,0.29741379310344834,7,0.1831414412312921,0.4123922371120383,D-post-hoc-diagnostic
calibrated,fedavg__peer-present,revmob,call-graph,valid-fpr-only,,8,0.2906102708316305,0.28650950362807426,8,0.19599611430806557,0.399698112810811,D-post-hoc-diagnostic
calibrated,fedavg__peer-present,revmob,mcndroid-static,all-seeds,,10,0.13394486928210672,0.13505541871921184,8,0.06326845115194586,0.2034110756482361,D-post-hoc-diagnostic
calibrated,fedavg__peer-present,revmob,mcndroid-static,leave-one-seed-out,330,9,0.14882763253567413,0.14439655172413796,8,0.06994533699132174,0.21419353171429836,D-post-hoc-diagnostic
calibrated,fedavg__peer-present,revmob,mcndroid-static,leave-one-seed-out,331,9,0.13485937856742014,0.14439655172413796,7,0.05486925101398546,0.2093379289559783,D-post-hoc-diagnostic
calibrated,fedavg__peer-present,revmob,mcndroid-static,leave-one-seed-out,332,9,0.1170816007896424,0.12571428571428572,7,0.04597619693609672,0.1867470813371429,D-post-hoc-diagnostic
calibrated,fedavg__peer-present,revmob,mcndroid-static,leave-one-seed-out,333,9,0.12266797773524266,0.12571428571428572,7,0.04887603074043348,0.19814461912530534,D-post-hoc-diagnostic
calibrated,fedavg__peer-present,revmob,mcndroid-static,leave-one-seed-out,334,9,0.13706984300010683,0.14439655172413796,7,0.055138319706189404,0.21124324495777275,D-post-hoc-diagnostic
calibrated,fedavg__peer-present,revmob,mcndroid-static,leave-one-seed-out,335,9,0.1538781375861792,0.14439655172413796,8,0.08542811568649478,0.21808048026286186,D-post-hoc-diagnostic
calibrated,fedavg__peer-present,revmob,mcndroid-static,leave-one-seed-out,336,9,0.13278357123299214,0.12571428571428572,7,0.054016578645664406,0.20990689019994996,D-post-hoc-diagnostic
calibrated,fedavg__peer-present,revmob,mcndroid-static,leave-one-seed-out,337,9,0.14835481929690342,0.14439655172413796,7,0.07095693541095753,0.21438810064998004,D-post-hoc-diagnostic
calibrated,fedavg__peer-present,revmob,mcndroid-static,leave-one-seed-out,338,9,0.11640991414913615,0.12571428571428572,7,0.04608907044898962,0.18685813368106857,D-post-hoc-diagnostic
calibrated,fedavg__peer-present,revmob,mcndroid-static,leave-one-seed-out,339,9,0.12751581792777014,0.12571428571428572,7,0.05069897937450177,0.2066068827865516,D-post-hoc-diagnostic
calibrated,fedavg__peer-present,revmob,mcndroid-static,valid-fpr-leave-one-out,330,8,0.13800147495214796,0.13505541871921184,7,0.057227902783203596,0.2136044721232871,D-post-hoc-diagnostic
calibrated,fedavg__peer-present,revmob,mcndroid-static,valid-fpr-leave-one-out,331,8,0.12228718923786225,0.12510832877212189,6,0.03927124886870195,0.2103695896315831,D-post-hoc-diagnostic
calibrated,fedavg__peer-present,revmob,mcndroid-static,valid-fpr-leave-one-out,332,8,0.10228718923786224,0.11576719576719577,6,0.03266635694391745,0.18050406024937224,D-post-hoc-diagnostic
calibrated,fedavg__peer-present,revmob,mcndroid-static,valid-fpr-leave-one-out,334,8,0.12477396172463473,0.13505541871921184,6,0.041128764852169104,0.20841915859710036,D-post-hoc-diagnostic
calibrated,fedavg__peer-present,revmob,mcndroid-static,valid-fpr-leave-one-out,335,8,0.14368329313396616,0.13505541871921184,7,0.07256290402205924,0.2173002888603989,D-post-hoc-diagnostic
calibrated,fedavg__peer-present,revmob,mcndroid-static,valid-fpr-leave-one-out,336,8,0.11995190598663072,0.11576719576719577,6,0.039599096418899096,0.20727112144414406,D-post-hoc-diagnostic
calibrated,fedavg__peer-present,revmob,mcndroid-static,valid-fpr-leave-one-out,337,8,0.13746956005853095,0.13505541871921184,6,0.05582241665897767,0.21371055801372357,D-post-hoc-diagnostic
calibrated,fedavg__peer-present,revmob,mcndroid-static,valid-fpr-leave-one-out,338,8,0.10153154176729273,0.11576719576719577,6,0.03391727823708091,0.17835442077062186,D-post-hoc-diagnostic
calibrated,fedavg__peer-present,revmob,mcndroid-static,valid-fpr-leave-one-out,339,8,0.11402568351825598,0.11576719576719577,6,0.03807790424136996,0.20576037353627885,D-post-hoc-diagnostic
calibrated,fedavg__peer-present,revmob,mcndroid-static,valid-fpr-only,,9,0.12266797773524266,0.12571428571428572,7,0.04887603074043348,0.19814461912530534,D-post-hoc-diagnostic
calibrated,fedavg__peer-present,revmob,report-json,all-seeds,,10,-0.1463215961589061,-0.12918305454200824,1,-0.2117564033009583,-0.06538410798762165,D-post-hoc-diagnostic
calibrated,fedavg__peer-present,revmob,report-json,leave-one-seed-out,330,9,-0.17304963675775892,-0.14255319148936169,0,-0.23133553806112894,-0.11868440935084028,D-post-hoc-diagnostic
calibrated,fedavg__peer-present,revmob,report-json,leave-one-seed-out,331,9,-0.15284410155222372,-0.14255319148936169,1,-0.21916588928342787,-0.06363710298888586,D-post-hoc-diagnostic
calibrated,fedavg__peer-present,revmob,report-json,leave-one-seed-out,332,9,-0.15637915446227665,-0.14255319148936169,1,-0.21999718926883333,-0.0669131768781961,D-post-hoc-diagnostic
calibrated,fedavg__peer-present,revmob,report-json,leave-one-seed-out,333,9,-0.1331836505325494,-0.11581291759465479,1,-0.20242884064853525,-0.053851940247972185,D-post-hoc-diagnostic
calibrated,fedavg__peer-present,revmob,report-json,leave-one-seed-out,334,9,-0.12848196163452824,-0.11581291759465479,1,-0.19097095277723392,-0.04913141923311729,D-post-hoc-diagnostic
calibrated,fedavg__peer-present,revmob,report-json,leave-one-seed-out,335,9,-0.13578991580238578,-0.11581291759465479,1,-0.20633785382065828,-0.05356448443445205,D-post-hoc-diagnostic
calibrated,fedavg__peer-present,revmob,report-json,leave-one-seed-out,336,9,-0.13480177350989567,-0.11581291759465479,1,-0.20426965487746884,-0.05311706092661174,D-post-hoc-diagnostic
calibrated,fedavg__peer-present,revmob,report-json,leave-one-seed-out,337,9,-0.1467403077888555,-0.11581291759465479,1,-0.21702604772497702,-0.05923667658569061,D-post-hoc-diagnostic
calibrated,fedavg__peer-present,revmob,report-json,leave-one-seed-out,338,9,-0.1497114493327118,-0.14255319148936169,1,-0.2190728620145082,-0.05916436123877657,D-post-hoc-diagnostic
calibrated,fedavg__peer-present,revmob,report-json,leave-one-seed-out,339,9,-0.15223401021587538,-0.14255319148936169,1,-0.21928647279727725,-0.06059425962649363,D-post-hoc-diagnostic
calibrated,fedavg__peer-present,revmob,report-json,valid-fpr-leave-one-out,330,8,-0.16161045300296423,-0.12918305454200824,0,-0.22769427765103736,-0.10838397061973312,D-post-hoc-diagnostic
calibrated,fedavg__peer-present,revmob,report-json,valid-fpr-leave-one-out,331,8,-0.13887922589673712,-0.12918305454200824,1,-0.2130956952505037,-0.046177339030093995,D-post-hoc-diagnostic
calibrated,fedavg__peer-present,revmob,report-json,valid-fpr-leave-one-out,332,8,-0.14285616042054666,-0.12918305454200824,1,-0.21371772130745975,-0.04968867975306597,D-post-hoc-diagnostic
calibrated,fedavg__peer-present,revmob,report-json,valid-fpr-leave-one-out,334,8,-0.11147181848932972,-0.10446139362041863,1,-0.17371401706294265,-0.0313359547331037,D-post-hoc-diagnostic
calibrated,fedavg__peer-present,revmob,report-json,valid-fpr-leave-one-out,335,8,-0.11969326692816946,-0.10446139362041863,1,-0.19655295609581955,-0.038413310859317096,D-post-hoc-diagnostic
calibrated,fedavg__peer-present,revmob,report-json,valid-fpr-leave-one-out,336,8,-0.11858160684911807,-0.10446139362041863,1,-0.19408885071918236,-0.037960610082458476,D-post-hoc-diagnostic
calibrated,fedavg__peer-present,revmob,report-json,valid-fpr-leave-one-out,337,8,-0.13201245791294786,-0.10446139362041863,1,-0.20883821966591049,-0.04081361103632816,D-post-hoc-diagnostic
calibrated,fedavg__peer-present,revmob,report-json,valid-fpr-leave-one-out,338,8,-0.13535499214978625,-0.11783153056777208,1,-0.21045453298824118,-0.042873864235697404,D-post-hoc-diagnostic
calibrated,fedavg__peer-present,revmob,report-json,valid-fpr-leave-one-out,339,8,-0.13819287314334527,-0.12918305454200824,1,-0.21149440114935697,-0.04477542559982703,D-post-hoc-diagnostic
calibrated,fedavg__peer-present,revmob,report-json,valid-fpr-only,,9,-0.1331836505325494,-0.11581291759465479,1,-0.20242884064853525,-0.053851940247972185,D-post-hoc-diagnostic
equal-test-fpr,central__full-exposure,adwo,call-graph,all-seeds,,10,0.11757189799426984,0.13821765988372092,8,0.03047731856591467,0.1973450466234279,D-post-hoc-diagnostic
equal-test-fpr,central__full-exposure,adwo,call-graph,leave-one-seed-out,330,9,0.14384682432967652,0.16015625,8,0.06816640827217588,0.21568552463140656,D-post-hoc-diagnostic
equal-test-fpr,central__full-exposure,adwo,call-graph,leave-one-seed-out,331,9,0.0920650246645461,0.11627906976744184,7,0.006127996162413062,0.15687377294210067,D-post-hoc-diagnostic
equal-test-fpr,central__full-exposure,adwo,call-graph,leave-one-seed-out,332,9,0.11092218056710987,0.11627906976744184,7,0.01929145610842211,0.19909684539602712,D-post-hoc-diagnostic
equal-test-fpr,central__full-exposure,adwo,call-graph,leave-one-seed-out,333,9,0.12140365850335949,0.16015625,7,0.023694109196209383,0.20447751616112256,D-post-hoc-diagnostic
equal-test-fpr,central__full-exposure,adwo,call-graph,leave-one-seed-out,334,9,0.127221413662162,0.16015625,7,0.02902089609822006,0.20637904642510446,D-post-hoc-diagnostic
equal-test-fpr,central__full-exposure,adwo,call-graph,leave-one-seed-out,335,9,0.1177155455750285,0.16015625,7,0.02083433305032035,0.2027620727233655,D-post-hoc-diagnostic
equal-test-fpr,central__full-exposure,adwo,call-graph,leave-one-seed-out,336,9,0.11284030332696648,0.11627906976744184,7,0.01906535157386237,0.20010147890448524,D-post-hoc-diagnostic
equal-test-fpr,central__full-exposure,adwo,call-graph,leave-one-seed-out,337,9,0.10476606138464246,0.11627906976744184,7,0.016890594190434132,0.19125470383445983,D-post-hoc-diagnostic
equal-test-fpr,central__full-exposure,adwo,call-graph,leave-one-seed-out,338,9,0.10768462254372421,0.11627906976744184,7,0.018289906834261925,0.19579780138281533,D-post-hoc-diagnostic
equal-test-fpr,central__full-exposure,adwo,call-graph,leave-one-seed-out,339,9,0.13725334538548267,0.16015625,8,0.04522230163157428,0.20821021957871813,D-post-hoc-diagnostic
equal-test-fpr,central__full-exposure,adwo,call-graph,valid-fpr-leave-one-out,330,7,0.16868701551019788,0.17741935483870963,6,0.0688183808679135,0.24343562182475553,D-post-hoc-diagnostic
equal-test-fpr,central__full-exposure,adwo,call-graph,valid-fpr-leave-one-out,331,7,0.10211041594074455,0.16015625,5,-0.011842195223239607,0.1812295752594773,D-post-hoc-diagnostic
equal-test-fpr,central__full-exposure,adwo,call-graph,valid-fpr-leave-one-out,332,7,0.12635533067261223,0.16015625,5,0.004580333361045781,0.22966360718864806,D-post-hoc-diagnostic
equal-test-fpr,central__full-exposure,adwo,call-graph,valid-fpr-leave-one-out,335,7,0.13508965711136472,0.17741935483870963,5,0.006978385029732248,0.23552061144729747,D-post-hoc-diagnostic
equal-test-fpr,central__full-exposure,adwo,call-graph,valid-fpr-leave-one-out,336,7,0.12882148850671357,0.17741935483870963,5,0.0035208636511101193,0.22957187530444728,D-post-hoc-diagnostic
equal-test-fpr,central__full-exposure,adwo,call-graph,valid-fpr-leave-one-out,337,7,0.11844032029515417,0.16015625,5,0.004494347690760173,0.2205676913984813,D-post-hoc-diagnostic
equal-test-fpr,central__full-exposure,adwo,call-graph,valid-fpr-leave-one-out,338,7,0.12219275607111639,0.16015625,5,0.005112464918973103,0.22395956334349756,D-post-hoc-diagnostic
equal-test-fpr,central__full-exposure,adwo,call-graph,valid-fpr-leave-one-out,339,7,0.16020968543909156,0.17741935483870963,6,0.032955647448447464,0.23680688938915834,D-post-hoc-diagnostic
equal-test-fpr,central__full-exposure,adwo,call-graph,valid-fpr-only,,8,0.1327383336933744,0.16878780241935482,6,0.020625326055184086,0.21953775463582026,D-post-hoc-diagnostic
equal-test-fpr,central__full-exposure,adwo,mcndroid-static,all-seeds,,10,0.31264278498396586,0.34902005678175657,10,0.1895908307426975,0.3970876064127673,D-post-hoc-diagnostic
equal-test-fpr,central__full-exposure,adwo,mcndroid-static,leave-one-seed-out,330,9,0.3463646120418049,0.36033519553072624,9,0.2267998597098265,0.4139422948620032,D-post-hoc-diagnostic
equal-test-fpr,central__full-exposure,adwo,mcndroid-static,leave-one-seed-out,331,9,0.2907637455235855,0.3377049180327869,9,0.1655333962645551,0.3743825389255533,D-post-hoc-diagnostic
equal-test-fpr,central__full-exposure,adwo,mcndroid-static,leave-one-seed-out,332,9,0.2982769295520768,0.3377049180327869,9,0.17100409773854963,0.39005222520488114,D-post-hoc-diagnostic
equal-test-fpr,central__full-exposure,adwo,mcndroid-static,leave-one-seed-out,333,9,0.32100434731156113,0.36033519553072624,9,0.18229096255196073,0.40937817103326235,D-post-hoc-diagnostic
equal-test-fpr,central__full-exposure,adwo,mcndroid-static,leave-one-seed-out,334,9,0.30734362825654804,0.3377049180327869,9,0.17493036785992666,0.4004714621824903,D-post-hoc-diagnostic
equal-test-fpr,central__full-exposure,adwo,mcndroid-static,leave-one-seed-out,335,9,0.31149227042433186,0.36033519553072624,9,0.17550908282796174,0.4036176498795506,D-post-hoc-diagnostic
equal-test-fpr,central__full-exposure,adwo,mcndroid-static,leave-one-seed-out,336,9,0.2974676777599621,0.3377049180327869,9,0.1696767315097253,0.38718068538473654,D-post-hoc-diagnostic
equal-test-fpr,central__full-exposure,adwo,mcndroid-static,leave-one-seed-out,337,9,0.300307080855806,0.3377049180327869,9,0.17070384276485423,0.3916765612229235,D-post-hoc-diagnostic
equal-test-fpr,central__full-exposure,adwo,mcndroid-static,leave-one-seed-out,338,9,0.3098581035340968,0.36033519553072624,9,0.1770046657618345,0.4027254672043741,D-post-hoc-diagnostic
equal-test-fpr,central__full-exposure,adwo,mcndroid-static,leave-one-seed-out,339,9,0.34354945457988545,0.36033519553072624,9,0.21598868880263086,0.41325665240542875,D-post-hoc-diagnostic
equal-test-fpr,central__full-exposure,adwo,mcndroid-static,valid-fpr-leave-one-out,330,8,0.3599865980425795,0.3919996588340654,8,0.21766576722947195,0.42782848159298115,D-post-hoc-diagnostic
equal-test-fpr,central__full-exposure,adwo,mcndroid-static,valid-fpr-leave-one-out,331,8,0.2974356232095827,0.34902005678175657,8,0.15076342687247019,0.3898694529679404,D-post-hoc-diagnostic
equal-test-fpr,central__full-exposure,adwo,mcndroid-static,valid-fpr-leave-one-out,332,8,0.30588795524163537,0.34902005678175657,8,0.15545792564939204,0.4054053987663807,D-post-hoc-diagnostic
equal-test-fpr,central__full-exposure,adwo,mcndroid-static,valid-fpr-leave-one-out,334,8,0.31608799128416554,0.3806845200850958,8,0.1581181517960093,0.4174607925741327,D-post-hoc-diagnostic
equal-test-fpr,central__full-exposure,adwo,mcndroid-static,valid-fpr-leave-one-out,335,8,0.3207552137229223,0.3919996588340654,8,0.16197339590199972,0.4221193667485602,D-post-hoc-diagnostic
equal-test-fpr,central__full-exposure,adwo,mcndroid-static,valid-fpr-leave-one-out,336,8,0.3049775469755063,0.34902005678175657,8,0.155523128805246,0.40360150224783004,D-post-hoc-diagnostic
equal-test-fpr,central__full-exposure,adwo,mcndroid-static,valid-fpr-leave-one-out,337,8,0.3081718754583307,0.34902005678175657,8,0.15747498666601956,0.4085997272492051,D-post-hoc-diagnostic
equal-test-fpr,central__full-exposure,adwo,mcndroid-static,valid-fpr-leave-one-out,338,8,0.3189167759714079,0.3919996588340654,8,0.16305398422593456,0.4202384411001663,D-post-hoc-diagnostic
equal-test-fpr,central__full-exposure,adwo,mcndroid-static,valid-fpr-leave-one-out,339,8,0.3568195458979201,0.3919996588340654,8,0.2060010101447303,0.4257678259608949,D-post-hoc-diagnostic
equal-test-fpr,central__full-exposure,adwo,mcndroid-static,valid-fpr-only,,9,0.32100434731156113,0.36033519553072624,9,0.18229096255196073,0.40937817103326235,D-post-hoc-diagnostic
equal-test-fpr,central__full-exposure,adwo,report-json,all-seeds,,10,-0.2018167226654203,-0.2120086865706281,1,-0.2501933553480901,-0.12772846758560966,D-post-hoc-diagnostic
equal-test-fpr,central__full-exposure,adwo,report-json,leave-one-seed-out,330,9,-0.18867169727052122,-0.19553072625698323,1,-0.2375235421666519,-0.11207929195807646,D-post-hoc-diagnostic
equal-test-fpr,central__full-exposure,adwo,report-json,leave-one-seed-out,331,9,-0.226717802253864,-0.22848664688427298,0,-0.2708418052971206,-0.18815705370942448,D-post-hoc-diagnostic
equal-test-fpr,central__full-exposure,adwo,report-json,leave-one-seed-out,332,9,-0.20488596425190067,-0.22848664688427298,1,-0.2574645610587343,-0.12045307582206599,D-post-hoc-diagnostic
equal-test-fpr,central__full-exposure,adwo,report-json,leave-one-seed-out,333,9,-0.19885339775221444,-0.19553072625698323,1,-0.25309405770055926,-0.11812121548104294,D-post-hoc-diagnostic
equal-test-fpr,central__full-exposure,adwo,report-json,leave-one-seed-out,334,9,-0.2025151667108022,-0.22848664688427298,1,-0.25644459381493,-0.11971120761789401,D-post-hoc-diagnostic
equal-test-fpr,central__full-exposure,adwo,report-json,leave-one-seed-out,335,9,-0.19840100967992436,-0.19553072625698323,1,-0.2529947287256546,-0.11762968040337198,D-post-hoc-diagnostic
equal-test-fpr,central__full-exposure,adwo,report-json,leave-one-seed-out,336,9,-0.2086158029615781,-0.22848664688427298,1,-0.25836732974568066,-0.1216745264532402,D-post-hoc-diagnostic
equal-test-fpr,central__full-exposure,adwo,report-json,leave-one-seed-out,337,9,-0.18776921687167142,-0.19553072625698323,1,-0.23453021966351464,-0.10931884229151562,D-post-hoc-diagnostic
equal-test-fpr,central__full-exposure,adwo,report-json,leave-one-seed-out,338,9,-0.2067544641637639,-0.22848664688427298,1,-0.25817498187433247,-0.1200869010598186,D-post-hoc-diagnostic
equal-test-fpr,central__full-exposure,adwo,report-json,leave-one-seed-out,339,9,-0.19498270473796264,-0.19553072625698323,1,-0.24965521638471,-0.11509645187363661,D-post-hoc-diagnostic
equal-test-fpr,central__full-exposure,adwo,report-json,valid-fpr-leave-one-out,330,8,-0.18369482856880223,-0.18486213732204,1,-0.23993103291141948,-0.10096219565472438,D-post-hoc-diagnostic
equal-test-fpr,central__full-exposure,adwo,report-json,valid-fpr-leave-one-out,331,8,-0.22649669667506292,-0.21404443289593347,0,-0.2766641760997044,-0.18327431565521465,D-post-hoc-diagnostic
equal-test-fpr,central__full-exposure,adwo,report-json,valid-fpr-leave-one-out,332,8,-0.20193587892285417,-0.21404443289593347,1,-0.26224634640293865,-0.10895917804027075,D-post-hoc-diagnostic
equal-test-fpr,central__full-exposure,adwo,report-json,valid-fpr-leave-one-out,334,8,-0.19926873168911835,-0.20337584396099023,1,-0.2603116501494309,-0.1082797892112169,D-post-hoc-diagnostic
equal-test-fpr,central__full-exposure,adwo,report-json,valid-fpr-leave-one-out,335,8,-0.1946403050293808,-0.18486213732204,1,-0.25720919993646335,-0.10676235210531096,D-post-hoc-diagnostic
equal-test-fpr,central__full-exposure,adwo,report-json,valid-fpr-leave-one-out,336,8,-0.20613194747124125,-0.21404443289593347,1,-0.2627641880389572,-0.10825047164658805,D-post-hoc-diagnostic
equal-test-fpr,central__full-exposure,adwo,report-json,valid-fpr-leave-one-out,337,8,-0.1826795381200962,-0.18486213732204,1,-0.2363812514395265,-0.09995798031113577,D-post-hoc-diagnostic
equal-test-fpr,central__full-exposure,adwo,report-json,valid-fpr-leave-one-out,338,8,-0.20403794132370026,-0.21404443289593347,1,-0.2631763889418401,-0.1102648959881053,D-post-hoc-diagnostic
equal-test-fpr,central__full-exposure,adwo,report-json,valid-fpr-leave-one-out,339,8,-0.19079471196967385,-0.18486213732204,1,-0.25233005738471503,-0.10814701689304582,D-post-hoc-diagnostic
equal-test-fpr,central__full-exposure,adwo,report-json,valid-fpr-only,,9,-0.19885339775221444,-0.19553072625698323,1,-0.25309405770055926,-0.11812121548104294,D-post-hoc-diagnostic
equal-test-fpr,central__full-exposure,contrast-macro,call-graph,all-seeds,,10,0.07604092815932327,0.08402310777500993,9,0.04282232850151352,0.11036736511088022,D-post-hoc-diagnostic
equal-test-fpr,central__full-exposure,contrast-macro,call-graph,leave-one-seed-out,330,9,0.0727786612798314,0.08006289362627095,8,0.03783542411919118,0.11127745745630993,D-post-hoc-diagnostic
equal-test-fpr,central__full-exposure,contrast-macro,call-graph,leave-one-seed-out,331,9,0.08360625138923447,0.08798332192374891,8,0.048178877887912114,0.11625587047309785,D-post-hoc-diagnostic
equal-test-fpr,central__full-exposure,contrast-macro,call-graph,leave-one-seed-out,332,9,0.0769736983202402,0.08798332192374891,8,0.03860734727039047,0.11378417887774742,D-post-hoc-diagnostic
equal-test-fpr,central__full-exposure,contrast-macro,call-graph,leave-one-seed-out,333,9,0.08068397747056676,0.08798332192374891,8,0.041621401249226225,0.11483678928085839,D-post-hoc-diagnostic
equal-test-fpr,central__full-exposure,contrast-macro,call-graph,leave-one-seed-out,334,9,0.0755940431074402,0.08798332192374891,8,0.037872378685355174,0.11321519792416909,D-post-hoc-diagnostic
equal-test-fpr,central__full-exposure,contrast-macro,call-graph,leave-one-seed-out,335,9,0.07471399551883154,0.08006289362627095,8,0.0375045550716308,0.11273620082315904,D-post-hoc-diagnostic
equal-test-fpr,central__full-exposure,contrast-macro,call-graph,leave-one-seed-out,336,9,0.06414558322913563,0.08006289362627095,8,0.029232729529045556,0.08864548354060378,D-post-hoc-diagnostic
equal-test-fpr,central__full-exposure,contrast-macro,call-graph,leave-one-seed-out,337,9,0.08676970624337317,0.08798332192374891,9,0.05829409303254946,0.1190086276437536,D-post-hoc-diagnostic
equal-test-fpr,central__full-exposure,contrast-macro,call-graph,leave-one-seed-out,338,9,0.0725942850261288,0.08006289362627095,8,0.03646379080663892,0.11085346174208673,D-post-hoc-diagnostic
equal-test-fpr,central__full-exposure,contrast-macro,call-graph,leave-one-seed-out,339,9,0.07254908000845055,0.08006289362627095,8,0.03645974972579531,0.11076760567126831,D-post-hoc-diagnostic
equal-test-fpr,central__full-exposure,contrast-macro,call-graph,valid-fpr-leave-one-out,330,7,0.0772416533620114,0.08798332192374891,6,0.031031799823744075,0.12293653355181078,D-post-hoc-diagnostic
equal-test-fpr,central__full-exposure,contrast-macro,call-graph,valid-fpr-leave-one-out,331,7,0.09116284064552962,0.10540133007475005,6,0.04379102018232369,0.1261187282253102,D-post-hoc-diagnostic
equal-test-fpr,central__full-exposure,contrast-macro,call-graph,valid-fpr-leave-one-out,332,7,0.08263527241396558,0.10540133007475005,6,0.03348234702688846,0.1256065651536554,D-post-hoc-diagnostic
equal-test-fpr,central__full-exposure,contrast-macro,call-graph,valid-fpr-leave-one-out,335,7,0.07972994024072586,0.10540133007475005,6,0.03202327047932742,0.12321339605207049,D-post-hoc-diagnostic
equal-test-fpr,central__full-exposure,contrast-macro,call-graph,valid-fpr-leave-one-out,336,7,0.0661419815825454,0.08798332192374891,6,0.02134226466724141,0.09567855417819923,D-post-hoc-diagnostic
equal-test-fpr,central__full-exposure,contrast-macro,call-graph,valid-fpr-leave-one-out,337,7,0.09523013974370796,0.10540133007475005,7,0.058481204355573135,0.12842808065770764,D-post-hoc-diagnostic
equal-test-fpr,central__full-exposure,contrast-macro,call-graph,valid-fpr-leave-one-out,338,7,0.07700459817867947,0.08798332192374891,6,0.0294766492045104,0.1212456473724925,D-post-hoc-diagnostic
equal-test-fpr,central__full-exposure,contrast-macro,call-graph,valid-fpr-leave-one-out,339,7,0.07694647744166458,0.08798332192374891,6,0.02947175755320816,0.12118596939811534,D-post-hoc-diagnostic
equal-test-fpr,central__full-exposure,contrast-macro,call-graph,valid-fpr-only,,8,0.08076161295110373,0.09669232599924948,7,0.038201595731132715,0.11870392479039092,D-post-hoc-diagnostic
equal-test-fpr,central__full-exposure,contrast-macro,mcndroid-static,all-seeds,,10,-0.020519206122282963,-0.033589157872632946,3,-0.042508054171598676,0.01583909599052779,D-post-hoc-diagnostic
equal-test-fpr,central__full-exposure,contrast-macro,mcndroid-static,leave-one-seed-out,330,9,-0.031868475651583,-0.035194643556406335,2,-0.050173099060510234,-0.01128746681651107,D-post-hoc-diagnostic
equal-test-fpr,central__full-exposure,contrast-macro,mcndroid-static,leave-one-seed-out,331,9,-0.016916678028995064,-0.03198367218885956,3,-0.04150078384558867,0.019697028177542698,D-post-hoc-diagnostic
equal-test-fpr,central__full-exposure,contrast-macro,mcndroid-static,leave-one-seed-out,332,9,-0.02160621421470299,-0.035194643556406335,3,-0.045849633930327496,0.01846371214447098,D-post-hoc-diagnostic
equal-test-fpr,central__full-exposure,contrast-macro,mcndroid-static,leave-one-seed-out,333,9,-0.01888860196293592,-0.03198367218885956,3,-0.043698215407647956,0.01934959344605842,D-post-hoc-diagnostic
equal-test-fpr,central__full-exposure,contrast-macro,mcndroid-static,leave-one-seed-out,334,9,-0.01785111560459993,-0.03198367218885956,3,-0.04265979796730321,0.019035420466685975,D-post-hoc-diagnostic
equal-test-fpr,central__full-exposure,contrast-macro,mcndroid-static,leave-one-seed-out,335,9,-0.015223565661828253,-0.03198367218885956,3,-0.03863393016063324,0.020886613495628245,D-post-hoc-diagnostic
equal-test-fpr,central__full-exposure,contrast-macro,mcndroid-static,leave-one-seed-out,336,9,-0.02453520501827322,-0.035194643556406335,2,-0.046634792400610164,0.016084215107720512,D-post-hoc-diagnostic
equal-test-fpr,central__full-exposure,contrast-macro,mcndroid-static,leave-one-seed-out,337,9,-0.014971217033598827,-0.03198367218885956,3,-0.037360811678069594,0.021159680449775883,D-post-hoc-diagnostic
equal-test-fpr,central__full-exposure,contrast-macro,mcndroid-static,leave-one-seed-out,338,9,-0.019245376559330007,-0.035194643556406335,3,-0.044106349185696864,0.018361001990467415,D-post-hoc-diagnostic
equal-test-fpr,central__full-exposure,contrast-macro,mcndroid-static,leave-one-seed-out,339,9,-0.024085611486982406,-0.035194643556406335,2,-0.04659773937459241,0.016238627713400147,D-post-hoc-diagnostic
equal-test-fpr,central__full-exposure,contrast-macro,mcndroid-static,valid-fpr-leave-one-out,330,8,-0.03145270466348009,-0.03825784648514491,2,-0.05169471716880787,-0.008241149438974608,D-post-hoc-diagnostic
equal-test-fpr,central__full-exposure,contrast-macro,mcndroid-static,valid-fpr-leave-one-out,331,8,-0.014631932338068657,-0.021359902739681136,3,-0.04268167663998042,0.02389776663100059,D-post-hoc-diagnostic
equal-test-fpr,central__full-exposure,contrast-macro,mcndroid-static,valid-fpr-leave-one-out,332,8,-0.019907660546990072,-0.03825784648514491,3,-0.04762794730128672,0.022146650661873574,D-post-hoc-diagnostic
equal-test-fpr,central__full-exposure,contrast-macro,mcndroid-static,valid-fpr-leave-one-out,334,8,-0.01568317461062413,-0.021359902739681136,3,-0.04449285602446722,0.023162213549011705,D-post-hoc-diagnostic
equal-test-fpr,central__full-exposure,contrast-macro,mcndroid-static,valid-fpr-leave-one-out,335,8,-0.012727180925005993,-0.021359902739681136,3,-0.03875040473791848,0.024821359160257656,D-post-hoc-diagnostic
equal-test-fpr,central__full-exposure,contrast-macro,mcndroid-static,valid-fpr-leave-one-out,336,8,-0.02320277520100658,-0.03825784648514491,2,-0.04775513051367283,0.020938047356063222,D-post-hoc-diagnostic
equal-test-fpr,central__full-exposure,contrast-macro,mcndroid-static,valid-fpr-leave-one-out,337,8,-0.012443288718247889,-0.021359902739681136,3,-0.03800443999128478,0.026991236643988947,D-post-hoc-diagnostic
equal-test-fpr,central__full-exposure,contrast-macro,mcndroid-static,valid-fpr-leave-one-out,338,8,-0.017251718184695466,-0.027634077035966487,3,-0.04546358561742872,0.023343853876338513,D-post-hoc-diagnostic
equal-test-fpr,central__full-exposure,contrast-macro,mcndroid-static,valid-fpr-leave-one-out,339,8,-0.022696982478304414,-0.03825784648514491,2,-0.047941347646605834,0.02172194378587296,D-post-hoc-diagnostic
equal-test-fpr,central__full-exposure,contrast-macro,mcndroid-static,valid-fpr-only,,9,-0.01888860196293592,-0.03198367218885956,3,-0.043698215407647956,0.01934959344605842,D-post-hoc-diagnostic
equal-test-fpr,central__full-exposure,contrast-macro,report-json,all-seeds,,10,-0.25705490852482255,-0.27756877429537535,0,-0.2822553668896947,-0.22257809458670305,D-post-hoc-diagnostic
equal-test-fpr,central__full-exposure,contrast-macro,report-json,leave-one-seed-out,330,9,-0.2654581594107445,-0.27910229864982405,0,-0.2868329599100093,-0.22841806081074584,D-post-hoc-diagnostic
equal-test-fpr,central__full-exposure,contrast-macro,report-json,leave-one-seed-out,331,9,-0.2515768169468216,-0.27603524994092665,0,-0.27840676733794967,-0.2168150330484561,D-post-hoc-diagnostic
equal-test-fpr,central__full-exposure,contrast-macro,report-json,leave-one-seed-out,332,9,-0.2566882274337614,-0.27910229864982405,0,-0.2845089814073523,-0.21818701272479055,D-post-hoc-diagnostic
equal-test-fpr,central__full-exposure,contrast-macro,report-json,leave-one-seed-out,333,9,-0.254945981700811,-0.27910229864982405,0,-0.28278021773619705,-0.21714681812934722,D-post-hoc-diagnostic
equal-test-fpr,central__full-exposure,contrast-macro,report-json,leave-one-seed-out,334,9,-0.2534658172759211,-0.27603524994092665,0,-0.2815475028371332,-0.21709805840056906,D-post-hoc-diagnostic
equal-test-fpr,central__full-exposure,contrast-macro,report-json,leave-one-seed-out,335,9,-0.2536921182302553,-0.27603524994092665,0,-0.28182894134071046,-0.21695629697811802,D-post-hoc-diagnostic
equal-test-fpr,central__full-exposure,contrast-macro,report-json,leave-one-seed-out,336,9,-0.26211322669963294,-0.27910229864982405,0,-0.2868401726967239,-0.22195378335508312,D-post-hoc-diagnostic
equal-test-fpr,central__full-exposure,contrast-macro,report-json,leave-one-seed-out,337,9,-0.25460519851093355,-0.27603524994092665,0,-0.2826796638637812,-0.21728187786863354,D-post-hoc-diagnostic
equal-test-fpr,central__full-exposure,contrast-macro,report-json,leave-one-seed-out,338,9,-0.2515840320795658,-0.27603524994092665,0,-0.2771329283961847,-0.21521209134554764,D-post-hoc-diagnostic
equal-test-fpr,central__full-exposure,contrast-macro,report-json,leave-one-seed-out,339,9,-0.26641950695977856,-0.27910229864982405,0,-0.28714671095949784,-0.2317607390012626,D-post-hoc-diagnostic
equal-test-fpr,central__full-exposure,contrast-macro,report-json,valid-fpr-leave-one-out,330,8,-0.2641360230944717,-0.28321115991287615,0,-0.28899637441786985,-0.22370969570102675,D-post-hoc-diagnostic
equal-test-fpr,central__full-exposure,contrast-macro,report-json,valid-fpr-leave-one-out,331,8,-0.24851951282255852,-0.26972866849709864,0,-0.27850553435333836,-0.21118176789521825,D-post-hoc-diagnostic
equal-test-fpr,central__full-exposure,contrast-macro,report-json,valid-fpr-leave-one-out,332,8,-0.25426984962036575,-0.28321115991287615,0,-0.2858728153066261,-0.21326665554028945,D-post-hoc-diagnostic
equal-test-fpr,central__full-exposure,contrast-macro,report-json,valid-fpr-leave-one-out,334,8,-0.2506446381927954,-0.26972866849709864,0,-0.28255320635989,-0.21227050809605458,D-post-hoc-diagnostic
equal-test-fpr,central__full-exposure,contrast-macro,report-json,valid-fpr-leave-one-out,335,8,-0.25089922676642135,-0.26972866849709864,0,-0.28270520633932517,-0.21227140091221885,D-post-hoc-diagnostic
equal-test-fpr,central__full-exposure,contrast-macro,report-json,valid-fpr-leave-one-out,336,8,-0.2603729737944712,-0.28321115991287615,0,-0.28909823422188274,-0.21695488332450522,D-post-hoc-diagnostic
equal-test-fpr,central__full-exposure,contrast-macro,report-json,valid-fpr-leave-one-out,337,8,-0.2519264420821844,-0.2738375297601508,0,-0.28448745016796284,-0.21227140091221885,D-post-hoc-diagnostic
equal-test-fpr,central__full-exposure,contrast-macro,report-json,valid-fpr-leave-one-out,338,8,-0.24852762984689575,-0.26972866849709864,0,-0.2789581005538156,-0.2101087943679717,D-post-hoc-diagnostic
equal-test-fpr,central__full-exposure,contrast-macro,report-json,valid-fpr-leave-one-out,339,8,-0.2652175390871351,-0.28321115991287615,0,-0.28843489708800685,-0.22755884665158732,D-post-hoc-diagnostic
equal-test-fpr,central__full-exposure,contrast-macro,report-json,valid-fpr-only,,9,-0.254945981700811,-0.27910229864982405,0,-0.28278021773619705,-0.21714681812934722,D-post-hoc-diagnostic
equal-test-fpr,central__full-exposure,gappusin,call-graph,all-seeds,,10,0.08874921805730393,0.01547662476923245,7,0.02501081107926782,0.18346498878076514,D-post-hoc-diagnostic
equal-test-fpr,central__full-exposure,gappusin,call-graph,leave-one-seed-out,330,9,0.06442220809785906,0.007561436672967825,6,0.0035240165684787654,0.1630981579725069,D-post-hoc-diagnostic
equal-test-fpr,central__full-exposure,gappusin,call-graph,leave-one-seed-out,331,9,0.06584964663869965,0.007561436672967825,6,0.0036666575022888948,0.16880791213586932,D-post-hoc-diagnostic
equal-test-fpr,central__full-exposure,gappusin,call-graph,leave-one-seed-out,332,9,0.09990438168319404,0.023391812865497075,7,0.028742205333368784,0.20018294187223717,D-post-hoc-diagnostic
equal-test-fpr,central__full-exposure,gappusin,call-graph,leave-one-seed-out,333,9,0.1012557449313959,0.023391812865497075,7,0.03248859818550328,0.20058627770873522,D-post-hoc-diagnostic
equal-test-fpr,central__full-exposure,gappusin,call-graph,leave-one-seed-out,334,9,0.09591538324775063,0.007561436672967825,6,0.025107969557376424,0.19807221250321258,D-post-hoc-diagnostic
equal-test-fpr,central__full-exposure,gappusin,call-graph,leave-one-seed-out,335,9,0.06926013746409032,0.007561436672967825,6,0.0030938559528558185,0.17484072247798538,D-post-hoc-diagnostic
equal-test-fpr,central__full-exposure,gappusin,call-graph,leave-one-seed-out,336,9,0.09601115196750469,0.007561436672967825,6,0.025890048990407293,0.19824132067345168,D-post-hoc-diagnostic
equal-test-fpr,central__full-exposure,gappusin,call-graph,leave-one-seed-out,337,9,0.09777008265556349,0.023391812865497075,6,0.027189983669040817,0.19955585451329774,D-post-hoc-diagnostic
equal-test-fpr,central__full-exposure,gappusin,call-graph,leave-one-seed-out,338,9,0.0978509408432205,0.023391812865497075,6,0.02736159959293213,0.19958081874919442,D-post-hoc-diagnostic
equal-test-fpr,central__full-exposure,gappusin,call-graph,leave-one-seed-out,339,9,0.09925250304376095,0.023391812865497075,7,0.029575086328617765,0.1995880462638061,D-post-hoc-diagnostic
equal-test-fpr,central__full-exposure,gappusin,call-graph,valid-fpr-leave-one-out,330,7,0.0827650950495674,0.007561436672967825,5,0.0032668820952964006,0.20388060322253465,D-post-hoc-diagnostic
equal-test-fpr,central__full-exposure,gappusin,call-graph,valid-fpr-leave-one-out,331,7,0.08460037317350531,0.007561436672967825,5,0.0032668820952964006,0.2093962799323426,D-post-hoc-diagnostic
equal-test-fpr,central__full-exposure,gappusin,call-graph,valid-fpr-leave-one-out,332,7,0.12838503251642666,0.023391812865497075,6,0.04210319036606141,0.24334363997685976,D-post-hoc-diagnostic
equal-test-fpr,central__full-exposure,gappusin,call-graph,valid-fpr-leave-one-out,335,7,0.08898528994900759,0.007561436672967825,5,0.00458627420225615,0.21762332388029287,D-post-hoc-diagnostic
equal-test-fpr,central__full-exposure,gappusin,call-graph,valid-fpr-leave-one-out,336,7,0.12337945145339749,0.007561436672967825,5,0.036551051762613036,0.24341178552712786,D-post-hoc-diagnostic
equal-test-fpr,central__full-exposure,gappusin,call-graph,valid-fpr-leave-one-out,337,7,0.12564093376661595,0.023391812865497075,5,0.038224393114092876,0.24412614605475436,D-post-hoc-diagnostic
equal-test-fpr,central__full-exposure,gappusin,call-graph,valid-fpr-leave-one-out,338,7,0.12574489429360355,0.023391812865497075,5,0.03846373194610675,0.24443396303442516,D-post-hoc-diagnostic
equal-test-fpr,central__full-exposure,gappusin,call-graph,valid-fpr-leave-one-out,339,7,0.12754690283715556,0.023391812865497075,6,0.041425049998994934,0.24421664562601308,D-post-hoc-diagnostic
equal-test-fpr,central__full-exposure,gappusin,call-graph,valid-fpr-only,,8,0.11088099662990994,0.01547662476923245,6,0.03348300305965631,0.2205413091706272,D-post-hoc-diagnostic
equal-test-fpr,central__full-exposure,gappusin,mcndroid-static,all-seeds,,10,0.1544128587860591,0.03914723081630572,8,0.05237491495483441,0.32836915048055376,D-post-hoc-diagnostic
equal-test-fpr,central__full-exposure,gappusin,mcndroid-static,leave-one-seed-out,330,9,0.11174078326656141,0.016791044776119368,7,0.030009482074290203,0.2869839861788714,D-post-hoc-diagnostic
equal-test-fpr,central__full-exposure,gappusin,mcndroid-static,leave-one-seed-out,331,9,0.14155838834189843,0.016791044776119368,7,0.028099834467941648,0.33111125069386194,D-post-hoc-diagnostic
equal-test-fpr,central__full-exposure,gappusin,mcndroid-static,leave-one-seed-out,332,9,0.1589982032361278,0.016791044776119368,7,0.043622342603098115,0.3425577573233498,D-post-hoc-diagnostic
equal-test-fpr,central__full-exposure,gappusin,mcndroid-static,leave-one-seed-out,333,9,0.17441884594462412,0.06150341685649208,8,0.06342796855754278,0.35195375930423967,D-post-hoc-diagnostic
equal-test-fpr,central__full-exposure,gappusin,mcndroid-static,leave-one-seed-out,334,9,0.1697041714538302,0.06150341685649208,7,0.05488051763888187,0.3484864582348861,D-post-hoc-diagnostic
equal-test-fpr,central__full-exposure,gappusin,mcndroid-static,leave-one-seed-out,335,9,0.11058261229706969,0.016791044776119368,7,0.02932686577401071,0.28937280373080143,D-post-hoc-diagnostic
equal-test-fpr,central__full-exposure,gappusin,mcndroid-static,leave-one-seed-out,336,9,0.17178643395548696,0.06150341685649208,8,0.06175037969598698,0.3550359218232262,D-post-hoc-diagnostic
equal-test-fpr,central__full-exposure,gappusin,mcndroid-static,leave-one-seed-out,337,9,0.16988952383496173,0.06150341685649208,7,0.059209048117296804,0.35496475783977166,D-post-hoc-diagnostic
equal-test-fpr,central__full-exposure,gappusin,mcndroid-static,leave-one-seed-out,338,9,0.16473613011156654,0.016791044776119368,7,0.053068091033090715,0.3498215573092679,D-post-hoc-diagnostic
equal-test-fpr,central__full-exposure,gappusin,mcndroid-static,leave-one-seed-out,339,9,0.1707134954184643,0.06150341685649208,7,0.05963860321190802,0.35358184663854453,D-post-hoc-diagnostic
equal-test-fpr,central__full-exposure,gappusin,mcndroid-static,valid-fpr-leave-one-out,330,8,0.12891350938000978,0.03914723081630572,7,0.04185499554120575,0.3239952144842433,D-post-hoc-diagnostic
equal-test-fpr,central__full-exposure,gappusin,mcndroid-static,valid-fpr-leave-one-out,331,8,0.16245831508976397,0.03914723081630572,7,0.03698439563382662,0.3649540840325707,D-post-hoc-diagnostic
equal-test-fpr,central__full-exposure,gappusin,mcndroid-static,valid-fpr-leave-one-out,332,8,0.18207810684577197,0.03914723081630572,7,0.05582767131154416,0.38026505782064074,D-post-hoc-diagnostic
equal-test-fpr,central__full-exposure,gappusin,mcndroid-static,valid-fpr-leave-one-out,334,8,0.1941223210906872,0.08732408779596654,7,0.0725266505297156,0.38295737988882506,D-post-hoc-diagnostic
equal-test-fpr,central__full-exposure,gappusin,mcndroid-static,valid-fpr-leave-one-out,335,8,0.1276105670393316,0.03914723081630572,7,0.03741158568872598,0.3183988327694254,D-post-hoc-diagnostic
equal-test-fpr,central__full-exposure,gappusin,mcndroid-static,valid-fpr-leave-one-out,336,8,0.196464866405051,0.08732408779596654,8,0.07571387223433826,0.3796420152813914,D-post-hoc-diagnostic
equal-test-fpr,central__full-exposure,gappusin,mcndroid-static,valid-fpr-leave-one-out,337,8,0.19433084251946015,0.08732408779596654,7,0.07144363413170975,0.37766693688949937,D-post-hoc-diagnostic
equal-test-fpr,central__full-exposure,gappusin,mcndroid-static,valid-fpr-leave-one-out,338,8,0.1885332745806406,0.06496790175578018,7,0.066305856320386,0.3760653910381003,D-post-hoc-diagnostic
equal-test-fpr,central__full-exposure,gappusin,mcndroid-static,valid-fpr-leave-one-out,339,8,0.19525781055090058,0.08732408779596654,7,0.0735530366071411,0.37715981195000553,D-post-hoc-diagnostic
equal-test-fpr,central__full-exposure,gappusin,mcndroid-static,valid-fpr-only,,9,0.17441884594462412,0.06150341685649208,8,0.06342796855754278,0.35195375930423967,D-post-hoc-diagnostic
equal-test-fpr,central__full-exposure,gappusin,report-json,all-seeds,,10,-0.051796345539780006,-0.11804562246807626,3,-0.12521541468439226,0.054139530553702145,D-post-hoc-diagnostic
equal-test-fpr,central__full-exposure,gappusin,report-json,leave-one-seed-out,330,9,-0.08004362279948565,-0.14642262895174707,2,-0.14165024670788265,0.02539036870147513,D-post-hoc-diagnostic
equal-test-fpr,central__full-exposure,gappusin,report-json,leave-one-seed-out,331,9,-0.07565000592621603,-0.14642262895174707,2,-0.14106539955999278,0.03921434483906329,D-post-hoc-diagnostic
equal-test-fpr,central__full-exposure,gappusin,report-json,leave-one-seed-out,332,9,-0.04128231404956143,-0.08966861598440545,3,-0.1247417617539397,0.0680807670738792,D-post-hoc-diagnostic
equal-test-fpr,central__full-exposure,gappusin,report-json,leave-one-seed-out,333,9,-0.03882947632218127,-0.08966861598440545,3,-0.12064176274858289,0.06987003281386486,D-post-hoc-diagnostic
equal-test-fpr,central__full-exposure,gappusin,report-json,leave-one-seed-out,334,9,-0.037236403833586396,-0.08966861598440545,3,-0.11790124609758354,0.07044959018403435,D-post-hoc-diagnostic
equal-test-fpr,central__full-exposure,gappusin,report-json,leave-one-seed-out,335,9,-0.06860543062643748,-0.14642262895174707,2,-0.14038550451382176,0.05441312656955656,D-post-hoc-diagnostic
equal-test-fpr,central__full-exposure,gappusin,report-json,leave-one-seed-out,336,9,-0.047588315490377175,-0.14642262895174707,3,-0.12976517546092903,0.06946161545915742,D-post-hoc-diagnostic
equal-test-fpr,central__full-exposure,gappusin,report-json,leave-one-seed-out,337,9,-0.03822782354661544,-0.08966861598440545,3,-0.11760845670372685,0.0733559861664402,D-post-hoc-diagnostic
equal-test-fpr,central__full-exposure,gappusin,report-json,leave-one-seed-out,338,9,-0.05071778206014534,-0.14642262895174707,3,-0.13085414422341796,0.06598910690149085,D-post-hoc-diagnostic
equal-test-fpr,central__full-exposure,gappusin,report-json,leave-one-seed-out,339,9,-0.039782280743193794,-0.08966861598440545,3,-0.121438437992303,0.07020136071104213,D-post-hoc-diagnostic
equal-test-fpr,central__full-exposure,gappusin,report-json,valid-fpr-leave-one-out,330,8,-0.06898680458715029,-0.11804562246807626,2,-0.13696170864658413,0.040682197678796744,D-post-hoc-diagnostic
equal-test-fpr,central__full-exposure,gappusin,report-json,valid-fpr-leave-one-out,331,8,-0.06404398560472196,-0.11804562246807626,2,-0.13649462479955962,0.05476970456015169,D-post-hoc-diagnostic
equal-test-fpr,central__full-exposure,gappusin,report-json,valid-fpr-leave-one-out,332,8,-0.025380332243485543,-0.07558601642044871,3,-0.1167754257282044,0.08994416788970874,D-post-hoc-diagnostic
equal-test-fpr,central__full-exposure,gappusin,report-json,valid-fpr-leave-one-out,334,8,-0.020828683250513624,-0.07558601642044871,3,-0.10822264824089263,0.09171605343454728,D-post-hoc-diagnostic
equal-test-fpr,central__full-exposure,gappusin,report-json,valid-fpr-leave-one-out,335,8,-0.05611883839247108,-0.11804562246807626,2,-0.1381788116280532,0.073911897877744,D-post-hoc-diagnostic
equal-test-fpr,central__full-exposure,gappusin,report-json,valid-fpr-leave-one-out,336,8,-0.03247458386440325,-0.10396302290411952,3,-0.12441197841514606,0.08852199879826961,D-post-hoc-diagnostic
equal-test-fpr,central__full-exposure,gappusin,report-json,valid-fpr-leave-one-out,337,8,-0.021944030427671308,-0.07558601642044871,3,-0.11118025662979844,0.09060070625738961,D-post-hoc-diagnostic
equal-test-fpr,central__full-exposure,gappusin,report-json,valid-fpr-leave-one-out,338,8,-0.03599523375539244,-0.11804562246807626,3,-0.12605583184673952,0.08585799078561084,D-post-hoc-diagnostic
equal-test-fpr,central__full-exposure,gappusin,report-json,valid-fpr-leave-one-out,339,8,-0.023692794773821944,-0.07558601642044871,3,-0.11208897659419334,0.08969191049434003,D-post-hoc-diagnostic
equal-test-fpr,central__full-exposure,gappusin,report-json,valid-fpr-only,,9,-0.03882947632218127,-0.08966861598440545,3,-0.12064176274858289,0.06987003281386486,D-post-hoc-diagnostic
equal-test-fpr,central__full-exposure,hiddad,call-graph,all-seeds,,10,-0.10971217003211424,-0.09520294212391275,1,-0.1638156061553628,-0.07001460171687653,D-post-hoc-diagnostic
equal-test-fpr,central__full-exposure,hiddad,call-graph,leave-one-seed-out,330,9,-0.12271344115490389,-0.09712230215827333,0,-0.18095626106432178,-0.08992263350032612,D-post-hoc-diagnostic
equal-test-fpr,central__full-exposure,hiddad,call-graph,leave-one-seed-out,331,9,-0.10813023560991218,-0.09328358208955218,1,-0.17020103425610766,-0.06548170588686561,D-post-hoc-diagnostic
equal-test-fpr,central__full-exposure,hiddad,call-graph,leave-one-seed-out,332,9,-0.11203540127978373,-0.09712230215827333,1,-0.170961060112324,-0.06763686849842658,D-post-hoc-diagnostic
equal-test-fpr,central__full-exposure,hiddad,call-graph,leave-one-seed-out,333,9,-0.11459246962632576,-0.09712230215827333,1,-0.1717905537113415,-0.06937800240782978,D-post-hoc-diagnostic
equal-test-fpr,central__full-exposure,hiddad,call-graph,leave-one-seed-out,334,9,-0.11111104424031877,-0.09328358208955218,1,-0.1707620046136371,-0.0664705019913567,D-post-hoc-diagnostic
equal-test-fpr,central__full-exposure,hiddad,call-graph,leave-one-seed-out,335,9,-0.09144973624967427,-0.09328358208955218,1,-0.12485589548322255,-0.05502322491860787,D-post-hoc-diagnostic
equal-test-fpr,central__full-exposure,hiddad,call-graph,leave-one-seed-out,336,9,-0.11153756869239892,-0.09712230215827333,1,-0.17043394983641488,-0.06720766663227186,D-post-hoc-diagnostic
equal-test-fpr,central__full-exposure,hiddad,call-graph,leave-one-seed-out,337,9,-0.10144912203678808,-0.09328358208955218,1,-0.1651067824680906,-0.06414119243524126,D-post-hoc-diagnostic
equal-test-fpr,central__full-exposure,hiddad,call-graph,leave-one-seed-out,338,9,-0.11735178543575832,-0.09712230215827333,1,-0.17284712138876454,-0.07535500739057874,D-post-hoc-diagnostic
equal-test-fpr,central__full-exposure,hiddad,call-graph,leave-one-seed-out,339,9,-0.10675089599527844,-0.09328358208955218,1,-0.1682661873105836,-0.06479856140074,D-post-hoc-diagnostic
equal-test-fpr,central__full-exposure,hiddad,call-graph,valid-fpr-leave-one-out,330,7,-0.13450131350737873,-0.12394957983193272,0,-0.1960668710135661,-0.09004224262161777,D-post-hoc-diagnostic
equal-test-fpr,central__full-exposure,hiddad,call-graph,valid-fpr-leave-one-out,331,7,-0.1157514778066751,-0.09328358208955218,1,-0.18782581980051166,-0.061058682004452344,D-post-hoc-diagnostic
equal-test-fpr,central__full-exposure,hiddad,call-graph,valid-fpr-leave-one-out,332,7,-0.12077240509650995,-0.12394957983193272,1,-0.18811693831761556,-0.0618263773747968,D-post-hoc-diagnostic
equal-test-fpr,central__full-exposure,hiddad,call-graph,valid-fpr-leave-one-out,335,7,-0.09430512148636923,-0.09328358208955218,1,-0.1346124022970881,-0.04747878719746217,D-post-hoc-diagnostic
equal-test-fpr,central__full-exposure,hiddad,call-graph,valid-fpr-leave-one-out,336,7,-0.1201323346270152,-0.12394957983193272,1,-0.18756917209820756,-0.060412945065259946,D-post-hoc-diagnostic
equal-test-fpr,central__full-exposure,hiddad,call-graph,valid-fpr-leave-one-out,337,7,-0.10716147464122983,-0.09328358208955218,1,-0.18243373797744797,-0.05829828861964691,D-post-hoc-diagnostic
equal-test-fpr,central__full-exposure,hiddad,call-graph,valid-fpr-leave-one-out,338,7,-0.1276077561541916,-0.12394957983193272,1,-0.18936481132643176,-0.07304258525281851,D-post-hoc-diagnostic
equal-test-fpr,central__full-exposure,hiddad,call-graph,valid-fpr-leave-one-out,339,7,-0.11397804115928888,-0.09328358208955218,1,-0.18747686784812082,-0.06005294072741057,D-post-hoc-diagnostic
equal-test-fpr,central__full-exposure,hiddad,call-graph,valid-fpr-only,,8,-0.11677624055983232,-0.10861658096074245,1,-0.18108771391256023,-0.06533619105087096,D-post-hoc-diagnostic
equal-test-fpr,central__full-exposure,hiddad,mcndroid-static,all-seeds,,10,-0.06300504912399668,-0.057989450822215335,3,-0.18769488138400225,0.06148820340792596,D-post-hoc-diagnostic
equal-test-fpr,central__full-exposure,hiddad,mcndroid-static,leave-one-seed-out,330,9,-0.06878906512560863,-0.06143344709897611,3,-0.1980296714959663,0.06690510579662494,D-post-hoc-diagnostic
equal-test-fpr,central__full-exposure,hiddad,mcndroid-static,leave-one-seed-out,331,9,-0.017251175030397796,-0.054545454545454564,3,-0.08652379618792674,0.12026082154047996,D-post-hoc-diagnostic
equal-test-fpr,central__full-exposure,hiddad,mcndroid-static,leave-one-seed-out,332,9,-0.10797214810431205,-0.06143344709897611,2,-0.2612586089426456,-0.04045028315613916,D-post-hoc-diagnostic
equal-test-fpr,central__full-exposure,hiddad,mcndroid-static,leave-one-seed-out,333,9,-0.0544110682274427,-0.054545454545454564,3,-0.1966699313965678,0.07208282729478785,D-post-hoc-diagnostic
equal-test-fpr,central__full-exposure,hiddad,mcndroid-static,leave-one-seed-out,334,9,-0.07320305218413699,-0.06143344709897611,2,-0.2035638729983777,0.06368900374492419,D-post-hoc-diagnostic
equal-test-fpr,central__full-exposure,hiddad,mcndroid-static,leave-one-seed-out,335,9,-0.04778338791555186,-0.054545454545454564,3,-0.18728525629935516,0.07476740740672955,D-post-hoc-diagnostic
equal-test-fpr,central__full-exposure,hiddad,mcndroid-static,leave-one-seed-out,336,9,-0.0729077660250046,-0.06143344709897611,2,-0.20390805421261116,0.06696078979198974,D-post-hoc-diagnostic
equal-test-fpr,central__full-exposure,hiddad,mcndroid-static,leave-one-seed-out,337,9,-0.06060815297912289,-0.054545454545454564,3,-0.19771108802697634,0.07383869268158674,D-post-hoc-diagnostic
equal-test-fpr,central__full-exposure,hiddad,mcndroid-static,leave-one-seed-out,338,9,-0.06317967157122119,-0.054545454545454564,3,-0.1993434259819377,0.07205390067881703,D-post-hoc-diagnostic
equal-test-fpr,central__full-exposure,hiddad,mcndroid-static,leave-one-seed-out,339,9,-0.06394500407716802,-0.06143344709897611,3,-0.1991592171503526,0.07202534022631449,D-post-hoc-diagnostic
equal-test-fpr,central__full-exposure,hiddad,mcndroid-static,valid-fpr-leave-one-out,330,8,-0.05984383861718691,-0.057989450822215335,3,-0.21327154242565882,0.08175848465363125,D-post-hoc-diagnostic
equal-test-fpr,central__full-exposure,hiddad,mcndroid-static,valid-fpr-leave-one-out,331,8,-0.0018637122600747187,-0.03274717982747181,3,-0.07542316654123507,0.15176796279934596,D-post-hoc-diagnostic
equal-test-fpr,central__full-exposure,hiddad,mcndroid-static,valid-fpr-leave-one-out,332,8,-0.10392480696822824,-0.057989450822215335,2,-0.2758772965821716,-0.029389835335456346,D-post-hoc-diagnostic
equal-test-fpr,central__full-exposure,hiddad,mcndroid-static,valid-fpr-leave-one-out,334,8,-0.06480957405803131,-0.057989450822215335,2,-0.21714633752640372,0.07941325127218773,D-post-hoc-diagnostic
equal-test-fpr,central__full-exposure,hiddad,mcndroid-static,valid-fpr-leave-one-out,335,8,-0.03621245175587304,-0.03274717982747181,3,-0.20082484359061156,0.09024200368036879,D-post-hoc-diagnostic
equal-test-fpr,central__full-exposure,hiddad,mcndroid-static,valid-fpr-leave-one-out,336,8,-0.06447737712900736,-0.057989450822215335,2,-0.21531507202947664,0.07873090983626349,D-post-hoc-diagnostic
equal-test-fpr,central__full-exposure,hiddad,mcndroid-static,valid-fpr-leave-one-out,337,8,-0.05064031245239045,-0.03274717982747181,3,-0.21020187370880197,0.0851352763083931,D-post-hoc-diagnostic
equal-test-fpr,central__full-exposure,hiddad,mcndroid-static,valid-fpr-leave-one-out,338,8,-0.05353327086850102,-0.03274717982747181,3,-0.21229804808342376,0.08388909926454868,D-post-hoc-diagnostic
equal-test-fpr,central__full-exposure,hiddad,mcndroid-static,valid-fpr-leave-one-out,339,8,-0.05439426993769121,-0.03619117610423258,3,-0.2116222893225378,0.08392476571565932,D-post-hoc-diagnostic
equal-test-fpr,central__full-exposure,hiddad,mcndroid-static,valid-fpr-only,,9,-0.0544110682274427,-0.054545454545454564,3,-0.1966699313965678,0.07208282729478785,D-post-hoc-diagnostic
equal-test-fpr,central__full-exposure,hiddad,report-json,all-seeds,,10,-0.2375732680920543,-0.1869402985074627,0,-0.34479480895656867,-0.15132344586915922,D-post-hoc-diagnostic
equal-test-fpr,central__full-exposure,hiddad,report-json,leave-one-seed-out,330,9,-0.26397029788006043,-0.2238805970149254,0,-0.3697930317514727,-0.18603533402125105,D-post-hoc-diagnostic
equal-test-fpr,central__full-exposure,hiddad,report-json,leave-one-seed-out,331,9,-0.20958187584457952,-0.14999999999999997,0,-0.3111623894426115,-0.13163692814124864,D-post-hoc-diagnostic
equal-test-fpr,central__full-exposure,hiddad,report-json,leave-one-seed-out,332,9,-0.2480972820070445,-0.2238805970149254,0,-0.35548203381634613,-0.14775402192836054,D-post-hoc-diagnostic
equal-test-fpr,central__full-exposure,hiddad,report-json,leave-one-seed-out,333,9,-0.2503250737085204,-0.2238805970149254,0,-0.3563398468782088,-0.1505844920803468,D-post-hoc-diagnostic
equal-test-fpr,central__full-exposure,hiddad,report-json,leave-one-seed-out,334,9,-0.23599267997438492,-0.14999999999999997,0,-0.3510983829811704,-0.1376090916385005,D-post-hoc-diagnostic
equal-test-fpr,central__full-exposure,hiddad,report-json,leave-one-seed-out,335,9,-0.21088387812697396,-0.14999999999999997,0,-0.3173771107768836,-0.13175731310540528,D-post-hoc-diagnostic
equal-test-fpr,central__full-exposure,hiddad,report-json,leave-one-seed-out,336,9,-0.22168174066613006,-0.14999999999999997,0,-0.3398940752833221,-0.13395960599644086,D-post-hoc-diagnostic
equal-test-fpr,central__full-exposure,hiddad,report-json,leave-one-seed-out,337,9,-0.2390946759895131,-0.14999999999999997,0,-0.3544105300591759,-0.1418711302001268,D-post-hoc-diagnostic
equal-test-fpr,central__full-exposure,hiddad,report-json,leave-one-seed-out,338,9,-0.24880154550994282,-0.2238805970149254,0,-0.35694210243522506,-0.15107561190144683,D-post-hoc-diagnostic
equal-test-fpr,central__full-exposure,hiddad,report-json,leave-one-seed-out,339,9,-0.24730363121339372,-0.2238805970149254,0,-0.3559357517764604,-0.1494742903237031,D-post-hoc-diagnostic
equal-test-fpr,central__full-exposure,hiddad,report-json,valid-fpr-leave-one-out,330,8,-0.28161570792208546,-0.23783957908300224,0,-0.3890146140332164,-0.19652135732632955,D-post-hoc-diagnostic
equal-test-fpr,central__full-exposure,hiddad,report-json,valid-fpr-leave-one-out,331,8,-0.22042873313216954,-0.1869402985074627,0,-0.32844866165786935,-0.13188188404427564,D-post-hoc-diagnostic
equal-test-fpr,central__full-exposure,hiddad,report-json,valid-fpr-leave-one-out,332,8,-0.26375856506494266,-0.23783957908300224,0,-0.376540561400899,-0.14923142118238805,D-post-hoc-diagnostic
equal-test-fpr,central__full-exposure,hiddad,report-json,valid-fpr-leave-one-out,334,8,-0.25014088777820065,-0.1869402985074627,0,-0.37211003804506876,-0.13964013339555847,D-post-hoc-diagnostic
equal-test-fpr,central__full-exposure,hiddad,report-json,valid-fpr-leave-one-out,335,8,-0.22189348569986328,-0.1869402985074627,0,-0.3315898709338556,-0.13267418048503626,D-post-hoc-diagnostic
equal-test-fpr,central__full-exposure,hiddad,report-json,valid-fpr-leave-one-out,336,8,-0.23404108105641386,-0.1869402985074627,0,-0.36392984599955214,-0.13594205957050437,D-post-hoc-diagnostic
equal-test-fpr,central__full-exposure,hiddad,report-json,valid-fpr-leave-one-out,337,8,-0.2536306332952198,-0.20089928057553952,0,-0.37201234747142875,-0.1397045882842714,D-post-hoc-diagnostic
equal-test-fpr,central__full-exposure,hiddad,report-json,valid-fpr-leave-one-out,338,8,-0.2645508615057032,-0.23783957908300224,0,-0.3735801199752602,-0.1522637327238422,D-post-hoc-diagnostic
equal-test-fpr,central__full-exposure,hiddad,report-json,valid-fpr-leave-one-out,339,8,-0.26286570792208547,-0.23783957908300224,0,-0.3726889130094544,-0.14894955453635317,D-post-hoc-diagnostic
equal-test-fpr,central__full-exposure,hiddad,report-json,valid-fpr-only,,9,-0.2503250737085204,-0.2238805970149254,0,-0.3563398468782088,-0.1505844920803468,D-post-hoc-diagnostic
equal-test-fpr,central__full-exposure,priority-macro,call-graph,all-seeds,,10,0.0350258783789977,0.019118806038338487,6,-0.0006560214506229226,0.10338407062377501,D-post-hoc-diagnostic
equal-test-fpr,central__full-exposure,priority-macro,call-graph,leave-one-seed-out,330,9,0.013433624093618793,0.01843142020883337,5,-0.009234347484240821,0.05187871047357344,D-post-hoc-diagnostic
equal-test-fpr,central__full-exposure,priority-macro,call-graph,leave-one-seed-out,331,9,0.025462948814672932,0.01843142020883337,5,-0.006830164174234125,0.10641766856175708,D-post-hoc-diagnostic
equal-test-fpr,central__full-exposure,priority-macro,call-graph,leave-one-seed-out,332,9,0.03652030086370947,0.01843142020883337,5,-0.003050855648455697,0.1122120962001564,D-post-hoc-diagnostic
equal-test-fpr,central__full-exposure,priority-macro,call-graph,leave-one-seed-out,333,9,0.04124727110138711,0.019806191867843603,6,0.002471678761438036,0.11325607930462062,D-post-hoc-diagnostic
equal-test-fpr,central__full-exposure,priority-macro,call-graph,leave-one-seed-out,334,9,0.039166939112865,0.019806191867843603,6,-0.00009736753255055557,0.11252114617051637,D-post-hoc-diagnostic
equal-test-fpr,central__full-exposure,priority-macro,call-graph,leave-one-seed-out,335,9,0.036869707064571516,0.019806191867843603,5,-0.002723222869449777,0.11207808667502536,D-post-hoc-diagnostic
equal-test-fpr,central__full-exposure,priority-macro,call-graph,leave-one-seed-out,336,9,0.03671695465801482,0.01843142020883337,5,-0.002921245334674776,0.11157376141978723,D-post-hoc-diagnostic
equal-test-fpr,central__full-exposure,priority-macro,call-graph,leave-one-seed-out,337,9,0.045218945850504025,0.019806191867843603,6,0.01015902012537563,0.12163368120916876,D-post-hoc-diagnostic
equal-test-fpr,central__full-exposure,priority-macro,call-graph,leave-one-seed-out,338,9,0.03902658773682685,0.019806191867843603,6,-0.000108261232052592,0.11377130640470848,D-post-hoc-diagnostic
equal-test-fpr,central__full-exposure,priority-macro,call-graph,leave-one-seed-out,339,9,0.036595504493806476,0.01843142020883337,5,-0.0028041371414801075,0.113425797085217,D-post-hoc-diagnostic
equal-test-fpr,central__full-exposure,priority-macro,call-graph,valid-fpr-leave-one-out,330,7,0.020587563027269162,0.019806191867843603,5,-0.007911058476338459,0.0636199982378791,D-post-hoc-diagnostic
equal-test-fpr,central__full-exposure,priority-macro,call-graph,valid-fpr-leave-one-out,331,7,0.03605383766862448,0.019806191867843603,5,-0.005065845182906267,0.13638311057497765,D-post-hoc-diagnostic
equal-test-fpr,central__full-exposure,priority-macro,call-graph,valid-fpr-leave-one-out,332,7,0.050270433160242885,0.019806191867843603,5,0.00020207232510009116,0.13835580026210595,D-post-hoc-diagnostic
equal-test-fpr,central__full-exposure,priority-macro,call-graph,valid-fpr-leave-one-out,335,7,0.050719669704208374,0.020899243345718688,5,0.0006283069985641353,0.13855219621339313,D-post-hoc-diagnostic
equal-test-fpr,central__full-exposure,priority-macro,call-graph,valid-fpr-leave-one-out,336,7,0.0505232737529212,0.020899243345718688,5,0.0006283069985641353,0.13815940431081877,D-post-hoc-diagnostic
equal-test-fpr,central__full-exposure,priority-macro,call-graph,valid-fpr-leave-one-out,337,7,0.0614544052861216,0.020899243345718688,6,0.0172473099350378,0.15022339422312142,D-post-hoc-diagnostic
equal-test-fpr,central__full-exposure,priority-macro,call-graph,valid-fpr-leave-one-out,338,7,0.0534928019971081,0.020899243345718688,6,0.008538713073459983,0.13973193880013618,D-post-hoc-diagnostic
equal-test-fpr,central__full-exposure,priority-macro,call-graph,valid-fpr-leave-one-out,339,7,0.050367123541796184,0.019806191867843603,5,0.0004721567874391232,0.13860864085478425,D-post-hoc-diagnostic
equal-test-fpr,central__full-exposure,priority-macro,call-graph,valid-fpr-only,,8,0.0466836385172865,0.020352717606781145,6,0.002940938523364932,0.12507885867617147,D-post-hoc-diagnostic
equal-test-fpr,central__full-exposure,priority-macro,mcndroid-static,all-seeds,,10,0.07280977499385027,0.051846374894848,8,0.02688691383155034,0.13122200251373317,D-post-hoc-diagnostic
equal-test-fpr,central__full-exposure,priority-macro,mcndroid-static,leave-one-seed-out,330,9,0.060365094057051163,0.04175674436277399,7,0.019726469619031448,0.1251643961621261,D-post-hoc-diagnostic
equal-test-fpr,central__full-exposure,priority-macro,mcndroid-static,leave-one-seed-out,331,9,0.08220208383239186,0.061936005426922014,8,0.034968359978345784,0.1426082071574245,D-post-hoc-diagnostic
equal-test-fpr,central__full-exposure,priority-macro,mcndroid-static,leave-one-seed-out,332,9,0.055290463204595644,0.04175674436277399,7,0.017068810772825183,0.10603643301026536,D-post-hoc-diagnostic
equal-test-fpr,central__full-exposure,priority-macro,mcndroid-static,leave-one-seed-out,333,9,0.07626011173063652,0.061936005426922014,7,0.02453548047201852,0.13842209038490932,D-post-hoc-diagnostic
equal-test-fpr,central__full-exposure,priority-macro,mcndroid-static,leave-one-seed-out,334,9,0.07754635857957697,0.061936005426922014,7,0.0260280729034143,0.1388944792265469,D-post-hoc-diagnostic
equal-test-fpr,central__full-exposure,priority-macro,mcndroid-static,leave-one-seed-out,335,9,0.0654162300797865,0.04175674436277399,7,0.01925654920673034,0.13144837137856194,D-post-hoc-diagnostic
equal-test-fpr,central__full-exposure,priority-macro,mcndroid-static,leave-one-seed-out,336,9,0.07401797161239784,0.04175674436277399,7,0.022448653532171382,0.137432496209263,D-post-hoc-diagnostic
equal-test-fpr,central__full-exposure,priority-macro,mcndroid-static,leave-one-seed-out,337,9,0.08528458004111848,0.061936005426922014,8,0.041522607857568505,0.14479909437990107,D-post-hoc-diagnostic
equal-test-fpr,central__full-exposure,priority-macro,mcndroid-static,leave-one-seed-out,338,9,0.07949486535890775,0.061936005426922014,7,0.029138263530742448,0.13992898979040586,D-post-hoc-diagnostic
equal-test-fpr,central__full-exposure,priority-macro,mcndroid-static,leave-one-seed-out,339,9,0.07221999144203997,0.04175674436277399,7,0.023051012955401236,0.13767752094873295,D-post-hoc-diagnostic
equal-test-fpr,central__full-exposure,priority-macro,mcndroid-static,valid-fpr-leave-one-out,330,8,0.06269113776883581,0.04605826407461605,6,0.016434455640880738,0.1335574477304302,D-post-hoc-diagnostic
equal-test-fpr,central__full-exposure,priority-macro,mcndroid-static,valid-fpr-leave-one-out,331,8,0.08725775126609407,0.07002691619353252,7,0.032523378734358344,0.15017635695430603,D-post-hoc-diagnostic
equal-test-fpr,central__full-exposure,priority-macro,mcndroid-static,valid-fpr-leave-one-out,332,8,0.05698217805982335,0.04605826407461605,6,0.013771116714537898,0.11320607229044048,D-post-hoc-diagnostic
equal-test-fpr,central__full-exposure,priority-macro,mcndroid-static,valid-fpr-leave-one-out,334,8,0.08202006035667732,0.07002691619353252,6,0.02485153299728558,0.14886855919219713,D-post-hoc-diagnostic
equal-test-fpr,central__full-exposure,priority-macro,mcndroid-static,valid-fpr-leave-one-out,335,8,0.06837366579441306,0.04605826407461605,6,0.016715738074466566,0.13922945759276967,D-post-hoc-diagnostic
equal-test-fpr,central__full-exposure,priority-macro,mcndroid-static,valid-fpr-leave-one-out,336,8,0.07805062501860083,0.054149174841226555,6,0.020098688320216215,0.1466952316040031,D-post-hoc-diagnostic
equal-test-fpr,central__full-exposure,priority-macro,mcndroid-static,valid-fpr-leave-one-out,337,8,0.09072555950091155,0.07002691619353252,7,0.039739133571637816,0.1517265442722837,D-post-hoc-diagnostic
equal-test-fpr,central__full-exposure,priority-macro,mcndroid-static,valid-fpr-leave-one-out,338,8,0.08421213048342446,0.07002691619353252,6,0.025907083118484556,0.14691323695682335,D-post-hoc-diagnostic
equal-test-fpr,central__full-exposure,priority-macro,mcndroid-static,valid-fpr-leave-one-out,339,8,0.0760278973269482,0.04605826407461605,6,0.018204338315480018,0.1449320688769457,D-post-hoc-diagnostic
equal-test-fpr,central__full-exposure,priority-macro,mcndroid-static,valid-fpr-only,,9,0.07626011173063652,0.061936005426922014,7,0.02453548047201852,0.13842209038490932,D-post-hoc-diagnostic
equal-test-fpr,central__full-exposure,priority-macro,report-json,all-seeds,,10,-0.14271221928450306,-0.15212582261177354,1,-0.17956559323054186,-0.08265527241372285,D-post-hoc-diagnostic
equal-test-fpr,central__full-exposure,priority-macro,report-json,leave-one-seed-out,330,9,-0.1626477050379619,-0.15574172128725042,0,-0.19296469282389875,-0.1324361335056142,D-post-hoc-diagnostic
equal-test-fpr,central__full-exposure,priority-macro,report-json,leave-one-seed-out,331,9,-0.1444971868452065,-0.15574172128725042,1,-0.18443755797231598,-0.07573589759399425,D-post-hoc-diagnostic
equal-test-fpr,central__full-exposure,priority-macro,report-json,leave-one-seed-out,332,9,-0.14206802987874823,-0.15574172128725042,1,-0.18290759110341448,-0.07572270045900373,D-post-hoc-diagnostic
equal-test-fpr,central__full-exposure,priority-macro,report-json,leave-one-seed-out,333,9,-0.14256609975792361,-0.15574172128725042,1,-0.18315463114049457,-0.07529780854487295,D-post-hoc-diagnostic
equal-test-fpr,central__full-exposure,priority-macro,report-json,leave-one-seed-out,334,9,-0.13054003522838936,-0.14850992393629667,1,-0.16296227292954518,-0.06539875104002021,D-post-hoc-diagnostic
equal-test-fpr,central__full-exposure,priority-macro,report-json,leave-one-seed-out,335,9,-0.14126449683975334,-0.14850992393629667,1,-0.1812018309251679,-0.0741882113019291,D-post-hoc-diagnostic
equal-test-fpr,central__full-exposure,priority-macro,report-json,leave-one-seed-out,336,9,-0.13700118452252116,-0.14850992393629667,1,-0.1764603362489537,-0.07271803145044756,D-post-hoc-diagnostic
equal-test-fpr,central__full-exposure,priority-macro,report-json,leave-one-seed-out,337,9,-0.1383198802899681,-0.14850992393629667,1,-0.17837128260966856,-0.07361092499596858,D-post-hoc-diagnostic
equal-test-fpr,central__full-exposure,priority-macro,report-json,leave-one-seed-out,338,9,-0.13795443630009455,-0.14850992393629667,1,-0.1779345603886949,-0.0732335651182746,D-post-hoc-diagnostic
equal-test-fpr,central__full-exposure,priority-macro,report-json,leave-one-seed-out,339,9,-0.15026313814446385,-0.15574172128725042,1,-0.1856359563716111,-0.07723384281629132,D-post-hoc-diagnostic
equal-test-fpr,central__full-exposure,priority-macro,report-json,valid-fpr-leave-one-out,330,8,-0.1649752562897423,-0.168992495761284,0,-0.19804163717820902,-0.13030128001395624,D-post-hoc-diagnostic
equal-test-fpr,central__full-exposure,priority-macro,report-json,valid-fpr-leave-one-out,331,8,-0.14455592332289252,-0.168992495761284,1,-0.18852540288406844,-0.06896251507057582,D-post-hoc-diagnostic
equal-test-fpr,central__full-exposure,priority-macro,report-json,valid-fpr-leave-one-out,332,8,-0.14182312173562694,-0.168992495761284,1,-0.18679492335855272,-0.06779859440195787,D-post-hoc-diagnostic
equal-test-fpr,central__full-exposure,priority-macro,report-json,valid-fpr-leave-one-out,334,8,-0.12885412775397326,-0.15212582261177354,1,-0.1652739938134955,-0.05604936865359159,D-post-hoc-diagnostic
equal-test-fpr,central__full-exposure,priority-macro,report-json,valid-fpr-leave-one-out,335,8,-0.14091914706675773,-0.1653765970858071,1,-0.18654568646531783,-0.06669612911250407,D-post-hoc-diagnostic
equal-test-fpr,central__full-exposure,priority-macro,report-json,valid-fpr-leave-one-out,336,8,-0.13612292070987153,-0.15212582261177354,1,-0.18146904154414742,-0.06533667900661236,D-post-hoc-diagnostic
equal-test-fpr,central__full-exposure,priority-macro,report-json,valid-fpr-leave-one-out,337,8,-0.13760645344824934,-0.15212582261177354,1,-0.183227411862219,-0.0661259237031798,D-post-hoc-diagnostic
equal-test-fpr,central__full-exposure,priority-macro,report-json,valid-fpr-leave-one-out,338,8,-0.1371953289596416,-0.15212582261177354,1,-0.18279645155879914,-0.06533278196167157,D-post-hoc-diagnostic
equal-test-fpr,central__full-exposure,priority-macro,report-json,valid-fpr-leave-one-out,339,8,-0.15104261853455708,-0.168992495761284,1,-0.1909689569073617,-0.07027214322867087,D-post-hoc-diagnostic
equal-test-fpr,central__full-exposure,priority-macro,report-json,valid-fpr-only,,9,-0.14256609975792361,-0.15574172128725042,1,-0.18315463114049457,-0.07529780854487295,D-post-hoc-diagnostic
equal-test-fpr,central__full-exposure,revmob,call-graph,all-seeds,,10,0.1260405871118035,0.09772395548257617,10,0.07294370925270713,0.20849794755539178,D-post-hoc-diagnostic
equal-test-fpr,central__full-exposure,revmob,call-graph,leave-one-seed-out,330,9,0.09859210533790135,0.06613756613756616,9,0.054740150183167864,0.14599078026692755,D-post-hoc-diagnostic
equal-test-fpr,central__full-exposure,revmob,call-graph,leave-one-seed-out,331,9,0.11866943541523141,0.06613756613756616,9,0.0636425705136783,0.21641509826751626,D-post-hoc-diagnostic
equal-test-fpr,central__full-exposure,revmob,call-graph,leave-one-seed-out,332,9,0.12169192218771815,0.06613756613756616,9,0.0644077183525196,0.21648554733530706,D-post-hoc-diagnostic
equal-test-fpr,central__full-exposure,revmob,call-graph,leave-one-seed-out,333,9,0.13707853799909125,0.1293103448275862,9,0.07956305086890875,0.22303138686775478,D-post-hoc-diagnostic
equal-test-fpr,central__full-exposure,revmob,call-graph,leave-one-seed-out,334,9,0.13269647833116321,0.1293103448275862,9,0.07242663250835285,0.22081432181724997,D-post-hoc-diagnostic
equal-test-fpr,central__full-exposure,revmob,call-graph,leave-one-seed-out,335,9,0.1327987199792986,0.1293103448275862,9,0.0725050285061826,0.22080905693295794,D-post-hoc-diagnostic
equal-test-fpr,central__full-exposure,revmob,call-graph,leave-one-seed-out,336,9,0.12567728069893874,0.06613756613756616,9,0.06574004938215729,0.21729876723161895,D-post-hoc-diagnostic
equal-test-fpr,central__full-exposure,revmob,call-graph,leave-one-seed-out,337,9,0.13933587693273675,0.1293103448275862,9,0.0837937046809309,0.22464213169340974,D-post-hoc-diagnostic
equal-test-fpr,central__full-exposure,revmob,call-graph,leave-one-seed-out,338,9,0.1365806078030185,0.1293103448275862,9,0.07819351578901618,0.22283000969126832,D-post-hoc-diagnostic
equal-test-fpr,central__full-exposure,revmob,call-graph,leave-one-seed-out,339,9,0.11728490643293707,0.06613756613756616,9,0.06251298621668057,0.21400934635878333,D-post-hoc-diagnostic
equal-test-fpr,central__full-exposure,revmob,call-graph,valid-fpr-leave-one-out,330,7,0.1134989075396189,0.1293103448275862,7,0.058629036436977575,0.1648788055379447,D-post-hoc-diagnostic
equal-test-fpr,central__full-exposure,revmob,call-graph,valid-fpr-leave-one-out,331,7,0.1393126176390433,0.1293103448275862,7,0.0707104972844096,0.24613604256467855,D-post-hoc-diagnostic
equal-test-fpr,central__full-exposure,revmob,call-graph,valid-fpr-leave-one-out,332,7,0.14319867206081202,0.1293103448275862,7,0.07264759985650866,0.24859126965985398,D-post-hoc-diagnostic
equal-test-fpr,central__full-exposure,revmob,call-graph,valid-fpr-leave-one-out,335,7,0.1574788406499868,0.16517857142857145,7,0.08417128697400525,0.24969596336230213,D-post-hoc-diagnostic
equal-test-fpr,central__full-exposure,revmob,call-graph,valid-fpr-leave-one-out,336,7,0.1483227044323813,0.16517857142857145,7,0.07501515075639976,0.24857354115787778,D-post-hoc-diagnostic
equal-test-fpr,central__full-exposure,revmob,call-graph,valid-fpr-leave-one-out,337,7,0.1658837567329787,0.16517857142857145,7,0.10236514651405722,0.2587060501556401,D-post-hoc-diagnostic
equal-test-fpr,central__full-exposure,revmob,call-graph,valid-fpr-leave-one-out,338,7,0.1623412678519124,0.16517857142857145,7,0.09389614137785644,0.25521607705132465,D-post-hoc-diagnostic
equal-test-fpr,central__full-exposure,revmob,call-graph,valid-fpr-leave-one-out,339,7,0.13753250894752198,0.1293103448275862,7,0.06724304191286237,0.24588072957381518,D-post-hoc-diagnostic
equal-test-fpr,central__full-exposure,revmob,call-graph,valid-fpr-only,,8,0.1459461594817819,0.14724445812807882,8,0.08288120088144128,0.23701903114459139,D-post-hoc-diagnostic
equal-test-fpr,central__full-exposure,revmob,mcndroid-static,all-seeds,,10,0.1270215153194884,0.11540394575439553,9,0.061829910428747706,0.19665775551153225,D-post-hoc-diagnostic
equal-test-fpr,central__full-exposure,revmob,mcndroid-static,leave-one-seed-out,330,9,0.13814356403020078,0.16163793103448276,8,0.06382305980206783,0.20950375045314418,D-post-hoc-diagnostic
equal-test-fpr,central__full-exposure,revmob,mcndroid-static,leave-one-seed-out,331,9,0.12229903818567493,0.06916996047430829,8,0.050669140269976404,0.20371662599281964,D-post-hoc-diagnostic
equal-test-fpr,central__full-exposure,revmob,mcndroid-static,leave-one-seed-out,332,9,0.11484533448197122,0.06916996047430829,8,0.04894676429668332,0.19464369219909217,D-post-hoc-diagnostic
equal-test-fpr,central__full-exposure,revmob,mcndroid-static,leave-one-seed-out,333,9,0.1087725574747282,0.06916996047430829,8,0.04597292639637886,0.18092570234865074,D-post-hoc-diagnostic
equal-test-fpr,central__full-exposure,revmob,mcndroid-static,leave-one-seed-out,334,9,0.13613795646903767,0.16163793103448276,8,0.06224269766738745,0.210685261934581,D-post-hoc-diagnostic
equal-test-fpr,central__full-exposure,revmob,mcndroid-static,leave-one-seed-out,335,9,0.13344946585784173,0.16163793103448276,8,0.05829720497186539,0.2085266306165942,D-post-hoc-diagnostic
equal-test-fpr,central__full-exposure,revmob,mcndroid-static,leave-one-seed-out,336,9,0.12317524690671124,0.06916996047430829,8,0.05278080056899523,0.20387558704385297,D-post-hoc-diagnostic
equal-test-fpr,central__full-exposure,revmob,mcndroid-static,leave-one-seed-out,337,9,0.14657236926751666,0.16163793103448276,9,0.08444783885699794,0.2143936236231044,D-post-hoc-diagnostic
equal-test-fpr,central__full-exposure,revmob,mcndroid-static,leave-one-seed-out,338,9,0.13692813753637786,0.16163793103448276,8,0.06086805037664911,0.20984090456844273,D-post-hoc-diagnostic
equal-test-fpr,central__full-exposure,revmob,mcndroid-static,leave-one-seed-out,339,9,0.10989148298482365,0.06916996047430829,8,0.04639292195412886,0.18223319774049004,D-post-hoc-diagnostic
equal-test-fpr,central__full-exposure,revmob,mcndroid-static,valid-fpr-leave-one-out,330,8,0.11900374254368462,0.11540394575439553,7,0.049773258991444,0.19109830643365244,D-post-hoc-diagnostic
equal-test-fpr,central__full-exposure,revmob,mcndroid-static,valid-fpr-leave-one-out,331,8,0.10117865096859305,0.057071752723926644,7,0.036436855269906775,0.1835483846249808,D-post-hoc-diagnostic
equal-test-fpr,central__full-exposure,revmob,mcndroid-static,valid-fpr-leave-one-out,332,8,0.09279323430192638,0.057071752723926644,7,0.033883113735044434,0.16877059337319256,D-post-hoc-diagnostic
equal-test-fpr,central__full-exposure,revmob,mcndroid-static,valid-fpr-leave-one-out,334,8,0.11674743403737611,0.11540394575439553,7,0.046695330282575886,0.19251995850983278,D-post-hoc-diagnostic
equal-test-fpr,central__full-exposure,revmob,mcndroid-static,valid-fpr-leave-one-out,335,8,0.1137228820997807,0.10330573800401388,7,0.04334459770416815,0.19050575790394564,D-post-hoc-diagnostic
equal-test-fpr,central__full-exposure,revmob,mcndroid-static,valid-fpr-leave-one-out,336,8,0.10216438577975888,0.057071752723926644,7,0.03649097896426197,0.1852096741583298,D-post-hoc-diagnostic
equal-test-fpr,central__full-exposure,revmob,mcndroid-static,valid-fpr-leave-one-out,337,8,0.12848614843566497,0.11540394575439553,8,0.0707095403977364,0.19847466143850878,D-post-hoc-diagnostic
equal-test-fpr,central__full-exposure,revmob,mcndroid-static,valid-fpr-leave-one-out,338,8,0.11763638773813381,0.11540394575439553,7,0.04612368174250152,0.19167171079337858,D-post-hoc-diagnostic
equal-test-fpr,central__full-exposure,revmob,mcndroid-static,valid-fpr-leave-one-out,339,8,0.08722015136763533,0.057071752723926644,7,0.029360544631541672,0.15026216533766523,D-post-hoc-diagnostic
equal-test-fpr,central__full-exposure,revmob,mcndroid-static,valid-fpr-only,,9,0.1087725574747282,0.06916996047430829,8,0.04597292639637886,0.18092570234865074,D-post-hoc-diagnostic
equal-test-fpr,central__full-exposure,revmob,report-json,all-seeds,,10,-0.13876704422167477,-0.1264228322731838,1,-0.22071436308863707,-0.07035374744952567,D-post-hoc-diagnostic
equal-test-fpr,central__full-exposure,revmob,report-json,leave-one-seed-out,330,9,-0.14392919443433952,-0.1407766990291262,1,-0.22634712063656232,-0.0648869675581307,D-post-hoc-diagnostic
equal-test-fpr,central__full-exposure,revmob,report-json,leave-one-seed-out,331,9,-0.14825967876482382,-0.1407766990291262,1,-0.22712813022524148,-0.0694261673952247,D-post-hoc-diagnostic
equal-test-fpr,central__full-exposure,revmob,report-json,leave-one-seed-out,332,9,-0.13682449357963863,-0.11206896551724138,1,-0.22366971216304693,-0.06066534410908265,D-post-hoc-diagnostic
equal-test-fpr,central__full-exposure,revmob,report-json,leave-one-seed-out,333,9,-0.1385437492430691,-0.11206896551724138,1,-0.22528890809059673,-0.061735831227451396,D-post-hoc-diagnostic
equal-test-fpr,central__full-exposure,revmob,report-json,leave-one-seed-out,334,9,-0.11839102187719676,-0.11206896551724138,1,-0.19828290834950424,-0.053144580168422335,D-post-hoc-diagnostic
equal-test-fpr,central__full-exposure,revmob,report-json,leave-one-seed-out,335,9,-0.14430418176584855,-0.1407766990291262,1,-0.2289178049913546,-0.06629436846766706,D-post-hoc-diagnostic
equal-test-fpr,central__full-exposure,revmob,report-json,leave-one-seed-out,336,9,-0.14173349741105626,-0.1407766990291262,1,-0.22806051261234053,-0.06424712763997711,D-post-hoc-diagnostic
equal-test-fpr,central__full-exposure,revmob,report-json,leave-one-seed-out,337,9,-0.13763714133377575,-0.11206896551724138,1,-0.2253049640438604,-0.06136703481074588,D-post-hoc-diagnostic
equal-test-fpr,central__full-exposure,revmob,report-json,leave-one-seed-out,338,9,-0.11434398133019544,-0.11206896551724138,1,-0.18126242608284365,-0.05004096396320516,D-post-hoc-diagnostic
equal-test-fpr,central__full-exposure,revmob,report-json,leave-one-seed-out,339,9,-0.16370350247680396,-0.1407766990291262,0,-0.2477276083499501,-0.11168242174809367,D-post-hoc-diagnostic
equal-test-fpr,central__full-exposure,revmob,report-json,valid-fpr-leave-one-out,330,8,-0.14432325635999116,-0.13050256786500367,1,-0.23709364854047843,-0.0565778399239563,D-post-hoc-diagnostic
equal-test-fpr,central__full-exposure,revmob,report-json,valid-fpr-leave-one-out,331,8,-0.14919505123178603,-0.13050256786500367,1,-0.2384852179833945,-0.06342670493254045,D-post-hoc-diagnostic
equal-test-fpr,central__full-exposure,revmob,report-json,valid-fpr-leave-one-out,332,8,-0.13633046789845268,-0.10218832891246685,1,-0.23546594796472864,-0.05205524298577258,D-post-hoc-diagnostic
equal-test-fpr,central__full-exposure,revmob,report-json,valid-fpr-leave-one-out,334,8,-0.11559281223320556,-0.10218832891246685,1,-0.2089324809535869,-0.046776906861989945,D-post-hoc-diagnostic
equal-test-fpr,central__full-exposure,revmob,report-json,valid-fpr-leave-one-out,335,8,-0.14474511710793886,-0.13050256786500367,1,-0.23987508504415994,-0.05587681110427811,D-post-hoc-diagnostic
equal-test-fpr,central__full-exposure,revmob,report-json,valid-fpr-leave-one-out,336,8,-0.14185309720879752,-0.12062193126022913,1,-0.23939944670679875,-0.05418062890069205,D-post-hoc-diagnostic
equal-test-fpr,central__full-exposure,revmob,report-json,valid-fpr-leave-one-out,337,8,-0.13724469662185695,-0.10218832891246685,1,-0.2392472513131536,-0.05189856727541968,D-post-hoc-diagnostic
equal-test-fpr,central__full-exposure,revmob,report-json,valid-fpr-leave-one-out,338,8,-0.1110398916178291,-0.10218832891246685,1,-0.18953360013491272,-0.04030362958861118,D-post-hoc-diagnostic
equal-test-fpr,central__full-exposure,revmob,report-json,valid-fpr-leave-one-out,339,8,-0.1665693529077637,-0.13050256786500367,0,-0.25874553292912983,-0.10702570319000967,D-post-hoc-diagnostic
equal-test-fpr,central__full-exposure,revmob,report-json,valid-fpr-only,,9,-0.1385437492430691,-0.11206896551724138,1,-0.22528890809059673,-0.061735831227451396,D-post-hoc-diagnostic
equal-test-fpr,fedavg-ctk,adwo,call-graph,all-seeds,,10,0.09756173632062913,0.10629854203569966,9,0.0487565028900462,0.15087089566432701,D-post-hoc-diagnostic
equal-test-fpr,fedavg-ctk,adwo,call-graph,leave-one-seed-out,330,9,0.09688431406899173,0.10893854748603349,8,0.039618571524601714,0.15413069137335164,D-post-hoc-diagnostic
equal-test-fpr,fedavg-ctk,adwo,call-graph,leave-one-seed-out,331,9,0.08964750603212154,0.10365853658536583,8,0.038089491919680515,0.14741433712560437,D-post-hoc-diagnostic
equal-test-fpr,fedavg-ctk,adwo,call-graph,leave-one-seed-out,332,9,0.1062513916107349,0.10893854748603349,8,0.050070296576906516,0.15783484523126812,D-post-hoc-diagnostic
equal-test-fpr,fedavg-ctk,adwo,call-graph,leave-one-seed-out,333,9,0.10807222268398292,0.10893854748603349,8,0.053721635066754043,0.15921872881175073,D-post-hoc-diagnostic
equal-test-fpr,fedavg-ctk,adwo,call-graph,leave-one-seed-out,334,9,0.09629764619113977,0.10365853658536583,8,0.04005007284798726,0.15458710538369758,D-post-hoc-diagnostic
equal-test-fpr,fedavg-ctk,adwo,call-graph,leave-one-seed-out,335,9,0.10093710007488796,0.10893854748603349,8,0.043064866626613796,0.15629942462221547,D-post-hoc-diagnostic
equal-test-fpr,fedavg-ctk,adwo,call-graph,leave-one-seed-out,336,9,0.08062415146736572,0.10365853658536583,8,0.03302960623182131,0.12319362927795548,D-post-hoc-diagnostic
equal-test-fpr,fedavg-ctk,adwo,call-graph,leave-one-seed-out,337,9,0.11264281134862102,0.10893854748603349,9,0.06771853388085768,0.16358670745499868,D-post-hoc-diagnostic
equal-test-fpr,fedavg-ctk,adwo,call-graph,leave-one-seed-out,338,9,0.08909409682255696,0.10365853658536583,8,0.038628539620590575,0.1478873906221735,D-post-hoc-diagnostic
equal-test-fpr,fedavg-ctk,adwo,call-graph,leave-one-seed-out,339,9,0.09516612290588887,0.10365853658536583,8,0.040323523166148845,0.15379677664775776,D-post-hoc-diagnostic
equal-test-fpr,fedavg-ctk,adwo,call-graph,valid-fpr-leave-one-out,330,7,0.10857898858349244,0.11912225705329149,6,0.038948145678906296,0.17471895248734876,D-post-hoc-diagnostic
equal-test-fpr,fedavg-ctk,adwo,call-graph,valid-fpr-leave-one-out,331,7,0.09927452110751647,0.10365853658536583,6,0.03784674761495056,0.16771147340436862,D-post-hoc-diagnostic
equal-test-fpr,fedavg-ctk,adwo,call-graph,valid-fpr-leave-one-out,332,7,0.12062237399430506,0.11912225705329149,6,0.05282491052818361,0.17572718482212135,D-post-hoc-diagnostic
equal-test-fpr,fedavg-ctk,adwo,call-graph,valid-fpr-leave-one-out,335,7,0.11378971344821616,0.11912225705329149,6,0.044528537344282144,0.17559253699643468,D-post-hoc-diagnostic
equal-test-fpr,fedavg-ctk,adwo,call-graph,valid-fpr-leave-one-out,336,7,0.08767306523854469,0.10365853658536583,6,0.029029248656179417,0.13448666871152198,D-post-hoc-diagnostic
equal-test-fpr,fedavg-ctk,adwo,call-graph,valid-fpr-leave-one-out,337,7,0.1288399136573015,0.11912225705329149,7,0.07975347687947627,0.18224632363732426,D-post-hoc-diagnostic
equal-test-fpr,fedavg-ctk,adwo,call-graph,valid-fpr-leave-one-out,338,7,0.09856299498093345,0.10365853658536583,6,0.038257396599377415,0.16746842729072695,D-post-hoc-diagnostic
equal-test-fpr,fedavg-ctk,adwo,call-graph,valid-fpr-leave-one-out,339,7,0.10636988565950303,0.10365853658536583,6,0.038644459489233896,0.1732188126224385,D-post-hoc-diagnostic
equal-test-fpr,fedavg-ctk,adwo,call-graph,valid-fpr-only,,8,0.1079639320837266,0.11139039681932866,7,0.047107724866919234,0.16555162958812858,D-post-hoc-diagnostic
equal-test-fpr,fedavg-ctk,adwo,mcndroid-static,all-seeds,,10,0.09040283690812685,0.08470692368214,9,0.04555399225230264,0.13949414516759223,D-post-hoc-diagnostic
equal-test-fpr,fedavg-ctk,adwo,mcndroid-static,leave-one-seed-out,330,9,0.09130125510117076,0.08709677419354833,8,0.039852431201222116,0.14393694837662002,D-post-hoc-diagnostic
equal-test-fpr,fedavg-ctk,adwo,mcndroid-static,leave-one-seed-out,331,9,0.09903216839756485,0.08709677419354833,8,0.048360022839790164,0.14748770825892896,D-post-hoc-diagnostic
equal-test-fpr,fedavg-ctk,adwo,mcndroid-static,leave-one-seed-out,332,9,0.09077017720974669,0.08231707317073167,8,0.03860220674482003,0.14415144673776442,D-post-hoc-diagnostic
equal-test-fpr,fedavg-ctk,adwo,mcndroid-static,leave-one-seed-out,333,9,0.09616141126949802,0.08709677419354833,8,0.04362492001806988,0.14640783679005923,D-post-hoc-diagnostic
equal-test-fpr,fedavg-ctk,adwo,mcndroid-static,leave-one-seed-out,334,9,0.08213598886750284,0.08231707317073167,8,0.03683258095360046,0.13680374444675245,D-post-hoc-diagnostic
equal-test-fpr,fedavg-ctk,adwo,mcndroid-static,leave-one-seed-out,335,9,0.08494372059559313,0.08231707317073167,8,0.036878173017050576,0.13958130800494797,D-post-hoc-diagnostic
equal-test-fpr,fedavg-ctk,adwo,mcndroid-static,leave-one-seed-out,336,9,0.08221842989791872,0.08231707317073167,8,0.036444799060317085,0.13632698254810527,D-post-hoc-diagnostic
equal-test-fpr,fedavg-ctk,adwo,mcndroid-static,leave-one-seed-out,337,9,0.10341621403701967,0.08709677419354833,9,0.061002596828767214,0.1507812719139641,D-post-hoc-diagnostic
equal-test-fpr,fedavg-ctk,adwo,mcndroid-static,leave-one-seed-out,338,9,0.07603958199263638,0.08231707317073167,8,0.03356157268401862,0.11813217884529972,D-post-hoc-diagnostic
equal-test-fpr,fedavg-ctk,adwo,mcndroid-static,leave-one-seed-out,339,9,0.09800942171261744,0.08709677419354833,8,0.048296232233598094,0.14773686197202102,D-post-hoc-diagnostic
equal-test-fpr,fedavg-ctk,adwo,mcndroid-static,valid-fpr-leave-one-out,330,8,0.09789195353184382,0.1133158289572393,7,0.04033733064738315,0.1533139881075358,D-post-hoc-diagnostic
equal-test-fpr,fedavg-ctk,adwo,mcndroid-static,valid-fpr-leave-one-out,331,8,0.10658923099028716,0.1133158289572393,7,0.050790253306723904,0.15537620800401686,D-post-hoc-diagnostic
equal-test-fpr,fedavg-ctk,adwo,mcndroid-static,valid-fpr-leave-one-out,332,8,0.09729449090399173,0.11092597844583096,7,0.03973986801953107,0.15310304022345167,D-post-hoc-diagnostic
equal-test-fpr,fedavg-ctk,adwo,mcndroid-static,valid-fpr-leave-one-out,334,8,0.0875810290189674,0.08470692368214,7,0.036794332491086226,0.14501900630325168,D-post-hoc-diagnostic
equal-test-fpr,fedavg-ctk,adwo,mcndroid-static,valid-fpr-leave-one-out,335,8,0.090739727213069,0.08470692368214,7,0.03745743324317261,0.14910276060946587,D-post-hoc-diagnostic
equal-test-fpr,fedavg-ctk,adwo,mcndroid-static,valid-fpr-leave-one-out,336,8,0.08767377517818528,0.08470692368214,7,0.03687492943327898,0.1450174501785618,D-post-hoc-diagnostic
equal-test-fpr,fedavg-ctk,adwo,mcndroid-static,valid-fpr-leave-one-out,337,8,0.11152128233467384,0.1133158289572393,8,0.06153520884197951,0.15711855985356904,D-post-hoc-diagnostic
equal-test-fpr,fedavg-ctk,adwo,mcndroid-static,valid-fpr-leave-one-out,338,8,0.08072257128474264,0.08470692368214,7,0.030320174719056806,0.12554272073632688,D-post-hoc-diagnostic
equal-test-fpr,fedavg-ctk,adwo,mcndroid-static,valid-fpr-leave-one-out,339,8,0.10543864096972133,0.1133158289572393,7,0.04635504069023852,0.1554552305064141,D-post-hoc-diagnostic
equal-test-fpr,fedavg-ctk,adwo,mcndroid-static,valid-fpr-only,,9,0.09616141126949802,0.08709677419354833,8,0.04362492001806988,0.14640783679005923,D-post-hoc-diagnostic
equal-test-fpr,fedavg-ctk,adwo,report-json,all-seeds,,10,-0.019398157300441938,-0.03453780111694594,3,-0.060268627117252206,0.03484199167494952,D-post-hoc-diagnostic
equal-test-fpr,fedavg-ctk,adwo,report-json,leave-one-seed-out,330,9,-0.014100933585856892,-0.03359173126614988,3,-0.05926929738301801,0.03951887360858007,D-post-hoc-diagnostic
equal-test-fpr,fedavg-ctk,adwo,report-json,leave-one-seed-out,331,9,-0.006691512357886655,-0.03359173126614988,3,-0.04370789739595387,0.044540982560571506,D-post-hoc-diagnostic
equal-test-fpr,fedavg-ctk,adwo,report-json,leave-one-seed-out,332,9,-0.017610855781853042,-0.03359173126614988,3,-0.06410687694208414,0.03766476665791582,D-post-hoc-diagnostic
equal-test-fpr,fedavg-ctk,adwo,report-json,leave-one-seed-out,333,9,-0.012321724399106273,-0.03359173126614988,3,-0.0581066217150603,0.040107712500288835,D-post-hoc-diagnostic
equal-test-fpr,fedavg-ctk,adwo,report-json,leave-one-seed-out,334,9,-0.03272669246914405,-0.035483870967742,2,-0.06876823209222307,0.021855748753999715,D-post-hoc-diagnostic
equal-test-fpr,fedavg-ctk,adwo,report-json,leave-one-seed-out,335,9,-0.017821093526474388,-0.035483870967742,3,-0.06376751053838343,0.03895870218761387,D-post-hoc-diagnostic
equal-test-fpr,fedavg-ctk,adwo,report-json,leave-one-seed-out,336,9,-0.022855591444935486,-0.035483870967742,2,-0.0671246165573876,0.03742382879482573,D-post-hoc-diagnostic
equal-test-fpr,fedavg-ctk,adwo,report-json,leave-one-seed-out,337,9,-0.014344008535690357,-0.03359173126614988,3,-0.060162682894955,0.04093632167755117,D-post-hoc-diagnostic
equal-test-fpr,fedavg-ctk,adwo,report-json,leave-one-seed-out,338,9,-0.034303963485008346,-0.035483870967742,2,-0.06923063013657146,0.013741079401525693,D-post-hoc-diagnostic
equal-test-fpr,fedavg-ctk,adwo,report-json,leave-one-seed-out,339,9,-0.021205197418463877,-0.035483870967742,3,-0.06491673277319232,0.038687982617564655,D-post-hoc-diagnostic
equal-test-fpr,fedavg-ctk,adwo,report-json,valid-fpr-leave-one-out,330,8,-0.005477793607531142,-0.018363263752197177,3,-0.05688710091946113,0.0492259532479643,D-post-hoc-diagnostic
equal-test-fpr,fedavg-ctk,adwo,report-json,valid-fpr-leave-one-out,331,8,0.002857805273935376,-0.018363263752197177,3,-0.035020322316992404,0.05709112454584666,D-post-hoc-diagnostic
equal-test-fpr,fedavg-ctk,adwo,report-json,valid-fpr-leave-one-out,332,8,-0.009426456078026805,-0.018363263752197177,3,-0.0607932501302507,0.049253081809929586,D-post-hoc-diagnostic
equal-test-fpr,fedavg-ctk,adwo,report-json,valid-fpr-leave-one-out,334,8,-0.02643177235122919,-0.03453780111694594,2,-0.06610483806927026,0.0309879163389742,D-post-hoc-diagnostic
equal-test-fpr,fedavg-ctk,adwo,report-json,valid-fpr-leave-one-out,335,8,-0.009662973540725822,-0.019309333602993237,3,-0.06148681809668236,0.04826279484113413,D-post-hoc-diagnostic
equal-test-fpr,fedavg-ctk,adwo,report-json,valid-fpr-leave-one-out,336,8,-0.015326783698994557,-0.03453780111694594,2,-0.06378719553652967,0.04596312248097073,D-post-hoc-diagnostic
equal-test-fpr,fedavg-ctk,adwo,report-json,valid-fpr-leave-one-out,337,8,-0.00575125292609379,-0.018363263752197177,3,-0.058005756650502754,0.0484274044674515,D-post-hoc-diagnostic
equal-test-fpr,fedavg-ctk,adwo,report-json,valid-fpr-leave-one-out,338,8,-0.028206202244076523,-0.03453780111694594,2,-0.06786854645020092,0.02246144851822915,D-post-hoc-diagnostic
equal-test-fpr,fedavg-ctk,adwo,report-json,valid-fpr-leave-one-out,339,8,-0.013470090419213997,-0.03453780111694594,3,-0.06361604574050628,0.04778944049296678,D-post-hoc-diagnostic
equal-test-fpr,fedavg-ctk,adwo,report-json,valid-fpr-only,,9,-0.012321724399106273,-0.03359173126614988,3,-0.0581066217150603,0.040107712500288835,D-post-hoc-diagnostic
equal-test-fpr,fedavg-ctk,contrast-macro,call-graph,all-seeds,,10,0.16417580270088125,0.137056027542513,10,0.11925640147104681,0.21935241968369418,D-post-hoc-diagnostic
equal-test-fpr,fedavg-ctk,contrast-macro,call-graph,leave-one-seed-out,330,9,0.17446496479423168,0.14215817181634566,9,0.12752443131920496,0.22991168526053218,D-post-hoc-diagnostic
equal-test-fpr,fedavg-ctk,contrast-macro,call-graph,leave-one-seed-out,331,9,0.17582443824977323,0.14215817181634566,9,0.13100535362158486,0.2306490508906454,D-post-hoc-diagnostic
equal-test-fpr,fedavg-ctk,contrast-macro,call-graph,leave-one-seed-out,332,9,0.16662220613249631,0.13195388326868035,9,0.11614639082689551,0.22727877665565377,D-post-hoc-diagnostic
equal-test-fpr,fedavg-ctk,contrast-macro,call-graph,leave-one-seed-out,333,9,0.16775601597112577,0.14215817181634566,9,0.11758448204499934,0.22734347402629107,D-post-hoc-diagnostic
equal-test-fpr,fedavg-ctk,contrast-macro,call-graph,leave-one-seed-out,334,9,0.15825635960191708,0.13195388326868035,9,0.11281130507082471,0.22136714293812323,D-post-hoc-diagnostic
equal-test-fpr,fedavg-ctk,contrast-macro,call-graph,leave-one-seed-out,335,9,0.15007486958088176,0.13195388326868035,9,0.1105385376191429,0.20595165676406985,D-post-hoc-diagnostic
equal-test-fpr,fedavg-ctk,contrast-macro,call-graph,leave-one-seed-out,336,9,0.1496242739029626,0.13195388326868035,9,0.11035710516517619,0.2045890335469505,D-post-hoc-diagnostic
equal-test-fpr,fedavg-ctk,contrast-macro,call-graph,leave-one-seed-out,337,9,0.17036789496391952,0.14215817181634566,9,0.11977763540375896,0.22567768787225528,D-post-hoc-diagnostic
equal-test-fpr,fedavg-ctk,contrast-macro,call-graph,leave-one-seed-out,338,9,0.16980124037013133,0.14215817181634566,9,0.11911520335552671,0.22553527830765152,D-post-hoc-diagnostic
equal-test-fpr,fedavg-ctk,contrast-macro,call-graph,leave-one-seed-out,339,9,0.15896576344137317,0.13195388326868035,9,0.11052430437397331,0.21941179711885472,D-post-hoc-diagnostic
equal-test-fpr,fedavg-ctk,contrast-macro,call-graph,valid-fpr-leave-one-out,330,7,0.17439714418397803,0.14215817181634566,7,0.11608285293953094,0.2440181001537986,D-post-hoc-diagnostic
equal-test-fpr,fedavg-ctk,contrast-macro,call-graph,valid-fpr-leave-one-out,331,7,0.17614503862681713,0.14215817181634566,7,0.11953585542693755,0.24377187517822757,D-post-hoc-diagnostic
equal-test-fpr,fedavg-ctk,contrast-macro,call-graph,valid-fpr-leave-one-out,332,7,0.16431359733317544,0.11354686367763056,7,0.10278874466624542,0.23802188303709812,D-post-hoc-diagnostic
equal-test-fpr,fedavg-ctk,contrast-macro,call-graph,valid-fpr-leave-one-out,335,7,0.14303845033824242,0.11354686367763056,7,0.09716909171249309,0.21557817889950773,D-post-hoc-diagnostic
equal-test-fpr,fedavg-ctk,contrast-macro,call-graph,valid-fpr-leave-one-out,336,7,0.14245911303806064,0.11354686367763056,7,0.09711063535141848,0.2138401669989624,D-post-hoc-diagnostic
equal-test-fpr,fedavg-ctk,contrast-macro,call-graph,valid-fpr-leave-one-out,337,7,0.1691294829735767,0.14215817181634566,7,0.10583275798192367,0.238261432142171,D-post-hoc-diagnostic
equal-test-fpr,fedavg-ctk,contrast-macro,call-graph,valid-fpr-leave-one-out,338,7,0.16840092706727755,0.14215817181634566,7,0.10510420207562454,0.23828378586991023,D-post-hoc-diagnostic
equal-test-fpr,fedavg-ctk,contrast-macro,call-graph,valid-fpr-leave-one-out,339,7,0.15446959958744566,0.11354686367763056,7,0.09644053580619397,0.23610104210665123,D-post-hoc-diagnostic
equal-test-fpr,fedavg-ctk,contrast-macro,call-graph,valid-fpr-only,,8,0.16154416914357167,0.1278525177469881,8,0.10731461943625789,0.22909795315981688,D-post-hoc-diagnostic
equal-test-fpr,fedavg-ctk,contrast-macro,mcndroid-static,all-seeds,,10,0.003202339118785996,0.004114761282509455,7,-0.010656871253708358,0.011836109319595,D-post-hoc-diagnostic
equal-test-fpr,fedavg-ctk,contrast-macro,mcndroid-static,leave-one-seed-out,330,9,0.0025124468222263627,0.0037070534198977434,6,-0.011654541949233235,0.012487829959067213,D-post-hoc-diagnostic
equal-test-fpr,fedavg-ctk,contrast-macro,mcndroid-static,leave-one-seed-out,331,9,0.002450651621217782,0.0037070534198977434,6,-0.011698217504807906,0.012445954448191783,D-post-hoc-diagnostic
equal-test-fpr,fedavg-ctk,contrast-macro,mcndroid-static,leave-one-seed-out,332,9,0.004166073557891127,0.004522469145121166,7,-0.01150553680088676,0.013226062709847837,D-post-hoc-diagnostic
equal-test-fpr,fedavg-ctk,contrast-macro,mcndroid-static,leave-one-seed-out,333,9,0.003146259751995802,0.004522469145121166,6,-0.011612107376264239,0.012839094832954732,D-post-hoc-diagnostic
equal-test-fpr,fedavg-ctk,contrast-macro,mcndroid-static,leave-one-seed-out,334,9,0.0006924283592817937,0.0037070534198977434,6,-0.013433554026747181,0.00895890811582777,D-post-hoc-diagnostic
equal-test-fpr,fedavg-ctk,contrast-macro,mcndroid-static,leave-one-seed-out,335,9,0.0006183183532570043,0.0037070534198977434,6,-0.01354937119680404,0.00875577168182894,D-post-hoc-diagnostic
equal-test-fpr,fedavg-ctk,contrast-macro,mcndroid-static,leave-one-seed-out,336,9,0.003447617159068069,0.004522469145121166,6,-0.011708622212567613,0.01295994151432401,D-post-hoc-diagnostic
equal-test-fpr,fedavg-ctk,contrast-macro,mcndroid-static,leave-one-seed-out,337,9,0.003055658004748755,0.0037070534198977434,6,-0.011738657795577891,0.012713714790217634,D-post-hoc-diagnostic
equal-test-fpr,fedavg-ctk,contrast-macro,mcndroid-static,leave-one-seed-out,338,9,0.007693303057021194,0.004522469145121166,7,0.0012251963620928026,0.01581550375071787,D-post-hoc-diagnostic
equal-test-fpr,fedavg-ctk,contrast-macro,mcndroid-static,leave-one-seed-out,339,9,0.004240634501152073,0.004522469145121166,7,-0.011189138009505491,0.013450776728212238,D-post-hoc-diagnostic
equal-test-fpr,fedavg-ctk,contrast-macro,mcndroid-static,valid-fpr-leave-one-out,330,8,0.00236312099751744,0.002758652950684254,5,-0.012903635513361274,0.013710010285072904,D-post-hoc-diagnostic
equal-test-fpr,fedavg-ctk,contrast-macro,mcndroid-static,valid-fpr-leave-one-out,331,8,0.002293601396382787,0.002758652950684254,5,-0.012850916941032582,0.013693094718247083,D-post-hoc-diagnostic
equal-test-fpr,fedavg-ctk,contrast-macro,mcndroid-static,valid-fpr-leave-one-out,332,8,0.0042234510751403,0.0069669194664719325,6,-0.012573554862530395,0.014790532871448313,D-post-hoc-diagnostic
equal-test-fpr,fedavg-ctk,contrast-macro,mcndroid-static,valid-fpr-leave-one-out,334,8,0.0003156002267048,0.002758652950684254,5,-0.014706088717861509,0.010157163510667228,D-post-hoc-diagnostic
equal-test-fpr,fedavg-ctk,contrast-macro,mcndroid-static,valid-fpr-leave-one-out,335,8,0.00023222646992691193,0.002758652950684254,5,-0.01474743793130472,0.009935535436216104,D-post-hoc-diagnostic
equal-test-fpr,fedavg-ctk,contrast-macro,mcndroid-static,valid-fpr-leave-one-out,336,8,0.0034151876264643596,0.0069669194664719325,5,-0.013657775402729066,0.014033178769349404,D-post-hoc-diagnostic
equal-test-fpr,fedavg-ctk,contrast-macro,mcndroid-static,valid-fpr-leave-one-out,337,8,0.0029742335778551315,0.00520310327203502,5,-0.013612112150779499,0.01396800009557404,D-post-hoc-diagnostic
equal-test-fpr,fedavg-ctk,contrast-macro,mcndroid-static,valid-fpr-leave-one-out,338,8,0.008191584261661625,0.0069669194664719325,6,0.0009317656324702752,0.01715477982692287,D-post-hoc-diagnostic
equal-test-fpr,fedavg-ctk,contrast-macro,mcndroid-static,valid-fpr-leave-one-out,339,8,0.004307332136308864,0.0069669194664719325,6,-0.012623853399491134,0.014542489633492518,D-post-hoc-diagnostic
equal-test-fpr,fedavg-ctk,contrast-macro,mcndroid-static,valid-fpr-only,,9,0.003146259751995802,0.004522469145121166,6,-0.011612107376264239,0.012839094832954732,D-post-hoc-diagnostic
equal-test-fpr,fedavg-ctk,contrast-macro,report-json,all-seeds,,10,-0.05594665193091182,-0.04352945232702572,2,-0.09220153299734313,-0.023726461694549502,D-post-hoc-diagnostic
equal-test-fpr,fedavg-ctk,contrast-macro,report-json,leave-one-seed-out,330,9,-0.04431503796741009,-0.03751125585234902,2,-0.07302039961272797,-0.015810623711857867,D-post-hoc-diagnostic
equal-test-fpr,fedavg-ctk,contrast-macro,report-json,leave-one-seed-out,331,9,-0.056657652278601756,-0.03751125585234902,2,-0.09683325494337239,-0.021669977998016475,D-post-hoc-diagnostic
equal-test-fpr,fedavg-ctk,contrast-macro,report-json,leave-one-seed-out,332,9,-0.04888666604635574,-0.03751125585234902,2,-0.09008013767050668,-0.018919847371925026,D-post-hoc-diagnostic
equal-test-fpr,fedavg-ctk,contrast-macro,report-json,leave-one-seed-out,333,9,-0.05803717364321933,-0.049547648801702426,2,-0.0964824648270547,-0.0218234849025091,D-post-hoc-diagnostic
equal-test-fpr,fedavg-ctk,contrast-macro,report-json,leave-one-seed-out,334,9,-0.05921701470398179,-0.049547648801702426,2,-0.09660031197189542,-0.023145699472222843,D-post-hoc-diagnostic
equal-test-fpr,fedavg-ctk,contrast-macro,report-json,leave-one-seed-out,335,9,-0.05204835429190739,-0.03751125585234902,2,-0.09344551591357289,-0.019278909556387887,D-post-hoc-diagnostic
equal-test-fpr,fedavg-ctk,contrast-macro,report-json,leave-one-seed-out,336,9,-0.053463656849552794,-0.03751125585234902,2,-0.09490473024341967,-0.019678039269798588,D-post-hoc-diagnostic
equal-test-fpr,fedavg-ctk,contrast-macro,report-json,leave-one-seed-out,337,9,-0.06473997967701707,-0.049547648801702426,1,-0.09995334854616063,-0.03514240043756961,D-post-hoc-diagnostic
equal-test-fpr,fedavg-ctk,contrast-macro,report-json,leave-one-seed-out,338,9,-0.05799502927297436,-0.049547648801702426,2,-0.09659779344648944,-0.022318491848127966,D-post-hoc-diagnostic
equal-test-fpr,fedavg-ctk,contrast-macro,report-json,leave-one-seed-out,339,9,-0.06410595457809787,-0.049547648801702426,1,-0.09943142123469995,-0.03243699722452392,D-post-hoc-diagnostic
equal-test-fpr,fedavg-ctk,contrast-macro,report-json,valid-fpr-leave-one-out,330,8,-0.04521292314831833,-0.04352945232702572,2,-0.07780265330009632,-0.0124384113819767,D-post-hoc-diagnostic
equal-test-fpr,fedavg-ctk,contrast-macro,report-json,valid-fpr-leave-one-out,331,8,-0.05909836424840893,-0.05790243175774601,2,-0.10239804677660555,-0.018521931467855572,D-post-hoc-diagnostic
equal-test-fpr,fedavg-ctk,contrast-macro,report-json,valid-fpr-leave-one-out,332,8,-0.05035600473713217,-0.04352945232702572,2,-0.09488227339712599,-0.0158875610233885,D-post-hoc-diagnostic
equal-test-fpr,fedavg-ctk,contrast-macro,report-json,valid-fpr-leave-one-out,334,8,-0.06197764697696148,-0.06392062823242271,2,-0.10366962137583027,-0.02035672690007488,D-post-hoc-diagnostic
equal-test-fpr,fedavg-ctk,contrast-macro,report-json,valid-fpr-leave-one-out,335,8,-0.053912904013377796,-0.04352945232702572,2,-0.10048519062112812,-0.016433235728844676,D-post-hoc-diagnostic
equal-test-fpr,fedavg-ctk,contrast-macro,report-json,valid-fpr-leave-one-out,336,8,-0.055505119390728865,-0.04352945232702572,2,-0.10079033864727774,-0.01690990948788032,D-post-hoc-diagnostic
equal-test-fpr,fedavg-ctk,contrast-macro,report-json,valid-fpr-leave-one-out,337,8,-0.06819098257162616,-0.06392062823242271,1,-0.10687615389790267,-0.03292982553488974,D-post-hoc-diagnostic
equal-test-fpr,fedavg-ctk,contrast-macro,report-json,valid-fpr-leave-one-out,338,8,-0.06060291336707811,-0.06392062823242271,2,-0.10390259589527473,-0.019527239392883127,D-post-hoc-diagnostic
equal-test-fpr,fedavg-ctk,contrast-macro,report-json,valid-fpr-leave-one-out,339,8,-0.06747770433534206,-0.06392062823242271,1,-0.10566311402997218,-0.03065949142440822,D-post-hoc-diagnostic
equal-test-fpr,fedavg-ctk,contrast-macro,report-json,valid-fpr-only,,9,-0.05803717364321933,-0.049547648801702426,2,-0.0964824648270547,-0.0218234849025091,D-post-hoc-diagnostic
equal-test-fpr,fedavg-ctk,gappusin,call-graph,all-seeds,,10,0.030598866060519703,0.02075789695445507,6,-0.019101425806487597,0.09539475870160526,D-post-hoc-diagnostic
equal-test-fpr,fedavg-ctk,gappusin,call-graph,leave-one-seed-out,330,9,0.02882555068352841,0.006833712984054663,5,-0.024911176313104275,0.10096069466080806,D-post-hoc-diagnostic
equal-test-fpr,fedavg-ctk,gappusin,call-graph,leave-one-seed-out,331,9,0.02025303559989016,0.006833712984054663,5,-0.0276312064608916,0.09186811330580125,D-post-hoc-diagnostic
equal-test-fpr,fedavg-ctk,gappusin,call-graph,leave-one-seed-out,332,9,0.023275870775323244,0.006833712984054663,5,-0.0269359526698853,0.09612500265088444,D-post-hoc-diagnostic
equal-test-fpr,fedavg-ctk,gappusin,call-graph,leave-one-seed-out,333,9,0.03535138048238452,0.034682080924855474,6,-0.020853563077565525,0.10182545330658585,D-post-hoc-diagnostic
equal-test-fpr,fedavg-ctk,gappusin,call-graph,leave-one-seed-out,334,9,0.04311980142711144,0.034682080924855474,6,-0.008072136798328924,0.10702489787593905,D-post-hoc-diagnostic
equal-test-fpr,fedavg-ctk,gappusin,call-graph,leave-one-seed-out,335,9,0.009603847747823493,0.006833712984054663,5,-0.034699897538197855,0.0555301830300416,D-post-hoc-diagnostic
equal-test-fpr,fedavg-ctk,gappusin,call-graph,leave-one-seed-out,336,9,0.04439510134079838,0.034682080924855474,6,-0.004535333284514306,0.10781831230906364,D-post-hoc-diagnostic
equal-test-fpr,fedavg-ctk,gappusin,call-graph,leave-one-seed-out,337,9,0.037779458403728046,0.034682080924855474,6,-0.019142861812725842,0.10327411843294494,D-post-hoc-diagnostic
equal-test-fpr,fedavg-ctk,gappusin,call-graph,leave-one-seed-out,338,9,0.03323943862457138,0.034682080924855474,5,-0.023765508598021148,0.10162813545462425,D-post-hoc-diagnostic
equal-test-fpr,fedavg-ctk,gappusin,call-graph,leave-one-seed-out,339,9,0.03014517552003795,0.006833712984054663,5,-0.025645210190524487,0.10045876830590807,D-post-hoc-diagnostic
equal-test-fpr,fedavg-ctk,gappusin,call-graph,valid-fpr-leave-one-out,330,7,0.05052761030383219,0.034682080924855474,5,-0.015428293703558828,0.12654852764683255,D-post-hoc-diagnostic
equal-test-fpr,fedavg-ctk,gappusin,call-graph,valid-fpr-leave-one-out,331,7,0.0395058051962973,0.034682080924855474,5,-0.019345788017929126,0.11900289812993374,D-post-hoc-diagnostic
equal-test-fpr,fedavg-ctk,gappusin,call-graph,valid-fpr-leave-one-out,332,7,0.04339230756471126,0.034682080924855474,5,-0.018036108086560865,0.12338526211117261,D-post-hoc-diagnostic
equal-test-fpr,fedavg-ctk,gappusin,call-graph,valid-fpr-leave-one-out,335,7,0.025813992243640154,0.034682080924855474,5,-0.028013784157451465,0.07234429639946464,D-post-hoc-diagnostic
equal-test-fpr,fedavg-ctk,gappusin,call-graph,valid-fpr-leave-one-out,336,7,0.07054560400603645,0.046558704453441346,6,0.023298013769481412,0.1407629382712917,D-post-hoc-diagnostic
equal-test-fpr,fedavg-ctk,gappusin,call-graph,valid-fpr-leave-one-out,337,7,0.062039777372660296,0.046558704453441346,6,-0.001085298782695531,0.1308083930668698,D-post-hoc-diagnostic
equal-test-fpr,fedavg-ctk,gappusin,call-graph,valid-fpr-leave-one-out,338,7,0.05620260908517315,0.046558704453441346,5,-0.009692450959330912,0.13002470323746865,D-post-hoc-diagnostic
equal-test-fpr,fedavg-ctk,gappusin,call-graph,valid-fpr-leave-one-out,339,7,0.05222427080791588,0.046558704453441346,5,-0.012490550058691168,0.1282663997475163,D-post-hoc-diagnostic
equal-test-fpr,fedavg-ctk,gappusin,call-graph,valid-fpr-only,,8,0.050031497072533335,0.04062039268914841,6,-0.007902173672049609,0.11944147373713539,D-post-hoc-diagnostic
equal-test-fpr,fedavg-ctk,gappusin,mcndroid-static,all-seeds,,10,0.17156475931628315,0.18340465457667726,10,0.1320933921971541,0.2110458351361974,D-post-hoc-diagnostic
equal-test-fpr,fedavg-ctk,gappusin,mcndroid-static,leave-one-seed-out,330,9,0.1766823911431486,0.1928166351606806,9,0.13126392558589461,0.21691615446739848,D-post-hoc-diagnostic
equal-test-fpr,fedavg-ctk,gappusin,mcndroid-static,leave-one-seed-out,331,9,0.18215099259655743,0.1928166351606806,9,0.1426131878550358,0.21891661381049837,D-post-hoc-diagnostic
equal-test-fpr,fedavg-ctk,gappusin,mcndroid-static,leave-one-seed-out,332,9,0.16419009123513803,0.17399267399267393,9,0.12542768276900887,0.20766696072312518,D-post-hoc-diagnostic
equal-test-fpr,fedavg-ctk,gappusin,mcndroid-static,leave-one-seed-out,333,9,0.17129499101890636,0.1928166351606806,9,0.1280463561654615,0.21496518038175225,D-post-hoc-diagnostic
equal-test-fpr,fedavg-ctk,gappusin,mcndroid-static,leave-one-seed-out,334,9,0.17818969940615206,0.1928166351606806,9,0.13431093002957153,0.21702501537471514,D-post-hoc-diagnostic
equal-test-fpr,fedavg-ctk,gappusin,mcndroid-static,leave-one-seed-out,335,9,0.16432676706955038,0.17399267399267393,9,0.12507073021758863,0.2073532364170879,D-post-hoc-diagnostic
equal-test-fpr,fedavg-ctk,gappusin,mcndroid-static,leave-one-seed-out,336,9,0.16853524264512293,0.17399267399267393,9,0.1267330679203647,0.2133110485788005,D-post-hoc-diagnostic
equal-test-fpr,fedavg-ctk,gappusin,mcndroid-static,leave-one-seed-out,337,9,0.16920343977801677,0.17399267399267393,9,0.12681771854631507,0.21351957338404842,D-post-hoc-diagnostic
equal-test-fpr,fedavg-ctk,gappusin,mcndroid-static,leave-one-seed-out,338,9,0.16050855312540702,0.17399267399267393,9,0.12241213263697151,0.19768949290361254,D-post-hoc-diagnostic
equal-test-fpr,fedavg-ctk,gappusin,mcndroid-static,leave-one-seed-out,339,9,0.18056542514483181,0.1928166351606806,9,0.1379402722026469,0.21876556085330337,D-post-hoc-diagnostic
equal-test-fpr,fedavg-ctk,gappusin,mcndroid-static,valid-fpr-leave-one-out,330,8,0.17701860578695794,0.19582352225870286,8,0.12649675584952,0.2218504444069121,D-post-hoc-diagnostic
equal-test-fpr,fedavg-ctk,gappusin,mcndroid-static,valid-fpr-leave-one-out,331,8,0.18317078242204288,0.19582352225870286,8,0.13885606652842092,0.22452313586292683,D-post-hoc-diagnostic
equal-test-fpr,fedavg-ctk,gappusin,mcndroid-static,valid-fpr-leave-one-out,332,8,0.16296476839044605,0.15916135401758724,8,0.11831213788565198,0.21158729504919216,D-post-hoc-diagnostic
equal-test-fpr,fedavg-ctk,gappusin,mcndroid-static,valid-fpr-leave-one-out,334,8,0.17871432758283684,0.19582352225870286,8,0.1278574301749829,0.2214843226362866,D-post-hoc-diagnostic
equal-test-fpr,fedavg-ctk,gappusin,mcndroid-static,valid-fpr-leave-one-out,335,8,0.16311852870415988,0.15916135401758724,8,0.11959681187620456,0.212025694941624,D-post-hoc-diagnostic
equal-test-fpr,fedavg-ctk,gappusin,mcndroid-static,valid-fpr-leave-one-out,336,8,0.16785306372667902,0.15916135401758724,8,0.12151554190684663,0.2179003600805166,D-post-hoc-diagnostic
equal-test-fpr,fedavg-ctk,gappusin,mcndroid-static,valid-fpr-leave-one-out,337,8,0.1686047855011846,0.1621682411156095,8,0.12192745585689185,0.21810630281051213,D-post-hoc-diagnostic
equal-test-fpr,fedavg-ctk,gappusin,mcndroid-static,valid-fpr-leave-one-out,338,8,0.1588230380169986,0.15916135401758724,8,0.11755822538448216,0.20152091215525142,D-post-hoc-diagnostic
equal-test-fpr,fedavg-ctk,gappusin,mcndroid-static,valid-fpr-leave-one-out,339,8,0.18138701903885154,0.19582352225870286,8,0.13287589515564316,0.22393033121385514,D-post-hoc-diagnostic
equal-test-fpr,fedavg-ctk,gappusin,mcndroid-static,valid-fpr-only,,9,0.17129499101890636,0.1928166351606806,9,0.1280463561654615,0.21496518038175225,D-post-hoc-diagnostic
equal-test-fpr,fedavg-ctk,gappusin,report-json,all-seeds,,10,0.07559889566595097,0.09522204265360551,8,0.02352328793606119,0.1147774305939694,D-post-hoc-diagnostic
equal-test-fpr,fedavg-ctk,gappusin,report-json,leave-one-seed-out,330,9,0.089846726178542,0.10982658959537567,8,0.03676466764340525,0.12330904659691992,D-post-hoc-diagnostic
equal-test-fpr,fedavg-ctk,gappusin,report-json,leave-one-seed-out,331,9,0.08995524489802113,0.10982658959537567,8,0.03709022380184259,0.12331721588737582,D-post-hoc-diagnostic
equal-test-fpr,fedavg-ctk,gappusin,report-json,leave-one-seed-out,332,9,0.07845246125945003,0.10982658959537567,7,0.016566650170772745,0.12103863608387368,D-post-hoc-diagnostic
equal-test-fpr,fedavg-ctk,gappusin,report-json,leave-one-seed-out,333,9,0.0640557530191478,0.08061749571183534,7,0.009437458447015882,0.10128559796042315,D-post-hoc-diagnostic
equal-test-fpr,fedavg-ctk,gappusin,report-json,leave-one-seed-out,334,9,0.07695068009317935,0.10982658959537567,7,0.016119912809200842,0.11937837249301533,D-post-hoc-diagnostic
equal-test-fpr,fedavg-ctk,gappusin,report-json,leave-one-seed-out,335,9,0.07504127343863047,0.10982658959537567,7,0.015409972091110185,0.1182189141934318,D-post-hoc-diagnostic
equal-test-fpr,fedavg-ctk,gappusin,report-json,leave-one-seed-out,336,9,0.07165309394982206,0.08061749571183534,7,0.014088745499399095,0.11484533745411127,D-post-hoc-diagnostic
equal-test-fpr,fedavg-ctk,gappusin,report-json,leave-one-seed-out,337,9,0.06866585970864955,0.08061749571183534,7,0.013321195294823823,0.11142669344405978,D-post-hoc-diagnostic
equal-test-fpr,fedavg-ctk,gappusin,report-json,leave-one-seed-out,338,9,0.06957204555138567,0.08061749571183534,7,0.013751736925975687,0.1126354910028379,D-post-hoc-diagnostic
equal-test-fpr,fedavg-ctk,gappusin,report-json,leave-one-seed-out,339,9,0.07179581856268155,0.08061749571183534,7,0.01469812965024652,0.1152401971346982,D-post-hoc-diagnostic
equal-test-fpr,fedavg-ctk,gappusin,report-json,valid-fpr-leave-one-out,330,8,0.07864166951496232,0.09522204265360551,7,0.020680167948517035,0.10835147678697914,D-post-hoc-diagnostic
equal-test-fpr,fedavg-ctk,gappusin,report-json,valid-fpr-leave-one-out,331,8,0.07876375307437633,0.09522204265360551,7,0.021211823690136373,0.10836695330127065,D-post-hoc-diagnostic
equal-test-fpr,fedavg-ctk,gappusin,report-json,valid-fpr-leave-one-out,332,8,0.06582312148098386,0.09522204265360551,6,0.0022040804606770588,0.1072047501762877,D-post-hoc-diagnostic
equal-test-fpr,fedavg-ctk,gappusin,report-json,valid-fpr-leave-one-out,334,8,0.06413361766892933,0.09522204265360551,6,0.002858498442055957,0.10613589696251051,D-post-hoc-diagnostic
equal-test-fpr,fedavg-ctk,gappusin,report-json,valid-fpr-leave-one-out,335,8,0.061985535182561856,0.08662971270813558,6,0.0023014724705828146,0.10467925764614444,D-post-hoc-diagnostic
equal-test-fpr,fedavg-ctk,gappusin,report-json,valid-fpr-leave-one-out,336,8,0.058173833257652394,0.07202516576636542,6,-0.0004699644348526089,0.1003986255087578,D-post-hoc-diagnostic
equal-test-fpr,fedavg-ctk,gappusin,report-json,valid-fpr-leave-one-out,337,8,0.05481319473633333,0.07202516576636542,6,-0.0014878907492810408,0.09437454396018614,D-post-hoc-diagnostic
equal-test-fpr,fedavg-ctk,gappusin,report-json,valid-fpr-leave-one-out,338,8,0.05583265380941144,0.07202516576636542,6,-0.0003184527759683337,0.09656927950451147,D-post-hoc-diagnostic
equal-test-fpr,fedavg-ctk,gappusin,report-json,valid-fpr-leave-one-out,339,8,0.058334398447119316,0.07202516576636542,6,0.0006532891137402696,0.10070952401338171,D-post-hoc-diagnostic
equal-test-fpr,fedavg-ctk,gappusin,report-json,valid-fpr-only,,9,0.0640557530191478,0.08061749571183534,7,0.009437458447015882,0.10128559796042315,D-post-hoc-diagnostic
equal-test-fpr,fedavg-ctk,hiddad,call-graph,all-seeds,,10,-0.0016640305316753617,-0.03606237816764134,4,-0.039746982457097874,0.06480991180115155,D-post-hoc-diagnostic
equal-test-fpr,fedavg-ctk,hiddad,call-graph,leave-one-seed-out,330,9,0.0030172572356891767,-0.03508771929824564,4,-0.03944459388869425,0.07277418551678655,D-post-hoc-diagnostic
equal-test-fpr,fedavg-ctk,hiddad,call-graph,leave-one-seed-out,331,9,0.008188425459669767,-0.03508771929824564,4,-0.030882646489991904,0.07741225643946903,D-post-hoc-diagnostic
equal-test-fpr,fedavg-ctk,hiddad,call-graph,leave-one-seed-out,332,9,-0.0024924234564732725,-0.037037037037037035,3,-0.04479274420411472,0.07013166123647939,D-post-hoc-diagnostic
equal-test-fpr,fedavg-ctk,hiddad,call-graph,leave-one-seed-out,333,9,0.002049712664610225,-0.037037037037037035,4,-0.04053878366835323,0.07092599729208669,D-post-hoc-diagnostic
equal-test-fpr,fedavg-ctk,hiddad,call-graph,leave-one-seed-out,334,9,0.0033469205123671025,-0.03508771929824564,4,-0.038825142188132315,0.07221969139800684,D-post-hoc-diagnostic
equal-test-fpr,fedavg-ctk,hiddad,call-graph,leave-one-seed-out,335,9,0.0022663035244759352,-0.03508771929824564,4,-0.04019081190711785,0.07158078415971829,D-post-hoc-diagnostic
equal-test-fpr,fedavg-ctk,hiddad,call-graph,leave-one-seed-out,336,9,-0.02257860772176201,-0.037037037037037035,3,-0.05018448920107266,0.019079194137114647,D-post-hoc-diagnostic
equal-test-fpr,fedavg-ctk,hiddad,call-graph,leave-one-seed-out,337,9,-0.011799171569191533,-0.037037037037037035,3,-0.04690984275913966,0.06782108707144152,D-post-hoc-diagnostic
equal-test-fpr,fedavg-ctk,hiddad,call-graph,leave-one-seed-out,338,9,0.005735453372086151,-0.03508771929824564,4,-0.035389010597519484,0.07445596081357057,D-post-hoc-diagnostic
equal-test-fpr,fedavg-ctk,hiddad,call-graph,leave-one-seed-out,339,9,-0.00437417533822516,-0.037037037037037035,3,-0.04542106467142337,0.07242156581037087,D-post-hoc-diagnostic
equal-test-fpr,fedavg-ctk,hiddad,call-graph,valid-fpr-leave-one-out,330,7,0.015572232049643682,0.0057915057915058354,4,-0.04013729735234779,0.09575854618498546,D-post-hoc-diagnostic
equal-test-fpr,fedavg-ctk,hiddad,call-graph,valid-fpr-leave-one-out,331,7,0.0222208769090473,0.0057915057915058354,4,-0.027275237949774378,0.10042286198512998,D-post-hoc-diagnostic
equal-test-fpr,fedavg-ctk,hiddad,call-graph,valid-fpr-leave-one-out,332,7,0.008488356874006247,-0.037037037037037035,3,-0.04722117252798523,0.09303067561047734,D-post-hoc-diagnostic
equal-test-fpr,fedavg-ctk,hiddad,call-graph,valid-fpr-leave-one-out,335,7,0.014606720135226656,0.0057915057915058354,4,-0.04155805052810528,0.09492413166171589,D-post-hoc-diagnostic
equal-test-fpr,fedavg-ctk,hiddad,call-graph,valid-fpr-leave-one-out,336,7,-0.017336737181364987,-0.037037037037037035,3,-0.05319571064876054,0.03066435603160161,D-post-hoc-diagnostic
equal-test-fpr,fedavg-ctk,hiddad,call-graph,valid-fpr-leave-one-out,337,7,-0.0034774621280600887,-0.037037037037037035,3,-0.04886267535314781,0.09052497378723394,D-post-hoc-diagnostic
equal-test-fpr,fedavg-ctk,hiddad,call-graph,valid-fpr-leave-one-out,338,7,0.01906705565358265,0.0057915057915058354,4,-0.03290984215395349,0.09399618752489436,D-post-hoc-diagnostic
equal-test-fpr,fedavg-ctk,hiddad,call-graph,valid-fpr-leave-one-out,339,7,0.0060689615974681066,-0.037037037037037035,3,-0.04641998340942754,0.09050136392095541,D-post-hoc-diagnostic
equal-test-fpr,fedavg-ctk,hiddad,call-graph,valid-fpr-only,,8,0.008151250488693695,-0.0156227656227656,4,-0.03942955086090056,0.08293284319403725,D-post-hoc-diagnostic
equal-test-fpr,fedavg-ctk,hiddad,mcndroid-static,all-seeds,,10,-0.05516141770464876,-0.033062989997296566,4,-0.1912080299223217,0.005422973102893416,D-post-hoc-diagnostic
equal-test-fpr,fedavg-ctk,hiddad,mcndroid-static,leave-one-seed-out,330,9,-0.05723531407572491,-0.029629629629629617,4,-0.20334584239828393,0.010780092658595943,D-post-hoc-diagnostic
equal-test-fpr,fedavg-ctk,hiddad,mcndroid-static,leave-one-seed-out,331,9,-0.013671416497228778,-0.029629629629629617,4,-0.05598559280217976,0.03183667428045028,D-post-hoc-diagnostic
equal-test-fpr,fedavg-ctk,hiddad,mcndroid-static,leave-one-seed-out,332,9,-0.07072847355428584,-0.036496350364963515,3,-0.22128638430182457,-0.00980941273684962,D-post-hoc-diagnostic
equal-test-fpr,fedavg-ctk,hiddad,mcndroid-static,leave-one-seed-out,333,9,-0.04910722824883,-0.029629629629629617,4,-0.20523229452840913,0.014951875063150353,D-post-hoc-diagnostic
equal-test-fpr,fedavg-ctk,hiddad,mcndroid-static,leave-one-seed-out,334,9,-0.0624895048836625,-0.036496350364963515,3,-0.20850456321262895,0.003981002746312429,D-post-hoc-diagnostic
equal-test-fpr,fedavg-ctk,hiddad,mcndroid-static,leave-one-seed-out,335,9,-0.057998283046317566,-0.036496350364963515,4,-0.2071310885296187,0.008597484654553381,D-post-hoc-diagnostic
equal-test-fpr,fedavg-ctk,hiddad,mcndroid-static,leave-one-seed-out,336,9,-0.06336343260715534,-0.036496350364963515,3,-0.2057827956009518,0.00290672064169459,D-post-hoc-diagnostic
equal-test-fpr,fedavg-ctk,hiddad,mcndroid-static,leave-one-seed-out,337,9,-0.07124071287249531,-0.036496350364963515,3,-0.2171223260821199,-0.00989668763978347,D-post-hoc-diagnostic
equal-test-fpr,fedavg-ctk,hiddad,mcndroid-static,leave-one-seed-out,338,9,-0.054085306740470566,-0.029629629629629617,4,-0.20595705778138063,0.013003781709339517,D-post-hoc-diagnostic
equal-test-fpr,fedavg-ctk,hiddad,mcndroid-static,leave-one-seed-out,339,9,-0.05169450452031683,-0.029629629629629617,4,-0.20594020517696993,0.014572649028355478,D-post-hoc-diagnostic
equal-test-fpr,fedavg-ctk,hiddad,mcndroid-static,valid-fpr-leave-one-out,330,8,-0.050683587984313314,-0.009419131361577404,4,-0.219120909231011,0.022231046958491353,D-post-hoc-diagnostic
equal-test-fpr,fedavg-ctk,hiddad,mcndroid-static,valid-fpr-leave-one-out,331,8,-0.0016742032085051775,-0.009419131361577404,4,-0.04120997911223259,0.04166737340191119,D-post-hoc-diagnostic
equal-test-fpr,fedavg-ctk,hiddad,mcndroid-static,valid-fpr-leave-one-out,332,8,-0.06586339239769437,-0.033062989997296566,3,-0.23810657762000498,0.0024458242766415977,D-post-hoc-diagnostic
equal-test-fpr,fedavg-ctk,hiddad,mcndroid-static,valid-fpr-leave-one-out,334,8,-0.056594552643243104,-0.033062989997296566,3,-0.23096392357200912,0.016561368480502516,D-post-hoc-diagnostic
equal-test-fpr,fedavg-ctk,hiddad,mcndroid-static,valid-fpr-leave-one-out,335,8,-0.05154192807623005,-0.012852491729244353,4,-0.22982090655448317,0.021032892397291787,D-post-hoc-diagnostic
equal-test-fpr,fedavg-ctk,hiddad,mcndroid-static,valid-fpr-leave-one-out,336,8,-0.05757772133217256,-0.033062989997296566,3,-0.2325340777293864,0.014279487931753113,D-post-hoc-diagnostic
equal-test-fpr,fedavg-ctk,hiddad,mcndroid-static,valid-fpr-leave-one-out,337,8,-0.06643966163068002,-0.033062989997296566,3,-0.2371568059715955,-0.00018282115677595957,D-post-hoc-diagnostic
equal-test-fpr,fedavg-ctk,hiddad,mcndroid-static,valid-fpr-leave-one-out,338,8,-0.04713982973215219,-0.009419131361577404,4,-0.2310148267782542,0.024519762037881906,D-post-hoc-diagnostic
equal-test-fpr,fedavg-ctk,hiddad,mcndroid-static,valid-fpr-leave-one-out,339,8,-0.04445017723447923,-0.009419131361577404,4,-0.2283251742805812,0.026056876069583568,D-post-hoc-diagnostic
equal-test-fpr,fedavg-ctk,hiddad,mcndroid-static,valid-fpr-only,,9,-0.04910722824883,-0.029629629629629617,4,-0.20523229452840913,0.014951875063150353,D-post-hoc-diagnostic
equal-test-fpr,fedavg-ctk,hiddad,report-json,all-seeds,,10,-0.0902121743784029,-0.0638197899391929,1,-0.22306587103773115,-0.037742807487505046,D-post-hoc-diagnostic
equal-test-fpr,fedavg-ctk,hiddad,report-json,leave-one-seed-out,330,9,-0.0941530242485093,-0.06467661691542287,1,-0.24061041698412647,-0.03658900693217001,D-post-hoc-diagnostic
equal-test-fpr,fedavg-ctk,hiddad,report-json,leave-one-seed-out,331,9,-0.04981558124210967,-0.06296296296296294,1,-0.069035561742646,-0.0051669017916889555,D-post-hoc-diagnostic
equal-test-fpr,fedavg-ctk,hiddad,report-json,leave-one-seed-out,332,9,-0.106670755744343,-0.06467661691542287,0,-0.27194989895183536,-0.0587160176156025,D-post-hoc-diagnostic
equal-test-fpr,fedavg-ctk,hiddad,report-json,leave-one-seed-out,333,9,-0.091951148919473,-0.06296296296296294,1,-0.2406608583687578,-0.034516101615144665,D-post-hoc-diagnostic
equal-test-fpr,fedavg-ctk,hiddad,report-json,leave-one-seed-out,334,9,-0.08904470214706636,-0.06296296296296294,1,-0.2371316242932124,-0.0317985842096914,D-post-hoc-diagnostic
equal-test-fpr,fedavg-ctk,hiddad,report-json,leave-one-seed-out,335,9,-0.09323986453567401,-0.06467661691542287,1,-0.2406237054621822,-0.03562027653615805,D-post-hoc-diagnostic
equal-test-fpr,fedavg-ctk,hiddad,report-json,leave-one-seed-out,336,9,-0.09774818712028183,-0.06467661691542287,1,-0.24166886402305354,-0.04031313981595349,D-post-hoc-diagnostic
equal-test-fpr,fedavg-ctk,hiddad,report-json,leave-one-seed-out,337,9,-0.09304945854095623,-0.06296296296296294,1,-0.23791219215578174,-0.03515704680105551,D-post-hoc-diagnostic
equal-test-fpr,fedavg-ctk,hiddad,report-json,leave-one-seed-out,338,9,-0.09378902955203659,-0.06467661691542287,1,-0.23841437115154554,-0.036039937552447936,D-post-hoc-diagnostic
equal-test-fpr,fedavg-ctk,hiddad,report-json,leave-one-seed-out,339,9,-0.09265999173357899,-0.06296296296296294,1,-0.2376053275395721,-0.0350498470505908,D-post-hoc-diagnostic
equal-test-fpr,fedavg-ctk,hiddad,report-json,valid-fpr-leave-one-out,330,8,-0.09660197684097649,-0.0638197899391929,1,-0.2538429161317651,-0.03202209488255607,D-post-hoc-diagnostic
equal-test-fpr,fedavg-ctk,hiddad,report-json,valid-fpr-leave-one-out,331,8,-0.046722353458776886,-0.06049172038933128,1,-0.06777053262262768,-0.00006640174761138127,D-post-hoc-diagnostic
equal-test-fpr,fedavg-ctk,hiddad,report-json,valid-fpr-leave-one-out,332,8,-0.11068442477378937,-0.0638197899391929,0,-0.2711071305357192,-0.056299450448463684,D-post-hoc-diagnostic
equal-test-fpr,fedavg-ctk,hiddad,report-json,valid-fpr-leave-one-out,334,8,-0.09085511447685318,-0.06049172038933128,1,-0.2573794793660117,-0.02668472655196457,D-post-hoc-diagnostic
equal-test-fpr,fedavg-ctk,hiddad,report-json,valid-fpr-leave-one-out,335,8,-0.09557467216403676,-0.061348547365561244,1,-0.2616692775621065,-0.03120310681549248,D-post-hoc-diagnostic
equal-test-fpr,fedavg-ctk,hiddad,report-json,valid-fpr-leave-one-out,336,8,-0.10064653507172056,-0.0638197899391929,1,-0.26292891811735297,-0.03669162585989475,D-post-hoc-diagnostic
equal-test-fpr,fedavg-ctk,hiddad,report-json,valid-fpr-leave-one-out,337,8,-0.09536046541997927,-0.06049172038933128,1,-0.2620990370531953,-0.031375751550884186,D-post-hoc-diagnostic
equal-test-fpr,fedavg-ctk,hiddad,report-json,valid-fpr-leave-one-out,338,8,-0.09619248280744466,-0.0638197899391929,1,-0.26271684769660325,-0.03216681581520063,D-post-hoc-diagnostic
equal-test-fpr,fedavg-ctk,hiddad,report-json,valid-fpr-leave-one-out,339,8,-0.09492231526167985,-0.06049172038933128,1,-0.2616608868948959,-0.030764956657193074,D-post-hoc-diagnostic
equal-test-fpr,fedavg-ctk,hiddad,report-json,valid-fpr-only,,9,-0.091951148919473,-0.06296296296296294,1,-0.2406608583687578,-0.034516101615144665,D-post-hoc-diagnostic
equal-test-fpr,fedavg-ctk,priority-macro,call-graph,all-seeds,,10,0.08084215472549068,0.07703678622087134,10,0.055044338454072965,0.10798880874259428,D-post-hoc-diagnostic
equal-test-fpr,fedavg-ctk,priority-macro,call-graph,leave-one-seed-out,330,9,0.07383908903344745,0.07599051309743138,9,0.049412968786736705,0.10089480272957982,D-post-hoc-diagnostic
equal-test-fpr,fedavg-ctk,priority-macro,call-graph,leave-one-seed-out,331,9,0.07398532302691119,0.07599051309743138,9,0.04949165766702238,0.10128320674555301,D-post-hoc-diagnostic
equal-test-fpr,fedavg-ctk,priority-macro,call-graph,leave-one-seed-out,332,9,0.08239826024561633,0.07808305934431131,9,0.054123895473073946,0.11227276055699052,D-post-hoc-diagnostic
equal-test-fpr,fedavg-ctk,priority-macro,call-graph,leave-one-seed-out,333,9,0.0851924454708093,0.07808305934431131,9,0.0576665921658536,0.11311054074357668,D-post-hoc-diagnostic
equal-test-fpr,fedavg-ctk,priority-macro,call-graph,leave-one-seed-out,334,9,0.08587655735117956,0.07808305934431131,9,0.05886594602433047,0.11356055438261672,D-post-hoc-diagnostic
equal-test-fpr,fedavg-ctk,priority-macro,call-graph,leave-one-seed-out,335,9,0.08138122601749725,0.07808305934431131,9,0.05264094158338366,0.11178932640109304,D-post-hoc-diagnostic
equal-test-fpr,fedavg-ctk,priority-macro,call-graph,leave-one-seed-out,336,9,0.07560431308094574,0.07599051309743138,9,0.05031970663760586,0.10618771315918635,D-post-hoc-diagnostic
equal-test-fpr,fedavg-ctk,priority-macro,call-graph,leave-one-seed-out,337,9,0.08114872087895504,0.07599051309743138,9,0.05268319943497652,0.11173559522989485,D-post-hoc-diagnostic
equal-test-fpr,fedavg-ctk,priority-macro,call-graph,leave-one-seed-out,338,9,0.08847017662182144,0.07808305934431131,9,0.06514342980573642,0.11546959284260341,D-post-hoc-diagnostic
equal-test-fpr,fedavg-ctk,priority-macro,call-graph,leave-one-seed-out,339,9,0.08052543552772343,0.07599051309743138,9,0.05211780959100197,0.11157974875039053,D-post-hoc-diagnostic
equal-test-fpr,fedavg-ctk,priority-macro,call-graph,valid-fpr-leave-one-out,330,7,0.08390424745558762,0.07808305934431131,7,0.05114695720401087,0.11096844031216924,D-post-hoc-diagnostic
equal-test-fpr,fedavg-ctk,priority-macro,call-graph,valid-fpr-leave-one-out,331,7,0.084092262590041,0.07808305934431131,7,0.05152555597680073,0.11163873584395545,D-post-hoc-diagnostic
equal-test-fpr,fedavg-ctk,priority-macro,call-graph,valid-fpr-leave-one-out,332,7,0.09490889615694761,0.08369262750539597,7,0.057773049813707886,0.12212901055732989,D-post-hoc-diagnostic
equal-test-fpr,fedavg-ctk,priority-macro,call-graph,valid-fpr-leave-one-out,335,7,0.09360128072079453,0.08369262750539597,7,0.05676846564535254,0.12162276200133176,D-post-hoc-diagnostic
equal-test-fpr,fedavg-ctk,priority-macro,call-graph,valid-fpr-leave-one-out,336,7,0.08617382123094255,0.07808305934431131,7,0.055238173899973465,0.11528421926998231,D-post-hoc-diagnostic
equal-test-fpr,fedavg-ctk,priority-macro,call-graph,valid-fpr-leave-one-out,337,7,0.09330234554266882,0.08369262750539597,7,0.0566575456016802,0.12194912085486394,D-post-hoc-diagnostic
equal-test-fpr,fedavg-ctk,priority-macro,call-graph,valid-fpr-leave-one-out,338,7,0.10271564578349704,0.08369262750539597,7,0.08217455527597704,0.1277619042984497,D-post-hoc-diagnostic
equal-test-fpr,fedavg-ctk,priority-macro,call-graph,valid-fpr-leave-one-out,339,7,0.09250097866251387,0.07808305934431131,7,0.05602815548035029,0.12203043077788914,D-post-hoc-diagnostic
equal-test-fpr,fedavg-ctk,priority-macro,call-graph,valid-fpr-only,,8,0.09139993476787414,0.08088784342485364,8,0.05993721027117055,0.11732446267583815,D-post-hoc-diagnostic
equal-test-fpr,fedavg-ctk,priority-macro,mcndroid-static,all-seeds,,10,0.08054455660154569,0.08197000957851797,9,0.03405383689405722,0.11395233020190988,D-post-hoc-diagnostic
equal-test-fpr,fedavg-ctk,priority-macro,mcndroid-static,leave-one-seed-out,330,9,0.0841317683247263,0.1026225245804136,8,0.03186744075361033,0.11905022628251755,D-post-hoc-diagnostic
equal-test-fpr,fedavg-ctk,priority-macro,mcndroid-static,leave-one-seed-out,331,9,0.0958395216989483,0.1026225245804136,9,0.06677037714784242,0.12479790346742041,D-post-hoc-diagnostic
equal-test-fpr,fedavg-ctk,priority-macro,mcndroid-static,leave-one-seed-out,332,9,0.07398058141483532,0.06131749457662233,8,0.026121321054144615,0.10917903144477105,D-post-hoc-diagnostic
equal-test-fpr,fedavg-ctk,priority-macro,mcndroid-static,leave-one-seed-out,333,9,0.08531294287186394,0.1026225245804136,8,0.030951641760833364,0.11875758419103224,D-post-hoc-diagnostic
equal-test-fpr,fedavg-ctk,priority-macro,mcndroid-static,leave-one-seed-out,334,9,0.07505219501617282,0.06131749457662233,8,0.02803773910880479,0.11116218367973638,D-post-hoc-diagnostic
equal-test-fpr,fedavg-ctk,priority-macro,mcndroid-static,leave-one-seed-out,335,9,0.07809144904833815,0.06131749457662233,8,0.02908913743739054,0.11492127573466811,D-post-hoc-diagnostic
equal-test-fpr,fedavg-ctk,priority-macro,mcndroid-static,leave-one-seed-out,336,9,0.07130158058222263,0.06131749457662233,8,0.02283140744208092,0.10247656254057501,D-post-hoc-diagnostic
equal-test-fpr,fedavg-ctk,priority-macro,mcndroid-static,leave-one-seed-out,337,9,0.07509573501319688,0.06131749457662233,8,0.027216646896237096,0.11045082327795153,D-post-hoc-diagnostic
equal-test-fpr,fedavg-ctk,priority-macro,mcndroid-static,leave-one-seed-out,338,9,0.08268089682653718,0.1026225245804136,8,0.030271062800749333,0.11776863600690868,D-post-hoc-diagnostic
equal-test-fpr,fedavg-ctk,priority-macro,mcndroid-static,leave-one-seed-out,339,9,0.08395889521861546,0.1026225245804136,8,0.03152169454138867,0.11863026736579907,D-post-hoc-diagnostic
equal-test-fpr,fedavg-ctk,priority-macro,mcndroid-static,valid-fpr-leave-one-out,330,8,0.08994460434423188,0.11610323773854933,7,0.02900713406560464,0.12516018607161364,D-post-hoc-diagnostic
equal-test-fpr,fedavg-ctk,priority-macro,mcndroid-static,valid-fpr-leave-one-out,331,8,0.10311582689023165,0.11610323773854933,8,0.07240154786644541,0.13074037291129093,D-post-hoc-diagnostic
equal-test-fpr,fedavg-ctk,priority-macro,mcndroid-static,valid-fpr-leave-one-out,332,8,0.07852451907060455,0.08197000957851797,7,0.022150034200651827,0.11536815447078094,D-post-hoc-diagnostic
equal-test-fpr,fedavg-ctk,priority-macro,mcndroid-static,valid-fpr-leave-one-out,334,8,0.07973008437210924,0.08197000957851797,7,0.022564946290066525,0.11747508131683845,D-post-hoc-diagnostic
equal-test-fpr,fedavg-ctk,priority-macro,mcndroid-static,valid-fpr-leave-one-out,335,8,0.08314924515829523,0.0954507227366537,7,0.023473427768397694,0.12174784905428088,D-post-hoc-diagnostic
equal-test-fpr,fedavg-ctk,priority-macro,mcndroid-static,valid-fpr-leave-one-out,336,8,0.07551064313391526,0.08197000957851797,7,0.017769141538025272,0.10849158139205525,D-post-hoc-diagnostic
equal-test-fpr,fedavg-ctk,priority-macro,mcndroid-static,valid-fpr-leave-one-out,337,8,0.0797790668687613,0.08197000957851797,7,0.022492751478979615,0.11728597724695804,D-post-hoc-diagnostic
equal-test-fpr,fedavg-ctk,priority-macro,mcndroid-static,valid-fpr-leave-one-out,338,8,0.08831237390876914,0.11610323773854933,7,0.025920314348094498,0.12412928475764888,D-post-hoc-diagnostic
equal-test-fpr,fedavg-ctk,priority-macro,mcndroid-static,valid-fpr-leave-one-out,339,8,0.08975012209985721,0.11610323773854933,7,0.023919294502548493,0.1245000227890801,D-post-hoc-diagnostic
equal-test-fpr,fedavg-ctk,priority-macro,mcndroid-static,valid-fpr-only,,9,0.08531294287186394,0.1026225245804136,8,0.030951641760833364,0.11875758419103224,D-post-hoc-diagnostic
equal-test-fpr,fedavg-ctk,priority-macro,report-json,all-seeds,,10,-0.057149640774686074,-0.04806876840588911,0,-0.11151222708475977,-0.035610563203029244,D-post-hoc-diagnostic
equal-test-fpr,fedavg-ctk,priority-macro,report-json,leave-one-seed-out,330,9,-0.06087598445497148,-0.053212443605902965,0,-0.11702292653427127,-0.03747066855208896,D-post-hoc-diagnostic
equal-test-fpr,fedavg-ctk,priority-macro,report-json,leave-one-seed-out,331,9,-0.041462237614585645,-0.04292509320587526,0,-0.05669338696890182,-0.0285539352027011,D-post-hoc-diagnostic
equal-test-fpr,fedavg-ctk,priority-macro,report-json,leave-one-seed-out,332,9,-0.05873014606010951,-0.053212443605902965,0,-0.11553180999631665,-0.0345897481027167,D-post-hoc-diagnostic
equal-test-fpr,fedavg-ctk,priority-macro,report-json,leave-one-seed-out,333,9,-0.05758710712677309,-0.04292509320587526,0,-0.11554065418777132,-0.033634849577618434,D-post-hoc-diagnostic
equal-test-fpr,fedavg-ctk,priority-macro,report-json,leave-one-seed-out,334,9,-0.05437807131875324,-0.04292509320587526,0,-0.11462300198688939,-0.03185311490930802,D-post-hoc-diagnostic
equal-test-fpr,fedavg-ctk,priority-macro,report-json,leave-one-seed-out,335,9,-0.057492661435416786,-0.04292509320587526,0,-0.11558310973170197,-0.03367934790243746,D-post-hoc-diagnostic
equal-test-fpr,fedavg-ctk,priority-macro,report-json,leave-one-seed-out,336,9,-0.05688781093851319,-0.04292509320587526,0,-0.115643061072679,-0.033098494392748645,D-post-hoc-diagnostic
equal-test-fpr,fedavg-ctk,priority-macro,report-json,leave-one-seed-out,337,9,-0.0620386247466672,-0.053212443605902965,0,-0.11839328417447988,-0.039374811203553656,D-post-hoc-diagnostic
equal-test-fpr,fedavg-ctk,priority-macro,report-json,leave-one-seed-out,338,9,-0.06162277259446859,-0.053212443605902965,0,-0.11764325213183853,-0.03865624387763459,D-post-hoc-diagnostic
equal-test-fpr,fedavg-ctk,priority-macro,report-json,leave-one-seed-out,339,9,-0.06042099145660204,-0.053212443605902965,0,-0.1168929900177288,-0.03664926217689372,D-post-hoc-diagnostic
equal-test-fpr,fedavg-ctk,priority-macro,report-json,valid-fpr-leave-one-out,330,8,-0.06183392706110505,-0.04849377401699248,0,-0.12360598858432584,-0.03543128668635932,D-post-hoc-diagnostic
equal-test-fpr,fedavg-ctk,priority-macro,report-json,valid-fpr-leave-one-out,331,8,-0.03999346186567097,-0.03531628892165882,0,-0.0573480595091254,-0.026134733462438046,D-post-hoc-diagnostic
equal-test-fpr,fedavg-ctk,priority-macro,report-json,valid-fpr-leave-one-out,332,8,-0.05941985886688532,-0.04088496973277604,0,-0.12375823064265505,-0.032326703904726084,D-post-hoc-diagnostic
equal-test-fpr,fedavg-ctk,priority-macro,report-json,valid-fpr-leave-one-out,334,8,-0.054523774782859524,-0.03531628892165882,0,-0.12290499074801645,-0.029219127648111087,D-post-hoc-diagnostic
equal-test-fpr,fedavg-ctk,priority-macro,report-json,valid-fpr-leave-one-out,335,8,-0.058027688664106014,-0.03531628892165882,0,-0.12455361535054824,-0.0309044250576643,D-post-hoc-diagnostic
equal-test-fpr,fedavg-ctk,priority-macro,report-json,valid-fpr-leave-one-out,336,8,-0.05734723185508948,-0.03531628892165882,0,-0.12522002921757985,-0.03052831895589879,D-post-hoc-diagnostic
equal-test-fpr,fedavg-ctk,priority-macro,report-json,valid-fpr-leave-one-out,337,8,-0.06314189738926274,-0.04849377401699248,0,-0.12609349482451823,-0.03757200463256603,D-post-hoc-diagnostic
equal-test-fpr,fedavg-ctk,priority-macro,report-json,valid-fpr-leave-one-out,338,8,-0.0626740637180393,-0.04849377401699248,0,-0.1257458694806984,-0.03685877043975526,D-post-hoc-diagnostic
equal-test-fpr,fedavg-ctk,priority-macro,report-json,valid-fpr-leave-one-out,339,8,-0.06132205993793943,-0.04849377401699248,0,-0.12414370857774629,-0.034708827199772516,D-post-hoc-diagnostic
equal-test-fpr,fedavg-ctk,priority-macro,report-json,valid-fpr-only,,9,-0.05758710712677309,-0.04292509320587526,0,-0.11554065418777132,-0.033634849577618434,D-post-hoc-diagnostic
equal-test-fpr,fedavg-ctk,revmob,call-graph,all-seeds,,10,0.21359162864762773,0.18619596655968934,10,0.14568640566602098,0.2949956168587752,D-post-hoc-diagnostic
equal-test-fpr,fedavg-ctk,revmob,call-graph,leave-one-seed-out,330,9,0.18967445918112477,0.17872340425531916,9,0.13189775386908822,0.26600508158953445,D-post-hoc-diagnostic
equal-test-fpr,fedavg-ctk,revmob,call-graph,leave-one-seed-out,331,9,0.19351450802117365,0.17872340425531916,9,0.134329328387299,0.28180603499607404,D-post-hoc-diagnostic
equal-test-fpr,fedavg-ctk,revmob,call-graph,leave-one-seed-out,332,9,0.22641133341799902,0.19366852886405955,9,0.1546490234791215,0.31152709567959586,D-post-hoc-diagnostic
equal-test-fpr,fedavg-ctk,revmob,call-graph,leave-one-seed-out,333,9,0.21817624326543317,0.19366852886405955,9,0.1431441931979887,0.30838557258734545,D-post-hoc-diagnostic
equal-test-fpr,fedavg-ctk,revmob,call-graph,leave-one-seed-out,334,9,0.2111629501140602,0.17872340425531916,9,0.138890011489744,0.306172492054699,D-post-hoc-diagnostic
equal-test-fpr,fedavg-ctk,revmob,call-graph,leave-one-seed-out,335,9,0.2322735267801924,0.19366852886405955,9,0.16853407182919244,0.31672493032534915,D-post-hoc-diagnostic
equal-test-fpr,fedavg-ctk,revmob,call-graph,leave-one-seed-out,336,9,0.2049964456238009,0.17872340425531916,9,0.13557210516274393,0.3001689776659838,D-post-hoc-diagnostic
equal-test-fpr,fedavg-ctk,revmob,call-graph,leave-one-seed-out,337,9,0.21746587580232865,0.19366852886405955,9,0.1419699828064357,0.3070533810851577,D-post-hoc-diagnostic
equal-test-fpr,fedavg-ctk,revmob,call-graph,leave-one-seed-out,338,9,0.22643563786880685,0.19366852886405955,9,0.15423385973744264,0.3111920986473723,D-post-hoc-diagnostic
equal-test-fpr,fedavg-ctk,revmob,call-graph,leave-one-seed-out,339,9,0.21580530640135753,0.17872340425531916,9,0.14007174841392184,0.3071637595817597,D-post-hoc-diagnostic
equal-test-fpr,fedavg-ctk,revmob,call-graph,valid-fpr-leave-one-out,330,7,0.18561290001328698,0.17872340425531916,7,0.11437691200876579,0.28413309204159226,D-post-hoc-diagnostic
equal-test-fpr,fedavg-ctk,revmob,call-graph,valid-fpr-leave-one-out,331,7,0.1905501056647784,0.17872340425531916,7,0.11578355448197102,0.3040860106821755,D-post-hoc-diagnostic
equal-test-fpr,fedavg-ctk,revmob,call-graph,valid-fpr-leave-one-out,332,7,0.23284602403212531,0.19366852886405955,7,0.14111946668547137,0.3339353540325446,D-post-hoc-diagnostic
equal-test-fpr,fedavg-ctk,revmob,call-graph,valid-fpr-leave-one-out,335,7,0.2403831297835168,0.19366852886405955,7,0.1601578750855819,0.3381418149554622,D-post-hoc-diagnostic
equal-test-fpr,fedavg-ctk,revmob,call-graph,valid-fpr-leave-one-out,336,7,0.20531259686815626,0.17872340425531916,7,0.11973498168622436,0.32595679724032645,D-post-hoc-diagnostic
equal-test-fpr,fedavg-ctk,revmob,call-graph,valid-fpr-leave-one-out,337,7,0.22134472138340627,0.19366852886405955,7,0.12430982182543958,0.33230797623498426,D-post-hoc-diagnostic
equal-test-fpr,fedavg-ctk,revmob,call-graph,valid-fpr-leave-one-out,338,7,0.23287727261173535,0.19366852886405955,7,0.13977532137148624,0.33488062640080335,D-post-hoc-diagnostic
equal-test-fpr,fedavg-ctk,revmob,call-graph,valid-fpr-leave-one-out,339,7,0.21920970358215763,0.17872340425531916,7,0.12216503648404695,0.33173986216312323,D-post-hoc-diagnostic
equal-test-fpr,fedavg-ctk,revmob,call-graph,valid-fpr-only,,8,0.21601705674239535,0.18619596655968934,8,0.1331958658919783,0.3182145136179444,D-post-hoc-diagnostic
equal-test-fpr,fedavg-ctk,revmob,mcndroid-static,all-seeds,,10,0.12523032819300264,0.1035867462786982,9,0.07361213889744725,0.18524317627704776,D-post-hoc-diagnostic
equal-test-fpr,fedavg-ctk,revmob,mcndroid-static,leave-one-seed-out,330,9,0.1329482279067551,0.10638297872340427,8,0.0743949957483845,0.1937027151131171,D-post-hoc-diagnostic
equal-test-fpr,fedavg-ctk,revmob,mcndroid-static,leave-one-seed-out,331,9,0.11903898899751618,0.10079051383399212,8,0.06526633247538155,0.18662057100178697,D-post-hoc-diagnostic
equal-test-fpr,fedavg-ctk,revmob,mcndroid-static,leave-one-seed-out,332,9,0.12848012656365373,0.10638297872340427,8,0.06985897702400146,0.19277224585423236,D-post-hoc-diagnostic
equal-test-fpr,fedavg-ctk,revmob,mcndroid-static,leave-one-seed-out,333,9,0.13375106584551533,0.10638297872340427,8,0.0767183929585159,0.19452838125828759,D-post-hoc-diagnostic
equal-test-fpr,fedavg-ctk,revmob,mcndroid-static,leave-one-seed-out,334,9,0.10945639052602882,0.10079051383399212,8,0.06319474068893322,0.168056812141205,D-post-hoc-diagnostic
equal-test-fpr,fedavg-ctk,revmob,mcndroid-static,leave-one-seed-out,335,9,0.12794586312178158,0.10638297872340427,8,0.07032959847569087,0.19120317253317304,D-post-hoc-diagnostic
equal-test-fpr,fedavg-ctk,revmob,mcndroid-static,leave-one-seed-out,336,9,0.10873293170870024,0.10079051383399212,8,0.06187006669045232,0.16435141757442268,D-post-hoc-diagnostic
equal-test-fpr,fedavg-ctk,revmob,mcndroid-static,leave-one-seed-out,337,9,0.12732447813406914,0.10079051383399212,8,0.06991597453763886,0.1937724043677323,D-post-hoc-diagnostic
equal-test-fpr,fedavg-ctk,revmob,mcndroid-static,leave-one-seed-out,338,9,0.14161944409467506,0.10638297872340427,9,0.09710832440739134,0.2025618077237071,D-post-hoc-diagnostic
equal-test-fpr,fedavg-ctk,revmob,mcndroid-static,leave-one-seed-out,339,9,0.1230057650313313,0.10079051383399212,8,0.067446754379544,0.19002636756698787,D-post-hoc-diagnostic
equal-test-fpr,fedavg-ctk,revmob,mcndroid-static,valid-fpr-leave-one-out,330,8,0.14349879523005094,0.12581718768572447,7,0.0771757483661415,0.20360088686536804,D-post-hoc-diagnostic
equal-test-fpr,fedavg-ctk,revmob,mcndroid-static,valid-fpr-leave-one-out,331,8,0.12785090145715716,0.1035867462786982,7,0.06875032244321397,0.1976307060455742,D-post-hoc-diagnostic
equal-test-fpr,fedavg-ctk,revmob,mcndroid-static,valid-fpr-leave-one-out,332,8,0.1384721812190619,0.12581718768572447,7,0.07388012668240733,0.20310248197735825,D-post-hoc-diagnostic
equal-test-fpr,fedavg-ctk,revmob,mcndroid-static,valid-fpr-leave-one-out,334,8,0.11707047817673387,0.1035867462786982,7,0.06456347580097933,0.17884487100543137,D-post-hoc-diagnostic
equal-test-fpr,fedavg-ctk,revmob,mcndroid-static,valid-fpr-leave-one-out,335,8,0.13787113484695573,0.12581718768572447,7,0.07041703450609069,0.20279891944399397,D-post-hoc-diagnostic
equal-test-fpr,fedavg-ctk,revmob,mcndroid-static,valid-fpr-leave-one-out,336,8,0.11625658700723923,0.1035867462786982,7,0.06329321525674475,0.17700424386905364,D-post-hoc-diagnostic
equal-test-fpr,fedavg-ctk,revmob,mcndroid-static,valid-fpr-leave-one-out,337,8,0.13717207673577925,0.12302095524101841,7,0.06965532920484724,0.20506034326135994,D-post-hoc-diagnostic
equal-test-fpr,fedavg-ctk,revmob,mcndroid-static,valid-fpr-leave-one-out,338,8,0.1532539134414609,0.12581718768572447,8,0.10637608589348047,0.21393772790838356,D-post-hoc-diagnostic
equal-test-fpr,fedavg-ctk,revmob,mcndroid-static,valid-fpr-leave-one-out,339,8,0.13231352449519918,0.1035867462786982,7,0.06932182394044836,0.20175809243056075,D-post-hoc-diagnostic
equal-test-fpr,fedavg-ctk,revmob,mcndroid-static,valid-fpr-only,,9,0.13375106584551533,0.10638297872340427,8,0.0767183929585159,0.19452838125828759,D-post-hoc-diagnostic
equal-test-fpr,fedavg-ctk,revmob,report-json,all-seeds,,10,-0.15683564361160632,-0.15230456127954306,1,-0.20586103354330362,-0.09267909575101263,D-post-hoc-diagnostic
equal-test-fpr,fedavg-ctk,revmob,report-json,leave-one-seed-out,330,9,-0.17832165529494717,-0.17984189723320157,0,-0.22169396030576455,-0.13692459299703735,D-post-hoc-diagnostic
equal-test-fpr,fedavg-ctk,revmob,report-json,leave-one-seed-out,331,9,-0.1645263764996684,-0.17984189723320157,1,-0.2143595869037836,-0.09137472844755823,D-post-hoc-diagnostic
equal-test-fpr,fedavg-ctk,revmob,report-json,leave-one-seed-out,332,9,-0.14797214369543557,-0.12476722532588455,1,-0.20039762468730687,-0.08323499683411836,D-post-hoc-diagnostic
equal-test-fpr,fedavg-ctk,revmob,report-json,leave-one-seed-out,333,9,-0.14486592547999408,-0.12476722532588455,1,-0.1940885579658739,-0.0811744256463692,D-post-hoc-diagnostic
equal-test-fpr,fedavg-ctk,revmob,report-json,leave-one-seed-out,334,9,-0.15104019190237267,-0.12476722532588455,1,-0.20440890532084624,-0.0849455319640515,D-post-hoc-diagnostic
equal-test-fpr,fedavg-ctk,revmob,report-json,leave-one-seed-out,335,9,-0.15427939320920683,-0.12476722532588455,1,-0.20745237883571563,-0.08630152324291435,D-post-hoc-diagnostic
equal-test-fpr,fedavg-ctk,revmob,report-json,leave-one-seed-out,336,9,-0.1445683396450798,-0.12476722532588455,1,-0.19247847364881523,-0.08050583953982376,D-post-hoc-diagnostic
equal-test-fpr,fedavg-ctk,revmob,report-json,leave-one-seed-out,337,9,-0.16173227540769497,-0.17984189723320157,1,-0.21219131539809516,-0.08885171999487487,D-post-hoc-diagnostic
equal-test-fpr,fedavg-ctk,revmob,report-json,leave-one-seed-out,338,9,-0.16065133378275484,-0.17984189723320157,1,-0.21227942077945677,-0.08803302939821689,D-post-hoc-diagnostic
equal-test-fpr,fedavg-ctk,revmob,report-json,leave-one-seed-out,339,9,-0.16039880119890873,-0.17984189723320157,1,-0.21227683813450332,-0.08792275469532759,D-post-hoc-diagnostic
equal-test-fpr,fedavg-ctk,revmob,report-json,valid-fpr-leave-one-out,330,8,-0.16754147385730103,-0.15230456127954306,0,-0.21255129472080378,-0.12823037550002747,D-post-hoc-diagnostic
equal-test-fpr,fedavg-ctk,revmob,report-json,valid-fpr-leave-one-out,331,8,-0.1520217852126124,-0.15230456127954306,1,-0.20230695841902763,-0.07448022989006126,D-post-hoc-diagnostic
equal-test-fpr,fedavg-ctk,revmob,report-json,valid-fpr-leave-one-out,332,8,-0.13339827330785048,-0.12363082869857701,1,-0.18642294129077358,-0.06837824835529181,D-post-hoc-diagnostic
equal-test-fpr,fedavg-ctk,revmob,report-json,valid-fpr-leave-one-out,334,8,-0.13684982754065472,-0.12363082869857701,1,-0.19266366903679438,-0.07036825295639176,D-post-hoc-diagnostic
equal-test-fpr,fedavg-ctk,revmob,report-json,valid-fpr-leave-one-out,335,8,-0.14049392901084315,-0.12363082869857701,1,-0.19710393359058256,-0.07129965908821856,D-post-hoc-diagnostic
equal-test-fpr,fedavg-ctk,revmob,report-json,valid-fpr-leave-one-out,336,8,-0.12956899375120026,-0.12363082869857701,1,-0.17543259773980424,-0.06249333511004339,D-post-hoc-diagnostic
equal-test-fpr,fedavg-ctk,revmob,report-json,valid-fpr-leave-one-out,337,8,-0.14887842148414226,-0.15230456127954306,1,-0.2014946840445105,-0.07304586191615367,D-post-hoc-diagnostic
equal-test-fpr,fedavg-ctk,revmob,report-json,valid-fpr-leave-one-out,338,8,-0.14766236215608466,-0.15230456127954306,1,-0.20090822294651323,-0.07244332139616064,D-post-hoc-diagnostic
equal-test-fpr,fedavg-ctk,revmob,report-json,valid-fpr-leave-one-out,339,8,-0.14737826299925777,-0.15116816465223554,1,-0.20064571319518854,-0.07201821410351131,D-post-hoc-diagnostic
equal-test-fpr,fedavg-ctk,revmob,report-json,valid-fpr-only,,9,-0.14486592547999408,-0.12476722532588455,1,-0.1940885579658739,-0.0811744256463692,D-post-hoc-diagnostic
equal-test-fpr,fedavg__family-absent-everywhere,adwo,call-graph,all-seeds,,10,0.07401705748961308,0.059970539343965484,8,0.02199433693842743,0.13095651555067406,D-post-hoc-diagnostic
equal-test-fpr,fedavg__family-absent-everywhere,adwo,call-graph,leave-one-seed-out,330,9,0.09104876306433976,0.060509554140127375,8,0.04711915938067351,0.14548286781820868,D-post-hoc-diagnostic
equal-test-fpr,fedavg__family-absent-everywhere,adwo,call-graph,leave-one-seed-out,331,9,0.0755178911951115,0.059431524547803594,7,0.01717298358598824,0.13590714547039007,D-post-hoc-diagnostic
equal-test-fpr,fedavg__family-absent-everywhere,adwo,call-graph,leave-one-seed-out,332,9,0.0797322144149823,0.060509554140127375,7,0.020390593233447368,0.13814313398284342,D-post-hoc-diagnostic
equal-test-fpr,fedavg__family-absent-everywhere,adwo,call-graph,leave-one-seed-out,333,9,0.07136085847016027,0.059431524547803594,7,0.015029026737082578,0.13403020069034585,D-post-hoc-diagnostic
equal-test-fpr,fedavg__family-absent-everywhere,adwo,call-graph,leave-one-seed-out,334,9,0.07727531527399592,0.060509554140127375,7,0.01953292378268235,0.1380888249861159,D-post-hoc-diagnostic
equal-test-fpr,fedavg__family-absent-everywhere,adwo,call-graph,leave-one-seed-out,335,9,0.07563767226092524,0.060509554140127375,7,0.01786297985747422,0.13629285772424427,D-post-hoc-diagnostic
equal-test-fpr,fedavg__family-absent-everywhere,adwo,call-graph,leave-one-seed-out,336,9,0.06748423054401453,0.059431524547803594,7,0.013541078160352714,0.13157558283243442,D-post-hoc-diagnostic
equal-test-fpr,fedavg__family-absent-everywhere,adwo,call-graph,leave-one-seed-out,337,9,0.05849223520898485,0.059431524547803594,7,0.010023732369265768,0.11268410873561796,D-post-hoc-diagnostic
equal-test-fpr,fedavg__family-absent-everywhere,adwo,call-graph,leave-one-seed-out,338,9,0.059290355316327835,0.059431524547803594,7,0.01064922524762797,0.11546230357376397,D-post-hoc-diagnostic
equal-test-fpr,fedavg__family-absent-everywhere,adwo,call-graph,leave-one-seed-out,339,9,0.08433103914728865,0.060509554140127375,8,0.028107054689938363,0.13957657009978286,D-post-hoc-diagnostic
equal-test-fpr,fedavg__family-absent-everywhere,adwo,call-graph,valid-fpr-leave-one-out,330,7,0.09668904021202883,0.060509554140127375,6,0.0418075383728572,0.16023117633201409,D-post-hoc-diagnostic
equal-test-fpr,fedavg__family-absent-everywhere,adwo,call-graph,valid-fpr-leave-one-out,331,7,0.07672077638016392,0.059431524547803594,5,0.00012710610864216258,0.15180048868629653,D-post-hoc-diagnostic
equal-test-fpr,fedavg__family-absent-everywhere,adwo,call-graph,valid-fpr-leave-one-out,332,7,0.08213919194856921,0.060509554140127375,5,0.0065477196355791445,0.15598675966107403,D-post-hoc-diagnostic
equal-test-fpr,fedavg__family-absent-everywhere,adwo,call-graph,valid-fpr-leave-one-out,335,7,0.07687478060763875,0.060509554140127375,5,0.0025266279376877643,0.15431840167619157,D-post-hoc-diagnostic
equal-test-fpr,fedavg__family-absent-everywhere,adwo,call-graph,valid-fpr-leave-one-out,336,7,0.06639178411446783,0.059431524547803594,5,-0.0017489991121156076,0.14604458415228988,D-post-hoc-diagnostic
equal-test-fpr,fedavg__family-absent-everywhere,adwo,call-graph,valid-fpr-leave-one-out,337,7,0.05483064725514395,0.059431524547803594,5,-0.005321491794987103,0.12291807623419147,D-post-hoc-diagnostic
equal-test-fpr,fedavg__family-absent-everywhere,adwo,call-graph,valid-fpr-leave-one-out,338,7,0.055856801678870645,0.059431524547803594,5,-0.005121661378822259,0.12671565798723977,D-post-hoc-diagnostic
equal-test-fpr,fedavg__family-absent-everywhere,adwo,call-graph,valid-fpr-leave-one-out,339,7,0.08805196660439171,0.060509554140127375,6,0.011724989800155955,0.15724246492787833,D-post-hoc-diagnostic
equal-test-fpr,fedavg__family-absent-everywhere,adwo,call-graph,valid-fpr-only,,8,0.07469437360015935,0.059970539343965484,6,0.008341965556304717,0.14319971154981784,D-post-hoc-diagnostic
equal-test-fpr,fedavg__family-absent-everywhere,adwo,mcndroid-static,all-seeds,,10,0.19990833615026293,0.22775148560651887,9,0.11989651779533647,0.2622555483691401,D-post-hoc-diagnostic
equal-test-fpr,fedavg__family-absent-everywhere,adwo,mcndroid-static,leave-one-seed-out,330,9,0.22584666076316479,0.25159235668789803,9,0.17131940030032042,0.2811888370756934,D-post-hoc-diagnostic
equal-test-fpr,fedavg__family-absent-everywhere,adwo,mcndroid-static,leave-one-seed-out,331,9,0.19416566720163683,0.2039106145251397,8,0.11174058986866858,0.26451438822478757,D-post-hoc-diagnostic
equal-test-fpr,fedavg__family-absent-everywhere,adwo,mcndroid-static,leave-one-seed-out,332,9,0.20993399357197673,0.25159235668789803,8,0.1178139894059844,0.27188628608370163,D-post-hoc-diagnostic
equal-test-fpr,fedavg__family-absent-everywhere,adwo,mcndroid-static,leave-one-seed-out,333,9,0.1924467829958411,0.2039106145251397,8,0.11030696175147667,0.262490880524213,D-post-hoc-diagnostic
equal-test-fpr,fedavg__family-absent-everywhere,adwo,mcndroid-static,leave-one-seed-out,334,9,0.1994636385530544,0.25159235668789803,8,0.11283888564200077,0.2699522147619686,D-post-hoc-diagnostic
equal-test-fpr,fedavg__family-absent-everywhere,adwo,mcndroid-static,leave-one-seed-out,335,9,0.19197394800502943,0.2039106145251397,8,0.11014791858547468,0.26211970049937533,D-post-hoc-diagnostic
equal-test-fpr,fedavg__family-absent-everywhere,adwo,mcndroid-static,leave-one-seed-out,336,9,0.19260648461140326,0.2039106145251397,8,0.1103846483337731,0.26289653302857546,D-post-hoc-diagnostic
equal-test-fpr,fedavg__family-absent-everywhere,adwo,mcndroid-static,leave-one-seed-out,337,9,0.17928746425516914,0.2039106145251397,8,0.09858740723552623,0.2324128799089645,D-post-hoc-diagnostic
equal-test-fpr,fedavg__family-absent-everywhere,adwo,mcndroid-static,leave-one-seed-out,338,9,0.2009910474529333,0.25159235668789803,8,0.11428649410186176,0.26997289406825414,D-post-hoc-diagnostic
equal-test-fpr,fedavg__family-absent-everywhere,adwo,mcndroid-static,leave-one-seed-out,339,9,0.21236767409242033,0.25159235668789803,8,0.12574292118136668,0.2731861829770909,D-post-hoc-diagnostic
equal-test-fpr,fedavg__family-absent-everywhere,adwo,mcndroid-static,valid-fpr-leave-one-out,330,8,0.22069470404105296,0.22775148560651887,8,0.1615461495036245,0.284039463739472,D-post-hoc-diagnostic
equal-test-fpr,fedavg__family-absent-everywhere,adwo,mcndroid-static,valid-fpr-leave-one-out,331,8,0.185053586284334,0.19703727447568462,7,0.09675288129127714,0.2622698611408619,D-post-hoc-diagnostic
equal-test-fpr,fedavg__family-absent-everywhere,adwo,mcndroid-static,valid-fpr-leave-one-out,332,8,0.2027929534509664,0.22775148560651887,7,0.10681369567520099,0.2729711338190972,D-post-hoc-diagnostic
equal-test-fpr,fedavg__family-absent-everywhere,adwo,mcndroid-static,valid-fpr-leave-one-out,334,8,0.19101380405467877,0.22087814555706378,7,0.09878834640315487,0.26816133629198136,D-post-hoc-diagnostic
equal-test-fpr,fedavg__family-absent-everywhere,adwo,mcndroid-static,valid-fpr-leave-one-out,335,8,0.18258790218815069,0.19703727447568462,7,0.09534114640454269,0.2600286068107001,D-post-hoc-diagnostic
equal-test-fpr,fedavg__family-absent-everywhere,adwo,mcndroid-static,valid-fpr-leave-one-out,336,8,0.18329950587032123,0.19703727447568462,7,0.09538911510796882,0.2608424821231205,D-post-hoc-diagnostic
equal-test-fpr,fedavg__family-absent-everywhere,adwo,mcndroid-static,valid-fpr-leave-one-out,337,8,0.1683156079695579,0.19703727447568462,7,0.08420186735019725,0.22417291216474305,D-post-hoc-diagnostic
equal-test-fpr,fedavg__family-absent-everywhere,adwo,mcndroid-static,valid-fpr-leave-one-out,338,8,0.19273213906704256,0.22775148560651887,7,0.09973551763997003,0.2706958208344414,D-post-hoc-diagnostic
equal-test-fpr,fedavg__family-absent-everywhere,adwo,mcndroid-static,valid-fpr-leave-one-out,339,8,0.20553084403646543,0.22775148560651887,7,0.10736639332935956,0.27390090012737606,D-post-hoc-diagnostic
equal-test-fpr,fedavg__family-absent-everywhere,adwo,mcndroid-static,valid-fpr-only,,9,0.1924467829958411,0.2039106145251397,8,0.11030696175147667,0.262490880524213,D-post-hoc-diagnostic
equal-test-fpr,fedavg__family-absent-everywhere,adwo,report-json,all-seeds,,10,-0.2731828445426806,-0.2303280172484735,0,-0.35490508432662377,-0.2132742317726333,D-post-hoc-diagnostic
equal-test-fpr,fedavg__family-absent-everywhere,adwo,report-json,leave-one-seed-out,330,9,-0.2544172527438998,-0.2229299363057325,0,-0.33905496197441787,-0.20245590732161395,D-post-hoc-diagnostic
equal-test-fpr,fedavg__family-absent-everywhere,adwo,report-json,leave-one-seed-out,331,9,-0.2787665010134526,-0.23772609819121449,0,-0.3616533834411025,-0.21231086219401296,D-post-hoc-diagnostic
equal-test-fpr,fedavg__family-absent-everywhere,adwo,report-json,leave-one-seed-out,332,9,-0.2605257412481397,-0.2229299363057325,0,-0.3498075397985638,-0.20228519986502802,D-post-hoc-diagnostic
equal-test-fpr,fedavg__family-absent-everywhere,adwo,report-json,leave-one-seed-out,333,9,-0.28573233963364114,-0.23772609819121449,0,-0.36756294025863023,-0.22213412441808572,D-post-hoc-diagnostic
equal-test-fpr,fedavg__family-absent-everywhere,adwo,report-json,leave-one-seed-out,334,9,-0.2846041537749213,-0.23772609819121449,0,-0.36628582578400004,-0.21967024649324055,D-post-hoc-diagnostic
equal-test-fpr,fedavg__family-absent-everywhere,adwo,report-json,leave-one-seed-out,335,9,-0.2771224830261768,-0.2229299363057325,0,-0.36267249051862754,-0.20857469855693864,D-post-hoc-diagnostic
equal-test-fpr,fedavg__family-absent-everywhere,adwo,report-json,leave-one-seed-out,336,9,-0.279664966158534,-0.23772609819121449,0,-0.36445928814398604,-0.2115095674276041,D-post-hoc-diagnostic
equal-test-fpr,fedavg__family-absent-everywhere,adwo,report-json,leave-one-seed-out,337,9,-0.2725780545809258,-0.2229299363057325,0,-0.3606068349149153,-0.20522232663647766,D-post-hoc-diagnostic
equal-test-fpr,fedavg__family-absent-everywhere,adwo,report-json,leave-one-seed-out,338,9,-0.28677875258840646,-0.23772609819121449,0,-0.368160507118658,-0.22455825339300778,D-post-hoc-diagnostic
equal-test-fpr,fedavg__family-absent-everywhere,adwo,report-json,leave-one-seed-out,339,9,-0.2516382006587081,-0.2229299363057325,0,-0.328303322589545,-0.2004957819634554,D-post-hoc-diagnostic
equal-test-fpr,fedavg__family-absent-everywhere,adwo,report-json,valid-fpr-leave-one-out,330,8,-0.2661897357463828,-0.2303280172484735,0,-0.3525887690930658,-0.20883130933137123,D-post-hoc-diagnostic
equal-test-fpr,fedavg__family-absent-everywhere,adwo,report-json,valid-fpr-leave-one-out,331,8,-0.29358264004962964,-0.25817602619484387,0,-0.3784362759443101,-0.21985923304150168,D-post-hoc-diagnostic
equal-test-fpr,fedavg__family-absent-everywhere,adwo,report-json,valid-fpr-leave-one-out,332,8,-0.27306178531365266,-0.2303280172484735,0,-0.36681520857279204,-0.20821764827747832,D-post-hoc-diagnostic
equal-test-fpr,fedavg__family-absent-everywhere,adwo,report-json,valid-fpr-leave-one-out,334,8,-0.300149999406282,-0.25817602619484387,0,-0.37993480131745183,-0.22875526063786267,D-post-hoc-diagnostic
equal-test-fpr,fedavg__family-absent-everywhere,adwo,report-json,valid-fpr-leave-one-out,335,8,-0.29173311981394445,-0.25077794525210284,0,-0.3776192172799634,-0.2168343190649778,D-post-hoc-diagnostic
equal-test-fpr,fedavg__family-absent-everywhere,adwo,report-json,valid-fpr-leave-one-out,336,8,-0.2945934133378462,-0.25817602619484387,0,-0.3781797615970297,-0.2201970589171134,D-post-hoc-diagnostic
equal-test-fpr,fedavg__family-absent-everywhere,adwo,report-json,valid-fpr-leave-one-out,337,8,-0.2866206378130371,-0.2303280172484735,0,-0.375658923298298,-0.21331956002755678,D-post-hoc-diagnostic
equal-test-fpr,fedavg__family-absent-everywhere,adwo,report-json,valid-fpr-leave-one-out,338,8,-0.3025964230714528,-0.25817602619484387,0,-0.3834951706537257,-0.23710604822424955,D-post-hoc-diagnostic
equal-test-fpr,fedavg__family-absent-everywhere,adwo,report-json,valid-fpr-leave-one-out,339,8,-0.2630633021505422,-0.2303280172484735,0,-0.34544427560982804,-0.20697376373430598,D-post-hoc-diagnostic
equal-test-fpr,fedavg__family-absent-everywhere,adwo,report-json,valid-fpr-only,,9,-0.28573233963364114,-0.23772609819121449,0,-0.36756294025863023,-0.22213412441808572,D-post-hoc-diagnostic
equal-test-fpr,fedavg__family-absent-everywhere,contrast-macro,call-graph,all-seeds,,10,-0.0930820486570565,-0.10616898531311578,2,-0.13181853885311828,-0.04716366435396873,D-post-hoc-diagnostic
equal-test-fpr,fedavg__family-absent-everywhere,contrast-macro,call-graph,leave-one-seed-out,330,9,-0.10443227863376187,-0.12003561072778424,1,-0.13899908885072132,-0.057811165215448844,D-post-hoc-diagnostic
equal-test-fpr,fedavg__family-absent-everywhere,contrast-macro,call-graph,leave-one-seed-out,331,9,-0.09479991009525279,-0.12003561072778424,2,-0.13680145888962417,-0.045102929386571095,D-post-hoc-diagnostic
equal-test-fpr,fedavg__family-absent-everywhere,contrast-macro,call-graph,leave-one-seed-out,332,9,-0.09707768542900357,-0.12003561072778424,2,-0.1374641246294284,-0.04606367926925812,D-post-hoc-diagnostic
equal-test-fpr,fedavg__family-absent-everywhere,contrast-macro,call-graph,leave-one-seed-out,333,9,-0.08984841782512991,-0.09230235989844732,2,-0.13271637454844826,-0.04198383988621404,D-post-hoc-diagnostic
equal-test-fpr,fedavg__family-absent-everywhere,contrast-macro,call-graph,leave-one-seed-out,334,9,-0.09008720842697565,-0.09230235989844732,2,-0.13307129480940372,-0.04213672325895881,D-post-hoc-diagnostic
equal-test-fpr,fedavg__family-absent-everywhere,contrast-macro,call-graph,leave-one-seed-out,335,9,-0.08235072219372024,-0.09230235989844732,2,-0.11876654000246695,-0.03831007124452443,D-post-hoc-diagnostic
equal-test-fpr,fedavg__family-absent-everywhere,contrast-macro,call-graph,leave-one-seed-out,336,9,-0.08868839249938237,-0.09230235989844732,2,-0.13093741121400274,-0.04145461614300945,D-post-hoc-diagnostic
equal-test-fpr,fedavg__family-absent-everywhere,contrast-macro,call-graph,leave-one-seed-out,337,9,-0.09316868074134642,-0.12003561072778424,2,-0.13522015731231035,-0.0435858719973556,D-post-hoc-diagnostic
equal-test-fpr,fedavg__family-absent-everywhere,contrast-macro,call-graph,leave-one-seed-out,338,9,-0.10609957386305349,-0.12003561072778424,1,-0.14011058714391778,-0.06566412097091885,D-post-hoc-diagnostic
equal-test-fpr,fedavg__family-absent-everywhere,contrast-macro,call-graph,leave-one-seed-out,339,9,-0.08426761686293872,-0.09230235989844732,2,-0.12357310367500049,-0.039787320913717825,D-post-hoc-diagnostic
equal-test-fpr,fedavg__family-absent-everywhere,contrast-macro,call-graph,valid-fpr-leave-one-out,330,7,-0.09966716726166812,-0.09230235989844732,1,-0.1439161466484525,-0.0439918386872002,D-post-hoc-diagnostic
equal-test-fpr,fedavg__family-absent-everywhere,contrast-macro,call-graph,valid-fpr-leave-one-out,331,7,-0.08728269342644214,-0.09230235989844732,2,-0.14127834613193374,-0.026613514048921465,D-post-hoc-diagnostic
equal-test-fpr,fedavg__family-absent-everywhere,contrast-macro,call-graph,valid-fpr-leave-one-out,332,7,-0.09021126171269314,-0.09230235989844732,2,-0.14255445308639358,-0.027371324266885315,D-post-hoc-diagnostic
equal-test-fpr,fedavg__family-absent-everywhere,contrast-macro,call-graph,valid-fpr-leave-one-out,335,7,-0.07127659469590028,-0.0776212957132899,2,-0.11889558319752408,-0.02082113108531841,D-post-hoc-diagnostic
equal-test-fpr,fedavg__family-absent-everywhere,contrast-macro,call-graph,valid-fpr-leave-one-out,336,7,-0.07942502794603733,-0.0776212957132899,2,-0.1374095895236747,-0.02313036408848788,D-post-hoc-diagnostic
equal-test-fpr,fedavg__family-absent-everywhere,contrast-macro,call-graph,valid-fpr-leave-one-out,337,7,-0.08518539854284823,-0.0776212957132899,2,-0.14118164068293643,-0.025796598690681842,D-post-hoc-diagnostic
equal-test-fpr,fedavg__family-absent-everywhere,contrast-macro,call-graph,valid-fpr-leave-one-out,338,7,-0.10181083255647162,-0.09230235989844732,1,-0.14696220052164696,-0.05194716458333274,D-post-hoc-diagnostic
equal-test-fpr,fedavg__family-absent-everywhere,contrast-macro,call-graph,valid-fpr-leave-one-out,339,7,-0.07374117355632406,-0.0776212957132899,2,-0.12530737331728223,-0.023510221606355297,D-post-hoc-diagnostic
equal-test-fpr,fedavg__family-absent-everywhere,contrast-macro,call-graph,valid-fpr-only,,8,-0.08607501871229811,-0.08496182780586861,2,-0.1356364747903742,-0.03343872300897859,D-post-hoc-diagnostic
equal-test-fpr,fedavg__family-absent-everywhere,contrast-macro,mcndroid-static,all-seeds,,10,-0.03991041394127914,-0.03721389041720599,0,-0.06068230809234311,-0.023873699388719624,D-post-hoc-diagnostic
equal-test-fpr,fedavg__family-absent-everywhere,contrast-macro,mcndroid-static,leave-one-seed-out,330,9,-0.04351289250917359,-0.047610318633012016,0,-0.0653028967853489,-0.027209517039590927,D-post-hoc-diagnostic
equal-test-fpr,fedavg__family-absent-everywhere,contrast-macro,mcndroid-static,leave-one-seed-out,331,9,-0.03905486897553104,-0.026817462201399966,0,-0.06358780308158213,-0.022056339301223273,D-post-hoc-diagnostic
equal-test-fpr,fedavg__family-absent-everywhere,contrast-macro,mcndroid-static,leave-one-seed-out,332,9,-0.043248466138724045,-0.047610318633012016,0,-0.0650996293207735,-0.02637336895214685,D-post-hoc-diagnostic
equal-test-fpr,fedavg__family-absent-everywhere,contrast-macro,mcndroid-static,leave-one-seed-out,333,9,-0.03579904173705968,-0.026817462201399966,0,-0.0603776726499123,-0.021276842485960137,D-post-hoc-diagnostic
equal-test-fpr,fedavg__family-absent-everywhere,contrast-macro,mcndroid-static,leave-one-seed-out,334,9,-0.04144047059890465,-0.047610318633012016,0,-0.06498917220500453,-0.023732670855095034,D-post-hoc-diagnostic
equal-test-fpr,fedavg__family-absent-everywhere,contrast-macro,mcndroid-static,leave-one-seed-out,335,9,-0.03903327668858216,-0.026817462201399966,0,-0.06325359538742076,-0.02204548885282001,D-post-hoc-diagnostic
equal-test-fpr,fedavg__family-absent-everywhere,contrast-macro,mcndroid-static,leave-one-seed-out,336,9,-0.043732273128995594,-0.047610318633012016,0,-0.06538692985569788,-0.027559753030470636,D-post-hoc-diagnostic
equal-test-fpr,fedavg__family-absent-everywhere,contrast-macro,mcndroid-static,leave-one-seed-out,337,9,-0.03303549898223374,-0.026817462201399966,0,-0.04952627586195306,-0.019847888257468048,D-post-hoc-diagnostic
equal-test-fpr,fedavg__family-absent-everywhere,contrast-macro,mcndroid-static,leave-one-seed-out,338,9,-0.03888216429676562,-0.026817462201399966,0,-0.06330009244340212,-0.02180713081015232,D-post-hoc-diagnostic
equal-test-fpr,fedavg__family-absent-everywhere,contrast-macro,mcndroid-static,leave-one-seed-out,339,9,-0.041365186356821265,-0.047610318633012016,0,-0.06466869356388279,-0.02384987070715097,D-post-hoc-diagnostic
equal-test-fpr,fedavg__family-absent-everywhere,contrast-macro,mcndroid-static,valid-fpr-leave-one-out,330,8,-0.0393379086004135,-0.03721389041720599,0,-0.06451271626901284,-0.023966355003688322,D-post-hoc-diagnostic
equal-test-fpr,fedavg__family-absent-everywhere,contrast-macro,mcndroid-static,valid-fpr-leave-one-out,331,8,-0.03432263212506564,-0.026478683112024753,0,-0.06271565744859606,-0.018136076473021116,D-post-hoc-diagnostic
equal-test-fpr,fedavg__family-absent-everywhere,contrast-macro,mcndroid-static,valid-fpr-leave-one-out,332,8,-0.039040428933657764,-0.03721389041720599,0,-0.06526618185691258,-0.023928829732145523,D-post-hoc-diagnostic
equal-test-fpr,fedavg__family-absent-everywhere,contrast-macro,mcndroid-static,valid-fpr-leave-one-out,334,8,-0.03700643395136095,-0.03721389041720599,0,-0.06323218687461576,-0.020081745252059448,D-post-hoc-diagnostic
equal-test-fpr,fedavg__family-absent-everywhere,contrast-macro,mcndroid-static,valid-fpr-leave-one-out,335,8,-0.034298340802248146,-0.026478683112024753,0,-0.06231622955387675,-0.018109448073405268,D-post-hoc-diagnostic
equal-test-fpr,fedavg__family-absent-everywhere,contrast-macro,mcndroid-static,valid-fpr-leave-one-out,336,8,-0.03958471179771326,-0.03721389041720599,0,-0.06416105362586974,-0.023647165820747326,D-post-hoc-diagnostic
equal-test-fpr,fedavg__family-absent-everywhere,contrast-macro,mcndroid-static,valid-fpr-leave-one-out,337,8,-0.027550840882606176,-0.026478683112024753,0,-0.04031885614741271,-0.015318385332641023,D-post-hoc-diagnostic
equal-test-fpr,fedavg__family-absent-everywhere,contrast-macro,mcndroid-static,valid-fpr-leave-one-out,338,8,-0.03412833936145454,-0.026478683112024753,0,-0.06323218687461576,-0.01852564081539263,D-post-hoc-diagnostic
equal-test-fpr,fedavg__family-absent-everywhere,contrast-macro,mcndroid-static,valid-fpr-leave-one-out,339,8,-0.03692173917901714,-0.03687511132783078,0,-0.06462721537505227,-0.02009313066969705,D-post-hoc-diagnostic
equal-test-fpr,fedavg__family-absent-everywhere,contrast-macro,mcndroid-static,valid-fpr-only,,9,-0.03579904173705968,-0.026817462201399966,0,-0.0603776726499123,-0.021276842485960137,D-post-hoc-diagnostic
equal-test-fpr,fedavg__family-absent-everywhere,contrast-macro,report-json,all-seeds,,10,-0.27288579005830493,-0.2824013172842984,0,-0.3022211417069908,-0.23451215106483247,D-post-hoc-diagnostic
equal-test-fpr,fedavg__family-absent-everywhere,contrast-macro,report-json,leave-one-seed-out,330,9,-0.28575416373710893,-0.28868456865950787,0,-0.31360335270674233,-0.26263832385915853,D-post-hoc-diagnostic
equal-test-fpr,fedavg__family-absent-everywhere,contrast-macro,report-json,leave-one-seed-out,331,9,-0.27095266135531987,-0.27611806590908894,0,-0.3039321131719841,-0.22941718601433636,D-post-hoc-diagnostic
equal-test-fpr,fedavg__family-absent-everywhere,contrast-macro,report-json,leave-one-seed-out,332,9,-0.27801635343684583,-0.28868456865950787,0,-0.3070746112185647,-0.2335224887365552,D-post-hoc-diagnostic
equal-test-fpr,fedavg__family-absent-everywhere,contrast-macro,report-json,leave-one-seed-out,333,9,-0.2646973334469043,-0.27611806590908894,0,-0.2935129848104591,-0.2269952470238028,D-post-hoc-diagnostic
equal-test-fpr,fedavg__family-absent-everywhere,contrast-macro,report-json,leave-one-seed-out,334,9,-0.27089487411219476,-0.27611806590908894,0,-0.3043430168856762,-0.2310088479268601,D-post-hoc-diagnostic
equal-test-fpr,fedavg__family-absent-everywhere,contrast-macro,report-json,leave-one-seed-out,335,9,-0.2764184167442476,-0.28868456865950787,0,-0.3076289915858707,-0.23375734225281325,D-post-hoc-diagnostic
equal-test-fpr,fedavg__family-absent-everywhere,contrast-macro,report-json,leave-one-seed-out,336,9,-0.2711303702137269,-0.27611806590908894,0,-0.30554005798618683,-0.23091697578113157,D-post-hoc-diagnostic
equal-test-fpr,fedavg__family-absent-everywhere,contrast-macro,report-json,leave-one-seed-out,337,9,-0.26430623605423037,-0.27611806590908894,0,-0.29250090736759016,-0.22687117557441747,D-post-hoc-diagnostic
equal-test-fpr,fedavg__family-absent-everywhere,contrast-macro,report-json,leave-one-seed-out,338,9,-0.2725266482971067,-0.28868456865950787,0,-0.3056431429169152,-0.2308159301580426,D-post-hoc-diagnostic
equal-test-fpr,fedavg__family-absent-everywhere,contrast-macro,report-json,leave-one-seed-out,339,9,-0.27416084318536427,-0.28868456865950787,0,-0.3071205274518166,-0.232293691306476,D-post-hoc-diagnostic
equal-test-fpr,fedavg__family-absent-everywhere,contrast-macro,report-json,valid-fpr-leave-one-out,330,8,-0.2781506967591337,-0.2824013172842984,0,-0.3049244370711655,-0.2565630845679722,D-post-hoc-diagnostic
equal-test-fpr,fedavg__family-absent-everywhere,contrast-macro,report-json,valid-fpr-leave-one-out,331,8,-0.261499006579621,-0.2687641889119301,0,-0.29368037993320856,-0.21985402298554282,D-post-hoc-diagnostic
equal-test-fpr,fedavg__family-absent-everywhere,contrast-macro,report-json,valid-fpr-leave-one-out,332,8,-0.2694456601713377,-0.2824013172842984,0,-0.29788952807044733,-0.22483914001707425,D-post-hoc-diagnostic
equal-test-fpr,fedavg__family-absent-everywhere,contrast-macro,report-json,valid-fpr-leave-one-out,334,8,-0.2614339959311053,-0.2687641889119301,0,-0.2934093088510557,-0.2190771070772855,D-post-hoc-diagnostic
equal-test-fpr,fedavg__family-absent-everywhere,contrast-macro,report-json,valid-fpr-leave-one-out,335,8,-0.2676479813921647,-0.2824013172842984,0,-0.2972225508937407,-0.22272984600220475,D-post-hoc-diagnostic
equal-test-fpr,fedavg__family-absent-everywhere,contrast-macro,report-json,valid-fpr-leave-one-out,336,8,-0.2616989290453289,-0.2687641889119301,0,-0.29442322958435635,-0.22091831067696877,D-post-hoc-diagnostic
equal-test-fpr,fedavg__family-absent-everywhere,contrast-macro,report-json,valid-fpr-leave-one-out,337,8,-0.25402177811589527,-0.2687641889119301,0,-0.2763241260426478,-0.2133418472852257,D-post-hoc-diagnostic
equal-test-fpr,fedavg__family-absent-everywhere,contrast-macro,report-json,valid-fpr-leave-one-out,338,8,-0.2632697418891312,-0.27504744028713957,0,-0.2969834187173477,-0.2216497597489943,D-post-hoc-diagnostic
equal-test-fpr,fedavg__family-absent-everywhere,contrast-macro,report-json,valid-fpr-leave-one-out,339,8,-0.2651082111384209,-0.2824013172842984,0,-0.29725164287122824,-0.22274420195055605,D-post-hoc-diagnostic
equal-test-fpr,fedavg__family-absent-everywhere,contrast-macro,report-json,valid-fpr-only,,9,-0.2646973334469043,-0.27611806590908894,0,-0.2935129848104591,-0.2269952470238028,D-post-hoc-diagnostic
equal-test-fpr,fedavg__family-absent-everywhere,gappusin,call-graph,all-seeds,,10,0.1761699932222524,0.1808068947702135,10,0.13347386557782215,0.23598053797606122,D-post-hoc-diagnostic
equal-test-fpr,fedavg__family-absent-everywhere,gappusin,call-graph,leave-one-seed-out,330,9,0.15548352823165248,0.1793814432989691,9,0.11423137985599016,0.18789224707599048,D-post-hoc-diagnostic
equal-test-fpr,fedavg__family-absent-everywhere,gappusin,call-graph,leave-one-seed-out,331,9,0.17581316543595057,0.1822323462414579,9,0.12784714216147805,0.2443340231281952,D-post-hoc-diagnostic
equal-test-fpr,fedavg__family-absent-everywhere,gappusin,call-graph,leave-one-seed-out,332,9,0.16893726368381162,0.1793814432989691,9,0.12558265948344763,0.23939462313989118,D-post-hoc-diagnostic
equal-test-fpr,fedavg__family-absent-everywhere,gappusin,call-graph,leave-one-seed-out,333,9,0.1847554259246028,0.1822323462414579,9,0.13828698563803254,0.24610642387082518,D-post-hoc-diagnostic
equal-test-fpr,fedavg__family-absent-everywhere,gappusin,call-graph,leave-one-seed-out,334,9,0.1754293457030002,0.1793814432989691,9,0.12828694364491633,0.24074663122750312,D-post-hoc-diagnostic
equal-test-fpr,fedavg__family-absent-everywhere,gappusin,call-graph,leave-one-seed-out,335,9,0.17859177825152117,0.1822323462414579,9,0.1297129609560712,0.24126962470920785,D-post-hoc-diagnostic
equal-test-fpr,fedavg__family-absent-everywhere,gappusin,call-graph,leave-one-seed-out,336,9,0.17386876006717672,0.1793814432989691,9,0.12685533133027294,0.23933982605156476,D-post-hoc-diagnostic
equal-test-fpr,fedavg__family-absent-everywhere,gappusin,call-graph,leave-one-seed-out,337,9,0.18293200255108488,0.1822323462414579,9,0.13615899806333717,0.24404427023439457,D-post-hoc-diagnostic
equal-test-fpr,fedavg__family-absent-everywhere,gappusin,call-graph,leave-one-seed-out,338,9,0.1754963984423407,0.1793814432989691,9,0.128235537986434,0.24050258124466012,D-post-hoc-diagnostic
equal-test-fpr,fedavg__family-absent-everywhere,gappusin,call-graph,leave-one-seed-out,339,9,0.190392263931383,0.1822323462414579,9,0.15328873154659894,0.25215253771989227,D-post-hoc-diagnostic
equal-test-fpr,fedavg__family-absent-everywhere,gappusin,call-graph,valid-fpr-leave-one-out,330,7,0.15965926204117872,0.1793814432989691,7,0.1084779862712334,0.1953245005044903,D-post-hoc-diagnostic
equal-test-fpr,fedavg__family-absent-everywhere,gappusin,call-graph,valid-fpr-leave-one-out,331,7,0.1857973670181334,0.1822323462414579,7,0.12640908162049957,0.2640677098831969,D-post-hoc-diagnostic
equal-test-fpr,fedavg__family-absent-everywhere,gappusin,call-graph,valid-fpr-leave-one-out,332,7,0.17695692190824047,0.1793814432989691,7,0.1239623213715836,0.26111025168753915,D-post-hoc-diagnostic
equal-test-fpr,fedavg__family-absent-everywhere,gappusin,call-graph,valid-fpr-leave-one-out,335,7,0.18936986920958132,0.1822323462414579,7,0.12690124518664622,0.2668468203839985,D-post-hoc-diagnostic
equal-test-fpr,fedavg__family-absent-everywhere,gappusin,call-graph,valid-fpr-leave-one-out,336,7,0.1832974172582813,0.1793814432989691,7,0.12368167811115877,0.26347097299720507,D-post-hoc-diagnostic
equal-test-fpr,fedavg__family-absent-everywhere,gappusin,call-graph,valid-fpr-leave-one-out,337,7,0.19495015759473472,0.1822323462414579,7,0.1355618721971009,0.26806360066798235,D-post-hoc-diagnostic
equal-test-fpr,fedavg__family-absent-everywhere,gappusin,call-graph,valid-fpr-leave-one-out,338,7,0.18539009516920643,0.1793814432989691,7,0.12452198549104983,0.26518930799837465,D-post-hoc-diagnostic
equal-test-fpr,fedavg__family-absent-everywhere,gappusin,call-graph,valid-fpr-leave-one-out,339,7,0.20454192222654655,0.1822323462414579,7,0.16291053132294972,0.27854754162968026,D-post-hoc-diagnostic
equal-test-fpr,fedavg__family-absent-everywhere,gappusin,call-graph,valid-fpr-only,,8,0.18499537655323786,0.1808068947702135,8,0.13216642370522913,0.2552037900770693,D-post-hoc-diagnostic
equal-test-fpr,fedavg__family-absent-everywhere,gappusin,mcndroid-static,all-seeds,,10,0.03594478261572787,-0.03537047421850287,4,-0.0464417059672328,0.1373614074393118,D-post-hoc-diagnostic
equal-test-fpr,fedavg__family-absent-everywhere,gappusin,mcndroid-static,leave-one-seed-out,330,9,0.008674589770961694,-0.05394990366088637,3,-0.06301616514000002,0.10861495450505418,D-post-hoc-diagnostic
equal-test-fpr,fedavg__family-absent-everywhere,gappusin,mcndroid-static,leave-one-seed-out,331,9,0.021840136468792706,-0.05394990366088637,3,-0.058021214627448255,0.1396011207818686,D-post-hoc-diagnostic
equal-test-fpr,fedavg__family-absent-everywhere,gappusin,mcndroid-static,leave-one-seed-out,332,9,0.02533335986698549,-0.05394990366088637,3,-0.05705931816510303,0.1430811829155354,D-post-hoc-diagnostic
equal-test-fpr,fedavg__family-absent-everywhere,gappusin,mcndroid-static,leave-one-seed-out,333,9,0.05092765833981974,-0.016791044776119368,4,-0.039421509416220954,0.15361375960849377,D-post-hoc-diagnostic
equal-test-fpr,fedavg__family-absent-everywhere,gappusin,mcndroid-static,leave-one-seed-out,334,9,0.04180431899259979,-0.05394990366088637,4,-0.05131966493935068,0.14912420487068814,D-post-hoc-diagnostic
equal-test-fpr,fedavg__family-absent-everywhere,gappusin,mcndroid-static,leave-one-seed-out,335,9,0.012113223298969602,-0.05394990366088637,3,-0.06244622482100237,0.1175706230806279,D-post-hoc-diagnostic
equal-test-fpr,fedavg__family-absent-everywhere,gappusin,mcndroid-static,leave-one-seed-out,336,9,0.052500917223020145,-0.016791044776119368,4,-0.0344173219404164,0.158264939277446,D-post-hoc-diagnostic
equal-test-fpr,fedavg__family-absent-everywhere,gappusin,mcndroid-static,leave-one-seed-out,337,9,0.05380128125124983,-0.016791044776119368,4,-0.03186525728190223,0.1595652701479977,D-post-hoc-diagnostic
equal-test-fpr,fedavg__family-absent-everywhere,gappusin,mcndroid-static,leave-one-seed-out,338,9,0.0465192598539725,-0.016791044776119368,4,-0.04296275686939246,0.15550141088342787,D-post-hoc-diagnostic
equal-test-fpr,fedavg__family-absent-everywhere,gappusin,mcndroid-static,leave-one-seed-out,339,9,0.045933081090907234,-0.016791044776119368,4,-0.04345172735779254,0.15554983896930968,D-post-hoc-diagnostic
equal-test-fpr,fedavg__family-absent-everywhere,gappusin,mcndroid-static,valid-fpr-leave-one-out,330,8,0.022121550854969266,-0.03537047421850287,3,-0.056803925898643394,0.12943918402081633,D-post-hoc-diagnostic
equal-test-fpr,fedavg__family-absent-everywhere,gappusin,mcndroid-static,valid-fpr-leave-one-out,331,8,0.036932790890029155,-0.03537047421850287,3,-0.052231211993734816,0.160079107439901,D-post-hoc-diagnostic
equal-test-fpr,fedavg__family-absent-everywhere,gappusin,mcndroid-static,valid-fpr-leave-one-out,332,8,0.04086266721299604,-0.03537047421850287,3,-0.050478837496882555,0.1651784743905951,D-post-hoc-diagnostic
equal-test-fpr,fedavg__family-absent-everywhere,gappusin,mcndroid-static,valid-fpr-leave-one-out,334,8,0.05939249622931213,0.03874884184676147,4,-0.044200002999195916,0.17210291524988447,D-post-hoc-diagnostic
equal-test-fpr,fedavg__family-absent-everywhere,gappusin,mcndroid-static,valid-fpr-leave-one-out,335,8,0.025990013573978163,-0.03537047421850287,3,-0.05691532351655962,0.1409248717232298,D-post-hoc-diagnostic
equal-test-fpr,fedavg__family-absent-everywhere,gappusin,mcndroid-static,valid-fpr-leave-one-out,336,8,0.07142616923853501,0.05732827128914497,4,-0.02404670482597312,0.17328227107685112,D-post-hoc-diagnostic
equal-test-fpr,fedavg__family-absent-everywhere,gappusin,mcndroid-static,valid-fpr-leave-one-out,337,8,0.07288907877029344,0.05732827128914497,4,-0.020624875258332946,0.17390180254384585,D-post-hoc-diagnostic
equal-test-fpr,fedavg__family-absent-everywhere,gappusin,mcndroid-static,valid-fpr-leave-one-out,338,8,0.06469680469835642,0.05732827128914497,4,-0.0369727834354847,0.1691514356305056,D-post-hoc-diagnostic
equal-test-fpr,fedavg__family-absent-everywhere,gappusin,mcndroid-static,valid-fpr-leave-one-out,339,8,0.064037353589908,0.05732827128914497,4,-0.03832832561910381,0.16927779160761364,D-post-hoc-diagnostic
equal-test-fpr,fedavg__family-absent-everywhere,gappusin,mcndroid-static,valid-fpr-only,,9,0.05092765833981974,-0.016791044776119368,4,-0.039421509416220954,0.15361375960849377,D-post-hoc-diagnostic
equal-test-fpr,fedavg__family-absent-everywhere,gappusin,report-json,all-seeds,,10,-0.1999849545706351,-0.2659642018232115,0,-0.2812723116364991,-0.10720185652538101,D-post-hoc-diagnostic
equal-test-fpr,fedavg__family-absent-everywhere,gappusin,report-json,leave-one-seed-out,330,9,-0.2208559774131663,-0.27680311890838205,0,-0.2973039898644417,-0.11988245913896593,D-post-hoc-diagnostic
equal-test-fpr,fedavg__family-absent-everywhere,gappusin,report-json,leave-one-seed-out,331,9,-0.2199145543339244,-0.27680311890838205,0,-0.29680772829681157,-0.11689789970257963,D-post-hoc-diagnostic
equal-test-fpr,fedavg__family-absent-everywhere,gappusin,report-json,leave-one-seed-out,332,9,-0.217583578659552,-0.27680311890838205,0,-0.2962330798513426,-0.11323758585545525,D-post-hoc-diagnostic
equal-test-fpr,fedavg__family-absent-everywhere,gappusin,report-json,leave-one-seed-out,333,9,-0.18516846804144638,-0.25512528473804097,0,-0.2761424378000943,-0.08921838365639939,D-post-hoc-diagnostic
equal-test-fpr,fedavg__family-absent-everywhere,gappusin,report-json,leave-one-seed-out,334,9,-0.18323369744995938,-0.25512528473804097,0,-0.27263202871476944,-0.08851062091298387,D-post-hoc-diagnostic
equal-test-fpr,fedavg__family-absent-everywhere,gappusin,report-json,leave-one-seed-out,335,9,-0.218012632961083,-0.27680311890838205,0,-0.29716798055822874,-0.11605703130791889,D-post-hoc-diagnostic
equal-test-fpr,fedavg__family-absent-everywhere,gappusin,report-json,leave-one-seed-out,336,9,-0.1914496029775521,-0.25512528473804097,0,-0.28392010866778894,-0.09010318218958746,D-post-hoc-diagnostic
equal-test-fpr,fedavg__family-absent-everywhere,gappusin,report-json,leave-one-seed-out,337,9,-0.18481840152880896,-0.25512528473804097,0,-0.2724832618728308,-0.08797633600895387,D-post-hoc-diagnostic
equal-test-fpr,fedavg__family-absent-everywhere,gappusin,report-json,leave-one-seed-out,338,9,-0.1938582512187011,-0.27680311890838205,0,-0.288873967704695,-0.09077049566666308,D-post-hoc-diagnostic
equal-test-fpr,fedavg__family-absent-everywhere,gappusin,report-json,leave-one-seed-out,339,9,-0.18495438112215715,-0.25512528473804097,0,-0.2732612235926313,-0.08749055461091634,D-post-hoc-diagnostic
equal-test-fpr,fedavg__family-absent-everywhere,gappusin,report-json,valid-fpr-leave-one-out,330,8,-0.20679630792314538,-0.2659642018232115,0,-0.2904474286883055,-0.09878611092512651,D-post-hoc-diagnostic
equal-test-fpr,fedavg__family-absent-everywhere,gappusin,report-json,valid-fpr-leave-one-out,331,8,-0.2057372069589983,-0.2659642018232115,0,-0.289936713176708,-0.09584916671282563,D-post-hoc-diagnostic
equal-test-fpr,fedavg__family-absent-everywhere,gappusin,report-json,valid-fpr-leave-one-out,332,8,-0.20311485932532933,-0.2659642018232115,0,-0.2899743217589086,-0.09142321372949441,D-post-hoc-diagnostic
equal-test-fpr,fedavg__family-absent-everywhere,gappusin,report-json,valid-fpr-leave-one-out,334,8,-0.16447124296453763,-0.14836131125421184,0,-0.2616579947916166,-0.06421157809192522,D-post-hoc-diagnostic
equal-test-fpr,fedavg__family-absent-everywhere,gappusin,report-json,valid-fpr-leave-one-out,335,8,-0.2035975454145517,-0.2659642018232115,0,-0.29202632836378717,-0.09335263571263822,D-post-hoc-diagnostic
equal-test-fpr,fedavg__family-absent-everywhere,gappusin,report-json,valid-fpr-leave-one-out,336,8,-0.17371413668307942,-0.14836131125421184,0,-0.2720981571972996,-0.0665142112058091,D-post-hoc-diagnostic
equal-test-fpr,fedavg__family-absent-everywhere,gappusin,report-json,valid-fpr-leave-one-out,337,8,-0.16625403505324343,-0.14836131125421184,0,-0.2653282761485333,-0.06584771627781759,D-post-hoc-diagnostic
equal-test-fpr,fedavg__family-absent-everywhere,gappusin,report-json,valid-fpr-leave-one-out,338,8,-0.17642386595437207,-0.15920022833938238,0,-0.2824982938211684,-0.0673545679922061,D-post-hoc-diagnostic
equal-test-fpr,fedavg__family-absent-everywhere,gappusin,report-json,valid-fpr-leave-one-out,339,8,-0.16640701209576014,-0.14836131125421184,0,-0.265705881681822,-0.06693113015979807,D-post-hoc-diagnostic
equal-test-fpr,fedavg__family-absent-everywhere,gappusin,report-json,valid-fpr-only,,9,-0.18516846804144638,-0.25512528473804097,0,-0.2761424378000943,-0.08921838365639939,D-post-hoc-diagnostic
equal-test-fpr,fedavg__family-absent-everywhere,hiddad,call-graph,all-seeds,,10,-0.06502818080532194,-0.04728758756960662,2,-0.12080724918684559,-0.02453295065633374,D-post-hoc-diagnostic
equal-test-fpr,fedavg__family-absent-everywhere,hiddad,call-graph,leave-one-seed-out,330,9,-0.0714425042200252,-0.06825938566552903,2,-0.1299881057404838,-0.027208966270177534,D-post-hoc-diagnostic
equal-test-fpr,fedavg__family-absent-everywhere,hiddad,call-graph,leave-one-seed-out,331,9,-0.0717866808201056,-0.06825938566552903,2,-0.130078541229555,-0.027720403399019503,D-post-hoc-diagnostic
equal-test-fpr,fedavg__family-absent-everywhere,hiddad,call-graph,leave-one-seed-out,332,9,-0.06431702629162755,-0.02631578947368421,2,-0.12760835528716452,-0.020346096339589503,D-post-hoc-diagnostic
equal-test-fpr,fedavg__family-absent-everywhere,hiddad,call-graph,leave-one-seed-out,333,9,-0.06932955761994836,-0.06825938566552903,2,-0.12986589624658376,-0.024051395852943427,D-post-hoc-diagnostic
equal-test-fpr,fedavg__family-absent-everywhere,hiddad,call-graph,leave-one-seed-out,334,9,-0.07305289473972623,-0.06825938566552903,1,-0.131231659478691,-0.029907590820210786,D-post-hoc-diagnostic
equal-test-fpr,fedavg__family-absent-everywhere,hiddad,call-graph,leave-one-seed-out,335,9,-0.07472267003060463,-0.06825938566552903,1,-0.13311619009881268,-0.033382959214165425,D-post-hoc-diagnostic
equal-test-fpr,fedavg__family-absent-everywhere,hiddad,call-graph,leave-one-seed-out,336,9,-0.05235303671569769,-0.02631578947368421,2,-0.11396807584160287,-0.017136954073703407,D-post-hoc-diagnostic
equal-test-fpr,fedavg__family-absent-everywhere,hiddad,call-graph,leave-one-seed-out,337,9,-0.06009211908164572,-0.02631578947368421,2,-0.12464548941783332,-0.018084262999423506,D-post-hoc-diagnostic
equal-test-fpr,fedavg__family-absent-everywhere,hiddad,call-graph,leave-one-seed-out,338,9,-0.06466915804307671,-0.02631578947368421,2,-0.1274451776376426,-0.020544825401844397,D-post-hoc-diagnostic
equal-test-fpr,fedavg__family-absent-everywhere,hiddad,call-graph,leave-one-seed-out,339,9,-0.04851616049076175,-0.02631578947368421,2,-0.09745160879061104,-0.015304503109998986,D-post-hoc-diagnostic
equal-test-fpr,fedavg__family-absent-everywhere,hiddad,call-graph,valid-fpr-leave-one-out,330,7,-0.089122999015837,-0.07142857142857145,1,-0.1529275511468775,-0.034217644743870415,D-post-hoc-diagnostic
equal-test-fpr,fedavg__family-absent-everywhere,hiddad,call-graph,valid-fpr-leave-one-out,331,7,-0.08956551178736898,-0.07142857142857145,1,-0.15282031873974647,-0.035073094030246055,D-post-hoc-diagnostic
equal-test-fpr,fedavg__family-absent-everywhere,hiddad,call-graph,valid-fpr-leave-one-out,332,7,-0.07996167025075433,-0.06825938566552903,1,-0.14930788708232545,-0.023681416826850193,D-post-hoc-diagnostic
equal-test-fpr,fedavg__family-absent-everywhere,hiddad,call-graph,valid-fpr-leave-one-out,335,7,-0.09334035505801055,-0.07142857142857145,0,-0.15353547117625882,-0.04430953711326687,D-post-hoc-diagnostic
equal-test-fpr,fedavg__family-absent-everywhere,hiddad,call-graph,valid-fpr-leave-one-out,336,7,-0.0645793979388445,-0.06825938566552903,1,-0.13390343373409788,-0.020066805194628782,D-post-hoc-diagnostic
equal-test-fpr,fedavg__family-absent-everywhere,hiddad,call-graph,valid-fpr-leave-one-out,337,7,-0.07452964669506341,-0.06825938566552903,1,-0.1455324257154522,-0.020519546017920554,D-post-hoc-diagnostic
equal-test-fpr,fedavg__family-absent-everywhere,hiddad,call-graph,valid-fpr-leave-one-out,338,7,-0.08041441107404611,-0.07142857142857145,1,-0.14867083875612663,-0.022796391283786258,D-post-hoc-diagnostic
equal-test-fpr,fedavg__family-absent-everywhere,hiddad,call-graph,valid-fpr-leave-one-out,339,7,-0.05964627136392687,-0.06825938566552903,1,-0.11294060150832563,-0.01718721551881094,D-post-hoc-diagnostic
equal-test-fpr,fedavg__family-absent-everywhere,hiddad,call-graph,valid-fpr-only,,8,-0.07889503289798147,-0.06984397854705024,1,-0.13952704165024776,-0.028465168318357437,D-post-hoc-diagnostic
equal-test-fpr,fedavg__family-absent-everywhere,hiddad,mcndroid-static,all-seeds,,10,0.011504793109326039,-0.00936108929039016,4,-0.039847668970154196,0.12075571625630313,D-post-hoc-diagnostic
equal-test-fpr,fedavg__family-absent-everywhere,hiddad,mcndroid-static,leave-one-seed-out,330,9,0.018054798507523655,-0.008771929824561403,4,-0.03858951548866514,0.13621623052948512,D-post-hoc-diagnostic
equal-test-fpr,fedavg__family-absent-everywhere,hiddad,mcndroid-static,leave-one-seed-out,331,9,0.012316250046776826,-0.009950248756218916,3,-0.04366961740504804,0.13516172259965648,D-post-hoc-diagnostic
equal-test-fpr,fedavg__family-absent-everywhere,hiddad,mcndroid-static,leave-one-seed-out,332,9,-0.02218043150872825,-0.009950248756218916,3,-0.062351978603995495,0.014534724677563525,D-post-hoc-diagnostic
equal-test-fpr,fedavg__family-absent-everywhere,hiddad,mcndroid-static,leave-one-seed-out,333,9,0.013757762324202418,-0.009950248756218916,4,-0.04251568082130466,0.13693264852164821,D-post-hoc-diagnostic
equal-test-fpr,fedavg__family-absent-everywhere,hiddad,mcndroid-static,leave-one-seed-out,334,9,0.011983742943215981,-0.009950248756218916,3,-0.04426954420544232,0.1352801701875309,D-post-hoc-diagnostic
equal-test-fpr,fedavg__family-absent-everywhere,hiddad,mcndroid-static,leave-one-seed-out,335,9,0.02019051086221412,-0.008771929824561403,4,-0.03566312236383862,0.13908280736241585,D-post-hoc-diagnostic
equal-test-fpr,fedavg__family-absent-everywhere,hiddad,mcndroid-static,leave-one-seed-out,336,9,0.02853766398548664,-0.008771929824561403,4,-0.018940082980061404,0.1507135584134047,D-post-hoc-diagnostic
equal-test-fpr,fedavg__family-absent-everywhere,hiddad,mcndroid-static,leave-one-seed-out,337,9,0.013888686649942146,-0.008771929824561403,4,-0.04281065235967757,0.13639675143289925,D-post-hoc-diagnostic
equal-test-fpr,fedavg__family-absent-everywhere,hiddad,mcndroid-static,leave-one-seed-out,338,9,0.015816853928830223,-0.008771929824561403,4,-0.040843116048352425,0.1367173585081119,D-post-hoc-diagnostic
equal-test-fpr,fedavg__family-absent-everywhere,hiddad,mcndroid-static,leave-one-seed-out,339,9,0.0026820933537966183,-0.009950248756218916,3,-0.04982625666469351,0.1319374790792519,D-post-hoc-diagnostic
equal-test-fpr,fedavg__family-absent-everywhere,hiddad,mcndroid-static,valid-fpr-leave-one-out,330,8,0.02140813954903429,-0.0028742840419750046,4,-0.04280476744374966,0.15390366631183458,D-post-hoc-diagnostic
equal-test-fpr,fedavg__family-absent-everywhere,hiddad,mcndroid-static,valid-fpr-leave-one-out,331,8,0.01495227253069411,-0.01862700151121527,3,-0.04919513713910362,0.15380972488988454,D-post-hoc-diagnostic
equal-test-fpr,fedavg__family-absent-everywhere,hiddad,mcndroid-static,valid-fpr-leave-one-out,332,8,-0.02385649421924911,-0.01862700151121527,3,-0.06688029651267567,0.019724586015683734,D-post-hoc-diagnostic
equal-test-fpr,fedavg__family-absent-everywhere,hiddad,mcndroid-static,valid-fpr-leave-one-out,334,8,0.014578202039188151,-0.01862700151121527,3,-0.04935251500445507,0.1463891706372324,D-post-hoc-diagnostic
equal-test-fpr,fedavg__family-absent-everywhere,hiddad,mcndroid-static,valid-fpr-leave-one-out,335,8,0.02381081594806106,-0.0028742840419750046,4,-0.0392588709725938,0.14830166551628415,D-post-hoc-diagnostic
equal-test-fpr,fedavg__family-absent-everywhere,hiddad,mcndroid-static,valid-fpr-leave-one-out,336,8,0.03320136321174264,-0.0028742840419750046,4,-0.020124949945610773,0.16268988856544514,D-post-hoc-diagnostic
equal-test-fpr,fedavg__family-absent-everywhere,hiddad,mcndroid-static,valid-fpr-leave-one-out,337,8,0.016721263709255085,-0.011551036796971358,4,-0.047749037746756456,0.14534791491773252,D-post-hoc-diagnostic
equal-test-fpr,fedavg__family-absent-everywhere,hiddad,mcndroid-static,valid-fpr-leave-one-out,338,8,0.018890451898004174,-0.0028742840419750046,4,-0.04563102826329951,0.1451868604366488,D-post-hoc-diagnostic
equal-test-fpr,fedavg__family-absent-everywhere,hiddad,mcndroid-static,valid-fpr-leave-one-out,339,8,0.004113846251091367,-0.01862700151121527,3,-0.05485358463968963,0.1444964077278406,D-post-hoc-diagnostic
equal-test-fpr,fedavg__family-absent-everywhere,hiddad,mcndroid-static,valid-fpr-only,,9,0.013757762324202418,-0.009950248756218916,4,-0.04251568082130466,0.13693264852164821,D-post-hoc-diagnostic
equal-test-fpr,fedavg__family-absent-everywhere,hiddad,report-json,all-seeds,,10,-0.10379555497525791,-0.06919797495337066,0,-0.1716245592788092,-0.057772176715463315,D-post-hoc-diagnostic
equal-test-fpr,fedavg__family-absent-everywhere,hiddad,report-json,leave-one-seed-out,330,9,-0.11127324437640176,-0.07913669064748202,0,-0.1785286236638684,-0.05923277142888597,D-post-hoc-diagnostic
equal-test-fpr,fedavg__family-absent-everywhere,hiddad,report-json,leave-one-seed-out,331,9,-0.11229384726475905,-0.07913669064748202,0,-0.17891347646524078,-0.06071408901324369,D-post-hoc-diagnostic
equal-test-fpr,fedavg__family-absent-everywhere,hiddad,report-json,leave-one-seed-out,332,9,-0.09752487661343544,-0.05925925925925929,0,-0.17200025133705427,-0.04903698347120679,D-post-hoc-diagnostic
equal-test-fpr,fedavg__family-absent-everywhere,hiddad,report-json,leave-one-seed-out,333,9,-0.11240441780876613,-0.07913669064748202,0,-0.180527702139323,-0.06005304223088784,D-post-hoc-diagnostic
equal-test-fpr,fedavg__family-absent-everywhere,hiddad,report-json,leave-one-seed-out,334,9,-0.10653542878945525,-0.05925925925925929,0,-0.17836612950154876,-0.0512039633658365,D-post-hoc-diagnostic
equal-test-fpr,fedavg__family-absent-everywhere,hiddad,report-json,leave-one-seed-out,335,9,-0.10874403227703557,-0.07913669064748202,0,-0.17886560957804948,-0.054226999975005366,D-post-hoc-diagnostic
equal-test-fpr,fedavg__family-absent-everywhere,hiddad,report-json,leave-one-seed-out,336,9,-0.08299008595924182,-0.05925925925925929,0,-0.1330920430765904,-0.04338680169690133,D-post-hoc-diagnostic
equal-test-fpr,fedavg__family-absent-everywhere,hiddad,report-json,leave-one-seed-out,337,9,-0.11532839441695325,-0.07913669064748202,0,-0.1824212795421003,-0.06704080413588163,D-post-hoc-diagnostic
equal-test-fpr,fedavg__family-absent-everywhere,hiddad,report-json,leave-one-seed-out,338,9,-0.09522979752654748,-0.05925925925925929,0,-0.1708251705053847,-0.04736023995642494,D-post-hoc-diagnostic
equal-test-fpr,fedavg__family-absent-everywhere,hiddad,report-json,leave-one-seed-out,339,9,-0.09563142471998355,-0.05925925925925929,0,-0.1711333421042317,-0.04739828654203562,D-post-hoc-diagnostic
equal-test-fpr,fedavg__family-absent-everywhere,hiddad,report-json,valid-fpr-leave-one-out,330,8,-0.12189292623924146,-0.11968417543957113,0,-0.1905439599238205,-0.06428242493791582,D-post-hoc-diagnostic
equal-test-fpr,fedavg__family-absent-everywhere,hiddad,report-json,valid-fpr-leave-one-out,331,8,-0.12304110448864342,-0.11968417543957113,0,-0.19111271003157193,-0.0666315499447605,D-post-hoc-diagnostic
equal-test-fpr,fedavg__family-absent-everywhere,hiddad,report-json,valid-fpr-leave-one-out,332,8,-0.10642601250590436,-0.06919797495337066,0,-0.18446030976053646,-0.052426000060228545,D-post-hoc-diagnostic
equal-test-fpr,fedavg__family-absent-everywhere,hiddad,report-json,valid-fpr-leave-one-out,334,8,-0.11656288370392665,-0.10974545974545977,0,-0.18760745040767707,-0.05793959879581961,D-post-hoc-diagnostic
equal-test-fpr,fedavg__family-absent-everywhere,hiddad,report-json,valid-fpr-leave-one-out,335,8,-0.11904756262745449,-0.11968417543957113,0,-0.1898942621064616,-0.06072183109447526,D-post-hoc-diagnostic
equal-test-fpr,fedavg__family-absent-everywhere,hiddad,report-json,valid-fpr-leave-one-out,336,8,-0.09007437301993652,-0.06919797495337066,0,-0.14032192778391467,-0.04645253885854107,D-post-hoc-diagnostic
equal-test-fpr,fedavg__family-absent-everywhere,hiddad,report-json,valid-fpr-leave-one-out,337,8,-0.1264549700348619,-0.11968417543957113,0,-0.19382221869562266,-0.0753366331279242,D-post-hoc-diagnostic
equal-test-fpr,fedavg__family-absent-everywhere,hiddad,report-json,valid-fpr-leave-one-out,338,8,-0.1038440485331554,-0.06919797495337066,0,-0.18254481819852364,-0.05064573101781414,D-post-hoc-diagnostic
equal-test-fpr,fedavg__family-absent-everywhere,hiddad,report-json,valid-fpr-leave-one-out,339,8,-0.10429587912577097,-0.06919797495337066,0,-0.18292773599253548,-0.050607066615855525,D-post-hoc-diagnostic
equal-test-fpr,fedavg__family-absent-everywhere,hiddad,report-json,valid-fpr-only,,9,-0.11240441780876613,-0.07913669064748202,0,-0.180527702139323,-0.06005304223088784,D-post-hoc-diagnostic
equal-test-fpr,fedavg__family-absent-everywhere,priority-macro,call-graph,all-seeds,,10,0.05350913851864077,0.042818985481261285,8,0.021620045495575536,0.08991158527234368,D-post-hoc-diagnostic
equal-test-fpr,fedavg__family-absent-everywhere,priority-macro,call-graph,leave-one-seed-out,330,9,0.04281461030606647,0.02743134909716405,7,0.012796267030014234,0.07490499315397109,D-post-hoc-diagnostic
equal-test-fpr,fedavg__family-absent-everywhere,priority-macro,call-graph,leave-one-seed-out,331,9,0.04732272002042853,0.02743134909716405,7,0.015214912072408725,0.0873815178384688,D-post-hoc-diagnostic
equal-test-fpr,fedavg__family-absent-everywhere,priority-macro,call-graph,leave-one-seed-out,332,9,0.04671596389120118,0.02743134909716405,7,0.014834449567192196,0.08616237512814454,D-post-hoc-diagnostic
equal-test-fpr,fedavg__family-absent-everywhere,priority-macro,call-graph,leave-one-seed-out,333,9,0.05640667067658262,0.05820662186535852,7,0.019169143784207872,0.09374705334143794,D-post-hoc-diagnostic
equal-test-fpr,fedavg__family-absent-everywhere,priority-macro,call-graph,leave-one-seed-out,334,9,0.05643369253796268,0.05820662186535852,7,0.019169143784207872,0.09374463843433015,D-post-hoc-diagnostic
equal-test-fpr,fedavg__family-absent-everywhere,priority-macro,call-graph,leave-one-seed-out,335,9,0.05298719592456101,0.02743134909716405,7,0.017200959792583802,0.09237603641065191,D-post-hoc-diagnostic
equal-test-fpr,fedavg__family-absent-everywhere,priority-macro,call-graph,leave-one-seed-out,336,9,0.05911549004475564,0.05820662186535852,7,0.023680802680946147,0.09549751325415287,D-post-hoc-diagnostic
equal-test-fpr,fedavg__family-absent-everywhere,priority-macro,call-graph,leave-one-seed-out,337,9,0.05978920739393139,0.05820662186535852,8,0.024966334618969337,0.09555975617664737,D-post-hoc-diagnostic
equal-test-fpr,fedavg__family-absent-everywhere,priority-macro,call-graph,leave-one-seed-out,338,9,0.05102649810669794,0.02743134909716405,7,0.016408930598902575,0.09142722546376279,D-post-hoc-diagnostic
equal-test-fpr,fedavg__family-absent-everywhere,priority-macro,call-graph,leave-one-seed-out,339,9,0.0624793362842202,0.05820662186535852,8,0.031091191068087862,0.09736586473889476,D-post-hoc-diagnostic
equal-test-fpr,fedavg__family-absent-everywhere,priority-macro,call-graph,valid-fpr-leave-one-out,330,7,0.047244570187527236,0.05820662186535852,5,0.00835650707771089,0.08585225748508067,D-post-hoc-diagnostic
equal-test-fpr,fedavg__family-absent-everywhere,priority-macro,call-graph,valid-fpr-leave-one-out,331,7,0.05304071124884989,0.05820662186535852,5,0.010169205217903729,0.10014841233373102,D-post-hoc-diagnostic
equal-test-fpr,fedavg__family-absent-everywhere,priority-macro,call-graph,valid-fpr-leave-one-out,332,7,0.05226059622555758,0.05820662186535852,5,0.010692772640715012,0.0993682973104387,D-post-hoc-diagnostic
equal-test-fpr,fedavg__family-absent-everywhere,priority-macro,call-graph,valid-fpr-leave-one-out,335,7,0.06032360883987737,0.07585290222612623,5,0.012094574527004801,0.10701927531719398,D-post-hoc-diagnostic
equal-test-fpr,fedavg__family-absent-everywhere,priority-macro,call-graph,valid-fpr-leave-one-out,336,7,0.06820284413727044,0.07585290222612623,5,0.01944910404792511,0.1078683651563647,D-post-hoc-diagnostic
equal-test-fpr,fedavg__family-absent-everywhere,priority-macro,call-graph,valid-fpr-leave-one-out,337,7,0.06906905215763927,0.07585290222612623,6,0.02078962021240956,0.10802764763112407,D-post-hoc-diagnostic
equal-test-fpr,fedavg__family-absent-everywhere,priority-macro,call-graph,valid-fpr-leave-one-out,338,7,0.05780271164548199,0.05820662186535852,5,0.010162207149378589,0.1049104127303631,D-post-hoc-diagnostic
equal-test-fpr,fedavg__family-absent-everywhere,priority-macro,call-graph,valid-fpr-leave-one-out,339,7,0.07252778930229632,0.07585290222612623,6,0.03155773152263391,0.10951440416082892,D-post-hoc-diagnostic
equal-test-fpr,fedavg__family-absent-everywhere,priority-macro,call-graph,valid-fpr-only,,8,0.060058985468062515,0.06702976204574237,6,0.01791298089115081,0.1018000194104034,D-post-hoc-diagnostic
equal-test-fpr,fedavg__family-absent-everywhere,priority-macro,mcndroid-static,all-seeds,,10,0.02332838437517834,0.024185956723618673,7,-0.017381011938975698,0.082155479330636,D-post-hoc-diagnostic
equal-test-fpr,fedavg__family-absent-everywhere,priority-macro,mcndroid-static,leave-one-seed-out,330,9,0.018467132451981,0.011843618256495103,6,-0.023771292784047396,0.086734458989341,D-post-hoc-diagnostic
equal-test-fpr,fedavg__family-absent-everywhere,priority-macro,mcndroid-static,leave-one-seed-out,331,9,0.02015525274346328,0.011843618256495103,6,-0.02286424024146249,0.0876438008045653,D-post-hoc-diagnostic
equal-test-fpr,fedavg__family-absent-everywhere,priority-macro,mcndroid-static,leave-one-seed-out,332,9,0.0036104492307083816,0.011843618256495103,6,-0.03407276081864969,0.035013698357941964,D-post-hoc-diagnostic
equal-test-fpr,fedavg__family-absent-everywhere,priority-macro,mcndroid-static,leave-one-seed-out,333,9,0.024604469499476478,0.036528295190742244,6,-0.021386575910136846,0.08811011480593263,D-post-hoc-diagnostic
equal-test-fpr,fedavg__family-absent-everywhere,priority-macro,mcndroid-static,leave-one-seed-out,334,9,0.032154758894715245,0.036528295190742244,7,-0.011810327098669924,0.09131323561223156,D-post-hoc-diagnostic
equal-test-fpr,fedavg__family-absent-everywhere,priority-macro,mcndroid-static,leave-one-seed-out,335,9,0.019480400162235772,0.011843618256495103,6,-0.023069036193842013,0.08538051835631215,D-post-hoc-diagnostic
equal-test-fpr,fedavg__family-absent-everywhere,priority-macro,mcndroid-static,leave-one-seed-out,336,9,0.035279549350651085,0.036528295190742244,7,-0.0033353115199240275,0.09649602388150902,D-post-hoc-diagnostic
equal-test-fpr,fedavg__family-absent-everywhere,priority-macro,mcndroid-static,leave-one-seed-out,337,9,0.03209186587898371,0.036528295190742244,7,-0.01185790574240863,0.09251350072444968,D-post-hoc-diagnostic
equal-test-fpr,fedavg__family-absent-everywhere,priority-macro,mcndroid-static,leave-one-seed-out,338,9,0.025578237921675,0.036528295190742244,6,-0.02104002192534778,0.08829338793192858,D-post-hoc-diagnostic
equal-test-fpr,fedavg__family-absent-everywhere,priority-macro,mcndroid-static,leave-one-seed-out,339,9,0.021861727617893463,0.011843618256495103,6,-0.023557891960515026,0.08817297516128227,D-post-hoc-diagnostic
equal-test-fpr,fedavg__family-absent-everywhere,priority-macro,mcndroid-static,valid-fpr-leave-one-out,330,8,0.019295071726416736,0.019803998823725327,5,-0.028190539727519122,0.09586506988947163,D-post-hoc-diagnostic
equal-test-fpr,fedavg__family-absent-everywhere,priority-macro,mcndroid-static,valid-fpr-leave-one-out,331,8,0.0211942070543343,0.019803998823725327,5,-0.027153116941062372,0.0978060150698155,D-post-hoc-diagnostic
equal-test-fpr,fedavg__family-absent-everywhere,priority-macro,mcndroid-static,valid-fpr-leave-one-out,332,8,0.0025813031024850414,0.019803998823725327,5,-0.03954003632452346,0.0387428814526009,D-post-hoc-diagnostic
equal-test-fpr,fedavg__family-absent-everywhere,priority-macro,mcndroid-static,valid-fpr-leave-one-out,334,8,0.03469365147449277,0.0442074321256781,6,-0.014558392709427478,0.09818190874698383,D-post-hoc-diagnostic
equal-test-fpr,fedavg__family-absent-everywhere,priority-macro,mcndroid-static,valid-fpr-leave-one-out,335,8,0.020434997900453354,0.019803998823725327,5,-0.0286027399413007,0.09185010607286351,D-post-hoc-diagnostic
equal-test-fpr,fedavg__family-absent-everywhere,priority-macro,mcndroid-static,valid-fpr-leave-one-out,336,8,0.03820904073742058,0.0442074321256781,6,-0.006268367978031885,0.10201702652455172,D-post-hoc-diagnostic
equal-test-fpr,fedavg__family-absent-everywhere,priority-macro,mcndroid-static,valid-fpr-leave-one-out,337,8,0.034622896831794786,0.0442074321256781,6,-0.014899144492086826,0.09805062718046888,D-post-hoc-diagnostic
equal-test-fpr,fedavg__family-absent-everywhere,priority-macro,mcndroid-static,valid-fpr-leave-one-out,338,8,0.027295065379822486,0.0442074321256781,5,-0.023574222219786167,0.09508965868302963,D-post-hoc-diagnostic
equal-test-fpr,fedavg__family-absent-everywhere,priority-macro,mcndroid-static,valid-fpr-leave-one-out,339,8,0.023113991288068257,0.02748313575866118,5,-0.02714421962275926,0.09436775401353806,D-post-hoc-diagnostic
equal-test-fpr,fedavg__family-absent-everywhere,priority-macro,mcndroid-static,valid-fpr-only,,9,0.024604469499476478,0.036528295190742244,6,-0.021386575910136846,0.08811011480593263,D-post-hoc-diagnostic
equal-test-fpr,fedavg__family-absent-everywhere,priority-macro,report-json,all-seeds,,10,-0.09642498870426897,-0.11921882937631818,1,-0.13470237788506395,-0.053436117014132964,D-post-hoc-diagnostic
equal-test-fpr,fedavg__family-absent-everywhere,priority-macro,report-json,leave-one-seed-out,330,9,-0.10740284416831417,-0.1242180482376758,0,-0.14279737076926274,-0.06415010594179102,D-post-hoc-diagnostic
equal-test-fpr,fedavg__family-absent-everywhere,priority-macro,report-json,leave-one-seed-out,331,9,-0.10550480384691904,-0.1242180482376758,1,-0.1423323830662968,-0.0588907527374039,D-post-hoc-diagnostic
equal-test-fpr,fedavg__family-absent-everywhere,priority-macro,report-json,leave-one-seed-out,332,9,-0.10528542138562003,-0.1242180482376758,1,-0.14234313905235094,-0.058586554265959,D-post-hoc-diagnostic
equal-test-fpr,fedavg__family-absent-everywhere,priority-macro,report-json,leave-one-seed-out,333,9,-0.09444780850308103,-0.1242180482376758,1,-0.13875494868256172,-0.0485097174540358,D-post-hoc-diagnostic
equal-test-fpr,fedavg__family-absent-everywhere,priority-macro,report-json,leave-one-seed-out,334,9,-0.08817985628938106,-0.11421961051496057,1,-0.12982367040078768,-0.0464768616316311,D-post-hoc-diagnostic
equal-test-fpr,fedavg__family-absent-everywhere,priority-macro,report-json,leave-one-seed-out,335,9,-0.1012773974325118,-0.1242180482376758,1,-0.1410105587267734,-0.05324846757659739,D-post-hoc-diagnostic
equal-test-fpr,fedavg__family-absent-everywhere,priority-macro,report-json,leave-one-seed-out,336,9,-0.08674604242261588,-0.11421961051496057,1,-0.12574092755092486,-0.04403600570257393,D-post-hoc-diagnostic
equal-test-fpr,fedavg__family-absent-everywhere,priority-macro,report-json,leave-one-seed-out,337,9,-0.09333687097833489,-0.11421961051496057,1,-0.136931454079865,-0.04744110030120828,D-post-hoc-diagnostic
equal-test-fpr,fedavg__family-absent-everywhere,priority-macro,report-json,leave-one-seed-out,338,9,-0.09156767425265964,-0.11421961051496057,1,-0.13466838503375025,-0.04672281986881974,D-post-hoc-diagnostic
equal-test-fpr,fedavg__family-absent-everywhere,priority-macro,report-json,leave-one-seed-out,339,9,-0.09050116776325219,-0.11421961051496057,1,-0.13321413635868523,-0.04649989593658109,D-post-hoc-diagnostic
equal-test-fpr,fedavg__family-absent-everywhere,priority-macro,report-json,valid-fpr-leave-one-out,330,8,-0.10655074837498335,-0.13217943350321432,0,-0.1461603401886042,-0.057270288778424425,D-post-hoc-diagnostic
equal-test-fpr,fedavg__family-absent-everywhere,priority-macro,report-json,valid-fpr-leave-one-out,331,8,-0.10441545301341386,-0.13217943350321432,1,-0.1455792548803145,-0.051811604366376766,D-post-hoc-diagnostic
equal-test-fpr,fedavg__family-absent-everywhere,priority-macro,report-json,valid-fpr-leave-one-out,332,8,-0.10416864774445246,-0.13217943350321432,1,-0.1454864601030716,-0.051185319962884036,D-post-hoc-diagnostic
equal-test-fpr,fedavg__family-absent-everywhere,priority-macro,report-json,valid-fpr-leave-one-out,334,8,-0.08492488701118363,-0.08848567919387963,1,-0.13277615202958504,-0.03936239194491501,D-post-hoc-diagnostic
equal-test-fpr,fedavg__family-absent-everywhere,priority-macro,report-json,valid-fpr-leave-one-out,335,8,-0.09965962079720572,-0.13217943350321432,1,-0.14441050637140818,-0.04383600830075769,D-post-hoc-diagnostic
equal-test-fpr,fedavg__family-absent-everywhere,priority-macro,report-json,valid-fpr-leave-one-out,336,8,-0.08331184641107278,-0.08848567919387963,1,-0.1281034457598186,-0.03755244520780304,D-post-hoc-diagnostic
equal-test-fpr,fedavg__family-absent-everywhere,priority-macro,report-json,valid-fpr-leave-one-out,337,8,-0.09072652853625668,-0.09644706445941817,1,-0.14058567884167858,-0.03970252789227451,D-post-hoc-diagnostic
equal-test-fpr,fedavg__family-absent-everywhere,priority-macro,report-json,valid-fpr-leave-one-out,338,8,-0.08873618221987203,-0.08848567919387963,1,-0.13754046176989543,-0.03920891735435171,D-post-hoc-diagnostic
equal-test-fpr,fedavg__family-absent-everywhere,priority-macro,report-json,valid-fpr-leave-one-out,339,8,-0.08753636241928867,-0.08848567919387963,1,-0.13608535917624842,-0.038794784890468025,D-post-hoc-diagnostic
equal-test-fpr,fedavg__family-absent-everywhere,priority-macro,report-json,valid-fpr-only,,9,-0.09444780850308103,-0.1242180482376758,1,-0.13875494868256172,-0.0485097174540358,D-post-hoc-diagnostic
equal-test-fpr,fedavg__family-absent-everywhere,revmob,call-graph,all-seeds,,10,0.04938560313899185,0.04675381027282095,6,-0.005359537020732987,0.09879552717182438,D-post-hoc-diagnostic
equal-test-fpr,fedavg__family-absent-everywhere,revmob,call-graph,leave-one-seed-out,330,9,0.04440280690657214,0.009708737864077666,5,-0.012573660563994457,0.1013491492725581,D-post-hoc-diagnostic
equal-test-fpr,fedavg__family-absent-everywhere,revmob,call-graph,leave-one-seed-out,331,9,0.03794167544544068,0.009708737864077666,5,-0.015823780368431947,0.0902976699962617,D-post-hoc-diagnostic
equal-test-fpr,fedavg__family-absent-everywhere,revmob,call-graph,leave-one-seed-out,332,9,0.03552765428141952,0.009708737864077666,5,-0.017387037180720714,0.08326927314969444,D-post-hoc-diagnostic
equal-test-fpr,fedavg__family-absent-everywhere,revmob,call-graph,leave-one-seed-out,333,9,0.053794143725093425,0.08379888268156424,5,-0.007526795533491948,0.10732138115330622,D-post-hoc-diagnostic
equal-test-fpr,fedavg__family-absent-everywhere,revmob,call-graph,leave-one-seed-out,334,9,0.0669246266506141,0.08379888268156424,6,0.024726075960467032,0.11403327172975392,D-post-hoc-diagnostic
equal-test-fpr,fedavg__family-absent-everywhere,revmob,call-graph,leave-one-seed-out,335,9,0.05509247955276653,0.08379888268156424,6,-0.004775655600609114,0.10711211824656991,D-post-hoc-diagnostic
equal-test-fpr,fedavg__family-absent-everywhere,revmob,call-graph,leave-one-seed-out,336,9,0.05583074678278788,0.08379888268156424,6,-0.003934942740837117,0.10726170533270771,D-post-hoc-diagnostic
equal-test-fpr,fedavg__family-absent-everywhere,revmob,call-graph,leave-one-seed-out,337,9,0.05652773871235501,0.08379888268156424,6,-0.003559484160583861,0.10735025001795595,D-post-hoc-diagnostic
equal-test-fpr,fedavg__family-absent-everywhere,revmob,call-graph,leave-one-seed-out,338,9,0.042252253920829846,0.009708737864077666,5,-0.011752466537421288,0.09763674648479126,D-post-hoc-diagnostic
equal-test-fpr,fedavg__family-absent-everywhere,revmob,call-graph,leave-one-seed-out,339,9,0.04556190541203937,0.009708737864077666,5,-0.011161073518569424,0.10195633612416415,D-post-hoc-diagnostic
equal-test-fpr,fedavg__family-absent-everywhere,revmob,call-graph,valid-fpr-leave-one-out,330,7,0.07119744753724,0.08379888268156424,4,0.017589422904897758,0.1257907622690764,D-post-hoc-diagnostic
equal-test-fpr,fedavg__family-absent-everywhere,revmob,call-graph,valid-fpr-leave-one-out,331,7,0.06289027851578526,0.08379888268156424,4,0.01789103892792034,0.11599436314303309,D-post-hoc-diagnostic
equal-test-fpr,fedavg__family-absent-everywhere,revmob,call-graph,valid-fpr-leave-one-out,332,7,0.05978653701918663,0.08379888268156424,4,0.01604570572273514,0.10643355147121501,D-post-hoc-diagnostic
equal-test-fpr,fedavg__family-absent-everywhere,revmob,call-graph,valid-fpr-leave-one-out,335,7,0.08494131236806136,0.09423076923076923,5,0.03158183551530055,0.13055100787959523,D-post-hoc-diagnostic
equal-test-fpr,fedavg__family-absent-everywhere,revmob,call-graph,valid-fpr-leave-one-out,336,7,0.08589051309237453,0.09423076923076923,5,0.03399278714348409,0.13082040088295888,D-post-hoc-diagnostic
equal-test-fpr,fedavg__family-absent-everywhere,revmob,call-graph,valid-fpr-leave-one-out,337,7,0.08678664557324656,0.09423076923076923,5,0.03619216541644012,0.13088975268023947,D-post-hoc-diagnostic
equal-test-fpr,fedavg__family-absent-everywhere,revmob,call-graph,valid-fpr-leave-one-out,338,7,0.06843245084128562,0.08379888268156424,4,0.017482906986323283,0.12207760425124956,D-post-hoc-diagnostic
equal-test-fpr,fedavg__family-absent-everywhere,revmob,call-graph,valid-fpr-leave-one-out,339,7,0.07268771704426928,0.09423076923076923,4,0.019026244736793707,0.1260461544945894,D-post-hoc-diagnostic
equal-test-fpr,fedavg__family-absent-everywhere,revmob,call-graph,valid-fpr-only,,8,0.07407661274893117,0.08901482595616673,5,0.026605550420567097,0.12230081147618173,D-post-hoc-diagnostic
equal-test-fpr,fedavg__family-absent-everywhere,revmob,mcndroid-static,all-seeds,,10,0.022535577400481142,-0.003863125255554045,5,-0.03543371033327189,0.07570838254488013,D-post-hoc-diagnostic
equal-test-fpr,fedavg__family-absent-everywhere,revmob,mcndroid-static,leave-one-seed-out,330,9,0.02867200907745768,0.002155172413793094,5,-0.03881508719395567,0.08551861398852163,D-post-hoc-diagnostic
equal-test-fpr,fedavg__family-absent-everywhere,revmob,mcndroid-static,leave-one-seed-out,331,9,0.02630937171482032,0.002155172413793094,5,-0.04079247532147751,0.08437122790331637,D-post-hoc-diagnostic
equal-test-fpr,fedavg__family-absent-everywhere,revmob,mcndroid-static,leave-one-seed-out,332,9,0.007678419333867937,-0.009881422924901184,4,-0.05091175280809792,0.05983180895197928,D-post-hoc-diagnostic
equal-test-fpr,fedavg__family-absent-everywhere,revmob,mcndroid-static,leave-one-seed-out,333,9,0.009127987834407313,-0.009881422924901184,4,-0.04948346558195333,0.06388558712889807,D-post-hoc-diagnostic
equal-test-fpr,fedavg__family-absent-everywhere,revmob,mcndroid-static,leave-one-seed-out,334,9,0.04267621474833002,0.002155172413793094,5,0.000887583621311252,0.09468982013565004,D-post-hoc-diagnostic
equal-test-fpr,fedavg__family-absent-everywhere,revmob,mcndroid-static,leave-one-seed-out,335,9,0.02613746632552362,0.002155172413793094,5,-0.03938843137334614,0.08225597895143774,D-post-hoc-diagnostic
equal-test-fpr,fedavg__family-absent-everywhere,revmob,mcndroid-static,leave-one-seed-out,336,9,0.02480006684344648,-0.009881422924901184,4,-0.03926438391012635,0.0819619523004912,D-post-hoc-diagnostic
equal-test-fpr,fedavg__family-absent-everywhere,revmob,mcndroid-static,leave-one-seed-out,337,9,0.02858562973575919,0.002155172413793094,5,-0.03682440521089722,0.08286595827310614,D-post-hoc-diagnostic
equal-test-fpr,fedavg__family-absent-everywhere,revmob,mcndroid-static,leave-one-seed-out,338,9,0.014398599982222307,-0.009881422924901184,4,-0.045436298340580585,0.0729459216876949,D-post-hoc-diagnostic
equal-test-fpr,fedavg__family-absent-everywhere,revmob,mcndroid-static,leave-one-seed-out,339,9,0.016970008408976566,-0.009881422924901184,4,-0.044968002289516085,0.07668722008850665,D-post-hoc-diagnostic
equal-test-fpr,fedavg__family-absent-everywhere,revmob,mcndroid-static,valid-fpr-leave-one-out,330,8,0.014355524775246691,-0.003863125255554045,4,-0.05137568692423955,0.07298989806479239,D-post-hoc-diagnostic
equal-test-fpr,fedavg__family-absent-everywhere,revmob,mcndroid-static,valid-fpr-leave-one-out,331,8,0.011697557742279657,-0.003863125255554045,4,-0.05322569189154036,0.07304364407436942,D-post-hoc-diagnostic
equal-test-fpr,fedavg__family-absent-everywhere,revmob,mcndroid-static,valid-fpr-leave-one-out,332,8,-0.009262263686291773,-0.010654997176736306,3,-0.06702490376138931,0.03552141011466188,D-post-hoc-diagnostic
equal-test-fpr,fedavg__family-absent-everywhere,revmob,mcndroid-static,valid-fpr-leave-one-out,334,8,0.030110256154978067,-0.003863125255554045,4,-0.007698843916568559,0.08593571757321758,D-post-hoc-diagnostic
equal-test-fpr,fedavg__family-absent-everywhere,revmob,mcndroid-static,valid-fpr-leave-one-out,335,8,0.011504164179320877,-0.0046366995073891665,4,-0.05689177817838492,0.06887240534378805,D-post-hoc-diagnostic
equal-test-fpr,fedavg__family-absent-everywhere,revmob,mcndroid-static,valid-fpr-leave-one-out,336,8,0.009999589761984092,-0.010654997176736306,3,-0.05830452287353777,0.0680857050026997,D-post-hoc-diagnostic
equal-test-fpr,fedavg__family-absent-everywhere,revmob,mcndroid-static,valid-fpr-leave-one-out,337,8,0.014258348015835887,-0.003863125255554045,4,-0.05553822837454337,0.06968845308924551,D-post-hoc-diagnostic
equal-test-fpr,fedavg__family-absent-everywhere,revmob,mcndroid-static,valid-fpr-leave-one-out,338,8,-0.0017020604568931084,-0.010654997176736306,3,-0.05977784903323094,0.056054691430321324,D-post-hoc-diagnostic
equal-test-fpr,fedavg__family-absent-everywhere,revmob,mcndroid-static,valid-fpr-leave-one-out,339,8,0.0011907740232054327,-0.010654997176736306,3,-0.05872886317704132,0.06058413148859025,D-post-hoc-diagnostic
equal-test-fpr,fedavg__family-absent-everywhere,revmob,mcndroid-static,valid-fpr-only,,9,0.009127987834407313,-0.009881422924901184,4,-0.04948346558195333,0.06388558712889807,D-post-hoc-diagnostic
equal-test-fpr,fedavg__family-absent-everywhere,revmob,report-json,all-seeds,,10,0.014505543433086113,0.016290245853785114,7,-0.020285843866000415,0.06044635433906932,D-post-hoc-diagnostic
equal-test-fpr,fedavg__family-absent-everywhere,revmob,report-json,leave-one-seed-out,330,9,0.009920689284625594,0.015590200445434299,6,-0.026787015874046423,0.06079401577147963,D-post-hoc-diagnostic
equal-test-fpr,fedavg__family-absent-everywhere,revmob,report-json,leave-one-seed-out,331,9,0.015693990057926367,0.01699029126213593,6,-0.023925930998612663,0.06455592332269532,D-post-hoc-diagnostic
equal-test-fpr,fedavg__family-absent-everywhere,revmob,report-json,leave-one-seed-out,332,9,-0.0007478088838725719,0.015590200445434299,6,-0.03439504946126736,0.027096146721173265,D-post-hoc-diagnostic
equal-test-fpr,fedavg__family-absent-everywhere,revmob,report-json,leave-one-seed-out,333,9,0.014229460340969467,0.015590200445434299,6,-0.024589628082187155,0.06519725981045205,D-post-hoc-diagnostic
equal-test-fpr,fedavg__family-absent-everywhere,revmob,report-json,leave-one-seed-out,334,9,0.02522955737127146,0.01699029126213593,7,-0.006886306338901091,0.07080086066137896,D-post-hoc-diagnostic
equal-test-fpr,fedavg__family-absent-everywhere,revmob,report-json,leave-one-seed-out,335,9,0.022924472940583165,0.01699029126213593,7,-0.013322170468764404,0.06874351247058905,D-post-hoc-diagnostic
equal-test-fpr,fedavg__family-absent-everywhere,revmob,report-json,leave-one-seed-out,336,9,0.014201561668946254,0.015590200445434299,6,-0.024128406834472753,0.06474494017483205,D-post-hoc-diagnostic
equal-test-fpr,fedavg__family-absent-everywhere,revmob,report-json,leave-one-seed-out,337,9,0.020136183010757622,0.01699029126213593,7,-0.017614854180696447,0.06741727162311953,D-post-hoc-diagnostic
equal-test-fpr,fedavg__family-absent-everywhere,revmob,report-json,leave-one-seed-out,338,9,0.014385025987269647,0.01699029126213593,6,-0.02391688977861115,0.06512502119249887,D-post-hoc-diagnostic
equal-test-fpr,fedavg__family-absent-everywhere,revmob,report-json,leave-one-seed-out,339,9,0.009082302552384116,0.015590200445434299,6,-0.02564602771193504,0.06144719791128987,D-post-hoc-diagnostic
equal-test-fpr,fedavg__family-absent-everywhere,revmob,report-json,valid-fpr-leave-one-out,330,8,0.009036989037436802,0.009699862127479052,5,-0.030954437676359043,0.06973882645869102,D-post-hoc-diagnostic
equal-test-fpr,fedavg__family-absent-everywhere,revmob,report-json,valid-fpr-leave-one-out,331,8,0.015531952407400174,0.01641578987788956,5,-0.027585871055053793,0.07214986982350784,D-post-hoc-diagnostic
equal-test-fpr,fedavg__family-absent-everywhere,revmob,report-json,valid-fpr-leave-one-out,332,8,-0.0029650714021236344,0.009699862127479052,5,-0.038559607028962314,0.029280368534017363,D-post-hoc-diagnostic
equal-test-fpr,fedavg__family-absent-everywhere,revmob,report-json,valid-fpr-leave-one-out,334,8,0.026259465634913402,0.01641578987788956,6,-0.010921914313848672,0.0759828535452503,D-post-hoc-diagnostic
equal-test-fpr,fedavg__family-absent-everywhere,revmob,report-json,valid-fpr-leave-one-out,335,8,0.02366624565038907,0.01641578987788956,6,-0.01799580477128985,0.07169836438807646,D-post-hoc-diagnostic
equal-test-fpr,fedavg__family-absent-everywhere,revmob,report-json,valid-fpr-leave-one-out,336,8,0.013852970469797549,0.009699862127479052,5,-0.029457216993662355,0.06898776804155403,D-post-hoc-diagnostic
equal-test-fpr,fedavg__family-absent-everywhere,revmob,report-json,valid-fpr-leave-one-out,337,8,0.020529419479335335,0.01641578987788956,6,-0.023270342101560235,0.07108461170360664,D-post-hoc-diagnostic
equal-test-fpr,fedavg__family-absent-everywhere,revmob,report-json,valid-fpr-leave-one-out,338,8,0.014059367827911364,0.010525451559934312,5,-0.02979442582207794,0.06897203684368944,D-post-hoc-diagnostic
equal-test-fpr,fedavg__family-absent-everywhere,revmob,report-json,valid-fpr-leave-one-out,339,8,0.00809380396366514,0.009699862127479052,5,-0.031684013749809316,0.06492258396127659,D-post-hoc-diagnostic
equal-test-fpr,fedavg__family-absent-everywhere,revmob,report-json,valid-fpr-only,,9,0.014229460340969467,0.015590200445434299,6,-0.024589628082187155,0.06519725981045205,D-post-hoc-diagnostic
equal-test-fpr,fedavg__peer-present,adwo,call-graph,all-seeds,,10,0.17157879381024221,0.1401231359981522,10,0.10939135792228537,0.26192078173821165,D-post-hoc-diagnostic
equal-test-fpr,fedavg__peer-present,adwo,call-graph,leave-one-seed-out,330,9,0.18793307713333146,0.1536312849162011,9,0.12489321331979633,0.2788015309019778,D-post-hoc-diagnostic
equal-test-fpr,fedavg__peer-present,adwo,call-graph,leave-one-seed-out,331,9,0.16516539722723303,0.12661498708010333,9,0.09977218143286362,0.26814426561389815,D-post-hoc-diagnostic
equal-test-fpr,fedavg__peer-present,adwo,call-graph,leave-one-seed-out,332,9,0.18598360602571715,0.1536312849162011,9,0.12089539963681936,0.276503789663772,D-post-hoc-diagnostic
equal-test-fpr,fedavg__peer-present,adwo,call-graph,leave-one-seed-out,333,9,0.17943308115414316,0.1536312849162011,9,0.10948426604510622,0.2714829799567393,D-post-hoc-diagnostic
equal-test-fpr,fedavg__peer-present,adwo,call-graph,leave-one-seed-out,334,9,0.17357296146513568,0.12661498708010333,9,0.10367332045861685,0.27095304830997496,D-post-hoc-diagnostic
equal-test-fpr,fedavg__peer-present,adwo,call-graph,leave-one-seed-out,335,9,0.17657477233581323,0.1536312849162011,9,0.10641958094302786,0.27116603345347384,D-post-hoc-diagnostic
equal-test-fpr,fedavg__peer-present,adwo,call-graph,leave-one-seed-out,336,9,0.14810838201138024,0.12661498708010333,9,0.09702628796916676,0.23931377707526136,D-post-hoc-diagnostic
equal-test-fpr,fedavg__peer-present,adwo,call-graph,leave-one-seed-out,337,9,0.17113504655760586,0.12661498708010333,9,0.1026182305932772,0.2701287428025786,D-post-hoc-diagnostic
equal-test-fpr,fedavg__peer-present,adwo,call-graph,leave-one-seed-out,338,9,0.14838445213888482,0.12661498708010333,9,0.09606930204044266,0.2338656112295435,D-post-hoc-diagnostic
equal-test-fpr,fedavg__peer-present,adwo,call-graph,leave-one-seed-out,339,9,0.17949716205317753,0.1536312849162011,9,0.10812433610755967,0.27067734920462266,D-post-hoc-diagnostic
equal-test-fpr,fedavg__peer-present,adwo,call-graph,valid-fpr-leave-one-out,330,7,0.20526802879552125,0.17557251908396942,7,0.1242445200263339,0.3038345254525977,D-post-hoc-diagnostic
equal-test-fpr,fedavg__peer-present,adwo,call-graph,valid-fpr-leave-one-out,331,7,0.17599529748768042,0.12661498708010333,7,0.08979831600451374,0.3008782084529916,D-post-hoc-diagnostic
equal-test-fpr,fedavg__peer-present,adwo,call-graph,valid-fpr-leave-one-out,332,7,0.20276156594287428,0.17557251908396942,7,0.11615325385133267,0.30199701172103033,D-post-hoc-diagnostic
equal-test-fpr,fedavg__peer-present,adwo,call-graph,valid-fpr-leave-one-out,335,7,0.1906644940558549,0.17557251908396942,7,0.09936437382907833,0.30103365225786083,D-post-hoc-diagnostic
equal-test-fpr,fedavg__peer-present,adwo,call-graph,valid-fpr-leave-one-out,336,7,0.15406484935301254,0.12661498708010333,7,0.08729652529372799,0.2602487839152093,D-post-hoc-diagnostic
equal-test-fpr,fedavg__peer-present,adwo,call-graph,valid-fpr-leave-one-out,337,7,0.18367056091244546,0.12661498708010333,7,0.09360404112772347,0.29788470620619883,D-post-hoc-diagnostic
equal-test-fpr,fedavg__peer-present,adwo,call-graph,valid-fpr-leave-one-out,338,7,0.15441979665980407,0.12661498708010333,7,0.08729652529372799,0.25807705090021443,D-post-hoc-diagnostic
equal-test-fpr,fedavg__peer-present,adwo,call-graph,valid-fpr-leave-one-out,339,7,0.19442185226389475,0.17557251908396942,7,0.099990524921255,0.3016420644142387,D-post-hoc-diagnostic
equal-test-fpr,fedavg__peer-present,adwo,call-graph,valid-fpr-only,,8,0.18265830568388594,0.15109375308203638,8,0.1027406780335427,0.2858706608374031,D-post-hoc-diagnostic
equal-test-fpr,fedavg__peer-present,adwo,mcndroid-static,all-seeds,,10,0.2903111730583898,0.332208304075022,10,0.20025505836780289,0.35832783174514543,D-post-hoc-diagnostic
equal-test-fpr,fedavg__peer-present,adwo,mcndroid-static,leave-one-seed-out,330,9,0.31714791586433555,0.3587786259541984,9,0.23754382291900172,0.37329218118523544,D-post-hoc-diagnostic
equal-test-fpr,fedavg__peer-present,adwo,mcndroid-static,leave-one-seed-out,331,9,0.29319783559920165,0.3587786259541984,9,0.1931690570473177,0.3665426343121226,D-post-hoc-diagnostic
equal-test-fpr,fedavg__peer-present,adwo,mcndroid-static,leave-one-seed-out,332,9,0.3007041707817234,0.3587786259541984,9,0.1961699488934279,0.3689027057032074,D-post-hoc-diagnostic
equal-test-fpr,fedavg__peer-present,adwo,mcndroid-static,leave-one-seed-out,333,9,0.2886081942653391,0.3587786259541984,9,0.1878160570475647,0.36405765937447415,D-post-hoc-diagnostic
equal-test-fpr,fedavg__peer-present,adwo,mcndroid-static,leave-one-seed-out,334,9,0.2815996274205572,0.30563798219584565,9,0.18596468026644214,0.35710943257198846,D-post-hoc-diagnostic
equal-test-fpr,fedavg__peer-present,adwo,mcndroid-static,leave-one-seed-out,335,9,0.27691766860062256,0.30563798219584565,9,0.18331223447234668,0.35029854500043794,D-post-hoc-diagnostic
equal-test-fpr,fedavg__peer-present,adwo,mcndroid-static,leave-one-seed-out,336,9,0.274824914509322,0.30563798219584565,9,0.18248503751071207,0.34650079722774324,D-post-hoc-diagnostic
equal-test-fpr,fedavg__peer-present,adwo,mcndroid-static,leave-one-seed-out,337,9,0.28270367829218884,0.30563798219584565,9,0.18805769254866164,0.35835133047729795,D-post-hoc-diagnostic
equal-test-fpr,fedavg__peer-present,adwo,mcndroid-static,leave-one-seed-out,338,9,0.2770306294455697,0.30563798219584565,9,0.18426716771282048,0.3488150218721435,D-post-hoc-diagnostic
equal-test-fpr,fedavg__peer-present,adwo,mcndroid-static,leave-one-seed-out,339,9,0.3103770958050378,0.3587786259541984,9,0.21082953965930368,0.3707005896495859,D-post-hoc-diagnostic
equal-test-fpr,fedavg__peer-present,adwo,mcndroid-static,valid-fpr-leave-one-out,330,8,0.3185866575728967,0.36374685487654057,8,0.22596524763194953,0.38053636122327456,D-post-hoc-diagnostic
equal-test-fpr,fedavg__peer-present,adwo,mcndroid-static,valid-fpr-leave-one-out,331,8,0.29164281727462116,0.36374685487654057,8,0.1754578119779402,0.37318651618941756,D-post-hoc-diagnostic
equal-test-fpr,fedavg__peer-present,adwo,mcndroid-static,valid-fpr-leave-one-out,332,8,0.3000874443549581,0.36374685487654057,8,0.18150957628828415,0.37759371741171116,D-post-hoc-diagnostic
equal-test-fpr,fedavg__peer-present,adwo,mcndroid-static,valid-fpr-leave-one-out,334,8,0.2785948330736462,0.31155491807264063,8,0.17303210249959078,0.363977146153569,D-post-hoc-diagnostic
equal-test-fpr,fedavg__peer-present,adwo,mcndroid-static,valid-fpr-leave-one-out,335,8,0.2733276294012197,0.31155491807264063,8,0.1701148677214478,0.3555668941712624,D-post-hoc-diagnostic
equal-test-fpr,fedavg__peer-present,adwo,mcndroid-static,valid-fpr-leave-one-out,336,8,0.2709732810485065,0.31155491807264063,8,0.16780593754122433,0.3505423273300491,D-post-hoc-diagnostic
equal-test-fpr,fedavg__peer-present,adwo,mcndroid-static,valid-fpr-leave-one-out,337,8,0.2798368903042317,0.31652314699498274,8,0.17199325577128302,0.3652192033841546,D-post-hoc-diagnostic
equal-test-fpr,fedavg__peer-present,adwo,mcndroid-static,valid-fpr-leave-one-out,338,8,0.2734547103517852,0.31155491807264063,8,0.16796405685200283,0.3542658138639133,D-post-hoc-diagnostic
equal-test-fpr,fedavg__peer-present,adwo,mcndroid-static,valid-fpr-leave-one-out,339,8,0.31096948500618676,0.36374685487654057,8,0.19472503222697113,0.37912531680612616,D-post-hoc-diagnostic
equal-test-fpr,fedavg__peer-present,adwo,mcndroid-static,valid-fpr-only,,9,0.2886081942653391,0.3587786259541984,9,0.1878160570475647,0.36405765937447415,D-post-hoc-diagnostic
equal-test-fpr,fedavg__peer-present,adwo,report-json,all-seeds,,10,-0.2925810018431225,-0.3074146399195219,0,-0.37979197251095576,-0.19119557668545825,D-post-hoc-diagnostic
equal-test-fpr,fedavg__peer-present,adwo,report-json,leave-one-seed-out,330,9,-0.2685181863297567,-0.2713178294573644,0,-0.35304164791292647,-0.17195988450441912,D-post-hoc-diagnostic
equal-test-fpr,fedavg__peer-present,adwo,report-json,leave-one-seed-out,331,9,-0.2854580133713392,-0.2713178294573644,0,-0.38081911164755944,-0.17944269139728508,D-post-hoc-diagnostic
equal-test-fpr,fedavg__peer-present,adwo,report-json,leave-one-seed-out,332,9,-0.2781365970299927,-0.2713178294573644,0,-0.3724265722309149,-0.17662515180789762,D-post-hoc-diagnostic
equal-test-fpr,fedavg__peer-present,adwo,report-json,leave-one-seed-out,333,9,-0.29805406403274737,-0.3435114503816794,0,-0.3911248841496296,-0.1856735995558086,D-post-hoc-diagnostic
equal-test-fpr,fedavg__peer-present,adwo,report-json,leave-one-seed-out,334,9,-0.3173308462440654,-0.3435114503816794,0,-0.3955373620676236,-0.21044796811160443,D-post-hoc-diagnostic
equal-test-fpr,fedavg__peer-present,adwo,report-json,leave-one-seed-out,335,9,-0.2949435765526512,-0.3435114503816794,0,-0.3898069706516258,-0.18274952334220243,D-post-hoc-diagnostic
equal-test-fpr,fedavg__peer-present,adwo,report-json,leave-one-seed-out,336,9,-0.3025205576034694,-0.3435114503816794,0,-0.39278620071583925,-0.18821146487152335,D-post-hoc-diagnostic
equal-test-fpr,fedavg__peer-present,adwo,report-json,leave-one-seed-out,337,9,-0.2869220631166162,-0.2713178294573644,0,-0.38275931675984853,-0.17738604522381712,D-post-hoc-diagnostic
equal-test-fpr,fedavg__peer-present,adwo,report-json,leave-one-seed-out,338,9,-0.3210827160734148,-0.3435114503816794,0,-0.3997558047532246,-0.22886903525930996,D-post-hoc-diagnostic
equal-test-fpr,fedavg__peer-present,adwo,report-json,leave-one-seed-out,339,9,-0.272843398077172,-0.2713178294573644,0,-0.3642830322077314,-0.17423682140974306,D-post-hoc-diagnostic
equal-test-fpr,fedavg__peer-present,adwo,report-json,valid-fpr-leave-one-out,330,8,-0.271667529353914,-0.3074146399195219,0,-0.36274684457778067,-0.15951566092026548,D-post-hoc-diagnostic
equal-test-fpr,fedavg__peer-present,adwo,report-json,valid-fpr-leave-one-out,331,8,-0.29072483477569433,-0.3074146399195219,0,-0.3969271874654162,-0.16735446015472016,D-post-hoc-diagnostic
equal-test-fpr,fedavg__peer-present,adwo,report-json,valid-fpr-leave-one-out,332,8,-0.2824882413916795,-0.3074146399195219,0,-0.3858663211779162,-0.16572704859251922,D-post-hoc-diagnostic
equal-test-fpr,fedavg__peer-present,adwo,report-json,valid-fpr-leave-one-out,334,8,-0.32658177175751124,-0.35009967423542565,0,-0.4097825532511632,-0.20494084966610787,D-post-hoc-diagnostic
equal-test-fpr,fedavg__peer-present,adwo,report-json,valid-fpr-leave-one-out,335,8,-0.30139609335467027,-0.35009967423542565,0,-0.40627177564555383,-0.16882344922468512,D-post-hoc-diagnostic
equal-test-fpr,fedavg__peer-present,adwo,report-json,valid-fpr-leave-one-out,336,8,-0.3099201970368408,-0.35009967423542565,0,-0.40884103050580106,-0.17503796254359175,D-post-hoc-diagnostic
equal-test-fpr,fedavg__peer-present,adwo,report-json,valid-fpr-leave-one-out,337,8,-0.2923718907391309,-0.31400286377326814,0,-0.3992587575329063,-0.16815229708788532,D-post-hoc-diagnostic
equal-test-fpr,fedavg__peer-present,adwo,report-json,valid-fpr-leave-one-out,338,8,-0.33080262531552934,-0.35009967423542565,0,-0.41465782248835825,-0.22248313963240532,D-post-hoc-diagnostic
equal-test-fpr,fedavg__peer-present,adwo,report-json,valid-fpr-leave-one-out,339,8,-0.2765333925697562,-0.3074146399195219,0,-0.3797620188972032,-0.16220686496555703,D-post-hoc-diagnostic
equal-test-fpr,fedavg__peer-present,adwo,report-json,valid-fpr-only,,9,-0.29805406403274737,-0.3435114503816794,0,-0.3911248841496296,-0.1856735995558086,D-post-hoc-diagnostic
equal-test-fpr,fedavg__peer-present,contrast-macro,call-graph,all-seeds,,10,0.07109375404382474,0.08284010955041599,9,0.036844714901187334,0.10528065832427103,D-post-hoc-diagnostic
equal-test-fpr,fedavg__peer-present,contrast-macro,call-graph,leave-one-seed-out,330,9,0.0700326861604698,0.08503685410681272,8,0.03207712608526849,0.10851437271154606,D-post-hoc-diagnostic
equal-test-fpr,fedavg__peer-present,contrast-macro,call-graph,leave-one-seed-out,331,9,0.08102452815452045,0.08503685410681272,9,0.048757133096622995,0.11296870969007136,D-post-hoc-diagnostic
equal-test-fpr,fedavg__peer-present,contrast-macro,call-graph,leave-one-seed-out,332,9,0.06954452070349275,0.08064336499401925,8,0.031694761285054815,0.10791446169940122,D-post-hoc-diagnostic
equal-test-fpr,fedavg__peer-present,contrast-macro,call-graph,leave-one-seed-out,333,9,0.07790759814599588,0.08503685410681272,8,0.04045456479861438,0.11103654628224206,D-post-hoc-diagnostic
equal-test-fpr,fedavg__peer-present,contrast-macro,call-graph,leave-one-seed-out,334,9,0.06816915117494143,0.08064336499401925,8,0.03203267553334362,0.10605662714184036,D-post-hoc-diagnostic
equal-test-fpr,fedavg__peer-present,contrast-macro,call-graph,leave-one-seed-out,335,9,0.06772414738716154,0.08064336499401925,8,0.031725499622596576,0.10570801341020514,D-post-hoc-diagnostic
equal-test-fpr,fedavg__peer-present,contrast-macro,call-graph,leave-one-seed-out,336,9,0.06093588140358022,0.08064336499401925,8,0.02830769837316254,0.0914903809912488,D-post-hoc-diagnostic
equal-test-fpr,fedavg__peer-present,contrast-macro,call-graph,leave-one-seed-out,337,9,0.0771992142225731,0.08503685410681272,8,0.03866898466073165,0.11072499106778445,D-post-hoc-diagnostic
equal-test-fpr,fedavg__peer-present,contrast-macro,call-graph,leave-one-seed-out,338,9,0.06370166650707781,0.08064336499401925,8,0.030312589588697595,0.09950565197031608,D-post-hoc-diagnostic
equal-test-fpr,fedavg__peer-present,contrast-macro,call-graph,leave-one-seed-out,339,9,0.07469814657843443,0.08503685410681272,8,0.036544568062185506,0.10992309070906411,D-post-hoc-diagnostic
equal-test-fpr,fedavg__peer-present,contrast-macro,call-graph,valid-fpr-leave-one-out,330,7,0.07472997692230988,0.08503685410681272,6,0.028569716038251248,0.11791222695058412,D-post-hoc-diagnostic
equal-test-fpr,fedavg__peer-present,contrast-macro,call-graph,valid-fpr-leave-one-out,331,7,0.08886234520037502,0.08503685410681272,7,0.05381401434135423,0.12328303475756816,D-post-hoc-diagnostic
equal-test-fpr,fedavg__peer-present,contrast-macro,call-graph,valid-fpr-leave-one-out,332,7,0.07410233562048225,0.08064336499401925,6,0.030038623970520522,0.11732373557165673,D-post-hoc-diagnostic
equal-test-fpr,fedavg__peer-present,contrast-macro,call-graph,valid-fpr-leave-one-out,335,7,0.07176185564234212,0.08064336499401925,6,0.028731146264068586,0.11576891618097869,D-post-hoc-diagnostic
equal-test-fpr,fedavg__peer-present,contrast-macro,call-graph,valid-fpr-leave-one-out,336,7,0.06303408509202328,0.08064336499401925,6,0.02473630591263338,0.0971041873237679,D-post-hoc-diagnostic
equal-test-fpr,fedavg__peer-present,contrast-macro,call-graph,valid-fpr-leave-one-out,337,7,0.08394408443072843,0.08503685410681272,6,0.037979043693249386,0.1199544443685021,D-post-hoc-diagnostic
equal-test-fpr,fedavg__peer-present,contrast-macro,call-graph,valid-fpr-leave-one-out,338,7,0.06659009451080591,0.08064336499401925,6,0.02721809023450144,0.10777221558011578,D-post-hoc-diagnostic
equal-test-fpr,fedavg__peer-present,contrast-macro,call-graph,valid-fpr-leave-one-out,339,7,0.08072842603112156,0.08503685410681272,6,0.03151393697327339,0.11924068838068581,D-post-hoc-diagnostic
equal-test-fpr,fedavg__peer-present,contrast-macro,call-graph,valid-fpr-only,,8,0.07546915043127356,0.08284010955041599,7,0.03522017360531242,0.11358890614302691,D-post-hoc-diagnostic
equal-test-fpr,fedavg__peer-present,contrast-macro,mcndroid-static,all-seeds,,10,-0.03670807482249314,-0.02715295236545684,1,-0.0605988462442888,-0.017715592063607767,D-post-hoc-diagnostic
equal-test-fpr,fedavg__peer-present,contrast-macro,mcndroid-static,leave-one-seed-out,330,9,-0.041000445686947225,-0.03295978152390866,0,-0.0658416738589361,-0.02119540634821673,D-post-hoc-diagnostic
equal-test-fpr,fedavg__peer-present,contrast-macro,mcndroid-static,leave-one-seed-out,331,9,-0.03660421735431326,-0.02134612320700502,1,-0.06412698502836764,-0.01585581261383727,D-post-hoc-diagnostic
equal-test-fpr,fedavg__peer-present,contrast-macro,mcndroid-static,leave-one-seed-out,332,9,-0.03908239258083292,-0.03295978152390866,1,-0.06447923680420665,-0.017901785924586595,D-post-hoc-diagnostic
equal-test-fpr,fedavg__peer-present,contrast-macro,mcndroid-static,leave-one-seed-out,333,9,-0.032652781985063876,-0.02134612320700502,1,-0.06066958010083155,-0.01472084455991653,D-post-hoc-diagnostic
equal-test-fpr,fedavg__peer-present,contrast-macro,mcndroid-static,leave-one-seed-out,334,9,-0.040748042239622854,-0.03295978152390866,1,-0.0653332769170918,-0.020719096455934345,D-post-hoc-diagnostic
equal-test-fpr,fedavg__peer-present,contrast-macro,mcndroid-static,leave-one-seed-out,335,9,-0.038414958335325156,-0.03295978152390866,1,-0.06463769592481791,-0.01755312910530744,D-post-hoc-diagnostic
equal-test-fpr,fedavg__peer-present,contrast-macro,mcndroid-static,leave-one-seed-out,336,9,-0.04028465596992752,-0.03295978152390866,1,-0.06518908458458772,-0.019915679166220925,D-post-hoc-diagnostic
equal-test-fpr,fedavg__peer-present,contrast-macro,mcndroid-static,leave-one-seed-out,337,9,-0.029979840977484986,-0.02134612320700502,1,-0.052731343399017847,-0.01373359992950754,D-post-hoc-diagnostic
equal-test-fpr,fedavg__peer-present,contrast-macro,mcndroid-static,leave-one-seed-out,338,9,-0.031188861239744427,-0.02134612320700502,1,-0.05726870477569433,-0.014284344490282614,D-post-hoc-diagnostic
equal-test-fpr,fedavg__peer-present,contrast-macro,mcndroid-static,leave-one-seed-out,339,9,-0.037124551855669194,-0.02134612320700502,1,-0.06378712792508645,-0.01618869200173561,D-post-hoc-diagnostic
equal-test-fpr,fedavg__peer-present,contrast-macro,mcndroid-static,valid-fpr-leave-one-out,330,8,-0.03697478760289606,-0.02715295236545684,0,-0.06525617299328672,-0.01735167248075141,D-post-hoc-diagnostic
equal-test-fpr,fedavg__peer-present,contrast-macro,mcndroid-static,valid-fpr-leave-one-out,331,8,-0.03202903072868285,-0.0183426691022201,1,-0.06377397375304304,-0.011555891103460447,D-post-hoc-diagnostic
equal-test-fpr,fedavg__peer-present,contrast-macro,mcndroid-static,valid-fpr-leave-one-out,332,8,-0.034816977858517464,-0.02715295236545684,1,-0.06405777351367765,-0.014004704377563841,D-post-hoc-diagnostic
equal-test-fpr,fedavg__peer-present,contrast-macro,mcndroid-static,valid-fpr-leave-one-out,334,8,-0.03669083372465615,-0.02715295236545684,1,-0.06528496400692055,-0.017134044837800774,D-post-hoc-diagnostic
equal-test-fpr,fedavg__peer-present,contrast-macro,mcndroid-static,valid-fpr-leave-one-out,335,8,-0.034066114332321235,-0.02414949826067192,1,-0.06422115536878266,-0.013328163465217794,D-post-hoc-diagnostic
equal-test-fpr,fedavg__peer-present,contrast-macro,mcndroid-static,valid-fpr-leave-one-out,336,8,-0.0361695241712489,-0.02715295236545684,1,-0.06471300411151762,-0.015925938518815477,D-post-hoc-diagnostic
equal-test-fpr,fedavg__peer-present,contrast-macro,mcndroid-static,valid-fpr-leave-one-out,337,8,-0.024576607304751044,-0.0183426691022201,1,-0.0510945881893089,-0.010354710149339254,D-post-hoc-diagnostic
equal-test-fpr,fedavg__peer-present,contrast-macro,mcndroid-static,valid-fpr-leave-one-out,338,8,-0.025936755099792916,-0.0183426691022201,1,-0.056760603874022965,-0.010750627671813284,D-post-hoc-diagnostic
equal-test-fpr,fedavg__peer-present,contrast-macro,mcndroid-static,valid-fpr-leave-one-out,339,8,-0.03261440704270828,-0.0183426691022201,1,-0.06455727955249502,-0.011542751807204089,D-post-hoc-diagnostic
equal-test-fpr,fedavg__peer-present,contrast-macro,mcndroid-static,valid-fpr-only,,9,-0.032652781985063876,-0.02134612320700502,1,-0.06066958010083155,-0.01472084455991653,D-post-hoc-diagnostic
equal-test-fpr,fedavg__peer-present,contrast-macro,report-json,all-seeds,,10,-0.32883244198921674,-0.32951597943885663,0,-0.34691315547107976,-0.3015246957209627,D-post-hoc-diagnostic
equal-test-fpr,fedavg__peer-present,contrast-macro,report-json,leave-one-seed-out,330,9,-0.33006920170451903,-0.33212348056677227,0,-0.34926199716045003,-0.2995870396571916,D-post-hoc-diagnostic
equal-test-fpr,fedavg__peer-present,contrast-macro,report-json,leave-one-seed-out,331,9,-0.3276103136339216,-0.326908478310941,0,-0.3478486917337834,-0.2985523398316201,D-post-hoc-diagnostic
equal-test-fpr,fedavg__peer-present,contrast-macro,report-json,leave-one-seed-out,332,9,-0.32690301948320155,-0.326908478310941,0,-0.3472225642935069,-0.29831691188234405,D-post-hoc-diagnostic
equal-test-fpr,fedavg__peer-present,contrast-macro,report-json,leave-one-seed-out,333,9,-0.3227345070901236,-0.326908478310941,0,-0.33817720470857016,-0.2939859128504015,D-post-hoc-diagnostic
equal-test-fpr,fedavg__peer-present,contrast-macro,report-json,leave-one-seed-out,334,9,-0.33011188881617654,-0.33212348056677227,0,-0.3491288617738409,-0.29843686866083885,D-post-hoc-diagnostic
equal-test-fpr,fedavg__peer-present,contrast-macro,report-json,leave-one-seed-out,335,9,-0.32846677103615496,-0.326908478310941,0,-0.3484908101189691,-0.2978680079670855,D-post-hoc-diagnostic
equal-test-fpr,fedavg__peer-present,contrast-macro,report-json,leave-one-seed-out,336,9,-0.3245940270632796,-0.326908478310941,0,-0.342976808135384,-0.29618164773152195,D-post-hoc-diagnostic
equal-test-fpr,fedavg__peer-present,contrast-macro,report-json,leave-one-seed-out,337,9,-0.32904621573124737,-0.33212348056677227,0,-0.3490050114381778,-0.298384507353882,D-post-hoc-diagnostic
equal-test-fpr,fedavg__peer-present,contrast-macro,report-json,leave-one-seed-out,338,9,-0.33052167757008105,-0.33212348056677227,0,-0.34942863374827066,-0.29881504101430517,D-post-hoc-diagnostic
equal-test-fpr,fedavg__peer-present,contrast-macro,report-json,leave-one-seed-out,339,9,-0.33826679776346213,-0.33212348056677227,0,-0.3557934420239373,-0.3260412036059031,D-post-hoc-diagnostic
equal-test-fpr,fedavg__peer-present,contrast-macro,report-json,valid-fpr-leave-one-out,330,8,-0.323363619907452,-0.32951597943885663,0,-0.3406467234263942,-0.28964219683583947,D-post-hoc-diagnostic
equal-test-fpr,fedavg__peer-present,contrast-macro,report-json,valid-fpr-leave-one-out,331,8,-0.32059737082802986,-0.32230504143121874,0,-0.3379249790561685,-0.28896862415443414,D-post-hoc-diagnostic
equal-test-fpr,fedavg__peer-present,contrast-macro,report-json,valid-fpr-leave-one-out,332,8,-0.31980166490846984,-0.32230504143121874,0,-0.3367754854171913,-0.28872670525894156,D-post-hoc-diagnostic
equal-test-fpr,fedavg__peer-present,contrast-macro,report-json,valid-fpr-leave-one-out,334,8,-0.32341164290806673,-0.32951597943885663,0,-0.3405527304428447,-0.28857815615539006,D-post-hoc-diagnostic
equal-test-fpr,fedavg__peer-present,contrast-macro,report-json,valid-fpr-leave-one-out,335,8,-0.3215608854055425,-0.32230504143121874,0,-0.3393538482222994,-0.2893976287753596,D-post-hoc-diagnostic
equal-test-fpr,fedavg__peer-present,contrast-macro,report-json,valid-fpr-leave-one-out,336,8,-0.3172040484360577,-0.32230504143121874,0,-0.3310448092678142,-0.2838642956554866,D-post-hoc-diagnostic
equal-test-fpr,fedavg__peer-present,contrast-macro,report-json,valid-fpr-leave-one-out,337,8,-0.3222127606875214,-0.3249125425591344,0,-0.3393538482222994,-0.28897678717252245,D-post-hoc-diagnostic
equal-test-fpr,fedavg__peer-present,contrast-macro,report-json,valid-fpr-leave-one-out,338,8,-0.32387265525620934,-0.32951597943885663,0,-0.34062023130682756,-0.28979771628285855,D-post-hoc-diagnostic
equal-test-fpr,fedavg__peer-present,contrast-macro,report-json,valid-fpr-leave-one-out,339,8,-0.332585915473763,-0.32951597943885663,0,-0.3464736785471357,-0.3230452005264172,D-post-hoc-diagnostic
equal-test-fpr,fedavg__peer-present,contrast-macro,report-json,valid-fpr-only,,9,-0.3227345070901236,-0.326908478310941,0,-0.33817720470857016,-0.2939859128504015,D-post-hoc-diagnostic
equal-test-fpr,fedavg__peer-present,gappusin,call-graph,all-seeds,,10,0.2067688592827721,0.14618994969072896,10,0.1344991537735607,0.2930555985497561,D-post-hoc-diagnostic
equal-test-fpr,fedavg__peer-present,gappusin,call-graph,leave-one-seed-out,330,9,0.1843090789151809,0.10331384015594536,9,0.11958832613241671,0.26923877408894487,D-post-hoc-diagnostic
equal-test-fpr,fedavg__peer-present,gappusin,call-graph,leave-one-seed-out,331,9,0.19606620103584074,0.10331384015594536,9,0.1230445171185464,0.2947441564683665,D-post-hoc-diagnostic
equal-test-fpr,fedavg__peer-present,gappusin,call-graph,leave-one-seed-out,332,9,0.19221313445913482,0.10331384015594536,9,0.12240400753991318,0.2908356456233461,D-post-hoc-diagnostic
equal-test-fpr,fedavg__peer-present,gappusin,call-graph,leave-one-seed-out,333,9,0.22010680640698732,0.18906605922551256,9,0.140952208910338,0.30611658013467885,D-post-hoc-diagnostic
equal-test-fpr,fedavg__peer-present,gappusin,call-graph,leave-one-seed-out,334,9,0.21854914713011164,0.18906605922551256,9,0.13795894635706074,0.30524802754857555,D-post-hoc-diagnostic
equal-test-fpr,fedavg__peer-present,gappusin,call-graph,leave-one-seed-out,335,9,0.18819562599934464,0.10331384015594536,9,0.11984155969699638,0.27928089934268896,D-post-hoc-diagnostic
equal-test-fpr,fedavg__peer-present,gappusin,call-graph,leave-one-seed-out,336,9,0.2182638614079751,0.18906605922551256,9,0.13927221136137638,0.3074023276559714,D-post-hoc-diagnostic
equal-test-fpr,fedavg__peer-present,gappusin,call-graph,leave-one-seed-out,337,9,0.22071146095481295,0.18906605922551256,9,0.1431892429921643,0.30890653787131733,D-post-hoc-diagnostic
equal-test-fpr,fedavg__peer-present,gappusin,call-graph,leave-one-seed-out,338,9,0.20873583706691207,0.10331384015594536,9,0.12417399420269164,0.3050059295752517,D-post-hoc-diagnostic
equal-test-fpr,fedavg__peer-present,gappusin,call-graph,leave-one-seed-out,339,9,0.22053743945142093,0.18906605922551256,9,0.14241056694094667,0.30880784087413815,D-post-hoc-diagnostic
equal-test-fpr,fedavg__peer-present,gappusin,call-graph,valid-fpr-leave-one-out,330,7,0.2101868723450109,0.18906605922551256,7,0.12759063277101218,0.29852922018190436,D-post-hoc-diagnostic
equal-test-fpr,fedavg__peer-present,gappusin,call-graph,valid-fpr-leave-one-out,331,7,0.22530317221443072,0.18906605922551256,7,0.13145916249279846,0.32984934787365594,D-post-hoc-diagnostic
equal-test-fpr,fedavg__peer-present,gappusin,call-graph,valid-fpr-leave-one-out,332,7,0.22034922947295169,0.18906605922551256,7,0.1300565709535303,0.32098494068651495,D-post-hoc-diagnostic
equal-test-fpr,fedavg__peer-present,gappusin,call-graph,valid-fpr-leave-one-out,335,7,0.21518386145322146,0.18906605922551256,7,0.12931901241938937,0.3115465059739879,D-post-hoc-diagnostic
equal-test-fpr,fedavg__peer-present,gappusin,call-graph,valid-fpr-leave-one-out,336,7,0.25384302126431774,0.3030927835051547,7,0.1545572049734066,0.3372314263597322,D-post-hoc-diagnostic
equal-test-fpr,fedavg__peer-present,gappusin,call-graph,valid-fpr-leave-one-out,337,7,0.256989934967395,0.3030927835051547,7,0.16058764633566022,0.33992903030769417,D-post-hoc-diagnostic
equal-test-fpr,fedavg__peer-present,gappusin,call-graph,valid-fpr-leave-one-out,338,7,0.24159270425437956,0.3030927835051547,7,0.13168290442573102,0.33678211660461693,D-post-hoc-diagnostic
equal-test-fpr,fedavg__peer-present,gappusin,call-graph,valid-fpr-leave-one-out,339,7,0.2567661930344624,0.3030927835051547,7,0.1593294425309815,0.3401404555859454,D-post-hoc-diagnostic
equal-test-fpr,fedavg__peer-present,gappusin,call-graph,valid-fpr-only,,8,0.23502687362577118,0.24607942136533362,8,0.14638617680086183,0.3238206016034949,D-post-hoc-diagnostic
equal-test-fpr,fedavg__peer-present,gappusin,mcndroid-static,all-seeds,,10,0.20750954193201104,0.15349717811851904,10,0.12211397239347847,0.31720987730477923,D-post-hoc-diagnostic
equal-test-fpr,fedavg__peer-present,gappusin,mcndroid-static,leave-one-seed-out,330,9,0.18535698091411032,0.09514925373134331,9,0.10601063034704039,0.3005610990091574,D-post-hoc-diagnostic
equal-test-fpr,fedavg__peer-present,gappusin,mcndroid-static,leave-one-seed-out,331,9,0.20399112906535016,0.09514925373134331,9,0.11201163232982182,0.32555181650389486,D-post-hoc-diagnostic
equal-test-fpr,fedavg__peer-present,gappusin,mcndroid-static,leave-one-seed-out,332,9,0.18952345110212354,0.09514925373134331,9,0.10667809217370913,0.3114726400273728,D-post-hoc-diagnostic
equal-test-fpr,fedavg__peer-present,gappusin,mcndroid-static,leave-one-seed-out,333,9,0.22222264935872613,0.21184510250569477,9,0.12745848616639713,0.3306902291317691,D-post-hoc-diagnostic
equal-test-fpr,fedavg__peer-present,gappusin,mcndroid-static,leave-one-seed-out,334,9,0.21999401839875185,0.21184510250569477,9,0.12393447503319396,0.3297421642042082,D-post-hoc-diagnostic
equal-test-fpr,fedavg__peer-present,gappusin,mcndroid-static,leave-one-seed-out,335,9,0.17643999036851998,0.09514925373134331,9,0.10227652619421118,0.27310759965006576,D-post-hoc-diagnostic
equal-test-fpr,fedavg__peer-present,gappusin,mcndroid-static,leave-one-seed-out,336,9,0.22103615986814307,0.21184510250569477,9,0.12767001853153828,0.33256018686123046,D-post-hoc-diagnostic
equal-test-fpr,fedavg__peer-present,gappusin,mcndroid-static,leave-one-seed-out,337,9,0.2230047210292666,0.21184510250569477,9,0.13074375525104667,0.332907562368484,D-post-hoc-diagnostic
equal-test-fpr,fedavg__peer-present,gappusin,mcndroid-static,leave-one-seed-out,338,9,0.2070278129793795,0.09514925373134331,9,0.1137069462162076,0.3274025452852729,D-post-hoc-diagnostic
equal-test-fpr,fedavg__peer-present,gappusin,mcndroid-static,leave-one-seed-out,339,9,0.22649850623573908,0.21184510250569477,9,0.13666184247806157,0.33622632539115715,D-post-hoc-diagnostic
equal-test-fpr,fedavg__peer-present,gappusin,mcndroid-static,valid-fpr-leave-one-out,330,8,0.19914015664192722,0.15349717811851904,8,0.11247544643988036,0.3271292270749077,D-post-hoc-diagnostic
equal-test-fpr,fedavg__peer-present,gappusin,mcndroid-static,valid-fpr-leave-one-out,331,8,0.22010357331207203,0.15349717811851904,8,0.11758603218724656,0.3516136858746959,D-post-hoc-diagnostic
equal-test-fpr,fedavg__peer-present,gappusin,mcndroid-static,valid-fpr-leave-one-out,332,8,0.20382743560344208,0.15349717811851904,8,0.11308893994356345,0.33531850109029065,D-post-hoc-diagnostic
equal-test-fpr,fedavg__peer-present,gappusin,mcndroid-static,valid-fpr-leave-one-out,334,8,0.23810682381214895,0.2255101801188268,8,0.13401155995193156,0.35495850740338625,D-post-hoc-diagnostic
equal-test-fpr,fedavg__peer-present,gappusin,mcndroid-static,valid-fpr-leave-one-out,335,8,0.18910854227813806,0.15349717811851904,8,0.10734329998557982,0.2944440141704551,D-post-hoc-diagnostic
equal-test-fpr,fedavg__peer-present,gappusin,mcndroid-static,valid-fpr-leave-one-out,336,8,0.23927923296521403,0.2255101801188268,8,0.1346405012070442,0.35259664432404225,D-post-hoc-diagnostic
equal-test-fpr,fedavg__peer-present,gappusin,mcndroid-static,valid-fpr-leave-one-out,337,8,0.241493864271478,0.2255101801188268,8,0.13903122297659068,0.35391622515739096,D-post-hoc-diagnostic
equal-test-fpr,fedavg__peer-present,gappusin,mcndroid-static,valid-fpr-leave-one-out,338,8,0.22351984271535502,0.16716225573165105,8,0.11693393799636226,0.3462825014616825,D-post-hoc-diagnostic
equal-test-fpr,fedavg__peer-present,gappusin,mcndroid-static,valid-fpr-leave-one-out,339,8,0.24542437262875955,0.2255101801188268,8,0.14961561713735982,0.35318441172946136,D-post-hoc-diagnostic
equal-test-fpr,fedavg__peer-present,gappusin,mcndroid-static,valid-fpr-only,,9,0.22222264935872613,0.21184510250569477,9,0.12745848616639713,0.3306902291317691,D-post-hoc-diagnostic
equal-test-fpr,fedavg__peer-present,gappusin,report-json,all-seeds,,10,-0.12438605890468413,-0.13956544594357806,2,-0.18410425921970944,-0.06138837023388537,D-post-hoc-diagnostic
equal-test-fpr,fedavg__peer-present,gappusin,report-json,leave-one-seed-out,330,9,-0.13100925123462426,-0.15384615384615385,2,-0.19150824567533437,-0.06108265206301448,D-post-hoc-diagnostic
equal-test-fpr,fedavg__peer-present,gappusin,report-json,leave-one-seed-out,331,9,-0.1299593094359033,-0.15384615384615385,2,-0.1912860695232387,-0.0599339107428961,D-post-hoc-diagnostic
equal-test-fpr,fedavg__peer-present,gappusin,report-json,leave-one-seed-out,332,9,-0.13913111740010198,-0.15384615384615385,1,-0.1943054453344068,-0.07553395885419345,D-post-hoc-diagnostic
equal-test-fpr,fedavg__peer-present,gappusin,report-json,leave-one-seed-out,333,9,-0.12111271502229859,-0.12528473804100226,2,-0.18741757923616806,-0.054768511773207525,D-post-hoc-diagnostic
equal-test-fpr,fedavg__peer-present,gappusin,report-json,leave-one-seed-out,334,9,-0.10628301735678003,-0.12528473804100226,2,-0.15793826645648548,-0.0462717589792663,D-post-hoc-diagnostic
equal-test-fpr,fedavg__peer-present,gappusin,report-json,leave-one-seed-out,335,9,-0.14297135952245255,-0.15384615384615385,1,-0.19730360353066215,-0.08624511443595806,D-post-hoc-diagnostic
equal-test-fpr,fedavg__peer-present,gappusin,report-json,leave-one-seed-out,336,9,-0.11979650902773001,-0.12528473804100226,2,-0.18550450679605224,-0.05322962318990016,D-post-hoc-diagnostic
equal-test-fpr,fedavg__peer-present,gappusin,report-json,leave-one-seed-out,337,9,-0.11615254182015941,-0.12528473804100226,2,-0.1812585064773873,-0.05216274962568133,D-post-hoc-diagnostic
equal-test-fpr,fedavg__peer-present,gappusin,report-json,leave-one-seed-out,338,9,-0.12428620566731545,-0.15384615384615385,2,-0.18802570993374174,-0.05554664179463889,D-post-hoc-diagnostic
equal-test-fpr,fedavg__peer-present,gappusin,report-json,leave-one-seed-out,339,9,-0.11315856255947561,-0.12528473804100226,2,-0.1766279974740516,-0.050505069575451006,D-post-hoc-diagnostic
equal-test-fpr,fedavg__peer-present,gappusin,report-json,valid-fpr-leave-one-out,330,8,-0.12815463840818309,-0.14548837291913663,2,-0.19729540092689812,-0.0466465922024525,D-post-hoc-diagnostic
equal-test-fpr,fedavg__peer-present,gappusin,report-json,valid-fpr-leave-one-out,331,8,-0.126973453884622,-0.14548837291913663,2,-0.1968830516331349,-0.0461638090971717,D-post-hoc-diagnostic
equal-test-fpr,fedavg__peer-present,gappusin,report-json,valid-fpr-leave-one-out,332,8,-0.13729173784434548,-0.14548837291913663,1,-0.19881970963007936,-0.06124575142176053,D-post-hoc-diagnostic
equal-test-fpr,fedavg__peer-present,gappusin,report-json,valid-fpr-leave-one-out,334,8,-0.1003376252956083,-0.09975577108235681,2,-0.16024985839691178,-0.03566780649729576,D-post-hoc-diagnostic
equal-test-fpr,fedavg__peer-present,gappusin,report-json,valid-fpr-leave-one-out,335,8,-0.14161201023198985,-0.14548837291913663,1,-0.2044839873213812,-0.07880700015581729,D-post-hoc-diagnostic
equal-test-fpr,fedavg__peer-present,gappusin,report-json,valid-fpr-leave-one-out,336,8,-0.11554030342542704,-0.09975577108235681,2,-0.19384134672658387,-0.042035128696271656,D-post-hoc-diagnostic
equal-test-fpr,fedavg__peer-present,gappusin,report-json,valid-fpr-leave-one-out,337,8,-0.11144084031691011,-0.09975577108235681,2,-0.18949777571221876,-0.04139787937649575,D-post-hoc-diagnostic
equal-test-fpr,fedavg__peer-present,gappusin,report-json,valid-fpr-leave-one-out,338,8,-0.12059121214496063,-0.11995940596049118,2,-0.19623136648301664,-0.04439851293764345,D-post-hoc-diagnostic
equal-test-fpr,fedavg__peer-present,gappusin,report-json,valid-fpr-leave-one-out,339,8,-0.10807261364864082,-0.09975577108235681,2,-0.18277656442482793,-0.04027359415878744,D-post-hoc-diagnostic
equal-test-fpr,fedavg__peer-present,gappusin,report-json,valid-fpr-only,,9,-0.12111271502229859,-0.12528473804100226,2,-0.18741757923616806,-0.054768511773207525,D-post-hoc-diagnostic
equal-test-fpr,fedavg__peer-present,hiddad,call-graph,all-seeds,,10,-0.0666922113369973,-0.056249199641439374,1,-0.11116336131890131,-0.037648567333562734,D-post-hoc-diagnostic
equal-test-fpr,fedavg__peer-present,hiddad,call-graph,leave-one-seed-out,330,9,-0.06842524698433602,-0.06140350877192985,1,-0.11511913531626491,-0.035682373163314136,D-post-hoc-diagnostic
equal-test-fpr,fedavg__peer-present,hiddad,call-graph,leave-one-seed-out,331,9,-0.06359825536043585,-0.0510948905109489,1,-0.11403028929853884,-0.03282624440919269,D-post-hoc-diagnostic
equal-test-fpr,fedavg__peer-present,hiddad,call-graph,leave-one-seed-out,332,9,-0.06680944974810082,-0.0510948905109489,1,-0.11498662717641053,-0.034611633286912684,D-post-hoc-diagnostic
equal-test-fpr,fedavg__peer-present,hiddad,call-graph,leave-one-seed-out,333,9,-0.06727984495533813,-0.0510948905109489,1,-0.11498895345679959,-0.034927068899392205,D-post-hoc-diagnostic
equal-test-fpr,fedavg__peer-present,hiddad,call-graph,leave-one-seed-out,334,9,-0.06970597422735912,-0.06140350877192985,1,-0.11614301488607015,-0.037609060765953106,D-post-hoc-diagnostic
equal-test-fpr,fedavg__peer-present,hiddad,call-graph,leave-one-seed-out,335,9,-0.07245636650612869,-0.06140350877192985,1,-0.11754055644470801,-0.041507798092653043,D-post-hoc-diagnostic
equal-test-fpr,fedavg__peer-present,hiddad,call-graph,leave-one-seed-out,336,9,-0.0749316444374597,-0.06140350877192985,0,-0.11986587517165471,-0.04667908404406774,D-post-hoc-diagnostic
equal-test-fpr,fedavg__peer-present,hiddad,call-graph,leave-one-seed-out,337,9,-0.07189129065083726,-0.06140350877192985,1,-0.11691200183387895,-0.03977571322048065,D-post-hoc-diagnostic
equal-test-fpr,fedavg__peer-present,hiddad,call-graph,leave-one-seed-out,338,9,-0.05893370467099057,-0.0510948905109489,1,-0.10826778201834458,-0.03239093977517095,D-post-hoc-diagnostic
equal-test-fpr,fedavg__peer-present,hiddad,call-graph,leave-one-seed-out,339,9,-0.05289033582898692,-0.0510948905109489,1,-0.08333287069894185,-0.02932349509865481,D-post-hoc-diagnostic
equal-test-fpr,fedavg__peer-present,hiddad,call-graph,valid-fpr-leave-one-out,330,7,-0.07355076696619334,-0.06563706563706562,1,-0.1304480698750352,-0.030640441370554806,D-post-hoc-diagnostic
equal-test-fpr,fedavg__peer-present,hiddad,call-graph,valid-fpr-leave-one-out,331,7,-0.06734463487832168,-0.0510948905109489,1,-0.12958284228981115,-0.026562620021944556,D-post-hoc-diagnostic
equal-test-fpr,fedavg__peer-present,hiddad,call-graph,valid-fpr-leave-one-out,332,7,-0.0714733133767481,-0.0510948905109489,1,-0.1296438947450103,-0.028562987781109557,D-post-hoc-diagnostic
equal-test-fpr,fedavg__peer-present,hiddad,call-graph,valid-fpr-leave-one-out,335,7,-0.07873363492278392,-0.06563706563706562,1,-0.13150225933319937,-0.03628975278108894,D-post-hoc-diagnostic
equal-test-fpr,fedavg__peer-present,hiddad,call-graph,valid-fpr-leave-one-out,336,7,-0.0819161351202095,-0.06563706563706562,0,-0.13408791281117946,-0.04487136864628579,D-post-hoc-diagnostic
equal-test-fpr,fedavg__peer-present,hiddad,call-graph,valid-fpr-leave-one-out,337,7,-0.07800710882312349,-0.06563706563706562,1,-0.13150225933319937,-0.03610137736644993,D-post-hoc-diagnostic
equal-test-fpr,fedavg__peer-present,hiddad,call-graph,valid-fpr-leave-one-out,338,7,-0.06134735542046347,-0.0510948905109489,1,-0.12330791783097142,-0.026980633607004607,D-post-hoc-diagnostic
equal-test-fpr,fedavg__peer-present,hiddad,call-graph,valid-fpr-leave-one-out,339,7,-0.05357730976645877,-0.0510948905109489,1,-0.09153236896852526,-0.024075504120015665,D-post-hoc-diagnostic
equal-test-fpr,fedavg__peer-present,hiddad,call-graph,valid-fpr-only,,8,-0.07074378240928778,-0.05836597807400726,1,-0.12326911012118266,-0.033643256107576826,D-post-hoc-diagnostic
equal-test-fpr,fedavg__peer-present,hiddad,mcndroid-static,all-seeds,,10,-0.04365662459532272,-0.0880458882439401,4,-0.15314286859430964,0.09642874708414016,D-post-hoc-diagnostic
equal-test-fpr,fedavg__peer-present,hiddad,mcndroid-static,leave-one-seed-out,330,9,-0.03918051556820124,-0.09215017064846415,4,-0.15941276674285215,0.11208207512826628,D-post-hoc-diagnostic
equal-test-fpr,fedavg__peer-present,hiddad,mcndroid-static,leave-one-seed-out,331,9,-0.0013551664504519475,-0.08394160583941607,4,-0.07079676034014087,0.1695381176701828,D-post-hoc-diagnostic
equal-test-fpr,fedavg__peer-present,hiddad,mcndroid-static,leave-one-seed-out,332,9,-0.0929089050630141,-0.09215017064846415,3,-0.2232426799270213,-0.0285060525983115,D-post-hoc-diagnostic
equal-test-fpr,fedavg__peer-present,hiddad,mcndroid-static,leave-one-seed-out,333,9,-0.03534946592462758,-0.08394160583941607,4,-0.15680626845382217,0.1144243523824788,D-post-hoc-diagnostic
equal-test-fpr,fedavg__peer-present,hiddad,mcndroid-static,leave-one-seed-out,334,9,-0.05050576194044651,-0.09215017064846415,3,-0.16660710551387992,0.10821457677651178,D-post-hoc-diagnostic
equal-test-fpr,fedavg__peer-present,hiddad,mcndroid-static,leave-one-seed-out,335,9,-0.03780777218410343,-0.08394160583941607,4,-0.15892175695418467,0.11332239234002615,D-post-hoc-diagnostic
equal-test-fpr,fedavg__peer-present,hiddad,mcndroid-static,leave-one-seed-out,336,9,-0.034825768621668696,-0.08394160583941607,4,-0.15587626426082807,0.11540587244267135,D-post-hoc-diagnostic
equal-test-fpr,fedavg__peer-present,hiddad,mcndroid-static,leave-one-seed-out,337,9,-0.057352026222553164,-0.09215017064846415,3,-0.1695516568211311,0.1011517889441238,D-post-hoc-diagnostic
equal-test-fpr,fedavg__peer-present,hiddad,mcndroid-static,leave-one-seed-out,338,9,-0.03826845281164034,-0.08394160583941607,4,-0.16192005021132144,0.11221954134000685,D-post-hoc-diagnostic
equal-test-fpr,fedavg__peer-present,hiddad,mcndroid-static,leave-one-seed-out,339,9,-0.0490124111665202,-0.09215017064846415,3,-0.1678379430814892,0.10717233328346373,D-post-hoc-diagnostic
equal-test-fpr,fedavg__peer-present,hiddad,mcndroid-static,valid-fpr-leave-one-out,330,8,-0.029275448435279024,-0.04380235805150476,4,-0.1699278318170303,0.13020223476830892,D-post-hoc-diagnostic
equal-test-fpr,fedavg__peer-present,hiddad,mcndroid-static,valid-fpr-leave-one-out,331,8,0.013278069322188932,-0.03969807564698072,4,-0.06286026032891447,0.1938266321805162,D-post-hoc-diagnostic
equal-test-fpr,fedavg__peer-present,hiddad,mcndroid-static,valid-fpr-leave-one-out,332,8,-0.08971988661694348,-0.0880458882439401,3,-0.2368226505044288,-0.01846549382774166,D-post-hoc-diagnostic
equal-test-fpr,fedavg__peer-present,hiddad,mcndroid-static,valid-fpr-leave-one-out,334,8,-0.042016350604054946,-0.0880458882439401,3,-0.17643961016734783,0.12245211411787293,D-post-hoc-diagnostic
equal-test-fpr,fedavg__peer-present,hiddad,mcndroid-static,valid-fpr-leave-one-out,335,8,-0.027731112128168985,-0.03969807564698072,4,-0.17006351513058734,0.1277035681840732,D-post-hoc-diagnostic
equal-test-fpr,fedavg__peer-present,hiddad,mcndroid-static,valid-fpr-leave-one-out,336,8,-0.02437635812042991,-0.03969807564698072,4,-0.16722174159523218,0.12897007354139045,D-post-hoc-diagnostic
equal-test-fpr,fedavg__peer-present,hiddad,mcndroid-static,valid-fpr-leave-one-out,337,8,-0.049718397921424934,-0.0880458882439401,3,-0.17672818466919926,0.11797442272828008,D-post-hoc-diagnostic
equal-test-fpr,fedavg__peer-present,hiddad,mcndroid-static,valid-fpr-leave-one-out,338,8,-0.028249377834148007,-0.03969807564698072,4,-0.16890176121589928,0.12876930109463885,D-post-hoc-diagnostic
equal-test-fpr,fedavg__peer-present,hiddad,mcndroid-static,valid-fpr-leave-one-out,339,8,-0.040336330983387854,-0.0880458882439401,3,-0.17708470784997143,0.12605568958891922,D-post-hoc-diagnostic
equal-test-fpr,fedavg__peer-present,hiddad,mcndroid-static,valid-fpr-only,,9,-0.03534946592462758,-0.08394160583941607,4,-0.15680626845382217,0.1144243523824788,D-post-hoc-diagnostic
equal-test-fpr,fedavg__peer-present,hiddad,report-json,all-seeds,,10,-0.19400772935366084,-0.15103916866506795,0,-0.29632444515926093,-0.13524572133227164,D-post-hoc-diagnostic
equal-test-fpr,fedavg__peer-present,hiddad,report-json,leave-one-seed-out,330,9,-0.20542626862491103,-0.17985611510791366,0,-0.3092555708267224,-0.13902277243365563,D-post-hoc-diagnostic
equal-test-fpr,fedavg__peer-present,hiddad,report-json,leave-one-seed-out,331,9,-0.1621094285068687,-0.12222222222222223,0,-0.22171737456414703,-0.11528168876801564,D-post-hoc-diagnostic
equal-test-fpr,fedavg__peer-present,hiddad,report-json,leave-one-seed-out,332,9,-0.20419563235777846,-0.17985611510791366,0,-0.30901642879378594,-0.13835423998532947,D-post-hoc-diagnostic
equal-test-fpr,fedavg__peer-present,hiddad,report-json,leave-one-seed-out,333,9,-0.20435556672823915,-0.17985611510791366,0,-0.3088950726220142,-0.13856367513675993,D-post-hoc-diagnostic
equal-test-fpr,fedavg__peer-present,hiddad,report-json,leave-one-seed-out,334,9,-0.19558013093652163,-0.12222222222222223,0,-0.3040291405090424,-0.12846264026857412,D-post-hoc-diagnostic
equal-test-fpr,fedavg__peer-present,hiddad,report-json,leave-one-seed-out,335,9,-0.20198389681270956,-0.17985611510791366,0,-0.30721539710647333,-0.13504976304595173,D-post-hoc-diagnostic
equal-test-fpr,fedavg__peer-present,hiddad,report-json,leave-one-seed-out,336,9,-0.18073827307952364,-0.12222222222222223,0,-0.3006086462010815,-0.12348705915953066,D-post-hoc-diagnostic
equal-test-fpr,fedavg__peer-present,hiddad,report-json,leave-one-seed-out,337,9,-0.2083778529579095,-0.17985611510791366,0,-0.3119862642154906,-0.14603966572921412,D-post-hoc-diagnostic
equal-test-fpr,fedavg__peer-present,hiddad,report-json,leave-one-seed-out,338,9,-0.18901882707858408,-0.12222222222222223,0,-0.30798822793522335,-0.12536713075356706,D-post-hoc-diagnostic
equal-test-fpr,fedavg__peer-present,hiddad,report-json,leave-one-seed-out,339,9,-0.18829141645356257,-0.12222222222222223,0,-0.3076966882122528,-0.12495958886946693,D-post-hoc-diagnostic
equal-test-fpr,fedavg__peer-present,hiddad,report-json,valid-fpr-leave-one-out,330,8,-0.21849490308021793,-0.2093819824686326,0,-0.32657941239253585,-0.14720848947895282,D-post-hoc-diagnostic
equal-test-fpr,fedavg__peer-present,hiddad,report-json,valid-fpr-leave-one-out,331,8,-0.1697634579474203,-0.15103916866506795,0,-0.2315746500032433,-0.11690401940326664,D-post-hoc-diagnostic
equal-test-fpr,fedavg__peer-present,hiddad,report-json,valid-fpr-leave-one-out,332,8,-0.21711043727969376,-0.2093819824686326,0,-0.330201018245793,-0.14578175107950575,D-post-hoc-diagnostic
equal-test-fpr,fedavg__peer-present,hiddad,report-json,valid-fpr-leave-one-out,334,8,-0.20741799818077983,-0.18056503602578688,0,-0.3238189704448273,-0.13364183584162193,D-post-hoc-diagnostic
equal-test-fpr,fedavg__peer-present,hiddad,report-json,valid-fpr-leave-one-out,335,8,-0.21462223479149126,-0.2093819824686326,0,-0.32472128068065276,-0.14190908279077907,D-post-hoc-diagnostic
equal-test-fpr,fedavg__peer-present,hiddad,report-json,valid-fpr-leave-one-out,336,8,-0.1907209080916571,-0.15103916866506795,0,-0.3239752783976273,-0.1257641286157598,D-post-hoc-diagnostic
equal-test-fpr,fedavg__peer-present,hiddad,report-json,valid-fpr-leave-one-out,337,8,-0.22181543545484117,-0.2093819824686326,0,-0.3332183285204985,-0.15585975659686668,D-post-hoc-diagnostic
equal-test-fpr,fedavg__peer-present,hiddad,report-json,valid-fpr-leave-one-out,338,8,-0.2000365313406001,-0.15103916866506795,0,-0.32167098883440925,-0.12796693136943324,D-post-hoc-diagnostic
equal-test-fpr,fedavg__peer-present,hiddad,report-json,valid-fpr-leave-one-out,339,8,-0.19921819438745086,-0.15103916866506795,0,-0.32215365474568125,-0.12796988835534323,D-post-hoc-diagnostic
equal-test-fpr,fedavg__peer-present,hiddad,report-json,valid-fpr-only,,9,-0.20435556672823915,-0.17985611510791366,0,-0.3088950726220142,-0.13856367513675993,D-post-hoc-diagnostic
equal-test-fpr,fedavg__peer-present,priority-macro,call-graph,all-seeds,,10,0.13435129324413148,0.10953878209732107,10,0.09359124933383063,0.1933028729148516,D-post-hoc-diagnostic
equal-test-fpr,fedavg__peer-present,priority-macro,call-graph,leave-one-seed-out,330,9,0.11665369933951394,0.08804285988464006,9,0.08446209462776447,0.16969761645185222,D-post-hoc-diagnostic
equal-test-fpr,fedavg__peer-present,priority-macro,call-graph,leave-one-seed-out,331,9,0.12130804304733972,0.08804285988464006,9,0.08570871846760471,0.18934480516111887,D-post-hoc-diagnostic
equal-test-fpr,fedavg__peer-present,priority-macro,call-graph,leave-one-seed-out,332,9,0.12911422413681753,0.08804285988464006,9,0.08636782437302164,0.2000006436238721,D-post-hoc-diagnostic
equal-test-fpr,fedavg__peer-present,priority-macro,call-graph,leave-one-seed-out,333,9,0.14159911614739193,0.13103470431000208,9,0.09720621439170823,0.20349256893151774,D-post-hoc-diagnostic
equal-test-fpr,fedavg__peer-present,priority-macro,call-graph,leave-one-seed-out,334,9,0.14231024988914226,0.13103470431000208,9,0.09828837221653823,0.20361749498480167,D-post-hoc-diagnostic
equal-test-fpr,fedavg__peer-present,priority-macro,call-graph,leave-one-seed-out,335,9,0.1343684219420583,0.08804285988464006,9,0.08916827537066936,0.201606723591744,D-post-hoc-diagnostic
equal-test-fpr,fedavg__peer-present,priority-macro,call-graph,leave-one-seed-out,336,9,0.1347198031257014,0.08804285988464006,9,0.08944427236151026,0.20153318404521578,D-post-hoc-diagnostic
equal-test-fpr,fedavg__peer-present,priority-macro,call-graph,leave-one-seed-out,337,9,0.14093792827288645,0.13103470431000208,9,0.09637952704649116,0.20299218191315915,D-post-hoc-diagnostic
equal-test-fpr,fedavg__peer-present,priority-macro,call-graph,leave-one-seed-out,338,9,0.1394966747285194,0.13103470431000208,9,0.09416672207291699,0.2028735815031527,D-post-hoc-diagnostic
equal-test-fpr,fedavg__peer-present,priority-macro,call-graph,leave-one-seed-out,339,9,0.14300477181194365,0.13103470431000208,9,0.09950303858476059,0.20537679652925345,D-post-hoc-diagnostic
equal-test-fpr,fedavg__peer-present,priority-macro,call-graph,valid-fpr-leave-one-out,330,7,0.13114881764311487,0.13103470431000208,7,0.09153543999565657,0.18697979808032805,D-post-hoc-diagnostic
equal-test-fpr,fedavg__peer-present,priority-macro,call-graph,valid-fpr-leave-one-out,331,7,0.1371329738388909,0.13103470431000208,7,0.09381763453593796,0.21167100056042368,D-post-hoc-diagnostic
equal-test-fpr,fedavg__peer-present,priority-macro,call-graph,valid-fpr-leave-one-out,332,7,0.14716949238250523,0.13103470431000208,7,0.09464458606769978,0.22353155809493988,D-post-hoc-diagnostic
equal-test-fpr,fedavg__peer-present,priority-macro,call-graph,valid-fpr-leave-one-out,335,7,0.1539248895606719,0.13103470431000208,7,0.09765263158225157,0.2242753744887917,D-post-hoc-diagnostic
equal-test-fpr,fedavg__peer-present,priority-macro,call-graph,valid-fpr-leave-one-out,336,7,0.154376665368213,0.1341971349627899,7,0.09789701186723465,0.2236103116715485,D-post-hoc-diagnostic
equal-test-fpr,fedavg__peer-present,priority-macro,call-graph,valid-fpr-leave-one-out,337,7,0.1623713977003081,0.1341971349627899,7,0.10778820073760274,0.22562088780786754,D-post-hoc-diagnostic
equal-test-fpr,fedavg__peer-present,priority-macro,call-graph,valid-fpr-leave-one-out,338,7,0.16051835742897902,0.1341971349627899,7,0.1039343848644741,0.22488674818383614,D-post-hoc-diagnostic
equal-test-fpr,fedavg__peer-present,priority-macro,call-graph,valid-fpr-leave-one-out,339,7,0.1650287679648102,0.1341971349627899,7,0.11545958969485079,0.2273702849820595,D-post-hoc-diagnostic
equal-test-fpr,fedavg__peer-present,priority-macro,call-graph,valid-fpr-only,,8,0.15145892023593666,0.132615919636396,8,0.10279204802417616,0.21486775456182472,D-post-hoc-diagnostic
equal-test-fpr,fedavg__peer-present,priority-macro,mcndroid-static,all-seeds,,10,0.10387294097672406,0.07677012105449604,9,0.06540093717128535,0.193677910422049,D-post-hoc-diagnostic
equal-test-fpr,fedavg__peer-present,priority-macro,mcndroid-static,leave-one-seed-out,330,9,0.1025989007767073,0.07404100173761508,8,0.060544077323025164,0.19854567915335203,D-post-hoc-diagnostic
equal-test-fpr,fedavg__peer-present,priority-macro,mcndroid-static,leave-one-seed-out,331,9,0.11599477444241159,0.07949924037137701,9,0.07935567685098659,0.21129044498108177,D-post-hoc-diagnostic
equal-test-fpr,fedavg__peer-present,priority-macro,mcndroid-static,leave-one-seed-out,332,9,0.07759103064554371,0.07404100173761508,8,0.050017219343936,0.10564906057769549,D-post-hoc-diagnostic
equal-test-fpr,fedavg__peer-present,priority-macro,mcndroid-static,leave-one-seed-out,333,9,0.10991741237134041,0.07949924037137701,8,0.06829194651467092,0.20294494956471626,D-post-hoc-diagnostic
equal-test-fpr,fedavg__peer-present,priority-macro,mcndroid-static,leave-one-seed-out,334,9,0.10720695391088808,0.07949924037137701,8,0.0651107843664268,0.2018797136629183,D-post-hoc-diagnostic
equal-test-fpr,fedavg__peer-present,priority-macro,mcndroid-static,leave-one-seed-out,335,9,0.09757184921057392,0.07404100173761508,8,0.05868746298650889,0.19676824243165525,D-post-hoc-diagnostic
equal-test-fpr,fedavg__peer-present,priority-macro,mcndroid-static,leave-one-seed-out,336,9,0.10658112993287372,0.07404100173761508,8,0.06408830941261666,0.20212517814613662,D-post-hoc-diagnostic
equal-test-fpr,fedavg__peer-present,priority-macro,mcndroid-static,leave-one-seed-out,337,9,0.10718760089218059,0.07949924037137701,8,0.06473927982641836,0.20227529782056006,D-post-hoc-diagnostic
equal-test-fpr,fedavg__peer-present,priority-macro,mcndroid-static,leave-one-seed-out,338,9,0.1082591347482122,0.07949924037137701,8,0.06598645818877816,0.20366161453873766,D-post-hoc-diagnostic
equal-test-fpr,fedavg__peer-present,priority-macro,mcndroid-static,leave-one-seed-out,339,9,0.10582062283650893,0.07404100173761508,8,0.06300906274514279,0.20100246217607667,D-post-hoc-diagnostic
equal-test-fpr,fedavg__peer-present,priority-macro,mcndroid-static,valid-fpr-leave-one-out,330,8,0.10923967607064863,0.07677012105449604,7,0.06380436861226021,0.2169474491903538,D-post-hoc-diagnostic
equal-test-fpr,fedavg__peer-present,priority-macro,mcndroid-static,valid-fpr-leave-one-out,331,8,0.12431003394456594,0.08292152230501854,8,0.08483526364638411,0.23717576797093287,D-post-hoc-diagnostic
equal-test-fpr,fedavg__peer-present,priority-macro,mcndroid-static,valid-fpr-leave-one-out,332,8,0.08110582217308959,0.07677012105449604,7,0.048731425488906896,0.11025214411751906,D-post-hoc-diagnostic
equal-test-fpr,fedavg__peer-present,priority-macro,mcndroid-static,valid-fpr-leave-one-out,334,8,0.11442373584660201,0.08292152230501854,7,0.06663451211842075,0.21063643210829566,D-post-hoc-diagnostic
equal-test-fpr,fedavg__peer-present,priority-macro,mcndroid-static,valid-fpr-leave-one-out,335,8,0.10358424305874858,0.07677012105449604,7,0.058816640041441326,0.2085529676421684,D-post-hoc-diagnostic
equal-test-fpr,fedavg__peer-present,priority-macro,mcndroid-static,valid-fpr-leave-one-out,336,8,0.11371968387133585,0.08019240298813757,7,0.06512247029089177,0.20889404700313327,D-post-hoc-diagnostic
equal-test-fpr,fedavg__peer-present,priority-macro,mcndroid-static,valid-fpr-leave-one-out,337,8,0.11440196370055608,0.08292152230501854,7,0.0659599851290451,0.20880649849873395,D-post-hoc-diagnostic
equal-test-fpr,fedavg__peer-present,priority-macro,mcndroid-static,valid-fpr-leave-one-out,338,8,0.11560743928859163,0.08292152230501854,7,0.06767407700180475,0.20965643075107215,D-post-hoc-diagnostic
equal-test-fpr,fedavg__peer-present,priority-macro,mcndroid-static,valid-fpr-leave-one-out,339,8,0.11286411338792546,0.07677012105449604,7,0.06427024341796425,0.20833005913357583,D-post-hoc-diagnostic
equal-test-fpr,fedavg__peer-present,priority-macro,mcndroid-static,valid-fpr-only,,9,0.10991741237134041,0.07949924037137701,8,0.06829194651467092,0.20294494956471626,D-post-hoc-diagnostic
equal-test-fpr,fedavg__peer-present,priority-macro,report-json,all-seeds,,10,-0.15357462947895503,-0.16223216364312992,0,-0.19506698306873166,-0.10475518547783562,D-post-hoc-diagnostic
equal-test-fpr,fedavg__peer-present,priority-macro,report-json,leave-one-seed-out,330,9,-0.16827882862328564,-0.16743205412086354,0,-0.20380382225567498,-0.12667536055691092,D-post-hoc-diagnostic
equal-test-fpr,fedavg__peer-present,priority-macro,report-json,leave-one-seed-out,331,9,-0.1469670414615047,-0.1570322731653963,0,-0.19134550593266936,-0.0973081699302112,D-post-hoc-diagnostic
equal-test-fpr,fedavg__peer-present,priority-macro,report-json,leave-one-seed-out,332,9,-0.1640155674457295,-0.16743205412086354,0,-0.20109209647722975,-0.11253428882355238,D-post-hoc-diagnostic
equal-test-fpr,fedavg__peer-present,priority-macro,report-json,leave-one-seed-out,333,9,-0.15203491562985408,-0.1570322731653963,0,-0.1970647070150948,-0.10062541690975049,D-post-hoc-diagnostic
equal-test-fpr,fedavg__peer-present,priority-macro,report-json,leave-one-seed-out,334,9,-0.1425579276081343,-0.1570322731653963,0,-0.1818347625194118,-0.0961299058008653,D-post-hoc-diagnostic
equal-test-fpr,fedavg__peer-present,priority-macro,report-json,leave-one-seed-out,335,9,-0.15877005886792858,-0.16743205412086354,0,-0.19986568443464892,-0.1041052745291707,D-post-hoc-diagnostic
equal-test-fpr,fedavg__peer-present,priority-macro,report-json,leave-one-seed-out,336,9,-0.14363385336112908,-0.1570322731653963,0,-0.18357518237855724,-0.09641383597903981,D-post-hoc-diagnostic
equal-test-fpr,fedavg__peer-present,priority-macro,report-json,leave-one-seed-out,337,9,-0.1553754957250021,-0.16743205412086354,0,-0.19928942866175925,-0.10152794077946707,D-post-hoc-diagnostic
equal-test-fpr,fedavg__peer-present,priority-macro,report-json,leave-one-seed-out,338,9,-0.15319044684712824,-0.16743205412086354,0,-0.1985550213423361,-0.09951629378487142,D-post-hoc-diagnostic
equal-test-fpr,fedavg__peer-present,priority-macro,report-json,leave-one-seed-out,339,9,-0.15092215921985425,-0.1570322731653963,0,-0.1969352666678953,-0.09917357348297559,D-post-hoc-diagnostic
equal-test-fpr,fedavg__peer-present,priority-macro,report-json,valid-fpr-leave-one-out,330,8,-0.16838467543608843,-0.1672395674881293,0,-0.20827181619602264,-0.12124635535074851,D-post-hoc-diagnostic
equal-test-fpr,fedavg__peer-present,priority-macro,report-json,valid-fpr-leave-one-out,331,8,-0.14440891487908483,-0.14719955321496403,0,-0.1961464631859567,-0.09097648648599073,D-post-hoc-diagnostic
equal-test-fpr,fedavg__peer-present,priority-macro,report-json,valid-fpr-leave-one-out,332,8,-0.16358850661133778,-0.1672395674881293,0,-0.20646980491911787,-0.10566571073192503,D-post-hoc-diagnostic
equal-test-fpr,fedavg__peer-present,priority-macro,report-json,valid-fpr-leave-one-out,334,8,-0.13944866179404314,-0.14719955321496403,0,-0.18490216102433943,-0.08753346932357275,D-post-hoc-diagnostic
equal-test-fpr,fedavg__peer-present,priority-macro,report-json,valid-fpr-leave-one-out,335,8,-0.1576873094613117,-0.1672395674881293,0,-0.20549259471297648,-0.09657619117119706,D-post-hoc-diagnostic
equal-test-fpr,fedavg__peer-present,priority-macro,report-json,valid-fpr-leave-one-out,336,8,-0.14065907826616225,-0.14719955321496403,0,-0.18903199301032536,-0.08998935819226975,D-post-hoc-diagnostic
equal-test-fpr,fedavg__peer-present,priority-macro,report-json,valid-fpr-leave-one-out,337,8,-0.15386842592551941,-0.1672395674881293,0,-0.20450361496877562,-0.09371239303008701,D-post-hoc-diagnostic
equal-test-fpr,fedavg__peer-present,priority-macro,report-json,valid-fpr-leave-one-out,338,8,-0.15141024593791133,-0.15740684753769701,0,-0.2032704820412197,-0.09228243708020477,D-post-hoc-diagnostic
equal-test-fpr,fedavg__peer-present,priority-macro,report-json,valid-fpr-leave-one-out,339,8,-0.14885842235722807,-0.14719955321496403,0,-0.20106822625479345,-0.09212776462238692,D-post-hoc-diagnostic
equal-test-fpr,fedavg__peer-present,priority-macro,report-json,valid-fpr-only,,9,-0.15203491562985408,-0.1570322731653963,0,-0.1970647070150948,-0.10062541690975049,D-post-hoc-diagnostic
equal-test-fpr,fedavg__peer-present,revmob,call-graph,all-seeds,,10,0.2629772317866196,0.24195136016544702,10,0.18084527691718538,0.37248733933194633,D-post-hoc-diagnostic
equal-test-fpr,fedavg__peer-present,revmob,call-graph,leave-one-seed-out,330,9,0.2340772660876969,0.21158129175946544,9,0.16664725771243027,0.3492518458809179,D-post-hoc-diagnostic
equal-test-fpr,fedavg__peer-present,revmob,call-graph,leave-one-seed-out,331,9,0.2314561834666143,0.21158129175946544,9,0.16500102111325743,0.3366159337719015,D-post-hoc-diagnostic
equal-test-fpr,fedavg__peer-present,revmob,call-graph,leave-one-seed-out,332,9,0.26193898769941854,0.21158129175946544,9,0.17358608881359328,0.38848765438863314,D-post-hoc-diagnostic
equal-test-fpr,fedavg__peer-present,revmob,call-graph,leave-one-seed-out,333,9,0.27197038699052656,0.2723214285714286,9,0.18327045490633914,0.3923870401305195,D-post-hoc-diagnostic
equal-test-fpr,fedavg__peer-present,revmob,call-graph,leave-one-seed-out,334,9,0.27808757676467427,0.2723214285714286,9,0.19286458064847267,0.39457693041276676,D-post-hoc-diagnostic
equal-test-fpr,fedavg__peer-present,revmob,call-graph,leave-one-seed-out,335,9,0.2873660063329589,0.2723214285714286,9,0.21283033664238782,0.40442263150171365,D-post-hoc-diagnostic
equal-test-fpr,fedavg__peer-present,revmob,call-graph,leave-one-seed-out,336,9,0.26082719240658875,0.21158129175946544,9,0.17150825835065664,0.3871361679327243,D-post-hoc-diagnostic
equal-test-fpr,fedavg__peer-present,revmob,call-graph,leave-one-seed-out,337,9,0.2739936145146837,0.2723214285714286,9,0.18329992299222403,0.3926526111530545,D-post-hoc-diagnostic
equal-test-fpr,fedavg__peer-present,revmob,call-graph,leave-one-seed-out,338,9,0.2686878917896367,0.2723214285714286,9,0.17685334517634566,0.3916908276004934,D-post-hoc-diagnostic
equal-test-fpr,fedavg__peer-present,revmob,call-graph,leave-one-seed-out,339,9,0.26136721181339684,0.21158129175946544,9,0.17230526023475598,0.3875206052560597,D-post-hoc-diagnostic
equal-test-fpr,fedavg__peer-present,revmob,call-graph,valid-fpr-leave-one-out,330,7,0.25681034755052695,0.2723214285714286,7,0.16773321438458716,0.3823099952148403,D-post-hoc-diagnostic
equal-test-fpr,fedavg__peer-present,revmob,call-graph,valid-fpr-leave-one-out,331,7,0.25344038418056364,0.2723214285714286,7,0.16705674295628284,0.3681547359938463,D-post-hoc-diagnostic
equal-test-fpr,fedavg__peer-present,revmob,call-graph,valid-fpr-leave-one-out,332,7,0.2926325610513119,0.2774674115456238,7,0.1795407091868149,0.4259442519209423,D-post-hoc-diagnostic
equal-test-fpr,fedavg__peer-present,revmob,call-graph,valid-fpr-leave-one-out,335,7,0.32532444215157813,0.2774674115456238,7,0.24035714789958723,0.450230400838456,D-post-hoc-diagnostic
equal-test-fpr,fedavg__peer-present,revmob,call-graph,valid-fpr-leave-one-out,336,7,0.2912031099605308,0.2723214285714286,7,0.17645120654528507,0.4238204901642651,D-post-hoc-diagnostic
equal-test-fpr,fedavg__peer-present,revmob,call-graph,valid-fpr-leave-one-out,337,7,0.30813136695665283,0.2774674115456238,7,0.19248307350802937,0.4252499412550463,D-post-hoc-diagnostic
equal-test-fpr,fedavg__peer-present,revmob,call-graph,valid-fpr-leave-one-out,338,7,0.30130972345302093,0.2774674115456238,7,0.17997424398844042,0.42596430984886724,D-post-hoc-diagnostic
equal-test-fpr,fedavg__peer-present,revmob,call-graph,valid-fpr-leave-one-out,339,7,0.29189742062642693,0.2723214285714286,7,0.17577880495172177,0.4237796604052762,D-post-hoc-diagnostic
equal-test-fpr,fedavg__peer-present,revmob,call-graph,valid-fpr-only,,8,0.29009366949132653,0.2748944200585262,8,0.1897019279973695,0.4118543215795314,D-post-hoc-diagnostic
equal-test-fpr,fedavg__peer-present,revmob,mcndroid-static,all-seeds,,10,0.14776590559348382,0.138994708994709,10,0.09863285509674388,0.19800348813448,D-post-hoc-diagnostic
equal-test-fpr,fedavg__peer-present,revmob,mcndroid-static,leave-one-seed-out,330,9,0.1616202369842128,0.16952380952380952,9,0.11577408385802862,0.21137612118652288,D-post-hoc-diagnostic
equal-test-fpr,fedavg__peer-present,revmob,mcndroid-static,leave-one-seed-out,331,9,0.1453483607123365,0.10846560846560849,9,0.09351381481563167,0.2032229798286311,D-post-hoc-diagnostic
equal-test-fpr,fedavg__peer-present,revmob,mcndroid-static,leave-one-seed-out,332,9,0.13615854589752172,0.10846560846560849,9,0.09009091442110122,0.19022028146601233,D-post-hoc-diagnostic
equal-test-fpr,fedavg__peer-present,revmob,mcndroid-static,leave-one-seed-out,333,9,0.14287905367992268,0.10846560846560849,9,0.09190790880349708,0.20090072477271867,D-post-hoc-diagnostic
equal-test-fpr,fedavg__peer-present,revmob,mcndroid-static,leave-one-seed-out,334,9,0.15213260527435887,0.16952380952380952,9,0.09863444373880823,0.20731238989674883,D-post-hoc-diagnostic
equal-test-fpr,fedavg__peer-present,revmob,mcndroid-static,leave-one-seed-out,335,9,0.15408332944730527,0.16952380952380952,9,0.10114339821067811,0.20821230238820448,D-post-hoc-diagnostic
equal-test-fpr,fedavg__peer-present,revmob,mcndroid-static,leave-one-seed-out,336,9,0.13353299855214676,0.10846560846560849,9,0.08988190391036024,0.18508615815058324,D-post-hoc-diagnostic
equal-test-fpr,fedavg__peer-present,revmob,mcndroid-static,leave-one-seed-out,337,9,0.15591010786982837,0.16952380952380952,9,0.10131123356129978,0.20895169885905884,D-post-hoc-diagnostic
equal-test-fpr,fedavg__peer-present,revmob,mcndroid-static,leave-one-seed-out,338,9,0.15601804407689737,0.16952380952380952,9,0.10132503310657137,0.20883557872131858,D-post-hoc-diagnostic
equal-test-fpr,fedavg__peer-present,revmob,mcndroid-static,leave-one-seed-out,339,9,0.13997577344030787,0.10846560846560849,9,0.09119816315264503,0.1978442411624323,D-post-hoc-diagnostic
equal-test-fpr,fedavg__peer-present,revmob,mcndroid-static,valid-fpr-leave-one-out,330,8,0.15785432000529762,0.138994708994709,8,0.10991859240618437,0.21513890497364538,D-post-hoc-diagnostic
equal-test-fpr,fedavg__peer-present,revmob,mcndroid-static,valid-fpr-leave-one-out,331,8,0.13954845919943681,0.09968734968734971,8,0.08439661228254862,0.20699585342582993,D-post-hoc-diagnostic
equal-test-fpr,fedavg__peer-present,revmob,mcndroid-static,valid-fpr-leave-one-out,332,8,0.12920991753277014,0.09968734968734971,8,0.08168937806997725,0.1924034884928383,D-post-hoc-diagnostic
equal-test-fpr,fedavg__peer-present,revmob,mcndroid-static,valid-fpr-leave-one-out,334,8,0.14718073433171194,0.13021645021645023,8,0.08937304892109897,0.2109476528464237,D-post-hoc-diagnostic
equal-test-fpr,fedavg__peer-present,revmob,mcndroid-static,valid-fpr-leave-one-out,335,8,0.14937529902627664,0.138994708994709,8,0.09188801745879056,0.2117718793419225,D-post-hoc-diagnostic
equal-test-fpr,fedavg__peer-present,revmob,mcndroid-static,valid-fpr-leave-one-out,336,8,0.12625617676922335,0.09968734968734971,8,0.08136053784436496,0.1834444355783627,D-post-hoc-diagnostic
equal-test-fpr,fedavg__peer-present,revmob,mcndroid-static,valid-fpr-leave-one-out,337,8,0.15143042475161514,0.138994708994709,8,0.09396597325763321,0.21098521745674154,D-post-hoc-diagnostic
equal-test-fpr,fedavg__peer-present,revmob,mcndroid-static,valid-fpr-leave-one-out,338,8,0.1515518529845678,0.138994708994709,8,0.09426901014925562,0.21114529492779832,D-post-hoc-diagnostic
equal-test-fpr,fedavg__peer-present,revmob,mcndroid-static,valid-fpr-leave-one-out,339,8,0.13350429851840462,0.09968734968734971,8,0.0829733587936643,0.2006304723772738,D-post-hoc-diagnostic
equal-test-fpr,fedavg__peer-present,revmob,mcndroid-static,valid-fpr-only,,9,0.14287905367992268,0.10846560846560849,9,0.09190790880349708,0.20090072477271867,D-post-hoc-diagnostic
equal-test-fpr,fedavg__peer-present,revmob,report-json,all-seeds,,10,-0.1423301001785202,-0.12792020091930056,1,-0.205082018203573,-0.06387327882206914,D-post-hoc-diagnostic
equal-test-fpr,fedavg__peer-present,revmob,report-json,leave-one-seed-out,330,9,-0.16840096601032162,-0.14893617021276598,0,-0.22342449392479985,-0.11639992665837698,D-post-hoc-diagnostic
equal-test-fpr,fedavg__peer-present,revmob,report-json,leave-one-seed-out,331,9,-0.14883238644174204,-0.14893617021276598,1,-0.2124688972778766,-0.06163553181361382,D-post-hoc-diagnostic
equal-test-fpr,fedavg__peer-present,revmob,report-json,leave-one-seed-out,332,9,-0.14871995257930815,-0.14893617021276598,1,-0.21235149216639337,-0.061000488445313646,D-post-hoc-diagnostic
equal-test-fpr,fedavg__peer-present,revmob,report-json,leave-one-seed-out,333,9,-0.1306364651390246,-0.10690423162583518,1,-0.19786884594239731,-0.050964965860625586,D-post-hoc-diagnostic
equal-test-fpr,fedavg__peer-present,revmob,report-json,leave-one-seed-out,334,9,-0.12581063453110122,-0.10690423162583518,1,-0.18783774641244616,-0.04762724392643766,D-post-hoc-diagnostic
equal-test-fpr,fedavg__peer-present,revmob,report-json,leave-one-seed-out,335,9,-0.1313549202686237,-0.10690423162583518,1,-0.19907448644392375,-0.05108465748117607,D-post-hoc-diagnostic
equal-test-fpr,fedavg__peer-present,revmob,report-json,leave-one-seed-out,336,9,-0.13036677797613358,-0.10690423162583518,1,-0.19682740601120424,-0.0507304007552153,D-post-hoc-diagnostic
equal-test-fpr,fedavg__peer-present,revmob,report-json,leave-one-seed-out,337,9,-0.14159609239693735,-0.10690423162583518,1,-0.21074935545445073,-0.05832868885657479,D-post-hoc-diagnostic
equal-test-fpr,fedavg__peer-present,revmob,report-json,leave-one-seed-out,338,9,-0.14626630779548522,-0.14893617021276598,1,-0.21375648212296375,-0.05823971219026141,D-post-hoc-diagnostic
equal-test-fpr,fedavg__peer-present,revmob,report-json,leave-one-seed-out,339,9,-0.15131649864652463,-0.14893617021276598,1,-0.21495201430259586,-0.0630931536999498,D-post-hoc-diagnostic
equal-test-fpr,fedavg__peer-present,revmob,report-json,valid-fpr-leave-one-out,330,8,-0.15850448481986423,-0.12792020091930056,0,-0.22166141961140035,-0.10502073401712653,D-post-hoc-diagnostic
equal-test-fpr,fedavg__peer-present,revmob,report-json,valid-fpr-leave-one-out,331,8,-0.1364898328052122,-0.12792020091930056,1,-0.20797239147352506,-0.044527750884296044,D-post-hoc-diagnostic
equal-test-fpr,fedavg__peer-present,revmob,report-json,valid-fpr-leave-one-out,332,8,-0.13636334470997413,-0.12792020091930056,1,-0.20797423432599194,-0.044466590405635796,D-post-hoc-diagnostic
equal-test-fpr,fedavg__peer-present,revmob,report-json,valid-fpr-leave-one-out,334,8,-0.11059036190574131,-0.09586283009863188,1,-0.1735767197888861,-0.0318413297675533,D-post-hoc-diagnostic
equal-test-fpr,fedavg__peer-present,revmob,report-json,valid-fpr-leave-one-out,335,8,-0.11682768336045407,-0.09586283009863188,1,-0.18930822243654688,-0.03736863088306168,D-post-hoc-diagnostic
equal-test-fpr,fedavg__peer-present,revmob,report-json,valid-fpr-leave-one-out,336,8,-0.1157160232814027,-0.09586283009863188,1,-0.1878505617914224,-0.03733078198697405,D-post-hoc-diagnostic
equal-test-fpr,fedavg__peer-present,revmob,report-json,valid-fpr-leave-one-out,337,8,-0.12834900200480692,-0.09586283009863188,1,-0.20219687166698033,-0.040038058936594956,D-post-hoc-diagnostic
equal-test-fpr,fedavg__peer-present,revmob,report-json,valid-fpr-leave-one-out,338,8,-0.1336029943281733,-0.11687879939209728,1,-0.20541414624727242,-0.042452795514491826,D-post-hoc-diagnostic
equal-test-fpr,fedavg__peer-present,revmob,report-json,valid-fpr-leave-one-out,339,8,-0.1392844590355926,-0.12792020091930056,1,-0.2079723914735251,-0.046100041266379815,D-post-hoc-diagnostic
equal-test-fpr,fedavg__peer-present,revmob,report-json,valid-fpr-only,,9,-0.1306364651390246,-0.10690423162583518,1,-0.19786884594239731,-0.050964965860625586,D-post-hoc-diagnostic
