scope,population,alpha,seed,difference,learner,contrast,level
pooled-family-sets,own-domain,0.01,310,0.05467679008853213,central,ctk-at-dose,10
pooled-family-sets,federation-wide,0.01,310,0.04241598394226659,central,ctk-at-dose,10
pooled-family-sets,own-domain,0.05,310,0.035307500349140486,central,ctk-at-dose,10
pooled-family-sets,federation-wide,0.05,310,0.06758365426389362,central,ctk-at-dose,10
pooled-family-sets,own-domain,0.1,310,0.11975423136770069,central,ctk-at-dose,10
pooled-family-sets,federation-wide,0.1,310,0.12495333351274507,central,ctk-at-dose,10
pooled-family-sets,own-domain,0.01,311,-0.009690692459600636,central,ctk-at-dose,10
pooled-family-sets,federation-wide,0.01,311,-0.002498312435810085,central,ctk-at-dose,10
pooled-family-sets,own-domain,0.05,311,0.04380953757246314,central,ctk-at-dose,10
pooled-family-sets,federation-wide,0.05,311,0.028923284421808637,central,ctk-at-dose,10
pooled-family-sets,own-domain,0.1,311,0.14349422041239068,central,ctk-at-dose,10
pooled-family-sets,federation-wide,0.1,311,0.09003059291925142,central,ctk-at-dose,10
pooled-family-sets,own-domain,0.01,312,0.026653748059487725,central,ctk-at-dose,10
pooled-family-sets,federation-wide,0.01,312,0.02949131314346856,central,ctk-at-dose,10
pooled-family-sets,own-domain,0.05,312,0.04036099121172354,central,ctk-at-dose,10
pooled-family-sets,federation-wide,0.05,312,0.07743566468045443,central,ctk-at-dose,10
pooled-family-sets,own-domain,0.1,312,0.14945297259973067,central,ctk-at-dose,10
pooled-family-sets,federation-wide,0.1,312,0.1454774804348098,central,ctk-at-dose,10
pooled-family-sets,own-domain,0.01,313,-0.0006609776292176017,central,ctk-at-dose,10
pooled-family-sets,federation-wide,0.01,313,0.012150831725209754,central,ctk-at-dose,10
pooled-family-sets,own-domain,0.05,313,0.007258361648981471,central,ctk-at-dose,10
pooled-family-sets,federation-wide,0.05,313,0.025936527296850254,central,ctk-at-dose,10
pooled-family-sets,own-domain,0.1,313,0.0009322762089314929,central,ctk-at-dose,10
pooled-family-sets,federation-wide,0.1,313,0.033078950416473574,central,ctk-at-dose,10
pooled-family-sets,own-domain,0.01,314,0.0396719166036158,central,ctk-at-dose,10
pooled-family-sets,federation-wide,0.01,314,0.02366858838126551,central,ctk-at-dose,10
pooled-family-sets,own-domain,0.05,314,0.050140069804090914,central,ctk-at-dose,10
pooled-family-sets,federation-wide,0.05,314,0.03945053889377881,central,ctk-at-dose,10
pooled-family-sets,own-domain,0.1,314,0.060019438215184184,central,ctk-at-dose,10
pooled-family-sets,federation-wide,0.1,314,0.05453461474071619,central,ctk-at-dose,10
pooled-family-sets,own-domain,0.01,315,0.012546436762781,central,ctk-at-dose,10
pooled-family-sets,federation-wide,0.01,315,0.022365768289786092,central,ctk-at-dose,10
pooled-family-sets,own-domain,0.05,315,0.06203470643555675,central,ctk-at-dose,10
pooled-family-sets,federation-wide,0.05,315,0.0247705674344485,central,ctk-at-dose,10
pooled-family-sets,own-domain,0.1,315,0.04613295564001196,central,ctk-at-dose,10
pooled-family-sets,federation-wide,0.1,315,0.031044134345624363,central,ctk-at-dose,10
pooled-family-sets,own-domain,0.01,316,-0.00397737543276655,central,ctk-at-dose,10
pooled-family-sets,federation-wide,0.01,316,0.0010240670817552866,central,ctk-at-dose,10
pooled-family-sets,own-domain,0.05,316,0.016615791502876787,central,ctk-at-dose,10
pooled-family-sets,federation-wide,0.05,316,0.012969735920829006,central,ctk-at-dose,10
pooled-family-sets,own-domain,0.1,316,0.05269939038472804,central,ctk-at-dose,10
pooled-family-sets,federation-wide,0.1,316,0.033131186812114244,central,ctk-at-dose,10
pooled-family-sets,own-domain,0.01,317,-0.007559176235991838,central,ctk-at-dose,10
pooled-family-sets,federation-wide,0.01,317,-0.024329615597302345,central,ctk-at-dose,10
pooled-family-sets,own-domain,0.05,317,0.04425707330622469,central,ctk-at-dose,10
pooled-family-sets,federation-wide,0.05,317,0.03642563498513629,central,ctk-at-dose,10
pooled-family-sets,own-domain,0.1,317,0.09518403071108672,central,ctk-at-dose,10
pooled-family-sets,federation-wide,0.1,317,0.08094914899627126,central,ctk-at-dose,10
pooled-family-sets,own-domain,0.01,318,0.0032159997756234515,central,ctk-at-dose,10
pooled-family-sets,federation-wide,0.01,318,0.0003057967597033806,central,ctk-at-dose,10
pooled-family-sets,own-domain,0.05,318,0.03143056899190916,central,ctk-at-dose,10
pooled-family-sets,federation-wide,0.05,318,0.037319783786536054,central,ctk-at-dose,10
pooled-family-sets,own-domain,0.1,318,-0.025886644166548067,central,ctk-at-dose,10
pooled-family-sets,federation-wide,0.1,318,0.0125485325090674,central,ctk-at-dose,10
pooled-family-sets,own-domain,0.01,319,0.004115339561123504,central,ctk-at-dose,10
pooled-family-sets,federation-wide,0.01,319,0.0355055601885666,central,ctk-at-dose,10
pooled-family-sets,own-domain,0.05,319,0.00855902953574006,central,ctk-at-dose,10
pooled-family-sets,federation-wide,0.05,319,0.06076254301246953,central,ctk-at-dose,10
pooled-family-sets,own-domain,0.1,319,0.12182111542919927,central,ctk-at-dose,10
pooled-family-sets,federation-wide,0.1,319,0.10095547121927151,central,ctk-at-dose,10
primary-set,own-domain,0.01,310,0.08832653240295968,central,ctk-at-dose,10
primary-set,federation-wide,0.01,310,0.0734253349846992,central,ctk-at-dose,10
primary-set,own-domain,0.05,310,0.00998343583385164,central,ctk-at-dose,10
primary-set,federation-wide,0.05,310,0.07190853514282997,central,ctk-at-dose,10
primary-set,own-domain,0.1,310,0.05484059580483858,central,ctk-at-dose,10
primary-set,federation-wide,0.1,310,0.09050722298853209,central,ctk-at-dose,10
primary-set,own-domain,0.01,311,0.016525553916476504,central,ctk-at-dose,10
primary-set,federation-wide,0.01,311,0.010149251397251896,central,ctk-at-dose,10
primary-set,own-domain,0.05,311,0.05149965994164418,central,ctk-at-dose,10
primary-set,federation-wide,0.05,311,0.03939385440886756,central,ctk-at-dose,10
primary-set,own-domain,0.1,311,0.07611642075204961,central,ctk-at-dose,10
primary-set,federation-wide,0.1,311,0.05559485835434519,central,ctk-at-dose,10
primary-set,own-domain,0.01,312,0.03166189274398318,central,ctk-at-dose,10
primary-set,federation-wide,0.01,312,0.04027715527696521,central,ctk-at-dose,10
primary-set,own-domain,0.05,312,0.04689676837110024,central,ctk-at-dose,10
primary-set,federation-wide,0.05,312,0.11208506629868825,central,ctk-at-dose,10
primary-set,own-domain,0.1,312,0.07607788360499312,central,ctk-at-dose,10
primary-set,federation-wide,0.1,312,0.13051352071044764,central,ctk-at-dose,10
primary-set,own-domain,0.01,313,0.011153636074089437,central,ctk-at-dose,10
primary-set,federation-wide,0.01,313,0.018848550734967995,central,ctk-at-dose,10
primary-set,own-domain,0.05,313,0.023241202251966853,central,ctk-at-dose,10
primary-set,federation-wide,0.05,313,0.037631711229226705,central,ctk-at-dose,10
primary-set,own-domain,0.1,313,-0.002125842383960408,central,ctk-at-dose,10
primary-set,federation-wide,0.1,313,0.042770400026632904,central,ctk-at-dose,10
primary-set,own-domain,0.01,314,0.0347762379992633,central,ctk-at-dose,10
primary-set,federation-wide,0.01,314,0.019741565844593967,central,ctk-at-dose,10
primary-set,own-domain,0.05,314,0.0556154362189778,central,ctk-at-dose,10
primary-set,federation-wide,0.05,314,0.06004102280170448,central,ctk-at-dose,10
primary-set,own-domain,0.1,314,0.05484723959630455,central,ctk-at-dose,10
primary-set,federation-wide,0.1,314,0.07206605231932334,central,ctk-at-dose,10
primary-set,own-domain,0.01,315,0.03917211328976039,central,ctk-at-dose,10
primary-set,federation-wide,0.01,315,0.03779115321850235,central,ctk-at-dose,10
primary-set,own-domain,0.05,315,0.13813247638616788,central,ctk-at-dose,10
primary-set,federation-wide,0.05,315,0.0414960122805168,central,ctk-at-dose,10
primary-set,own-domain,0.1,315,0.09274985000769875,central,ctk-at-dose,10
primary-set,federation-wide,0.1,315,0.030355265663215003,central,ctk-at-dose,10
primary-set,own-domain,0.01,316,-0.006191622094061128,central,ctk-at-dose,10
primary-set,federation-wide,0.01,316,0.013249886525548565,central,ctk-at-dose,10
primary-set,own-domain,0.05,316,0.045036643548838684,central,ctk-at-dose,10
primary-set,federation-wide,0.05,316,0.047029830178009935,central,ctk-at-dose,10
primary-set,own-domain,0.1,316,0.031679850582289504,central,ctk-at-dose,10
primary-set,federation-wide,0.1,316,0.054251689824260985,central,ctk-at-dose,10
primary-set,own-domain,0.01,317,-0.009293142665498522,central,ctk-at-dose,10
primary-set,federation-wide,0.01,317,0.0011315318650299,central,ctk-at-dose,10
primary-set,own-domain,0.05,317,0.056239665496623514,central,ctk-at-dose,10
primary-set,federation-wide,0.05,317,0.05584350285772027,central,ctk-at-dose,10
primary-set,own-domain,0.1,317,0.06594908017388912,central,ctk-at-dose,10
primary-set,federation-wide,0.1,317,0.10460138086124893,central,ctk-at-dose,10
primary-set,own-domain,0.01,318,0.01752194395238177,central,ctk-at-dose,10
primary-set,federation-wide,0.01,318,0.014005412647881188,central,ctk-at-dose,10
primary-set,own-domain,0.05,318,0.018965125420722484,central,ctk-at-dose,10
primary-set,federation-wide,0.05,318,0.03599159767544413,central,ctk-at-dose,10
primary-set,own-domain,0.1,318,-0.015975860523133045,central,ctk-at-dose,10
primary-set,federation-wide,0.1,318,0.02416548813536945,central,ctk-at-dose,10
primary-set,own-domain,0.01,319,0.022070615469497068,central,ctk-at-dose,10
primary-set,federation-wide,0.01,319,0.04032680311939357,central,ctk-at-dose,10
primary-set,own-domain,0.05,319,0.021129889576792626,central,ctk-at-dose,10
primary-set,federation-wide,0.05,319,0.08943969054701295,central,ctk-at-dose,10
primary-set,own-domain,0.1,319,0.04586851934752045,central,ctk-at-dose,10
primary-set,federation-wide,0.1,319,0.05009503459346776,central,ctk-at-dose,10
replication-set,federation-wide,0.01,310,0.015282801780138078,central,ctk-at-dose,10
replication-set,federation-wide,0.05,310,0.06379938349482428,central,ctk-at-dose,10
replication-set,federation-wide,0.1,310,0.15509368022143155,central,ctk-at-dose,10
replication-set,own-domain,0.01,310,0.0075671508483334815,central,ctk-at-dose,10
replication-set,own-domain,0.05,310,0.07076119067054493,central,ctk-at-dose,10
replication-set,own-domain,0.1,310,0.2106333211557077,central,ctk-at-dose,10
replication-set,own-domain,0.01,311,-0.035906938835677776,central,ctk-at-dose,10
replication-set,federation-wide,0.01,311,-0.01356493078973936,central,ctk-at-dose,10
replication-set,own-domain,0.05,311,0.03611941520328199,central,ctk-at-dose,10
replication-set,federation-wide,0.05,311,0.019761535683132103,central,ctk-at-dose,10
replication-set,own-domain,0.1,311,0.21087202007273187,central,ctk-at-dose,10
replication-set,federation-wide,0.1,311,0.12016186066354428,central,ctk-at-dose,10
replication-set,own-domain,0.01,312,0.021645603374992217,central,ctk-at-dose,10
replication-set,federation-wide,0.01,312,0.02005370127665898,central,ctk-at-dose,10
replication-set,own-domain,0.05,312,0.03382521405234695,central,ctk-at-dose,10
replication-set,federation-wide,0.05,312,0.04711743826449982,central,ctk-at-dose,10
replication-set,own-domain,0.1,312,0.22282806159446844,central,ctk-at-dose,10
replication-set,federation-wide,0.1,312,0.1585709451936268,central,ctk-at-dose,10
replication-set,own-domain,0.01,313,-0.014444693616409071,central,ctk-at-dose,10
replication-set,federation-wide,0.01,313,0.005453112715451569,central,ctk-at-dose,10
replication-set,own-domain,0.05,313,-0.011388285721168179,central,ctk-at-dose,10
replication-set,federation-wide,0.05,313,0.014241343364473802,central,ctk-at-dose,10
replication-set,own-domain,0.1,313,0.004500081233972053,central,ctk-at-dose,10
replication-set,federation-wide,0.1,313,0.023387500806314132,central,ctk-at-dose,10
replication-set,own-domain,0.01,314,0.0453835416420271,central,ctk-at-dose,10
replication-set,federation-wide,0.01,314,0.02759561091793708,central,ctk-at-dose,10
replication-set,own-domain,0.05,314,0.0437521423200562,central,ctk-at-dose,10
replication-set,federation-wide,0.05,314,0.018860054985853025,central,ctk-at-dose,10
replication-set,own-domain,0.1,314,0.0660536699372104,central,ctk-at-dose,10
replication-set,federation-wide,0.1,314,0.03700317716210888,central,ctk-at-dose,10
replication-set,own-domain,0.01,315,-0.019404375069594137,central,ctk-at-dose,10
replication-set,federation-wide,0.01,315,0.008868556477159395,central,ctk-at-dose,10
replication-set,own-domain,0.05,315,-0.029282617505176578,central,ctk-at-dose,10
replication-set,federation-wide,0.05,315,0.01013580319413887,central,ctk-at-dose,10
replication-set,own-domain,0.1,315,-0.00980731760121234,central,ctk-at-dose,10
replication-set,federation-wide,0.1,315,0.03164689444273261,central,ctk-at-dose,10
replication-set,federation-wide,0.01,316,-0.009673524931563898,central,ctk-at-dose,10
replication-set,own-domain,0.01,316,-0.002132169881687719,central,ctk-at-dose,10
replication-set,federation-wide,0.05,316,-0.016832846554204306,central,ctk-at-dose,10
replication-set,own-domain,0.05,316,-0.007068251868758174,central,ctk-at-dose,10
replication-set,federation-wide,0.1,316,0.014650746676485638,central,ctk-at-dose,10
replication-set,own-domain,0.1,316,0.07021567355342678,central,ctk-at-dose,10
replication-set,own-domain,0.01,317,-0.005825209806485154,central,ctk-at-dose,10
replication-set,federation-wide,0.01,317,-0.04979076305963456,central,ctk-at-dose,10
replication-set,own-domain,0.05,317,0.032274481115825926,central,ctk-at-dose,10
replication-set,federation-wide,0.05,317,0.017007767112552474,central,ctk-at-dose,10
replication-set,own-domain,0.1,317,0.1244189812482841,central,ctk-at-dose,10
replication-set,federation-wide,0.1,317,0.05729691713129348,central,ctk-at-dose,10
replication-set,own-domain,0.01,318,-0.013474268430594585,central,ctk-at-dose,10
replication-set,federation-wide,0.01,318,-0.011681367142452131,central,ctk-at-dose,10
replication-set,own-domain,0.05,318,0.045973586491626806,central,ctk-at-dose,10
replication-set,federation-wide,0.05,318,0.03848194663374149,central,ctk-at-dose,10
replication-set,own-domain,0.1,318,-0.0374492250838655,central,ctk-at-dose,10
replication-set,federation-wide,0.1,318,0.002383696336053176,central,ctk-at-dose,10
replication-set,own-domain,0.01,319,-0.017430991528924827,central,ctk-at-dose,10
replication-set,federation-wide,0.01,319,0.031286972624093023,central,ctk-at-dose,10
replication-set,own-domain,0.05,319,-0.006526002513523199,central,ctk-at-dose,10
replication-set,federation-wide,0.05,319,0.035670038919744185,central,ctk-at-dose,10
replication-set,own-domain,0.1,319,0.21296423072721365,central,ctk-at-dose,10
replication-set,federation-wide,0.1,319,0.14545835326684964,central,ctk-at-dose,10
pooled-family-sets,own-domain,0.01,310,0.0964073218343171,central,ctk-at-dose,25
pooled-family-sets,federation-wide,0.01,310,0.07924376281504675,central,ctk-at-dose,25
pooled-family-sets,own-domain,0.05,310,0.04764754098740148,central,ctk-at-dose,25
pooled-family-sets,federation-wide,0.05,310,0.10181744965688727,central,ctk-at-dose,25
pooled-family-sets,own-domain,0.1,310,0.09245068675740753,central,ctk-at-dose,25
pooled-family-sets,federation-wide,0.1,310,0.11579931546360989,central,ctk-at-dose,25
pooled-family-sets,own-domain,0.01,311,0.041933389626299694,central,ctk-at-dose,25
pooled-family-sets,federation-wide,0.01,311,0.03442861690533236,central,ctk-at-dose,25
pooled-family-sets,own-domain,0.05,311,0.03466175219182471,central,ctk-at-dose,25
pooled-family-sets,federation-wide,0.05,311,0.04593616211614315,central,ctk-at-dose,25
pooled-family-sets,own-domain,0.1,311,0.15207690098675952,central,ctk-at-dose,25
pooled-family-sets,federation-wide,0.1,311,0.11281197125585574,central,ctk-at-dose,25
pooled-family-sets,own-domain,0.01,312,0.032274589823653665,central,ctk-at-dose,25
pooled-family-sets,federation-wide,0.01,312,0.03844346229585899,central,ctk-at-dose,25
pooled-family-sets,own-domain,0.05,312,0.04059124463210417,central,ctk-at-dose,25
pooled-family-sets,federation-wide,0.05,312,0.05325845381116323,central,ctk-at-dose,25
pooled-family-sets,own-domain,0.1,312,0.1531325991526309,central,ctk-at-dose,25
pooled-family-sets,federation-wide,0.1,312,0.14397722907507204,central,ctk-at-dose,25
pooled-family-sets,own-domain,0.01,313,0.019605884769036075,central,ctk-at-dose,25
pooled-family-sets,federation-wide,0.01,313,0.028911313845778552,central,ctk-at-dose,25
pooled-family-sets,own-domain,0.05,313,0.04833367711909686,central,ctk-at-dose,25
pooled-family-sets,federation-wide,0.05,313,0.05176468614645979,central,ctk-at-dose,25
pooled-family-sets,own-domain,0.1,313,0.053609523299186834,central,ctk-at-dose,25
pooled-family-sets,federation-wide,0.1,313,0.05898658620323083,central,ctk-at-dose,25
pooled-family-sets,own-domain,0.01,314,0.06010662963811744,central,ctk-at-dose,25
pooled-family-sets,federation-wide,0.01,314,0.06095177670271634,central,ctk-at-dose,25
pooled-family-sets,own-domain,0.05,314,0.06978271823874799,central,ctk-at-dose,25
pooled-family-sets,federation-wide,0.05,314,0.07782811882095525,central,ctk-at-dose,25
pooled-family-sets,own-domain,0.1,314,0.06035311377872776,central,ctk-at-dose,25
pooled-family-sets,federation-wide,0.1,314,0.08599048549146948,central,ctk-at-dose,25
pooled-family-sets,own-domain,0.01,315,0.010579483680112023,central,ctk-at-dose,25
pooled-family-sets,federation-wide,0.01,315,0.01824340821378756,central,ctk-at-dose,25
pooled-family-sets,own-domain,0.05,315,0.08009887758488499,central,ctk-at-dose,25
pooled-family-sets,federation-wide,0.05,315,0.03914866249075066,central,ctk-at-dose,25
pooled-family-sets,own-domain,0.1,315,0.1337689674010275,central,ctk-at-dose,25
pooled-family-sets,federation-wide,0.1,315,0.09084382175273376,central,ctk-at-dose,25
pooled-family-sets,own-domain,0.01,316,-0.011267347792029384,central,ctk-at-dose,25
pooled-family-sets,federation-wide,0.01,316,0.02386651661519973,central,ctk-at-dose,25
pooled-family-sets,own-domain,0.05,316,0.10777993464032953,central,ctk-at-dose,25
pooled-family-sets,federation-wide,0.05,316,0.06177198682619117,central,ctk-at-dose,25
pooled-family-sets,own-domain,0.1,316,0.18151972393026516,central,ctk-at-dose,25
pooled-family-sets,federation-wide,0.1,316,0.10254380289951781,central,ctk-at-dose,25
pooled-family-sets,own-domain,0.01,317,-0.03345338261132699,central,ctk-at-dose,25
pooled-family-sets,federation-wide,0.01,317,0.0015559381407115325,central,ctk-at-dose,25
pooled-family-sets,own-domain,0.05,317,0.023718470006527215,central,ctk-at-dose,25
pooled-family-sets,federation-wide,0.05,317,0.05866264407330224,central,ctk-at-dose,25
pooled-family-sets,own-domain,0.1,317,0.10348234730435202,central,ctk-at-dose,25
pooled-family-sets,federation-wide,0.1,317,0.11282030460731107,central,ctk-at-dose,25
pooled-family-sets,own-domain,0.01,318,0.0184685294710408,central,ctk-at-dose,25
pooled-family-sets,federation-wide,0.01,318,0.02187273092316458,central,ctk-at-dose,25
pooled-family-sets,own-domain,0.05,318,0.10332950488772097,central,ctk-at-dose,25
pooled-family-sets,federation-wide,0.05,318,0.10745684527768812,central,ctk-at-dose,25
pooled-family-sets,own-domain,0.1,318,-0.014325925376421411,central,ctk-at-dose,25
pooled-family-sets,federation-wide,0.1,318,0.03873815987369822,central,ctk-at-dose,25
pooled-family-sets,own-domain,0.01,319,0.05595404944909163,central,ctk-at-dose,25
pooled-family-sets,federation-wide,0.01,319,0.07317684855772688,central,ctk-at-dose,25
pooled-family-sets,own-domain,0.05,319,0.025547012996669727,central,ctk-at-dose,25
pooled-family-sets,federation-wide,0.05,319,0.08785414620290588,central,ctk-at-dose,25
pooled-family-sets,own-domain,0.1,319,0.12162668316982739,central,ctk-at-dose,25
pooled-family-sets,federation-wide,0.1,319,0.11481579180818502,central,ctk-at-dose,25
primary-set,own-domain,0.01,310,0.1420847683133239,central,ctk-at-dose,25
primary-set,federation-wide,0.01,310,0.16478435887751813,central,ctk-at-dose,25
primary-set,own-domain,0.05,310,0.03951326507827824,central,ctk-at-dose,25
primary-set,federation-wide,0.05,310,0.1420694433053794,central,ctk-at-dose,25
primary-set,own-domain,0.1,310,0.07276171982376978,central,ctk-at-dose,25
primary-set,federation-wide,0.1,310,0.12542509883612862,central,ctk-at-dose,25
primary-set,own-domain,0.01,311,0.12168004294901782,central,ctk-at-dose,25
primary-set,federation-wide,0.01,311,0.07106648277107477,central,ctk-at-dose,25
primary-set,own-domain,0.05,311,0.07168111218240425,central,ctk-at-dose,25
primary-set,federation-wide,0.05,311,0.06724141650266507,central,ctk-at-dose,25
primary-set,own-domain,0.1,311,0.08990462423008228,central,ctk-at-dose,25
primary-set,federation-wide,0.1,311,0.09640392493272609,central,ctk-at-dose,25
primary-set,own-domain,0.01,312,0.04740360684135708,central,ctk-at-dose,25
primary-set,federation-wide,0.01,312,0.05325563359245214,central,ctk-at-dose,25
primary-set,own-domain,0.05,312,0.04379358090780616,central,ctk-at-dose,25
primary-set,federation-wide,0.05,312,0.07290730205131257,central,ctk-at-dose,25
primary-set,own-domain,0.1,312,0.07712411827205723,central,ctk-at-dose,25
primary-set,federation-wide,0.1,312,0.1420434567126052,central,ctk-at-dose,25
primary-set,own-domain,0.01,313,0.04566874074617215,central,ctk-at-dose,25
primary-set,federation-wide,0.01,313,0.0402079123055844,central,ctk-at-dose,25
primary-set,own-domain,0.05,313,0.06895725280512471,central,ctk-at-dose,25
primary-set,federation-wide,0.05,313,0.07021309656281821,central,ctk-at-dose,25
primary-set,own-domain,0.1,313,0.023922648692329407,central,ctk-at-dose,25
primary-set,federation-wide,0.1,313,0.06381778953169692,central,ctk-at-dose,25
primary-set,own-domain,0.01,314,0.06530736019379749,central,ctk-at-dose,25
primary-set,federation-wide,0.01,314,0.06937515080384934,central,ctk-at-dose,25
primary-set,own-domain,0.05,314,0.09873944005278473,central,ctk-at-dose,25
primary-set,federation-wide,0.05,314,0.1349444759659475,central,ctk-at-dose,25
primary-set,own-domain,0.1,314,0.06555759540065775,central,ctk-at-dose,25
primary-set,federation-wide,0.1,314,0.13741736313673775,central,ctk-at-dose,25
primary-set,own-domain,0.01,315,0.03936490870380105,central,ctk-at-dose,25
primary-set,federation-wide,0.01,315,0.030914336216623928,central,ctk-at-dose,25
primary-set,own-domain,0.05,315,0.1608402223602683,central,ctk-at-dose,25
primary-set,federation-wide,0.05,315,0.05720236395324396,central,ctk-at-dose,25
primary-set,own-domain,0.1,315,0.07965026573857281,central,ctk-at-dose,25
primary-set,federation-wide,0.1,315,0.040432580115767336,central,ctk-at-dose,25
primary-set,own-domain,0.01,316,-0.03947183927671735,central,ctk-at-dose,25
primary-set,federation-wide,0.01,316,0.024725858994606442,central,ctk-at-dose,25
primary-set,own-domain,0.05,316,0.12495022326729649,central,ctk-at-dose,25
primary-set,federation-wide,0.05,316,0.0773182721143551,central,ctk-at-dose,25
primary-set,own-domain,0.1,316,0.15094137374625172,central,ctk-at-dose,25
primary-set,federation-wide,0.1,316,0.08001821384649721,central,ctk-at-dose,25
primary-set,own-domain,0.01,317,-0.03424567565602393,central,ctk-at-dose,25
primary-set,federation-wide,0.01,317,0.03471858929091293,central,ctk-at-dose,25
primary-set,own-domain,0.05,317,0.056525536348114525,central,ctk-at-dose,25
primary-set,federation-wide,0.05,317,0.11500031393101101,central,ctk-at-dose,25
primary-set,own-domain,0.1,317,0.06142888420295911,central,ctk-at-dose,25
primary-set,federation-wide,0.1,317,0.1309913295491929,central,ctk-at-dose,25
primary-set,own-domain,0.01,318,0.04941770393610778,central,ctk-at-dose,25
primary-set,federation-wide,0.01,318,0.05828384679326121,central,ctk-at-dose,25
primary-set,own-domain,0.05,318,0.04121054870772617,central,ctk-at-dose,25
primary-set,federation-wide,0.05,318,0.0596311264593431,central,ctk-at-dose,25
primary-set,own-domain,0.1,318,-0.016824841477881436,central,ctk-at-dose,25
primary-set,federation-wide,0.1,318,0.05460579057959525,central,ctk-at-dose,25
primary-set,own-domain,0.01,319,0.09126555342400594,central,ctk-at-dose,25
primary-set,federation-wide,0.01,319,0.13299844401081234,central,ctk-at-dose,25
primary-set,own-domain,0.05,319,0.05185654717909838,central,ctk-at-dose,25
primary-set,federation-wide,0.05,319,0.12403755230984703,central,ctk-at-dose,25
primary-set,own-domain,0.1,319,0.053055931362309794,central,ctk-at-dose,25
primary-set,federation-wide,0.1,319,0.06909279213611308,central,ctk-at-dose,25
replication-set,federation-wide,0.01,310,0.004395741260384278,central,ctk-at-dose,25
replication-set,federation-wide,0.05,310,0.06659695521445652,central,ctk-at-dose,25
replication-set,federation-wide,0.1,310,0.10737675501265598,central,ctk-at-dose,25
replication-set,own-domain,0.01,310,0.03245889676370753,central,ctk-at-dose,25
replication-set,own-domain,0.05,310,0.059035527260174026,central,ctk-at-dose,25
replication-set,own-domain,0.1,310,0.12001524046450024,central,ctk-at-dose,25
replication-set,own-domain,0.01,311,-0.03781326369641838,central,ctk-at-dose,25
replication-set,federation-wide,0.01,311,0.0023704842728077546,central,ctk-at-dose,25
replication-set,own-domain,0.05,311,-0.0023576077987547683,central,ctk-at-dose,25
replication-set,federation-wide,0.05,311,0.027294064527936424,central,ctk-at-dose,25
replication-set,own-domain,0.1,311,0.21424917774343677,central,ctk-at-dose,25
replication-set,federation-wide,0.1,311,0.12716901178859397,central,ctk-at-dose,25
replication-set,own-domain,0.01,312,0.017145572805950166,central,ctk-at-dose,25
replication-set,federation-wide,0.01,312,0.02548281241134004,central,ctk-at-dose,25
replication-set,own-domain,0.05,312,0.03738890835640224,central,ctk-at-dose,25
replication-set,federation-wide,0.05,312,0.03606571160103267,central,ctk-at-dose,25
replication-set,own-domain,0.1,312,0.22914108003320477,central,ctk-at-dose,25
replication-set,federation-wide,0.1,312,0.14566927989223055,central,ctk-at-dose,25
replication-set,own-domain,0.01,313,-0.01080078053762265,central,ctk-at-dose,25
replication-set,federation-wide,0.01,313,0.0176147153859727,central,ctk-at-dose,25
replication-set,own-domain,0.05,313,0.02427283881873099,central,ctk-at-dose,25
replication-set,federation-wide,0.05,313,0.03331627573010143,central,ctk-at-dose,25
replication-set,own-domain,0.1,313,0.08824421034052077,central,ctk-at-dose,25
replication-set,federation-wide,0.1,313,0.054155382874764735,central,ctk-at-dose,25
replication-set,own-domain,0.01,314,0.05403911065649067,central,ctk-at-dose,25
replication-set,federation-wide,0.01,314,0.05252840260158334,central,ctk-at-dose,25
replication-set,own-domain,0.05,314,0.035999876122371766,central,ctk-at-dose,25
replication-set,federation-wide,0.05,314,0.020711761675962947,central,ctk-at-dose,25
replication-set,own-domain,0.1,314,0.05428121855314261,central,ctk-at-dose,25
replication-set,federation-wide,0.1,314,0.03456360784620094,central,ctk-at-dose,25
replication-set,own-domain,0.01,315,-0.02396302634831471,central,ctk-at-dose,25
replication-set,federation-wide,0.01,315,0.007156346211305731,central,ctk-at-dose,25
replication-set,own-domain,0.05,315,-0.016790736145574914,central,ctk-at-dose,25
replication-set,federation-wide,0.05,315,0.023351673711068943,central,ctk-at-dose,25
replication-set,own-domain,0.1,315,0.1987114093959732,central,ctk-at-dose,25
replication-set,federation-wide,0.1,315,0.13495365818507898,central,ctk-at-dose,25
replication-set,federation-wide,0.01,316,0.023114592033218792,central,ctk-at-dose,25
replication-set,own-domain,0.01,316,0.012236395111877268,central,ctk-at-dose,25
replication-set,federation-wide,0.05,316,0.048168987199047775,central,ctk-at-dose,25
replication-set,own-domain,0.05,316,0.09347136078452373,central,ctk-at-dose,25
replication-set,federation-wide,0.1,316,0.12225369332091074,central,ctk-at-dose,25
replication-set,own-domain,0.1,316,0.20700168241694278,central,ctk-at-dose,25
replication-set,own-domain,0.01,317,-0.03266108956663008,central,ctk-at-dose,25
replication-set,federation-wide,0.01,317,-0.03160671300948986,central,ctk-at-dose,25
replication-set,own-domain,0.05,317,-0.009088596335059929,central,ctk-at-dose,25
replication-set,federation-wide,0.05,317,0.0023249742155935227,central,ctk-at-dose,25
replication-set,own-domain,0.1,317,0.1455358104057447,central,ctk-at-dose,25
replication-set,federation-wide,0.1,317,0.09464927966542913,central,ctk-at-dose,25
replication-set,own-domain,0.01,318,-0.017638840738204015,central,ctk-at-dose,25
replication-set,federation-wide,0.01,318,-0.00998699546316989,central,ctk-at-dose,25
replication-set,own-domain,0.05,318,0.17580162043104802,central,ctk-at-dose,25
replication-set,federation-wide,0.05,318,0.14930434924373998,central,ctk-at-dose,25
replication-set,own-domain,0.1,318,-0.011410523258051142,central,ctk-at-dose,25
replication-set,federation-wide,0.1,318,0.024853983006038582,central,ctk-at-dose,25
replication-set,own-domain,0.01,319,0.013580244679194386,central,ctk-at-dose,25
replication-set,federation-wide,0.01,319,0.020832952536277094,central,ctk-at-dose,25
replication-set,own-domain,0.05,319,-0.006024428022244621,central,ctk-at-dose,25
replication-set,federation-wide,0.05,319,0.05619366585933239,central,ctk-at-dose,25
replication-set,own-domain,0.1,319,0.20391158533884862,central,ctk-at-dose,25
replication-set,federation-wide,0.1,319,0.15482341652124798,central,ctk-at-dose,25
pooled-family-sets,own-domain,0.01,310,0.09053126853594601,central,ctk-at-dose,50
pooled-family-sets,federation-wide,0.01,310,0.07968716317232435,central,ctk-at-dose,50
pooled-family-sets,own-domain,0.05,310,0.05879815031409835,central,ctk-at-dose,50
pooled-family-sets,federation-wide,0.05,310,0.12558405120175636,central,ctk-at-dose,50
pooled-family-sets,own-domain,0.1,310,0.12428114498445542,central,ctk-at-dose,50
pooled-family-sets,federation-wide,0.1,310,0.15486225033803314,central,ctk-at-dose,50
pooled-family-sets,own-domain,0.01,311,0.04213293239420943,central,ctk-at-dose,50
pooled-family-sets,federation-wide,0.01,311,0.04548627247594253,central,ctk-at-dose,50
pooled-family-sets,own-domain,0.05,311,0.061109236466493966,central,ctk-at-dose,50
pooled-family-sets,federation-wide,0.05,311,0.0732020825431427,central,ctk-at-dose,50
pooled-family-sets,own-domain,0.1,311,0.15112213178552747,central,ctk-at-dose,50
pooled-family-sets,federation-wide,0.1,311,0.13472262362348297,central,ctk-at-dose,50
pooled-family-sets,own-domain,0.01,312,0.04708524675444664,central,ctk-at-dose,50
pooled-family-sets,federation-wide,0.01,312,0.055109343020369905,central,ctk-at-dose,50
pooled-family-sets,own-domain,0.05,312,0.16122837451415412,central,ctk-at-dose,50
pooled-family-sets,federation-wide,0.05,312,0.16148355026757105,central,ctk-at-dose,50
pooled-family-sets,own-domain,0.1,312,0.1747633614157479,central,ctk-at-dose,50
pooled-family-sets,federation-wide,0.1,312,0.17624309173571717,central,ctk-at-dose,50
pooled-family-sets,own-domain,0.01,313,0.06283033657377635,central,ctk-at-dose,50
pooled-family-sets,federation-wide,0.01,313,0.050549863635833525,central,ctk-at-dose,50
pooled-family-sets,own-domain,0.05,313,0.06817881659126929,central,ctk-at-dose,50
pooled-family-sets,federation-wide,0.05,313,0.06585694922166763,central,ctk-at-dose,50
pooled-family-sets,own-domain,0.1,313,0.14939215712566495,central,ctk-at-dose,50
pooled-family-sets,federation-wide,0.1,313,0.0938971230874317,central,ctk-at-dose,50
pooled-family-sets,own-domain,0.01,314,0.13879164545569983,central,ctk-at-dose,50
pooled-family-sets,federation-wide,0.01,314,0.10581854471155089,central,ctk-at-dose,50
pooled-family-sets,own-domain,0.05,314,0.13955926696708332,central,ctk-at-dose,50
pooled-family-sets,federation-wide,0.05,314,0.12091810479358517,central,ctk-at-dose,50
pooled-family-sets,own-domain,0.1,314,0.12296467180977944,central,ctk-at-dose,50
pooled-family-sets,federation-wide,0.1,314,0.1217022690790549,central,ctk-at-dose,50
pooled-family-sets,own-domain,0.01,315,0.11170205702923297,central,ctk-at-dose,50
pooled-family-sets,federation-wide,0.01,315,0.07062965896675188,central,ctk-at-dose,50
pooled-family-sets,own-domain,0.05,315,0.10876971040807126,central,ctk-at-dose,50
pooled-family-sets,federation-wide,0.05,315,0.07086730128801766,central,ctk-at-dose,50
pooled-family-sets,own-domain,0.1,315,0.1636778143696569,central,ctk-at-dose,50
pooled-family-sets,federation-wide,0.1,315,0.10046075791380682,central,ctk-at-dose,50
pooled-family-sets,own-domain,0.01,316,0.021959971891298807,central,ctk-at-dose,50
pooled-family-sets,federation-wide,0.01,316,0.02967195678145551,central,ctk-at-dose,50
pooled-family-sets,own-domain,0.05,316,0.0936831493529724,central,ctk-at-dose,50
pooled-family-sets,federation-wide,0.05,316,0.07629407589587361,central,ctk-at-dose,50
pooled-family-sets,own-domain,0.1,316,0.16006104685726696,central,ctk-at-dose,50
pooled-family-sets,federation-wide,0.1,316,0.12985085311412936,central,ctk-at-dose,50
pooled-family-sets,own-domain,0.01,317,0.02942872516529796,central,ctk-at-dose,50
pooled-family-sets,federation-wide,0.01,317,0.020506815081612617,central,ctk-at-dose,50
pooled-family-sets,own-domain,0.05,317,0.07125151991827694,central,ctk-at-dose,50
pooled-family-sets,federation-wide,0.05,317,0.11208937763909921,central,ctk-at-dose,50
pooled-family-sets,own-domain,0.1,317,0.13958217798281358,central,ctk-at-dose,50
pooled-family-sets,federation-wide,0.1,317,0.15816635822703562,central,ctk-at-dose,50
pooled-family-sets,own-domain,0.01,318,0.06400504627239259,central,ctk-at-dose,50
pooled-family-sets,federation-wide,0.01,318,0.06482952188943039,central,ctk-at-dose,50
pooled-family-sets,own-domain,0.05,318,0.1691055914926713,central,ctk-at-dose,50
pooled-family-sets,federation-wide,0.05,318,0.14537700477054127,central,ctk-at-dose,50
pooled-family-sets,own-domain,0.1,318,0.036792186800010285,central,ctk-at-dose,50
pooled-family-sets,federation-wide,0.1,318,0.07982186981859907,central,ctk-at-dose,50
pooled-family-sets,own-domain,0.01,319,0.04487437751672005,central,ctk-at-dose,50
pooled-family-sets,federation-wide,0.01,319,0.08629201642646994,central,ctk-at-dose,50
pooled-family-sets,own-domain,0.05,319,0.040740070386848015,central,ctk-at-dose,50
pooled-family-sets,federation-wide,0.05,319,0.12215271351900125,central,ctk-at-dose,50
pooled-family-sets,own-domain,0.1,319,0.13735575186799365,central,ctk-at-dose,50
pooled-family-sets,federation-wide,0.1,319,0.13675471917587434,central,ctk-at-dose,50
primary-set,own-domain,0.01,310,0.13772942112294684,central,ctk-at-dose,50
primary-set,federation-wide,0.01,310,0.1497404352299772,central,ctk-at-dose,50
primary-set,own-domain,0.05,310,0.013203851499955843,central,ctk-at-dose,50
primary-set,federation-wide,0.05,310,0.11005279554317632,central,ctk-at-dose,50
primary-set,own-domain,0.1,310,0.05588000761749201,central,ctk-at-dose,50
primary-set,federation-wide,0.1,310,0.11108147209743757,central,ctk-at-dose,50
primary-set,own-domain,0.01,311,0.08711152635578714,central,ctk-at-dose,50
primary-set,federation-wide,0.01,311,0.06297637530580572,central,ctk-at-dose,50
primary-set,own-domain,0.05,311,0.05263445370135067,central,ctk-at-dose,50
primary-set,federation-wide,0.05,311,0.0829663912978334,central,ctk-at-dose,50
primary-set,own-domain,0.1,311,0.052784371160987775,central,ctk-at-dose,50
primary-set,federation-wide,0.1,311,0.10271037511788417,central,ctk-at-dose,50
primary-set,own-domain,0.01,312,0.046833135419894534,central,ctk-at-dose,50
primary-set,federation-wide,0.01,312,0.0575161278453917,central,ctk-at-dose,50
primary-set,own-domain,0.05,312,0.08298631000905876,central,ctk-at-dose,50
primary-set,federation-wide,0.05,312,0.16654928813041298,central,ctk-at-dose,50
primary-set,own-domain,0.1,312,0.10728715354106533,central,ctk-at-dose,50
primary-set,federation-wide,0.1,312,0.18158867043642757,central,ctk-at-dose,50
primary-set,own-domain,0.01,313,0.10575065928053513,central,ctk-at-dose,50
primary-set,federation-wide,0.01,313,0.07231015056469409,central,ctk-at-dose,50
primary-set,own-domain,0.05,313,0.08282201061341093,central,ctk-at-dose,50
primary-set,federation-wide,0.05,313,0.08738825266835942,central,ctk-at-dose,50
primary-set,own-domain,0.1,313,0.19418225663363647,central,ctk-at-dose,50
primary-set,federation-wide,0.1,313,0.11974920472656558,central,ctk-at-dose,50
primary-set,own-domain,0.01,314,0.19096086361238923,central,ctk-at-dose,50
primary-set,federation-wide,0.01,314,0.1552754977060776,central,ctk-at-dose,50
primary-set,own-domain,0.05,314,0.2121462490030419,central,ctk-at-dose,50
primary-set,federation-wide,0.05,314,0.20358049443411302,central,ctk-at-dose,50
primary-set,own-domain,0.1,314,0.15530591139657213,central,ctk-at-dose,50
primary-set,federation-wide,0.1,314,0.18695327938747003,central,ctk-at-dose,50
primary-set,own-domain,0.01,315,0.2101353116388716,central,ctk-at-dose,50
primary-set,federation-wide,0.01,315,0.12087954046209282,central,ctk-at-dose,50
primary-set,own-domain,0.05,315,0.20488786416272453,central,ctk-at-dose,50
primary-set,federation-wide,0.05,315,0.09370145189164791,central,ctk-at-dose,50
primary-set,own-domain,0.1,315,0.13083135555874126,central,ctk-at-dose,50
primary-set,federation-wide,0.1,315,0.06826372245997614,central,ctk-at-dose,50
primary-set,own-domain,0.01,316,0.034244363146802154,central,ctk-at-dose,50
primary-set,federation-wide,0.01,316,0.029737296375915684,central,ctk-at-dose,50
primary-set,own-domain,0.05,316,0.003785983005495208,central,ctk-at-dose,50
primary-set,federation-wide,0.05,316,0.06658127374525252,central,ctk-at-dose,50
primary-set,own-domain,0.1,316,0.035004598516793606,central,ctk-at-dose,50
primary-set,federation-wide,0.1,316,0.08770485423680241,central,ctk-at-dose,50
primary-set,own-domain,0.01,317,0.027465114673191876,central,ctk-at-dose,50
primary-set,federation-wide,0.01,317,0.05715369225060213,central,ctk-at-dose,50
primary-set,own-domain,0.05,317,0.08672177781265072,central,ctk-at-dose,50
primary-set,federation-wide,0.05,317,0.17812079351733118,central,ctk-at-dose,50
primary-set,own-domain,0.1,317,0.12746613646397564,central,ctk-at-dose,50
primary-set,federation-wide,0.1,317,0.20907907053782437,central,ctk-at-dose,50
primary-set,own-domain,0.01,318,0.11694921127708502,central,ctk-at-dose,50
primary-set,federation-wide,0.01,318,0.1083667965934273,central,ctk-at-dose,50
primary-set,own-domain,0.05,318,0.15422128756926368,central,ctk-at-dose,50
primary-set,federation-wide,0.05,318,0.13040504129471048,central,ctk-at-dose,50
primary-set,own-domain,0.1,318,0.09670907517728033,central,ctk-at-dose,50
primary-set,federation-wide,0.1,318,0.1575492240482146,central,ctk-at-dose,50
primary-set,own-domain,0.01,319,0.08707935179842996,central,ctk-at-dose,50
primary-set,federation-wide,0.01,319,0.145149295766349,central,ctk-at-dose,50
primary-set,own-domain,0.05,319,0.06089255391785442,central,ctk-at-dose,50
primary-set,federation-wide,0.05,319,0.1594687153623714,central,ctk-at-dose,50
primary-set,own-domain,0.1,319,0.0576612090594264,central,ctk-at-dose,50
primary-set,federation-wide,0.1,319,0.09658051142720048,central,ctk-at-dose,50
replication-set,federation-wide,0.01,310,0.018390550121878096,central,ctk-at-dose,50
replication-set,federation-wide,0.05,310,0.13917389990301388,central,ctk-at-dose,50
replication-set,federation-wide,0.1,310,0.19317043129855438,central,ctk-at-dose,50
replication-set,own-domain,0.01,310,0.024453854914144812,central,ctk-at-dose,50
replication-set,own-domain,0.05,310,0.12263016865389786,central,ctk-at-dose,50
replication-set,own-domain,0.1,310,0.22004273729820428,central,ctk-at-dose,50
replication-set,own-domain,0.01,311,-0.002845661567368263,central,ctk-at-dose,50
replication-set,federation-wide,0.01,311,0.03018243249981223,central,ctk-at-dose,50
replication-set,own-domain,0.05,311,0.0695840192316372,central,ctk-at-dose,50
replication-set,federation-wide,0.05,311,0.06465831238278835,central,ctk-at-dose,50
replication-set,own-domain,0.1,311,0.24945989241006705,central,ctk-at-dose,50
replication-set,federation-wide,0.1,311,0.1627333410658819,central,ctk-at-dose,50
replication-set,own-domain,0.01,312,0.047337358088998804,central,ctk-at-dose,50
replication-set,federation-wide,0.01,312,0.053003406298475914,central,ctk-at-dose,50
replication-set,own-domain,0.05,312,0.23947043901924958,central,ctk-at-dose,50
replication-set,federation-wide,0.05,312,0.15705102963758455,central,ctk-at-dose,50
replication-set,own-domain,0.1,312,0.24223956929043056,central,ctk-at-dose,50
replication-set,federation-wide,0.1,312,0.17156571037259571,central,ctk-at-dose,50
replication-set,own-domain,0.01,313,0.012756626749224509,central,ctk-at-dose,50
replication-set,federation-wide,0.01,313,0.028789576706973075,central,ctk-at-dose,50
replication-set,own-domain,0.05,313,0.0510950902321039,central,ctk-at-dose,50
replication-set,federation-wide,0.05,313,0.044325645774975775,central,ctk-at-dose,50
replication-set,own-domain,0.1,313,0.09713704103303167,central,ctk-at-dose,50
replication-set,federation-wide,0.1,313,0.06804504144829782,central,ctk-at-dose,50
replication-set,own-domain,0.01,314,0.07792755760622877,central,ctk-at-dose,50
replication-set,federation-wide,0.01,314,0.05636159171702418,central,ctk-at-dose,50
replication-set,own-domain,0.05,314,0.05487445459179818,central,ctk-at-dose,50
replication-set,federation-wide,0.05,314,0.038255715153057424,central,ctk-at-dose,50
replication-set,own-domain,0.1,314,0.08523322562518809,central,ctk-at-dose,50
replication-set,federation-wide,0.1,314,0.05645125877063961,central,ctk-at-dose,50
replication-set,own-domain,0.01,315,-0.00641784850233329,central,ctk-at-dose,50
replication-set,federation-wide,0.01,315,0.026661012658328487,central,ctk-at-dose,50
replication-set,own-domain,0.05,315,-0.006572074097512592,central,ctk-at-dose,50
replication-set,federation-wide,0.05,315,0.050887419509841214,central,ctk-at-dose,50
replication-set,own-domain,0.1,315,0.20309356494275566,central,ctk-at-dose,50
replication-set,federation-wide,0.1,315,0.12863316393590862,central,ctk-at-dose,50
replication-set,federation-wide,0.01,316,0.029614784636302863,central,ctk-at-dose,50
replication-set,own-domain,0.01,316,0.011722979178379375,central,ctk-at-dose,50
replication-set,federation-wide,0.05,316,0.08479277777766708,central,ctk-at-dose,50
replication-set,own-domain,0.05,316,0.16859745464253661,central,ctk-at-dose,50
replication-set,federation-wide,0.1,316,0.16672860213179042,central,ctk-at-dose,50
replication-set,own-domain,0.1,316,0.26427475380766113,central,ctk-at-dose,50
replication-set,own-domain,0.01,317,0.03139233565740404,central,ctk-at-dose,50
replication-set,federation-wide,0.01,317,-0.01614006208737684,central,ctk-at-dose,50
replication-set,own-domain,0.05,317,0.05578126202390321,central,ctk-at-dose,50
replication-set,federation-wide,0.05,317,0.046057961760867405,central,ctk-at-dose,50
replication-set,own-domain,0.1,317,0.15169821950165163,central,ctk-at-dose,50
replication-set,federation-wide,0.1,317,0.10725364591624675,central,ctk-at-dose,50
replication-set,own-domain,0.01,318,0.002236853766918123,central,ctk-at-dose,50
replication-set,federation-wide,0.01,318,0.026734406523433146,central,ctk-at-dose,50
replication-set,own-domain,0.05,318,0.18647061273664695,central,ctk-at-dose,50
replication-set,federation-wide,0.05,318,0.15847747281189328,central,ctk-at-dose,50
replication-set,own-domain,0.1,318,-0.033110849640137996,central,ctk-at-dose,50
replication-set,federation-wide,0.1,318,0.011810434867685626,central,ctk-at-dose,50
replication-set,own-domain,0.01,319,-0.005771591621331895,central,ctk-at-dose,50
replication-set,federation-wide,0.01,319,0.03479189700407592,central,ctk-at-dose,50
replication-set,own-domain,0.05,319,0.016557090149640186,central,ctk-at-dose,50
replication-set,federation-wide,0.05,319,0.08950121190605276,central,ctk-at-dose,50
replication-set,own-domain,0.1,319,0.23298920323827427,central,ctk-at-dose,50
replication-set,federation-wide,0.1,319,0.1719071509559641,central,ctk-at-dose,50
pooled-family-sets,own-domain,0.01,310,0.12053078454543556,central,ctk-at-dose,100
pooled-family-sets,federation-wide,0.01,310,0.10786628202536402,central,ctk-at-dose,100
pooled-family-sets,own-domain,0.05,310,0.07148331086817877,central,ctk-at-dose,100
pooled-family-sets,federation-wide,0.05,310,0.14485459630072756,central,ctk-at-dose,100
pooled-family-sets,own-domain,0.1,310,0.14256109965069452,central,ctk-at-dose,100
pooled-family-sets,federation-wide,0.1,310,0.18427940602653992,central,ctk-at-dose,100
pooled-family-sets,own-domain,0.01,311,0.06510687832474701,central,ctk-at-dose,100
pooled-family-sets,federation-wide,0.01,311,0.0569533637319104,central,ctk-at-dose,100
pooled-family-sets,own-domain,0.05,311,0.10511980719293207,central,ctk-at-dose,100
pooled-family-sets,federation-wide,0.05,311,0.134726343779128,central,ctk-at-dose,100
pooled-family-sets,own-domain,0.1,311,0.20178063335512508,central,ctk-at-dose,100
pooled-family-sets,federation-wide,0.1,311,0.19749441679367974,central,ctk-at-dose,100
pooled-family-sets,own-domain,0.01,312,0.06009216368987763,central,ctk-at-dose,100
pooled-family-sets,federation-wide,0.01,312,0.08464358320081147,central,ctk-at-dose,100
pooled-family-sets,own-domain,0.05,312,0.11460604202441699,central,ctk-at-dose,100
pooled-family-sets,federation-wide,0.05,312,0.14204307666996213,central,ctk-at-dose,100
pooled-family-sets,own-domain,0.1,312,0.19545079108495012,central,ctk-at-dose,100
pooled-family-sets,federation-wide,0.1,312,0.19320431202663513,central,ctk-at-dose,100
pooled-family-sets,own-domain,0.01,313,0.09511002498985252,central,ctk-at-dose,100
pooled-family-sets,federation-wide,0.01,313,0.07873152063747924,central,ctk-at-dose,100
pooled-family-sets,own-domain,0.05,313,0.16614131697931034,central,ctk-at-dose,100
pooled-family-sets,federation-wide,0.05,313,0.09985240056593192,central,ctk-at-dose,100
pooled-family-sets,own-domain,0.1,313,0.17394321520177952,central,ctk-at-dose,100
pooled-family-sets,federation-wide,0.1,313,0.11761835996167458,central,ctk-at-dose,100
pooled-family-sets,own-domain,0.01,314,0.16372124443427644,central,ctk-at-dose,100
pooled-family-sets,federation-wide,0.01,314,0.12469547400237119,central,ctk-at-dose,100
pooled-family-sets,own-domain,0.05,314,0.12544937235464793,central,ctk-at-dose,100
pooled-family-sets,federation-wide,0.05,314,0.13707573840594328,central,ctk-at-dose,100
pooled-family-sets,own-domain,0.1,314,0.12490852185602319,central,ctk-at-dose,100
pooled-family-sets,federation-wide,0.1,314,0.1425863543909055,central,ctk-at-dose,100
pooled-family-sets,own-domain,0.01,315,0.11964680582182197,central,ctk-at-dose,100
pooled-family-sets,federation-wide,0.01,315,0.06492659468321105,central,ctk-at-dose,100
pooled-family-sets,own-domain,0.05,315,0.11844776348647446,central,ctk-at-dose,100
pooled-family-sets,federation-wide,0.05,315,0.07514409392504895,central,ctk-at-dose,100
pooled-family-sets,own-domain,0.1,315,0.18712748369159582,central,ctk-at-dose,100
pooled-family-sets,federation-wide,0.1,315,0.1224438876895092,central,ctk-at-dose,100
pooled-family-sets,own-domain,0.01,316,0.03740494373164033,central,ctk-at-dose,100
pooled-family-sets,federation-wide,0.01,316,0.04383585274174259,central,ctk-at-dose,100
pooled-family-sets,own-domain,0.05,316,0.07073870244197566,central,ctk-at-dose,100
pooled-family-sets,federation-wide,0.05,316,0.07677316270728912,central,ctk-at-dose,100
pooled-family-sets,own-domain,0.1,316,0.2299171497567808,central,ctk-at-dose,100
pooled-family-sets,federation-wide,0.1,316,0.1634780017256393,central,ctk-at-dose,100
pooled-family-sets,own-domain,0.01,317,-0.0027491162556558257,central,ctk-at-dose,100
pooled-family-sets,federation-wide,0.01,317,0.002459857711138158,central,ctk-at-dose,100
pooled-family-sets,own-domain,0.05,317,0.1271616674624253,central,ctk-at-dose,100
pooled-family-sets,federation-wide,0.05,317,0.16351185862151696,central,ctk-at-dose,100
pooled-family-sets,own-domain,0.1,317,0.12893722404229824,central,ctk-at-dose,100
pooled-family-sets,federation-wide,0.1,317,0.16284575007152124,central,ctk-at-dose,100
pooled-family-sets,own-domain,0.01,318,0.07516555925415178,central,ctk-at-dose,100
pooled-family-sets,federation-wide,0.01,318,0.06134592545767939,central,ctk-at-dose,100
pooled-family-sets,own-domain,0.05,318,0.13116674696746838,central,ctk-at-dose,100
pooled-family-sets,federation-wide,0.05,318,0.16946377227592646,central,ctk-at-dose,100
pooled-family-sets,own-domain,0.1,318,0.039190999480395616,central,ctk-at-dose,100
pooled-family-sets,federation-wide,0.1,318,0.1154008007961913,central,ctk-at-dose,100
pooled-family-sets,own-domain,0.01,319,0.08131927768780553,central,ctk-at-dose,100
pooled-family-sets,federation-wide,0.01,319,0.14390196904674785,central,ctk-at-dose,100
pooled-family-sets,own-domain,0.05,319,0.13102064128342705,central,ctk-at-dose,100
pooled-family-sets,federation-wide,0.05,319,0.19018434234174986,central,ctk-at-dose,100
pooled-family-sets,own-domain,0.1,319,0.1564882257863246,central,ctk-at-dose,100
pooled-family-sets,federation-wide,0.1,319,0.1558560367969144,central,ctk-at-dose,100
primary-set,own-domain,0.01,310,0.1862023420587141,central,ctk-at-dose,100
primary-set,federation-wide,0.01,310,0.1940647941943635,central,ctk-at-dose,100
primary-set,own-domain,0.05,310,0.02461574089996188,central,ctk-at-dose,100
primary-set,federation-wide,0.05,310,0.13986074050279262,central,ctk-at-dose,100
primary-set,own-domain,0.1,310,0.07201076425452912,central,ctk-at-dose,100
primary-set,federation-wide,0.1,310,0.15397024509587232,central,ctk-at-dose,100
primary-set,own-domain,0.01,311,0.11448548184652987,central,ctk-at-dose,100
primary-set,federation-wide,0.01,311,0.08677421415789122,central,ctk-at-dose,100
primary-set,own-domain,0.05,311,0.12924099328254302,central,ctk-at-dose,100
primary-set,federation-wide,0.05,311,0.20313646115477224,central,ctk-at-dose,100
primary-set,own-domain,0.1,311,0.14508520181786677,central,ctk-at-dose,100
primary-set,federation-wide,0.1,311,0.2259083241249703,central,ctk-at-dose,100
primary-set,own-domain,0.01,312,0.08899805493527929,central,ctk-at-dose,100
primary-set,federation-wide,0.01,312,0.1327096461078254,central,ctk-at-dose,100
primary-set,own-domain,0.05,312,0.1259465381638254,central,ctk-at-dose,100
primary-set,federation-wide,0.05,312,0.2216779529676393,central,ctk-at-dose,100
primary-set,own-domain,0.1,312,0.13335719969217086,central,ctk-at-dose,100
primary-set,federation-wide,0.1,312,0.23774982936006395,central,ctk-at-dose,100
primary-set,own-domain,0.01,313,0.11698514760233329,central,ctk-at-dose,100
primary-set,federation-wide,0.01,313,0.10089355726587618,central,ctk-at-dose,100
primary-set,own-domain,0.05,313,0.24705677275494858,central,ctk-at-dose,100
primary-set,federation-wide,0.05,313,0.12652412935246454,central,ctk-at-dose,100
primary-set,own-domain,0.1,313,0.21504458545333588,central,ctk-at-dose,100
primary-set,federation-wide,0.1,313,0.1371421503341438,central,ctk-at-dose,100
primary-set,own-domain,0.01,314,0.241825829230763,central,ctk-at-dose,100
primary-set,federation-wide,0.01,314,0.20405199539667793,central,ctk-at-dose,100
primary-set,own-domain,0.05,314,0.2138594102376251,central,ctk-at-dose,100
primary-set,federation-wide,0.05,314,0.2525665575084122,central,ctk-at-dose,100
primary-set,own-domain,0.1,314,0.19039509169783952,central,ctk-at-dose,100
primary-set,federation-wide,0.1,314,0.26171563736362174,central,ctk-at-dose,100
primary-set,own-domain,0.01,315,0.22693782089060915,central,ctk-at-dose,100
primary-set,federation-wide,0.01,315,0.1156538262646864,central,ctk-at-dose,100
primary-set,own-domain,0.05,315,0.21618274460248954,central,ctk-at-dose,100
primary-set,federation-wide,0.05,315,0.11310878675246805,central,ctk-at-dose,100
primary-set,own-domain,0.1,315,0.15805854212792614,central,ctk-at-dose,100
primary-set,federation-wide,0.1,315,0.09807186063338302,central,ctk-at-dose,100
primary-set,own-domain,0.01,316,0.08364388905852316,central,ctk-at-dose,100
primary-set,federation-wide,0.01,316,0.09083356270595372,central,ctk-at-dose,100
primary-set,own-domain,0.05,316,0.18421241355387702,central,ctk-at-dose,100
primary-set,federation-wide,0.05,316,0.17237066649835447,central,ctk-at-dose,100
primary-set,own-domain,0.1,316,0.2012286594481716,central,ctk-at-dose,100
primary-set,federation-wide,0.1,316,0.19697312729784966,central,ctk-at-dose,100
primary-set,own-domain,0.01,317,-0.005895539428451779,central,ctk-at-dose,100
primary-set,federation-wide,0.01,317,0.03001056021819959,central,ctk-at-dose,100
primary-set,own-domain,0.05,317,0.08592505412179158,central,ctk-at-dose,100
primary-set,federation-wide,0.05,317,0.2023410125053568,central,ctk-at-dose,100
primary-set,own-domain,0.1,317,0.12435512378859159,central,ctk-at-dose,100
primary-set,federation-wide,0.1,317,0.22320770017441394,central,ctk-at-dose,100
primary-set,own-domain,0.01,318,0.13976683263877282,central,ctk-at-dose,100
primary-set,federation-wide,0.01,318,0.13093088839221173,central,ctk-at-dose,100
primary-set,own-domain,0.05,318,0.14033508178484666,central,ctk-at-dose,100
primary-set,federation-wide,0.05,318,0.18411436111148366,central,ctk-at-dose,100
primary-set,own-domain,0.1,318,0.10475420990562212,central,ctk-at-dose,100
primary-set,federation-wide,0.1,318,0.18579501204082727,central,ctk-at-dose,100
primary-set,own-domain,0.01,319,0.14661253418857267,central,ctk-at-dose,100
primary-set,federation-wide,0.01,319,0.2323287149511037,central,ctk-at-dose,100
primary-set,own-domain,0.05,319,0.05585503724609864,central,ctk-at-dose,100
primary-set,federation-wide,0.05,319,0.17896151984849273,central,ctk-at-dose,100
primary-set,own-domain,0.1,319,0.07944479818830297,central,ctk-at-dose,100
primary-set,federation-wide,0.1,319,0.12230444679132946,central,ctk-at-dose,100
replication-set,federation-wide,0.01,310,0.03244258387748941,central,ctk-at-dose,100
replication-set,federation-wide,0.05,310,0.14922422012392045,central,ctk-at-dose,100
replication-set,federation-wide,0.1,310,0.21079992184087426,central,ctk-at-dose,100
replication-set,own-domain,0.01,310,0.028590604026845656,central,ctk-at-dose,100
replication-set,own-domain,0.05,310,0.1370979088236824,central,ctk-at-dose,100
replication-set,own-domain,0.1,310,0.2413315692053261,central,ctk-at-dose,100
replication-set,own-domain,0.01,311,0.015728274802964348,central,ctk-at-dose,100
replication-set,federation-wide,0.01,311,0.030860119609177172,central,ctk-at-dose,100
replication-set,own-domain,0.05,311,0.08099862110332107,central,ctk-at-dose,100
replication-set,federation-wide,0.05,311,0.07486749107543939,central,ctk-at-dose,100
replication-set,own-domain,0.1,311,0.2584760648923833,central,ctk-at-dose,100
replication-set,federation-wide,0.1,311,0.1726322478788005,central,ctk-at-dose,100
replication-set,own-domain,0.01,312,0.031186272444475888,central,ctk-at-dose,100
replication-set,federation-wide,0.01,312,0.042585778157174375,central,ctk-at-dose,100
replication-set,own-domain,0.05,312,0.10326554588500864,central,ctk-at-dose,100
replication-set,federation-wide,0.05,312,0.0723625599094947,central,ctk-at-dose,100
replication-set,own-domain,0.1,312,0.2575443824777296,central,ctk-at-dose,100
replication-set,federation-wide,0.1,312,0.1542269843598849,central,ctk-at-dose,100
replication-set,own-domain,0.01,313,0.06958904860862497,central,ctk-at-dose,100
replication-set,federation-wide,0.01,313,0.056569484009082405,central,ctk-at-dose,100
replication-set,own-domain,0.05,313,0.0717399519077323,central,ctk-at-dose,100
replication-set,federation-wide,0.05,313,0.07318067177939924,central,ctk-at-dose,100
replication-set,own-domain,0.1,313,0.12599161657496394,central,ctk-at-dose,100
replication-set,federation-wide,0.1,313,0.09809456958920515,central,ctk-at-dose,100
replication-set,own-domain,0.01,314,0.0725992288383755,central,ctk-at-dose,100
replication-set,federation-wide,0.01,314,0.04533895260806445,central,ctk-at-dose,100
replication-set,own-domain,0.05,314,0.022304328157841447,central,ctk-at-dose,100
replication-set,federation-wide,0.05,314,0.02158491930347417,central,ctk-at-dose,100
replication-set,own-domain,0.1,314,0.04850752370723754,central,ctk-at-dose,100
replication-set,federation-wide,0.1,314,0.0234570714181892,central,ctk-at-dose,100
replication-set,own-domain,0.01,315,-0.009102412260722559,central,ctk-at-dose,100
replication-set,federation-wide,0.01,315,0.020540267049420136,central,ctk-at-dose,100
replication-set,own-domain,0.05,315,0.0011657861472565978,central,ctk-at-dose,100
replication-set,federation-wide,0.05,315,0.04192498770105724,central,ctk-at-dose,100
replication-set,own-domain,0.1,315,0.22201021356799922,central,ctk-at-dose,100
replication-set,federation-wide,0.1,315,0.14376941136361943,central,ctk-at-dose,100
replication-set,federation-wide,0.01,316,0.002712856523057791,central,ctk-at-dose,100
replication-set,own-domain,0.01,316,-0.0011275107074287319,central,ctk-at-dose,100
replication-set,federation-wide,0.05,316,-0.006874653109892992,central,ctk-at-dose,100
replication-set,own-domain,0.05,316,-0.02382272348460876,central,ctk-at-dose,100
replication-set,federation-wide,0.1,316,0.13416976684995519,central,ctk-at-dose,100
replication-set,own-domain,0.1,316,0.2538242250139549,central,ctk-at-dose,100
replication-set,own-domain,0.01,317,0.0003973069171401278,central,ctk-at-dose,100
replication-set,federation-wide,0.01,317,-0.025090844795923217,central,ctk-at-dose,100
replication-set,own-domain,0.05,317,0.16839828080305896,central,ctk-at-dose,100
replication-set,federation-wide,0.05,317,0.12468270473767717,central,ctk-at-dose,100
replication-set,own-domain,0.1,317,0.13351932429600488,central,ctk-at-dose,100
replication-set,federation-wide,0.1,317,0.10248379996862844,central,ctk-at-dose,100
replication-set,own-domain,0.01,318,-0.000202593027906095,central,ctk-at-dose,100
replication-set,federation-wide,0.01,318,0.0004590828899636301,central,ctk-at-dose,100
replication-set,own-domain,0.05,318,0.12047035634719377,central,ctk-at-dose,100
replication-set,federation-wide,0.05,318,0.15664450704481392,central,ctk-at-dose,100
replication-set,own-domain,0.1,318,-0.03729941268236858,central,ctk-at-dose,100
replication-set,federation-wide,0.1,318,0.05380586595713488,central,ctk-at-dose,100
replication-set,own-domain,0.01,319,0.0029673698868850074,central,ctk-at-dose,100
replication-set,federation-wide,0.01,319,0.06652856638043658,central,ctk-at-dose,100
replication-set,own-domain,0.05,319,0.22121936612822102,central,ctk-at-dose,100
replication-set,federation-wide,0.05,319,0.2000043120233499,central,ctk-at-dose,100
replication-set,own-domain,0.1,319,0.24894033890395056,central,ctk-at-dose,100
replication-set,federation-wide,0.1,319,0.18521367805180122,central,ctk-at-dose,100
pooled-family-sets,own-domain,0.01,310,0.17332587791310597,central,ctk-at-dose,200
pooled-family-sets,federation-wide,0.01,310,0.13863484919938435,central,ctk-at-dose,200
pooled-family-sets,own-domain,0.05,310,0.13474288647671567,central,ctk-at-dose,200
pooled-family-sets,federation-wide,0.05,310,0.23936831203444903,central,ctk-at-dose,200
pooled-family-sets,own-domain,0.1,310,0.17424701247927032,central,ctk-at-dose,200
pooled-family-sets,federation-wide,0.1,310,0.2471009336492005,central,ctk-at-dose,200
pooled-family-sets,own-domain,0.01,311,0.08211887625437889,central,ctk-at-dose,200
pooled-family-sets,federation-wide,0.01,311,0.07816499113946268,central,ctk-at-dose,200
pooled-family-sets,own-domain,0.05,311,0.18204768976042923,central,ctk-at-dose,200
pooled-family-sets,federation-wide,0.05,311,0.1913268086055488,central,ctk-at-dose,200
pooled-family-sets,own-domain,0.1,311,0.2239447896540505,central,ctk-at-dose,200
pooled-family-sets,federation-wide,0.1,311,0.21717711779388615,central,ctk-at-dose,200
pooled-family-sets,own-domain,0.01,312,0.07629230283041594,central,ctk-at-dose,200
pooled-family-sets,federation-wide,0.01,312,0.08435782319420052,central,ctk-at-dose,200
pooled-family-sets,own-domain,0.05,312,0.21589623259305762,central,ctk-at-dose,200
pooled-family-sets,federation-wide,0.05,312,0.22095777510539388,central,ctk-at-dose,200
pooled-family-sets,own-domain,0.1,312,0.21447572090029732,central,ctk-at-dose,200
pooled-family-sets,federation-wide,0.1,312,0.22125431178566524,central,ctk-at-dose,200
pooled-family-sets,own-domain,0.01,313,0.10744122201585804,central,ctk-at-dose,200
pooled-family-sets,federation-wide,0.01,313,0.11158582044732879,central,ctk-at-dose,200
pooled-family-sets,own-domain,0.05,313,0.19546488500726367,central,ctk-at-dose,200
pooled-family-sets,federation-wide,0.05,313,0.13468897257430024,central,ctk-at-dose,200
pooled-family-sets,own-domain,0.1,313,0.2501349694987683,central,ctk-at-dose,200
pooled-family-sets,federation-wide,0.1,313,0.19710286390301135,central,ctk-at-dose,200
pooled-family-sets,own-domain,0.01,314,0.17555129260370728,central,ctk-at-dose,200
pooled-family-sets,federation-wide,0.01,314,0.17469021365674647,central,ctk-at-dose,200
pooled-family-sets,own-domain,0.05,314,0.156650934600987,central,ctk-at-dose,200
pooled-family-sets,federation-wide,0.05,314,0.19580828596622796,central,ctk-at-dose,200
pooled-family-sets,own-domain,0.1,314,0.16328908103504858,central,ctk-at-dose,200
pooled-family-sets,federation-wide,0.1,314,0.20022864687747832,central,ctk-at-dose,200
pooled-family-sets,own-domain,0.01,315,0.17455033572149414,central,ctk-at-dose,200
pooled-family-sets,federation-wide,0.01,315,0.11817155192450451,central,ctk-at-dose,200
pooled-family-sets,own-domain,0.05,315,0.14016933764412998,central,ctk-at-dose,200
pooled-family-sets,federation-wide,0.05,315,0.11107288956220285,central,ctk-at-dose,200
pooled-family-sets,own-domain,0.1,315,0.18906994440608116,central,ctk-at-dose,200
pooled-family-sets,federation-wide,0.1,315,0.15852873786391897,central,ctk-at-dose,200
pooled-family-sets,own-domain,0.01,316,0.04767997708147048,central,ctk-at-dose,200
pooled-family-sets,federation-wide,0.01,316,0.07075629378918863,central,ctk-at-dose,200
pooled-family-sets,own-domain,0.05,316,0.25014282445469327,central,ctk-at-dose,200
pooled-family-sets,federation-wide,0.05,316,0.19872036169707602,central,ctk-at-dose,200
pooled-family-sets,own-domain,0.1,316,0.23278868642163697,central,ctk-at-dose,200
pooled-family-sets,federation-wide,0.1,316,0.21740456167542344,central,ctk-at-dose,200
pooled-family-sets,own-domain,0.01,317,0.05346789504580726,central,ctk-at-dose,200
pooled-family-sets,federation-wide,0.01,317,0.044024542470766814,central,ctk-at-dose,200
pooled-family-sets,own-domain,0.05,317,0.07180681955248613,central,ctk-at-dose,200
pooled-family-sets,federation-wide,0.05,317,0.11693914430903884,central,ctk-at-dose,200
pooled-family-sets,own-domain,0.1,317,0.14819662052781257,central,ctk-at-dose,200
pooled-family-sets,federation-wide,0.1,317,0.17967062359620767,central,ctk-at-dose,200
pooled-family-sets,own-domain,0.01,318,0.09393516855903847,central,ctk-at-dose,200
pooled-family-sets,federation-wide,0.01,318,0.09334217291925032,central,ctk-at-dose,200
pooled-family-sets,own-domain,0.05,318,0.19882556808863244,central,ctk-at-dose,200
pooled-family-sets,federation-wide,0.05,318,0.17933070861695832,central,ctk-at-dose,200
pooled-family-sets,own-domain,0.1,318,0.07794344519713237,central,ctk-at-dose,200
pooled-family-sets,federation-wide,0.1,318,0.13751513499371604,central,ctk-at-dose,200
pooled-family-sets,own-domain,0.01,319,0.07630793555719415,central,ctk-at-dose,200
pooled-family-sets,federation-wide,0.01,319,0.13375994366812888,central,ctk-at-dose,200
pooled-family-sets,own-domain,0.05,319,0.15588305127951063,central,ctk-at-dose,200
pooled-family-sets,federation-wide,0.05,319,0.20689005373200386,central,ctk-at-dose,200
pooled-family-sets,own-domain,0.1,319,0.16203190042424787,central,ctk-at-dose,200
pooled-family-sets,federation-wide,0.1,319,0.17328267495250327,central,ctk-at-dose,200
primary-set,own-domain,0.01,310,0.22863724649346845,central,ctk-at-dose,200
primary-set,federation-wide,0.01,310,0.22489091562089603,central,ctk-at-dose,200
primary-set,own-domain,0.05,310,0.09636720128210718,central,ctk-at-dose,200
primary-set,federation-wide,0.05,310,0.28220941160125346,central,ctk-at-dose,200
primary-set,own-domain,0.1,310,0.08909481358774618,central,ctk-at-dose,200
primary-set,federation-wide,0.1,310,0.2566122701613365,central,ctk-at-dose,200
primary-set,own-domain,0.01,311,0.12698747434542326,central,ctk-at-dose,200
primary-set,federation-wide,0.01,311,0.10162045902553199,central,ctk-at-dose,200
primary-set,own-domain,0.05,311,0.11278166608823392,central,ctk-at-dose,200
primary-set,federation-wide,0.05,311,0.20461458258111132,central,ctk-at-dose,200
primary-set,own-domain,0.1,311,0.16493831045077956,central,ctk-at-dose,200
primary-set,federation-wide,0.1,311,0.2443955145149006,central,ctk-at-dose,200
primary-set,own-domain,0.01,312,0.10636777493056798,central,ctk-at-dose,200
primary-set,federation-wide,0.01,312,0.12337718398676581,central,ctk-at-dose,200
primary-set,own-domain,0.05,312,0.1401542514985783,central,ctk-at-dose,200
primary-set,federation-wide,0.05,312,0.2430821874253805,central,ctk-at-dose,200
primary-set,own-domain,0.1,312,0.16480223467815136,central,ctk-at-dose,200
primary-set,federation-wide,0.1,312,0.2678037662475341,central,ctk-at-dose,200
primary-set,own-domain,0.01,313,0.1776608999669405,central,ctk-at-dose,200
primary-set,federation-wide,0.01,313,0.1459580598091642,central,ctk-at-dose,200
primary-set,own-domain,0.05,313,0.26549355323820795,central,ctk-at-dose,200
primary-set,federation-wide,0.05,313,0.16386997710324608,central,ctk-at-dose,200
primary-set,own-domain,0.1,313,0.2560816863095095,central,ctk-at-dose,200
primary-set,federation-wide,0.1,313,0.1657379693875718,central,ctk-at-dose,200
primary-set,own-domain,0.01,314,0.2680739241608797,central,ctk-at-dose,200
primary-set,federation-wide,0.01,314,0.23148103320384392,central,ctk-at-dose,200
primary-set,own-domain,0.05,314,0.23470694810109294,central,ctk-at-dose,200
primary-set,federation-wide,0.05,314,0.29316939445608065,central,ctk-at-dose,200
primary-set,own-domain,0.1,314,0.2131150093383254,central,ctk-at-dose,200
primary-set,federation-wide,0.1,314,0.2875122637704462,central,ctk-at-dose,200
primary-set,own-domain,0.01,315,0.2908843262912169,central,ctk-at-dose,200
primary-set,federation-wide,0.01,315,0.1864266806041467,central,ctk-at-dose,200
primary-set,own-domain,0.05,315,0.24718337465864593,central,ctk-at-dose,200
primary-set,federation-wide,0.05,315,0.15218712827238323,central,ctk-at-dose,200
primary-set,own-domain,0.1,315,0.1489067994740093,central,ctk-at-dose,200
primary-set,federation-wide,0.1,315,0.1344839991743757,central,ctk-at-dose,200
primary-set,own-domain,0.01,316,0.08036057597033205,central,ctk-at-dose,200
primary-set,federation-wide,0.01,316,0.11451452550008556,central,ctk-at-dose,200
primary-set,own-domain,0.05,316,0.23035306069452416,central,ctk-at-dose,200
primary-set,federation-wide,0.05,316,0.22596050381496746,central,ctk-at-dose,200
primary-set,own-domain,0.1,316,0.22422898635093758,central,ctk-at-dose,200
primary-set,federation-wide,0.1,316,0.2885524679089887,central,ctk-at-dose,200
primary-set,own-domain,0.01,317,0.033077335289482424,central,ctk-at-dose,200
primary-set,federation-wide,0.01,317,0.0907285569661544,central,ctk-at-dose,200
primary-set,own-domain,0.05,317,0.08809135121517869,central,ctk-at-dose,200
primary-set,federation-wide,0.05,317,0.18562648260784115,central,ctk-at-dose,200
primary-set,own-domain,0.1,317,0.14803006002078134,central,ctk-at-dose,200
primary-set,federation-wide,0.1,317,0.24981502451191961,central,ctk-at-dose,200
primary-set,own-domain,0.01,318,0.13655123738842168,central,ctk-at-dose,200
primary-set,federation-wide,0.01,318,0.16235198188358357,central,ctk-at-dose,200
primary-set,own-domain,0.05,318,0.1958952389958264,central,ctk-at-dose,200
primary-set,federation-wide,0.05,318,0.21281232915037934,central,ctk-at-dose,200
primary-set,own-domain,0.1,318,0.12363379471726288,central,ctk-at-dose,200
primary-set,federation-wide,0.1,318,0.22884004742372455,central,ctk-at-dose,200
primary-set,own-domain,0.01,319,0.14947800786134846,central,ctk-at-dose,200
primary-set,federation-wide,0.01,319,0.2309074751204016,central,ctk-at-dose,200
primary-set,own-domain,0.05,319,0.09625813745154677,central,ctk-at-dose,200
primary-set,federation-wide,0.05,319,0.2227728675649342,central,ctk-at-dose,200
primary-set,own-domain,0.1,319,0.08751093134973187,central,ctk-at-dose,200
primary-set,federation-wide,0.1,319,0.1613629624411823,central,ctk-at-dose,200
replication-set,federation-wide,0.01,310,0.06316079108056166,central,ctk-at-dose,200
replication-set,federation-wide,0.05,310,0.20188234991349518,central,ctk-at-dose,200
replication-set,federation-wide,0.1,310,0.23877851420108165,central,ctk-at-dose,200
replication-set,own-domain,0.01,310,0.09588996190059842,central,ctk-at-dose,200
replication-set,own-domain,0.05,310,0.18846884574916756,central,ctk-at-dose,200
replication-set,own-domain,0.1,310,0.29346009092740405,central,ctk-at-dose,200
replication-set,own-domain,0.01,311,0.03725027816333454,central,ctk-at-dose,200
replication-set,federation-wide,0.01,311,0.057641456739152,central,ctk-at-dose,200
replication-set,own-domain,0.05,311,0.2513137134326244,central,ctk-at-dose,200
replication-set,federation-wide,0.05,311,0.17970000637693156,central,ctk-at-dose,200
replication-set,own-domain,0.1,311,0.28295126885732147,central,ctk-at-dose,200
replication-set,federation-wide,0.1,311,0.19336102066299865,central,ctk-at-dose,200
replication-set,own-domain,0.01,312,0.04621683073026389,central,ctk-at-dose,200
replication-set,federation-wide,0.01,312,0.05021588250070588,central,ctk-at-dose,200
replication-set,own-domain,0.05,312,0.29163821368753695,central,ctk-at-dose,200
replication-set,federation-wide,0.05,312,0.20159891432540566,central,ctk-at-dose,200
replication-set,own-domain,0.1,312,0.2641492071224434,central,ctk-at-dose,200
replication-set,federation-wide,0.1,312,0.1805235391315302,central,ctk-at-dose,200
replication-set,own-domain,0.01,313,0.025518264406261842,central,ctk-at-dose,200
replication-set,federation-wide,0.01,313,0.07721358108549348,central,ctk-at-dose,200
replication-set,own-domain,0.05,313,0.11376477207116176,central,ctk-at-dose,200
replication-set,federation-wide,0.05,313,0.10550796804535456,central,ctk-at-dose,200
replication-set,own-domain,0.1,313,0.24319713321957004,central,ctk-at-dose,200
replication-set,federation-wide,0.1,313,0.2284677584184508,central,ctk-at-dose,200
replication-set,own-domain,0.01,314,0.0676082224536727,central,ctk-at-dose,200
replication-set,federation-wide,0.01,314,0.11789939410964903,central,ctk-at-dose,200
replication-set,own-domain,0.05,314,0.06558558551753002,central,ctk-at-dose,200
replication-set,federation-wide,0.05,314,0.0984471774763751,central,ctk-at-dose,200
replication-set,own-domain,0.1,314,0.10515883134789217,central,ctk-at-dose,200
replication-set,federation-wide,0.1,314,0.1129450299845105,central,ctk-at-dose,200
replication-set,own-domain,0.01,315,0.034949547037826934,central,ctk-at-dose,200
replication-set,federation-wide,0.01,315,0.05844831432981756,central,ctk-at-dose,200
replication-set,own-domain,0.05,315,0.011752493226710903,central,ctk-at-dose,200
replication-set,federation-wide,0.05,315,0.07509793069079496,central,ctk-at-dose,200
replication-set,own-domain,0.1,315,0.23726571832456744,central,ctk-at-dose,200
replication-set,federation-wide,0.1,315,0.1795678842172692,central,ctk-at-dose,200
replication-set,federation-wide,0.01,316,0.03246784104215371,central,ctk-at-dose,200
replication-set,own-domain,0.01,316,0.020446144674085856,central,ctk-at-dose,200
replication-set,federation-wide,0.05,316,0.17488523734392103,central,ctk-at-dose,200
replication-set,own-domain,0.05,316,0.26663429425483426,central,ctk-at-dose,200
replication-set,federation-wide,0.1,316,0.15515014372105362,central,ctk-at-dose,200
replication-set,own-domain,0.1,316,0.23992176981388652,central,ctk-at-dose,200
replication-set,own-domain,0.01,317,0.07385845480213207,central,ctk-at-dose,200
replication-set,federation-wide,0.01,317,-0.0026794720246208215,central,ctk-at-dose,200
replication-set,own-domain,0.05,317,0.05552228788979363,central,ctk-at-dose,200
replication-set,federation-wide,0.05,317,0.0482518060102366,central,ctk-at-dose,200
replication-set,own-domain,0.1,317,0.14836318103484392,central,ctk-at-dose,200
replication-set,federation-wide,0.1,317,0.10952622268049539,central,ctk-at-dose,200
replication-set,own-domain,0.01,318,0.04421642159142476,central,ctk-at-dose,200
replication-set,federation-wide,0.01,318,0.03295859007545876,central,ctk-at-dose,200
replication-set,own-domain,0.05,318,0.20224428536357275,central,ctk-at-dose,200
replication-set,federation-wide,0.05,318,0.15003429065021484,central,ctk-at-dose,200
replication-set,own-domain,0.1,318,0.024638037423646675,central,ctk-at-dose,200
replication-set,federation-wide,0.1,318,0.05760583661745855,central,ctk-at-dose,200
replication-set,own-domain,0.01,319,-0.011496151207791017,central,ctk-at-dose,200
replication-set,federation-wide,0.01,319,0.04875585364739027,central,ctk-at-dose,200
replication-set,own-domain,0.05,319,0.2274329478730669,central,ctk-at-dose,200
replication-set,federation-wide,0.05,319,0.19299259162818994,central,ctk-at-dose,200
replication-set,own-domain,0.1,319,0.2514570633136671,central,ctk-at-dose,200
replication-set,federation-wide,0.1,319,0.18371242339990923,central,ctk-at-dose,200
pooled-family-sets,own-domain,0.01,310,0.08498152566140199,central,ctk-natural-peer-present,
pooled-family-sets,federation-wide,0.01,310,0.08352358362175569,central,ctk-natural-peer-present,
pooled-family-sets,own-domain,0.05,310,0.026737618676547836,central,ctk-natural-peer-present,
pooled-family-sets,federation-wide,0.05,310,0.08283703156644628,central,ctk-natural-peer-present,
pooled-family-sets,own-domain,0.1,310,0.12047195529015475,central,ctk-natural-peer-present,
pooled-family-sets,federation-wide,0.1,310,0.17235151007437455,central,ctk-natural-peer-present,
pooled-family-sets,own-domain,0.01,311,0.04071455180524661,central,ctk-natural-peer-present,
pooled-family-sets,federation-wide,0.01,311,0.0592633011691763,central,ctk-natural-peer-present,
pooled-family-sets,own-domain,0.05,311,0.15089126705649375,central,ctk-natural-peer-present,
pooled-family-sets,federation-wide,0.05,311,0.13874216957148683,central,ctk-natural-peer-present,
pooled-family-sets,own-domain,0.1,311,0.18174863353725024,central,ctk-natural-peer-present,
pooled-family-sets,federation-wide,0.1,311,0.15569183687096178,central,ctk-natural-peer-present,
pooled-family-sets,own-domain,0.01,312,0.04672082942289202,central,ctk-natural-peer-present,
pooled-family-sets,federation-wide,0.01,312,0.06688286878422658,central,ctk-natural-peer-present,
pooled-family-sets,own-domain,0.05,312,0.0984888772617481,central,ctk-natural-peer-present,
pooled-family-sets,federation-wide,0.05,312,0.1469151476392821,central,ctk-natural-peer-present,
pooled-family-sets,own-domain,0.1,312,0.20375808643106041,central,ctk-natural-peer-present,
pooled-family-sets,federation-wide,0.1,312,0.1941002023131253,central,ctk-natural-peer-present,
pooled-family-sets,own-domain,0.01,313,0.03982814353378139,central,ctk-natural-peer-present,
pooled-family-sets,federation-wide,0.01,313,0.06671101693211551,central,ctk-natural-peer-present,
pooled-family-sets,own-domain,0.05,313,0.11122911166028243,central,ctk-natural-peer-present,
pooled-family-sets,federation-wide,0.05,313,0.08462319027544718,central,ctk-natural-peer-present,
pooled-family-sets,own-domain,0.1,313,0.12718405695519147,central,ctk-natural-peer-present,
pooled-family-sets,federation-wide,0.1,313,0.11863061564358679,central,ctk-natural-peer-present,
pooled-family-sets,own-domain,0.01,314,0.10895345348667951,central,ctk-natural-peer-present,
pooled-family-sets,federation-wide,0.01,314,0.11116370219331717,central,ctk-natural-peer-present,
pooled-family-sets,own-domain,0.05,314,0.15081209646218985,central,ctk-natural-peer-present,
pooled-family-sets,federation-wide,0.05,314,0.1592237432197739,central,ctk-natural-peer-present,
pooled-family-sets,own-domain,0.1,314,0.17832965345011165,central,ctk-natural-peer-present,
pooled-family-sets,federation-wide,0.1,314,0.19200313391624868,central,ctk-natural-peer-present,
pooled-family-sets,own-domain,0.01,315,0.18396379498002746,central,ctk-natural-peer-present,
pooled-family-sets,federation-wide,0.01,315,0.13625260038613268,central,ctk-natural-peer-present,
pooled-family-sets,own-domain,0.05,315,0.230297887403778,central,ctk-natural-peer-present,
pooled-family-sets,federation-wide,0.05,315,0.14894424612147095,central,ctk-natural-peer-present,
pooled-family-sets,own-domain,0.1,315,0.16991182561975593,central,ctk-natural-peer-present,
pooled-family-sets,federation-wide,0.1,315,0.10904594292266478,central,ctk-natural-peer-present,
pooled-family-sets,own-domain,0.01,316,0.022008300660548305,central,ctk-natural-peer-present,
pooled-family-sets,federation-wide,0.01,316,0.06384991523103406,central,ctk-natural-peer-present,
pooled-family-sets,own-domain,0.05,316,0.16619872582961143,central,ctk-natural-peer-present,
pooled-family-sets,federation-wide,0.05,316,0.1276599892175047,central,ctk-natural-peer-present,
pooled-family-sets,own-domain,0.1,316,0.18805702835273364,central,ctk-natural-peer-present,
pooled-family-sets,federation-wide,0.1,316,0.1410574012520519,central,ctk-natural-peer-present,
pooled-family-sets,own-domain,0.01,317,0.05316411724421469,central,ctk-natural-peer-present,
pooled-family-sets,federation-wide,0.01,317,0.04186006976105405,central,ctk-natural-peer-present,
pooled-family-sets,own-domain,0.05,317,0.06500927719357674,central,ctk-natural-peer-present,
pooled-family-sets,federation-wide,0.05,317,0.09188927295827598,central,ctk-natural-peer-present,
pooled-family-sets,own-domain,0.1,317,0.1431843159211953,central,ctk-natural-peer-present,
pooled-family-sets,federation-wide,0.1,317,0.13423635488449726,central,ctk-natural-peer-present,
pooled-family-sets,own-domain,0.01,318,0.07470707962200493,central,ctk-natural-peer-present,
pooled-family-sets,federation-wide,0.01,318,0.07286943342245025,central,ctk-natural-peer-present,
pooled-family-sets,own-domain,0.05,318,0.10781258956962886,central,ctk-natural-peer-present,
pooled-family-sets,federation-wide,0.05,318,0.11423368137912748,central,ctk-natural-peer-present,
pooled-family-sets,own-domain,0.1,318,0.05726228867532379,central,ctk-natural-peer-present,
pooled-family-sets,federation-wide,0.1,318,0.12864203311320543,central,ctk-natural-peer-present,
pooled-family-sets,own-domain,0.01,319,0.05989796075133183,central,ctk-natural-peer-present,
pooled-family-sets,federation-wide,0.01,319,0.11905213720532493,central,ctk-natural-peer-present,
pooled-family-sets,own-domain,0.05,319,0.023311988329434707,central,ctk-natural-peer-present,
pooled-family-sets,federation-wide,0.05,319,0.12690131402642157,central,ctk-natural-peer-present,
pooled-family-sets,own-domain,0.1,319,0.12784570079043855,central,ctk-natural-peer-present,
pooled-family-sets,federation-wide,0.1,319,0.13401945674383642,central,ctk-natural-peer-present,
primary-set,own-domain,0.01,310,0.10173468432975316,central,ctk-natural-peer-present,
primary-set,federation-wide,0.01,310,0.09373193000325507,central,ctk-natural-peer-present,
primary-set,own-domain,0.05,310,-0.003926251529097202,central,ctk-natural-peer-present,
primary-set,federation-wide,0.05,310,0.04730219614417491,central,ctk-natural-peer-present,
primary-set,own-domain,0.1,310,0.003016894941202941,central,ctk-natural-peer-present,
primary-set,federation-wide,0.1,310,0.11010289158610409,central,ctk-natural-peer-present,
primary-set,own-domain,0.01,311,0.06044180049115519,central,ctk-natural-peer-present,
primary-set,federation-wide,0.01,311,0.03950366990521703,central,ctk-natural-peer-present,
primary-set,own-domain,0.05,311,0.049939211456807464,central,ctk-natural-peer-present,
primary-set,federation-wide,0.05,311,0.07340134281519156,central,ctk-natural-peer-present,
primary-set,own-domain,0.1,311,0.09224840680341817,central,ctk-natural-peer-present,
primary-set,federation-wide,0.1,311,0.1028635050563913,central,ctk-natural-peer-present,
primary-set,own-domain,0.01,312,0.06313153671090799,central,ctk-natural-peer-present,
primary-set,federation-wide,0.01,312,0.0815495520250327,central,ctk-natural-peer-present,
primary-set,own-domain,0.05,312,0.09102914442958254,central,ctk-natural-peer-present,
primary-set,federation-wide,0.05,312,0.19837497643902852,central,ctk-natural-peer-present,
primary-set,own-domain,0.1,312,0.13291900697086134,central,ctk-natural-peer-present,
primary-set,federation-wide,0.1,312,0.22150755525364718,central,ctk-natural-peer-present,
primary-set,own-domain,0.01,313,0.04766458001640374,central,ctk-natural-peer-present,
primary-set,federation-wide,0.01,313,0.08396963920552958,central,ctk-natural-peer-present,
primary-set,own-domain,0.05,313,0.1674243078095401,central,ctk-natural-peer-present,
primary-set,federation-wide,0.05,313,0.10769779396571172,central,ctk-natural-peer-present,
primary-set,own-domain,0.1,313,0.11631067634112163,central,ctk-natural-peer-present,
primary-set,federation-wide,0.1,313,0.12517487363545565,central,ctk-natural-peer-present,
primary-set,own-domain,0.01,314,0.12526059945766405,central,ctk-natural-peer-present,
primary-set,federation-wide,0.01,314,0.11678544465882215,central,ctk-natural-peer-present,
primary-set,own-domain,0.05,314,0.18720681127880723,central,ctk-natural-peer-present,
primary-set,federation-wide,0.05,314,0.2033665863472281,central,ctk-natural-peer-present,
primary-set,own-domain,0.1,314,0.19263038693506085,central,ctk-natural-peer-present,
primary-set,federation-wide,0.1,314,0.2469776121478135,central,ctk-natural-peer-present,
primary-set,own-domain,0.01,315,0.2877517171684994,central,ctk-natural-peer-present,
primary-set,federation-wide,0.01,315,0.1935110147260991,central,ctk-natural-peer-present,
primary-set,own-domain,0.05,315,0.23579979965630082,central,ctk-natural-peer-present,
primary-set,federation-wide,0.05,315,0.12400868120547393,central,ctk-natural-peer-present,
primary-set,own-domain,0.1,315,0.11277759194660808,central,ctk-natural-peer-present,
primary-set,federation-wide,0.1,315,0.07351899759473246,central,ctk-natural-peer-present,
primary-set,own-domain,0.01,316,0.03172335243066948,central,ctk-natural-peer-present,
primary-set,federation-wide,0.01,316,0.07588886315686719,central,ctk-natural-peer-present,
primary-set,own-domain,0.05,316,0.1635193051778418,central,ctk-natural-peer-present,
primary-set,federation-wide,0.05,316,0.18011434871541532,central,ctk-natural-peer-present,
primary-set,own-domain,0.1,316,0.21535408928091848,central,ctk-natural-peer-present,
primary-set,federation-wide,0.1,316,0.18893656334708064,central,ctk-natural-peer-present,
primary-set,own-domain,0.01,317,0.05883323003400512,central,ctk-natural-peer-present,
primary-set,federation-wide,0.01,317,0.05999337892523621,central,ctk-natural-peer-present,
primary-set,own-domain,0.05,317,0.04925851858900493,central,ctk-natural-peer-present,
primary-set,federation-wide,0.05,317,0.11519346046923024,central,ctk-natural-peer-present,
primary-set,own-domain,0.1,317,0.11668451965468996,central,ctk-natural-peer-present,
primary-set,federation-wide,0.1,317,0.15517700459304307,central,ctk-natural-peer-present,
primary-set,own-domain,0.01,318,0.10309276416451535,central,ctk-natural-peer-present,
primary-set,federation-wide,0.01,318,0.09414049687748977,central,ctk-natural-peer-present,
primary-set,own-domain,0.05,318,0.14713363414755354,central,ctk-natural-peer-present,
primary-set,federation-wide,0.05,318,0.17397511035675844,central,ctk-natural-peer-present,
primary-set,own-domain,0.1,318,0.06023448737520698,central,ctk-natural-peer-present,
primary-set,federation-wide,0.1,318,0.19220128460487762,central,ctk-natural-peer-present,
primary-set,own-domain,0.01,319,0.11628229664382306,central,ctk-natural-peer-present,
primary-set,federation-wide,0.01,319,0.18683932251049923,central,ctk-natural-peer-present,
primary-set,own-domain,0.05,319,0.041477080849102954,central,ctk-natural-peer-present,
primary-set,federation-wide,0.05,319,0.15402907902183716,central,ctk-natural-peer-present,
primary-set,own-domain,0.1,319,0.06482493746867868,central,ctk-natural-peer-present,
primary-set,federation-wide,0.1,319,0.09387913087787236,central,ctk-natural-peer-present,
replication-set,federation-wide,0.01,310,0.07459128053794378,central,ctk-natural-peer-present,
replication-set,federation-wide,0.05,310,0.1139300125609336,central,ctk-natural-peer-present,
replication-set,federation-wide,0.1,310,0.22681905125161117,central,ctk-natural-peer-present,
replication-set,own-domain,0.01,310,0.061527103525710364,central,ctk-natural-peer-present,
replication-set,own-domain,0.05,310,0.06966703696445076,central,ctk-natural-peer-present,
replication-set,own-domain,0.1,310,0.28490903977868703,central,ctk-natural-peer-present,
replication-set,own-domain,0.01,311,0.020987303119338108,central,ctk-natural-peer-present,
replication-set,federation-wide,0.01,311,0.07655297852514065,central,ctk-natural-peer-present,
replication-set,own-domain,0.05,311,0.25184332265617987,central,ctk-natural-peer-present,
replication-set,federation-wide,0.05,311,0.19591539298324517,central,ctk-natural-peer-present,
replication-set,own-domain,0.1,311,0.2712488602710822,central,ctk-natural-peer-present,
replication-set,federation-wide,0.1,311,0.20191662720871095,central,ctk-natural-peer-present,
replication-set,own-domain,0.01,312,0.030310122134876022,central,ctk-natural-peer-present,
replication-set,federation-wide,0.01,312,0.05404952094852131,central,ctk-natural-peer-present,
replication-set,own-domain,0.05,312,0.10594861009391371,central,ctk-natural-peer-present,
replication-set,federation-wide,0.05,312,0.10188779743950382,central,ctk-natural-peer-present,
replication-set,own-domain,0.1,312,0.2745971658912594,central,ctk-natural-peer-present,
replication-set,federation-wide,0.1,312,0.17011876849016871,central,ctk-natural-peer-present,
replication-set,own-domain,0.01,313,0.030685634304055354,central,ctk-natural-peer-present,
replication-set,federation-wide,0.01,313,0.04945239465870149,central,ctk-natural-peer-present,
replication-set,own-domain,0.05,313,0.04566804948614839,central,ctk-natural-peer-present,
replication-set,federation-wide,0.05,313,0.061548586585182585,central,ctk-natural-peer-present,
replication-set,own-domain,0.1,313,0.13986966767160647,central,ctk-natural-peer-present,
replication-set,federation-wide,0.1,313,0.1120863576517177,central,ctk-natural-peer-present,
replication-set,own-domain,0.01,314,0.08992844985386411,central,ctk-natural-peer-present,
replication-set,federation-wide,0.01,314,0.10554195972781225,central,ctk-natural-peer-present,
replication-set,own-domain,0.05,314,0.10835159584280313,central,ctk-natural-peer-present,
replication-set,federation-wide,0.05,314,0.11508090009231964,central,ctk-natural-peer-present,
replication-set,own-domain,0.1,314,0.16164546438433747,central,ctk-natural-peer-present,
replication-set,federation-wide,0.1,314,0.1370286556846837,central,ctk-natural-peer-present,
replication-set,own-domain,0.01,315,0.059418288353861426,central,ctk-natural-peer-present,
replication-set,federation-wide,0.01,315,0.08615148783866211,central,ctk-natural-peer-present,
replication-set,own-domain,0.05,315,0.22369559270075046,central,ctk-natural-peer-present,
replication-set,federation-wide,0.05,315,0.17076286542296826,central,ctk-natural-peer-present,
replication-set,own-domain,0.1,315,0.23847290602753346,central,ctk-natural-peer-present,
replication-set,federation-wide,0.1,315,0.14013202008460535,central,ctk-natural-peer-present,
replication-set,federation-wide,0.01,316,0.053315835795930036,central,ctk-natural-peer-present,
replication-set,own-domain,0.01,316,0.01391242418544733,central,ctk-natural-peer-present,
replication-set,federation-wide,0.05,316,0.08176242465683298,central,ctk-natural-peer-present,
replication-set,own-domain,0.05,316,0.16843157637275274,central,ctk-natural-peer-present,
replication-set,federation-wide,0.1,316,0.09916313441890157,central,ctk-natural-peer-present,
replication-set,own-domain,0.1,316,0.16530947757924613,central,ctk-natural-peer-present,
replication-set,own-domain,0.01,317,0.047495004454424256,central,ctk-natural-peer-present,
replication-set,federation-wide,0.01,317,0.023726760596871788,central,ctk-natural-peer-present,
replication-set,own-domain,0.05,317,0.08076003579814872,central,ctk-natural-peer-present,
replication-set,federation-wide,0.05,317,0.06858508544732189,central,ctk-natural-peer-present,
replication-set,own-domain,0.1,317,0.16968411218770063,central,ctk-natural-peer-present,
replication-set,federation-wide,0.1,317,0.11329570517595133,central,ctk-natural-peer-present,
replication-set,own-domain,0.01,318,0.04159044765574281,central,ctk-natural-peer-present,
replication-set,federation-wide,0.01,318,0.0542572528992907,central,ctk-natural-peer-present,
replication-set,own-domain,0.05,318,0.06193803756204996,central,ctk-natural-peer-present,
replication-set,federation-wide,0.05,318,0.0619599310237004,central,ctk-natural-peer-present,
replication-set,own-domain,0.1,318,0.05379472352546033,central,ctk-natural-peer-present,
replication-set,federation-wide,0.1,318,0.07302768805799242,central,ctk-natural-peer-present,
replication-set,own-domain,0.01,319,-0.007763242319657693,central,ctk-natural-peer-present,
replication-set,federation-wide,0.01,319,0.05973835006329753,central,ctk-natural-peer-present,
replication-set,own-domain,0.05,319,0.0015138773058325783,central,ctk-natural-peer-present,
replication-set,federation-wide,0.05,319,0.10316451965543316,central,ctk-natural-peer-present,
replication-set,own-domain,0.1,319,0.20347061677655048,central,ctk-natural-peer-present,
replication-set,federation-wide,0.1,319,0.1691422418765549,central,ctk-natural-peer-present,
pooled-family-sets,own-domain,0.01,310,0.029999516009489552,central,increment-50-to-100,100
pooled-family-sets,federation-wide,0.01,310,0.02817911885303967,central,increment-50-to-100,100
pooled-family-sets,own-domain,0.05,310,0.012685160554080421,central,increment-50-to-100,100
pooled-family-sets,federation-wide,0.05,310,0.019270545098971192,central,increment-50-to-100,100
pooled-family-sets,own-domain,0.1,310,0.018279954666239107,central,increment-50-to-100,100
pooled-family-sets,federation-wide,0.1,310,0.02941715568850678,central,increment-50-to-100,100
pooled-family-sets,own-domain,0.01,311,0.022973945930537587,central,increment-50-to-100,100
pooled-family-sets,federation-wide,0.01,311,0.01146709125596787,central,increment-50-to-100,100
pooled-family-sets,own-domain,0.05,311,0.0440105707264381,central,increment-50-to-100,100
pooled-family-sets,federation-wide,0.05,311,0.06152426123598531,central,increment-50-to-100,100
pooled-family-sets,own-domain,0.1,311,0.050658501569597614,central,increment-50-to-100,100
pooled-family-sets,federation-wide,0.1,311,0.06277179317019677,central,increment-50-to-100,100
pooled-family-sets,own-domain,0.01,312,0.01300691693543099,central,increment-50-to-100,100
pooled-family-sets,federation-wide,0.01,312,0.029534240180441568,central,increment-50-to-100,100
pooled-family-sets,own-domain,0.05,312,-0.04662233248973713,central,increment-50-to-100,100
pooled-family-sets,federation-wide,0.05,312,-0.01944047359760892,central,increment-50-to-100,100
pooled-family-sets,own-domain,0.1,312,0.02068742966920223,central,increment-50-to-100,100
pooled-family-sets,federation-wide,0.1,312,0.016961220290917955,central,increment-50-to-100,100
pooled-family-sets,own-domain,0.01,313,0.032279688416076174,central,increment-50-to-100,100
pooled-family-sets,federation-wide,0.01,313,0.02818165700164571,central,increment-50-to-100,100
pooled-family-sets,own-domain,0.05,313,0.09796250038804105,central,increment-50-to-100,100
pooled-family-sets,federation-wide,0.05,313,0.033995451344264294,central,increment-50-to-100,100
pooled-family-sets,own-domain,0.1,313,0.024551058076114574,central,increment-50-to-100,100
pooled-family-sets,federation-wide,0.1,313,0.02372123687424288,central,increment-50-to-100,100
pooled-family-sets,own-domain,0.01,314,0.024929598978576606,central,increment-50-to-100,100
pooled-family-sets,federation-wide,0.01,314,0.0188769292908203,central,increment-50-to-100,100
pooled-family-sets,own-domain,0.05,314,-0.014109894612435392,central,increment-50-to-100,100
pooled-family-sets,federation-wide,0.05,314,0.016157633612358113,central,increment-50-to-100,100
pooled-family-sets,own-domain,0.1,314,0.0019438500462437558,central,increment-50-to-100,100
pooled-family-sets,federation-wide,0.1,314,0.020884085311850598,central,increment-50-to-100,100
pooled-family-sets,own-domain,0.01,315,0.007944748792588996,central,increment-50-to-100,100
pooled-family-sets,federation-wide,0.01,315,-0.005703064283540837,central,increment-50-to-100,100
pooled-family-sets,own-domain,0.05,315,0.009678053078403193,central,increment-50-to-100,100
pooled-family-sets,federation-wide,0.05,315,0.00427679263703129,central,increment-50-to-100,100
pooled-family-sets,own-domain,0.1,315,0.023449669321938926,central,increment-50-to-100,100
pooled-family-sets,federation-wide,0.1,315,0.02198312977570238,central,increment-50-to-100,100
pooled-family-sets,own-domain,0.01,316,0.01544497184034152,central,increment-50-to-100,100
pooled-family-sets,federation-wide,0.01,316,0.014163895960287082,central,increment-50-to-100,100
pooled-family-sets,own-domain,0.05,316,-0.02294444691099673,central,increment-50-to-100,100
pooled-family-sets,federation-wide,0.05,316,0.0004790868114155078,central,increment-50-to-100,100
pooled-family-sets,own-domain,0.1,316,0.06985610289951383,central,increment-50-to-100,100
pooled-family-sets,federation-wide,0.1,316,0.03362714861150995,central,increment-50-to-100,100
pooled-family-sets,own-domain,0.01,317,-0.032177841420953784,central,increment-50-to-100,100
pooled-family-sets,federation-wide,0.01,317,-0.01804695737047446,central,increment-50-to-100,100
pooled-family-sets,own-domain,0.05,317,0.05591014754414836,central,increment-50-to-100,100
pooled-family-sets,federation-wide,0.05,317,0.05142248098241775,central,increment-50-to-100,100
pooled-family-sets,own-domain,0.1,317,-0.010644953940515345,central,increment-50-to-100,100
pooled-family-sets,federation-wide,0.1,317,0.004679391844485625,central,increment-50-to-100,100
pooled-family-sets,own-domain,0.01,318,0.011160512981759185,central,increment-50-to-100,100
pooled-family-sets,federation-wide,0.01,318,-0.0034835964317510015,central,increment-50-to-100,100
pooled-family-sets,own-domain,0.05,318,-0.03793884452520291,central,increment-50-to-100,100
pooled-family-sets,federation-wide,0.05,318,0.024086767505385187,central,increment-50-to-100,100
pooled-family-sets,own-domain,0.1,318,0.0023988126803853316,central,increment-50-to-100,100
pooled-family-sets,federation-wide,0.1,318,0.03557893097759224,central,increment-50-to-100,100
pooled-family-sets,own-domain,0.01,319,0.03644490017108548,central,increment-50-to-100,100
pooled-family-sets,federation-wide,0.01,319,0.057609952620277904,central,increment-50-to-100,100
pooled-family-sets,own-domain,0.05,319,0.09028057089657904,central,increment-50-to-100,100
pooled-family-sets,federation-wide,0.05,319,0.0680316288227486,central,increment-50-to-100,100
pooled-family-sets,own-domain,0.1,319,0.01913247391833095,central,increment-50-to-100,100
pooled-family-sets,federation-wide,0.1,319,0.01910131762104006,central,increment-50-to-100,100
primary-set,own-domain,0.01,310,0.04847292093576727,central,increment-50-to-100,100
primary-set,federation-wide,0.01,310,0.04432435896438633,central,increment-50-to-100,100
primary-set,own-domain,0.05,310,0.011411889400006037,central,increment-50-to-100,100
primary-set,federation-wide,0.05,310,0.029807944959616306,central,increment-50-to-100,100
primary-set,own-domain,0.1,310,0.016130756637037114,central,increment-50-to-100,100
primary-set,federation-wide,0.1,310,0.04288877299843474,central,increment-50-to-100,100
primary-set,own-domain,0.01,311,0.02737395549074273,central,increment-50-to-100,100
primary-set,federation-wide,0.01,311,0.0237978388520855,central,increment-50-to-100,100
primary-set,own-domain,0.05,311,0.07660653958119235,central,increment-50-to-100,100
primary-set,federation-wide,0.05,311,0.12017006985693884,central,increment-50-to-100,100
primary-set,own-domain,0.1,311,0.092300830656879,central,increment-50-to-100,100
primary-set,federation-wide,0.1,311,0.12319794900708614,central,increment-50-to-100,100
primary-set,own-domain,0.01,312,0.04216491951538476,central,increment-50-to-100,100
primary-set,federation-wide,0.01,312,0.0751935182624337,central,increment-50-to-100,100
primary-set,own-domain,0.05,312,0.04296022815476663,central,increment-50-to-100,100
primary-set,federation-wide,0.05,312,0.05512866483722634,central,increment-50-to-100,100
primary-set,own-domain,0.1,312,0.02607004615110553,central,increment-50-to-100,100
primary-set,federation-wide,0.1,312,0.05616115892363638,central,increment-50-to-100,100
primary-set,own-domain,0.01,313,0.011234488321798158,central,increment-50-to-100,100
primary-set,federation-wide,0.01,313,0.02858340670118209,central,increment-50-to-100,100
primary-set,own-domain,0.05,313,0.16423476214153765,central,increment-50-to-100,100
primary-set,federation-wide,0.05,313,0.03913587668410512,central,increment-50-to-100,100
primary-set,own-domain,0.1,313,0.020862328819699405,central,increment-50-to-100,100
primary-set,federation-wide,0.1,313,0.017392945607578203,central,increment-50-to-100,100
primary-set,own-domain,0.01,314,0.05086496561837378,central,increment-50-to-100,100
primary-set,federation-wide,0.01,314,0.04877649769060033,central,increment-50-to-100,100
primary-set,own-domain,0.05,314,0.0017131612345832048,central,increment-50-to-100,100
primary-set,federation-wide,0.05,314,0.0489860630742992,central,increment-50-to-100,100
primary-set,own-domain,0.1,314,0.0350891803012674,central,increment-50-to-100,100
primary-set,federation-wide,0.1,314,0.07476235797615172,central,increment-50-to-100,100
primary-set,own-domain,0.01,315,0.01680250925173754,central,increment-50-to-100,100
primary-set,federation-wide,0.01,315,-0.005225714197406417,central,increment-50-to-100,100
primary-set,own-domain,0.05,315,0.01129488043976501,central,increment-50-to-100,100
primary-set,federation-wide,0.05,315,0.019407334860820136,central,increment-50-to-100,100
primary-set,own-domain,0.1,315,0.02722718656918488,central,increment-50-to-100,100
primary-set,federation-wide,0.1,315,0.029808138173406884,central,increment-50-to-100,100
primary-set,own-domain,0.01,316,0.049399525911721004,central,increment-50-to-100,100
primary-set,federation-wide,0.01,316,0.061096266330038035,central,increment-50-to-100,100
primary-set,own-domain,0.05,316,0.1804264305483818,central,increment-50-to-100,100
primary-set,federation-wide,0.05,316,0.10578939275310195,central,increment-50-to-100,100
primary-set,own-domain,0.1,316,0.16622406093137798,central,increment-50-to-100,100
primary-set,federation-wide,0.1,316,0.10926827306104725,central,increment-50-to-100,100
primary-set,own-domain,0.01,317,-0.033360654101643655,central,increment-50-to-100,100
primary-set,federation-wide,0.01,317,-0.02714313203240254,central,increment-50-to-100,100
primary-set,own-domain,0.05,317,-0.0007967236908591468,central,increment-50-to-100,100
primary-set,federation-wide,0.05,317,0.02422021898802562,central,increment-50-to-100,100
primary-set,own-domain,0.1,317,-0.0031110126753840506,central,increment-50-to-100,100
primary-set,federation-wide,0.1,317,0.014128629636589563,central,increment-50-to-100,100
primary-set,own-domain,0.01,318,0.0228176213616878,central,increment-50-to-100,100
primary-set,federation-wide,0.01,318,0.022564091798784436,central,increment-50-to-100,100
primary-set,own-domain,0.05,318,-0.013886205784417016,central,increment-50-to-100,100
primary-set,federation-wide,0.05,318,0.05370931981677318,central,increment-50-to-100,100
primary-set,own-domain,0.1,318,0.008045134728341785,central,increment-50-to-100,100
primary-set,federation-wide,0.1,318,0.02824578799261268,central,increment-50-to-100,100
primary-set,own-domain,0.01,319,0.059533182390142714,central,increment-50-to-100,100
primary-set,federation-wide,0.01,319,0.08717941918475469,central,increment-50-to-100,100
primary-set,own-domain,0.05,319,-0.005037516671755782,central,increment-50-to-100,100
primary-set,federation-wide,0.05,319,0.01949280448612134,central,increment-50-to-100,100
primary-set,own-domain,0.1,319,0.021783589128876568,central,increment-50-to-100,100
primary-set,federation-wide,0.1,319,0.02572393536412898,central,increment-50-to-100,100
replication-set,federation-wide,0.01,310,0.014052033755611315,central,increment-50-to-100,100
replication-set,federation-wide,0.05,310,0.010050320220906572,central,increment-50-to-100,100
replication-set,federation-wide,0.1,310,0.01762949054231988,central,increment-50-to-100,100
replication-set,own-domain,0.01,310,0.004136749112700844,central,increment-50-to-100,100
replication-set,own-domain,0.05,310,0.014467740169784526,central,increment-50-to-100,100
replication-set,own-domain,0.1,310,0.02128883190712183,central,increment-50-to-100,100
replication-set,own-domain,0.01,311,0.01857393637033261,central,increment-50-to-100,100
replication-set,federation-wide,0.01,311,0.0006776871093649439,central,increment-50-to-100,100
replication-set,own-domain,0.05,311,0.01141460187168386,central,increment-50-to-100,100
replication-set,federation-wide,0.05,311,0.010209178692651033,central,increment-50-to-100,100
replication-set,own-domain,0.1,311,0.009016172482316231,central,increment-50-to-100,100
replication-set,federation-wide,0.1,311,0.009898906812918606,central,increment-50-to-100,100
replication-set,own-domain,0.01,312,-0.016151085644522917,central,increment-50-to-100,100
replication-set,federation-wide,0.01,312,-0.010417628141301538,central,increment-50-to-100,100
replication-set,own-domain,0.05,312,-0.13620489313424095,central,increment-50-to-100,100
replication-set,federation-wide,0.05,312,-0.08468846972808985,central,increment-50-to-100,100
replication-set,own-domain,0.1,312,0.015304813187299038,central,increment-50-to-100,100
replication-set,federation-wide,0.1,312,-0.017338726012710803,central,increment-50-to-100,100
replication-set,own-domain,0.01,313,0.05683242185940046,central,increment-50-to-100,100
replication-set,federation-wide,0.01,313,0.02777990730210933,central,increment-50-to-100,100
replication-set,own-domain,0.05,313,0.0206448616756284,central,increment-50-to-100,100
replication-set,federation-wide,0.05,313,0.028855026004423467,central,increment-50-to-100,100
replication-set,own-domain,0.1,313,0.02885457554193227,central,increment-50-to-100,100
replication-set,federation-wide,0.1,313,0.030049528140907333,central,increment-50-to-100,100
replication-set,own-domain,0.01,314,-0.005328328767853274,central,increment-50-to-100,100
replication-set,federation-wide,0.01,314,-0.011022639108959731,central,increment-50-to-100,100
replication-set,own-domain,0.05,314,-0.032570126433956736,central,increment-50-to-100,100
replication-set,federation-wide,0.05,314,-0.016670795849583253,central,increment-50-to-100,100
replication-set,own-domain,0.1,314,-0.03672570191795055,central,increment-50-to-100,100
replication-set,federation-wide,0.1,314,-0.03299418735245041,central,increment-50-to-100,100
replication-set,own-domain,0.01,315,-0.002684563758389269,central,increment-50-to-100,100
replication-set,federation-wide,0.01,315,-0.006120745608908351,central,increment-50-to-100,100
replication-set,own-domain,0.05,315,0.00773786024476919,central,increment-50-to-100,100
replication-set,federation-wide,0.05,315,-0.008962431808783977,central,increment-50-to-100,100
replication-set,own-domain,0.1,315,0.01891664862524356,central,increment-50-to-100,100
replication-set,federation-wide,0.1,315,0.015136247427710803,central,increment-50-to-100,100
replication-set,federation-wide,0.01,316,-0.02690192811324507,central,increment-50-to-100,100
replication-set,own-domain,0.01,316,-0.012850489885808107,central,increment-50-to-100,100
replication-set,federation-wide,0.05,316,-0.09166743088756008,central,increment-50-to-100,100
replication-set,own-domain,0.05,316,-0.19242017812714537,central,increment-50-to-100,100
replication-set,federation-wide,0.1,316,-0.03255883528183523,central,increment-50-to-100,100
replication-set,own-domain,0.1,316,-0.010450528793706226,central,increment-50-to-100,100
replication-set,own-domain,0.01,317,-0.030995028740263914,central,increment-50-to-100,100
replication-set,federation-wide,0.01,317,-0.008950782708546379,central,increment-50-to-100,100
replication-set,own-domain,0.05,317,0.11261701877915575,central,increment-50-to-100,100
replication-set,federation-wide,0.05,317,0.07862474297680977,central,increment-50-to-100,100
replication-set,own-domain,0.1,317,-0.01817889520564675,central,increment-50-to-100,100
replication-set,federation-wide,0.1,317,-0.004769845947618312,central,increment-50-to-100,100
replication-set,own-domain,0.01,318,-0.0024394467948242182,central,increment-50-to-100,100
replication-set,federation-wide,0.01,318,-0.026275323633469516,central,increment-50-to-100,100
replication-set,own-domain,0.05,318,-0.06600025638945317,central,increment-50-to-100,100
replication-set,federation-wide,0.05,318,-0.0018329657670793642,central,increment-50-to-100,100
replication-set,own-domain,0.1,318,-0.004188563042230586,central,increment-50-to-100,100
replication-set,federation-wide,0.1,318,0.04199543108944925,central,increment-50-to-100,100
replication-set,own-domain,0.01,319,0.008738961508216903,central,increment-50-to-100,100
replication-set,federation-wide,0.01,319,0.03173666937636066,central,increment-50-to-100,100
replication-set,own-domain,0.05,319,0.20466227597858083,central,increment-50-to-100,100
replication-set,federation-wide,0.05,319,0.11050310011729714,central,increment-50-to-100,100
replication-set,own-domain,0.1,319,0.015951135665676297,central,increment-50-to-100,100
replication-set,federation-wide,0.1,319,0.013306527095837128,central,increment-50-to-100,100
pooled-family-sets,own-domain,0.01,310,0.05279509336767041,central,increment-100-to-200,200
pooled-family-sets,federation-wide,0.01,310,0.030768567174020323,central,increment-100-to-200,200
pooled-family-sets,own-domain,0.05,310,0.0632595756085369,central,increment-100-to-200,200
pooled-family-sets,federation-wide,0.05,310,0.09451371573372147,central,increment-100-to-200,200
pooled-family-sets,own-domain,0.1,310,0.0316859128285758,central,increment-100-to-200,200
pooled-family-sets,federation-wide,0.1,310,0.06282152762266058,central,increment-100-to-200,200
pooled-family-sets,own-domain,0.01,311,0.017011997929631872,central,increment-100-to-200,200
pooled-family-sets,federation-wide,0.01,311,0.02121162740755228,central,increment-100-to-200,200
pooled-family-sets,own-domain,0.05,311,0.07692788256749716,central,increment-100-to-200,200
pooled-family-sets,federation-wide,0.05,311,0.05660046482642078,central,increment-100-to-200,200
pooled-family-sets,own-domain,0.1,311,0.02216415629892543,central,increment-100-to-200,200
pooled-family-sets,federation-wide,0.1,311,0.019682701000206415,central,increment-100-to-200,200
pooled-family-sets,own-domain,0.01,312,0.016200139140538306,central,increment-100-to-200,200
pooled-family-sets,federation-wide,0.01,312,-0.0002857600066109578,central,increment-100-to-200,200
pooled-family-sets,own-domain,0.05,312,0.10129019056864064,central,increment-100-to-200,200
pooled-family-sets,federation-wide,0.05,312,0.07891469843543175,central,increment-100-to-200,200
pooled-family-sets,own-domain,0.1,312,0.019024929815347202,central,increment-100-to-200,200
pooled-family-sets,federation-wide,0.1,312,0.02804999975903011,central,increment-100-to-200,200
pooled-family-sets,own-domain,0.01,313,0.01233119702600552,central,increment-100-to-200,200
pooled-family-sets,federation-wide,0.01,313,0.03285429980984955,central,increment-100-to-200,200
pooled-family-sets,own-domain,0.05,313,0.02932356802795333,central,increment-100-to-200,200
pooled-family-sets,federation-wide,0.05,313,0.034836572008368316,central,increment-100-to-200,200
pooled-family-sets,own-domain,0.1,313,0.07619175429698877,central,increment-100-to-200,200
pooled-family-sets,federation-wide,0.1,313,0.07948450394133677,central,increment-100-to-200,200
pooled-family-sets,own-domain,0.01,314,0.01183004816943084,central,increment-100-to-200,200
pooled-family-sets,federation-wide,0.01,314,0.049994739654375286,central,increment-100-to-200,200
pooled-family-sets,own-domain,0.05,314,0.031201562246339076,central,increment-100-to-200,200
pooled-family-sets,federation-wide,0.05,314,0.058732547560284676,central,increment-100-to-200,200
pooled-family-sets,own-domain,0.1,314,0.038380559179025386,central,increment-100-to-200,200
pooled-family-sets,federation-wide,0.1,314,0.05764229248657282,central,increment-100-to-200,200
pooled-family-sets,own-domain,0.01,315,0.05490352989967218,central,increment-100-to-200,200
pooled-family-sets,federation-wide,0.01,315,0.05324495724129347,central,increment-100-to-200,200
pooled-family-sets,own-domain,0.05,315,0.02172157415765552,central,increment-100-to-200,200
pooled-family-sets,federation-wide,0.05,315,0.0359287956371539,central,increment-100-to-200,200
pooled-family-sets,own-domain,0.1,315,0.001942460714485339,central,increment-100-to-200,200
pooled-family-sets,federation-wide,0.1,315,0.036084850174409766,central,increment-100-to-200,200
pooled-family-sets,own-domain,0.01,316,0.010275033349830154,central,increment-100-to-200,200
pooled-family-sets,federation-wide,0.01,316,0.026920441047446036,central,increment-100-to-200,200
pooled-family-sets,own-domain,0.05,316,0.1794041220127176,central,increment-100-to-200,200
pooled-family-sets,federation-wide,0.05,316,0.1219471989897869,central,increment-100-to-200,200
pooled-family-sets,own-domain,0.1,316,0.002871536664856178,central,increment-100-to-200,200
pooled-family-sets,federation-wide,0.1,316,0.053926559949784125,central,increment-100-to-200,200
pooled-family-sets,own-domain,0.01,317,0.05621701130146309,central,increment-100-to-200,200
pooled-family-sets,federation-wide,0.01,317,0.041564684759628656,central,increment-100-to-200,200
pooled-family-sets,own-domain,0.05,317,-0.055354847909939164,central,increment-100-to-200,200
pooled-family-sets,federation-wide,0.05,317,-0.046572714312478114,central,increment-100-to-200,200
pooled-family-sets,own-domain,0.1,317,0.019259396485514335,central,increment-100-to-200,200
pooled-family-sets,federation-wide,0.1,317,0.016824873524686423,central,increment-100-to-200,200
pooled-family-sets,own-domain,0.01,318,0.018769609304886692,central,increment-100-to-200,200
pooled-family-sets,federation-wide,0.01,318,0.031996247461570926,central,increment-100-to-200,200
pooled-family-sets,own-domain,0.05,318,0.06765882112116406,central,increment-100-to-200,200
pooled-family-sets,federation-wide,0.05,318,0.009866936341031862,central,increment-100-to-200,200
pooled-family-sets,own-domain,0.1,318,0.03875244571673675,central,increment-100-to-200,200
pooled-family-sets,federation-wide,0.1,318,0.022114334197524732,central,increment-100-to-200,200
pooled-family-sets,own-domain,0.01,319,-0.005011342130611385,central,increment-100-to-200,200
pooled-family-sets,federation-wide,0.01,319,-0.010142025378618968,central,increment-100-to-200,200
pooled-family-sets,own-domain,0.05,319,0.02486240999608358,central,increment-100-to-200,200
pooled-family-sets,federation-wide,0.05,319,0.016705711390254008,central,increment-100-to-200,200
pooled-family-sets,own-domain,0.1,319,0.005543674637923268,central,increment-100-to-200,200
pooled-family-sets,federation-wide,0.1,319,0.01742663815558887,central,increment-100-to-200,200
primary-set,own-domain,0.01,310,0.04243490443475434,central,increment-100-to-200,200
primary-set,federation-wide,0.01,310,0.030826121426532516,central,increment-100-to-200,200
primary-set,own-domain,0.05,310,0.0717514603821453,central,increment-100-to-200,200
primary-set,federation-wide,0.05,310,0.14234867109846083,central,increment-100-to-200,200
primary-set,own-domain,0.1,310,0.017084049333217055,central,increment-100-to-200,200
primary-set,federation-wide,0.1,310,0.10264202506546416,central,increment-100-to-200,200
primary-set,own-domain,0.01,311,0.012501992498893388,central,increment-100-to-200,200
primary-set,federation-wide,0.01,311,0.014846244867640773,central,increment-100-to-200,200
primary-set,own-domain,0.05,311,-0.016459327194309092,central,increment-100-to-200,200
primary-set,federation-wide,0.05,311,0.001478121426339074,central,increment-100-to-200,200
primary-set,own-domain,0.1,311,0.019853108632912786,central,increment-100-to-200,200
primary-set,federation-wide,0.1,311,0.018487190389930297,central,increment-100-to-200,200
primary-set,own-domain,0.01,312,0.01736971999528869,central,increment-100-to-200,200
primary-set,federation-wide,0.01,312,-0.009332462121059593,central,increment-100-to-200,200
primary-set,own-domain,0.05,312,0.014207713334752903,central,increment-100-to-200,200
primary-set,federation-wide,0.05,312,0.0214042344577412,central,increment-100-to-200,200
primary-set,own-domain,0.1,312,0.0314450349859805,central,increment-100-to-200,200
primary-set,federation-wide,0.1,312,0.030053936887470156,central,increment-100-to-200,200
primary-set,own-domain,0.01,313,0.060675752364607205,central,increment-100-to-200,200
primary-set,federation-wide,0.01,313,0.04506450254328803,central,increment-100-to-200,200
primary-set,own-domain,0.05,313,0.018436780483259363,central,increment-100-to-200,200
primary-set,federation-wide,0.05,313,0.037345847750781536,central,increment-100-to-200,200
primary-set,own-domain,0.1,313,0.041037100856173625,central,increment-100-to-200,200
primary-set,federation-wide,0.1,313,0.028595819053428007,central,increment-100-to-200,200
primary-set,own-domain,0.01,314,0.026248094930116705,central,increment-100-to-200,200
primary-set,federation-wide,0.01,314,0.02742903780716599,central,increment-100-to-200,200
primary-set,own-domain,0.05,314,0.020847537863467824,central,increment-100-to-200,200
primary-set,federation-wide,0.05,314,0.04060283694766842,central,increment-100-to-200,200
primary-set,own-domain,0.1,314,0.022719917640485865,central,increment-100-to-200,200
primary-set,federation-wide,0.1,314,0.025796626406824452,central,increment-100-to-200,200
primary-set,own-domain,0.01,315,0.06394650540060776,central,increment-100-to-200,200
primary-set,federation-wide,0.01,315,0.07077285433946029,central,increment-100-to-200,200
primary-set,own-domain,0.05,315,0.031000630056156386,central,increment-100-to-200,200
primary-set,federation-wide,0.05,315,0.03907834151991518,central,increment-100-to-200,200
primary-set,own-domain,0.1,315,-0.009151742653916828,central,increment-100-to-200,200
primary-set,federation-wide,0.1,315,0.03641213854099268,central,increment-100-to-200,200
primary-set,own-domain,0.01,316,-0.0032833130881911032,central,increment-100-to-200,200
primary-set,federation-wide,0.01,316,0.023680962794131843,central,increment-100-to-200,200
primary-set,own-domain,0.05,316,0.04614064714064714,central,increment-100-to-200,200
primary-set,federation-wide,0.05,316,0.05358983731661299,central,increment-100-to-200,200
primary-set,own-domain,0.1,316,0.02300032690276599,central,increment-100-to-200,200
primary-set,federation-wide,0.1,316,0.09157934061113904,central,increment-100-to-200,200
primary-set,own-domain,0.01,317,0.0389728747179342,central,increment-100-to-200,200
primary-set,federation-wide,0.01,317,0.060717996747954806,central,increment-100-to-200,200
primary-set,own-domain,0.05,317,0.002166297093387115,central,increment-100-to-200,200
primary-set,federation-wide,0.05,317,-0.01671452989751565,central,increment-100-to-200,200
primary-set,own-domain,0.1,317,0.023674936232189747,central,increment-100-to-200,200
primary-set,federation-wide,0.1,317,0.026607324337505678,central,increment-100-to-200,200
primary-set,own-domain,0.01,318,-0.0032155952503511442,central,increment-100-to-200,200
primary-set,federation-wide,0.01,318,0.03142109349137184,central,increment-100-to-200,200
primary-set,own-domain,0.05,318,0.05556015721097973,central,increment-100-to-200,200
primary-set,federation-wide,0.05,318,0.028697968038895683,central,increment-100-to-200,200
primary-set,own-domain,0.1,318,0.01887958481164076,central,increment-100-to-200,200
primary-set,federation-wide,0.1,318,0.04304503538289728,central,increment-100-to-200,200
primary-set,own-domain,0.01,319,0.002865473672775787,central,increment-100-to-200,200
primary-set,federation-wide,0.01,319,-0.0014212398307020813,central,increment-100-to-200,200
primary-set,own-domain,0.05,319,0.04040310020544813,central,increment-100-to-200,200
primary-set,federation-wide,0.05,319,0.04381134771644146,central,increment-100-to-200,200
primary-set,own-domain,0.1,319,0.008066133161428901,central,increment-100-to-200,200
primary-set,federation-wide,0.1,319,0.039058515649852854,central,increment-100-to-200,200
replication-set,federation-wide,0.01,310,0.03071820720307225,central,increment-100-to-200,200
replication-set,federation-wide,0.05,310,0.05265812978957474,central,increment-100-to-200,200
replication-set,federation-wide,0.1,310,0.02797859236020739,central,increment-100-to-200,200
replication-set,own-domain,0.01,310,0.06729935787375277,central,increment-100-to-200,200
replication-set,own-domain,0.05,310,0.05137093692548517,central,increment-100-to-200,200
replication-set,own-domain,0.1,310,0.052128521722077936,central,increment-100-to-200,200
replication-set,own-domain,0.01,311,0.02152200336037019,central,increment-100-to-200,200
replication-set,federation-wide,0.01,311,0.026781337129974825,central,increment-100-to-200,200
replication-set,own-domain,0.05,311,0.1703150923293033,central,increment-100-to-200,200
replication-set,federation-wide,0.05,311,0.10483251530149218,central,increment-100-to-200,200
replication-set,own-domain,0.1,311,0.024475203964938186,central,increment-100-to-200,200
replication-set,federation-wide,0.1,311,0.020728772784198157,central,increment-100-to-200,200
replication-set,own-domain,0.01,312,0.015030558285788004,central,increment-100-to-200,200
replication-set,federation-wide,0.01,312,0.0076301043435315075,central,increment-100-to-200,200
replication-set,own-domain,0.05,312,0.18837266780252832,central,increment-100-to-200,200
replication-set,federation-wide,0.05,312,0.12923635441591097,central,increment-100-to-200,200
replication-set,own-domain,0.1,312,0.0066048246447137915,central,increment-100-to-200,200
replication-set,federation-wide,0.1,312,0.026296554771645275,central,increment-100-to-200,200
replication-set,own-domain,0.01,313,-0.04407078420236313,central,increment-100-to-200,200
replication-set,federation-wide,0.01,313,0.020644097076411072,central,increment-100-to-200,200
replication-set,own-domain,0.05,313,0.042024820163429455,central,increment-100-to-200,200
replication-set,federation-wide,0.05,313,0.03232729626595532,central,increment-100-to-200,200
replication-set,own-domain,0.1,313,0.1172055166446061,central,increment-100-to-200,200
replication-set,federation-wide,0.1,313,0.13037318882924565,central,increment-100-to-200,200
replication-set,own-domain,0.01,314,-0.00499100638470279,central,increment-100-to-200,200
replication-set,federation-wide,0.01,314,0.07256044150158458,central,increment-100-to-200,200
replication-set,own-domain,0.05,314,0.043281257359688574,central,increment-100-to-200,200
replication-set,federation-wide,0.05,314,0.07686225817290093,central,increment-100-to-200,200
replication-set,own-domain,0.1,314,0.056651307640654625,central,increment-100-to-200,200
replication-set,federation-wide,0.1,314,0.0894879585663213,central,increment-100-to-200,200
replication-set,own-domain,0.01,315,0.04405195929854949,central,increment-100-to-200,200
replication-set,federation-wide,0.01,315,0.03790804728039743,central,increment-100-to-200,200
replication-set,own-domain,0.05,315,0.010586707079454305,central,increment-100-to-200,200
replication-set,federation-wide,0.05,315,0.03317294298973772,central,increment-100-to-200,200
replication-set,own-domain,0.1,315,0.015255504756568228,central,increment-100-to-200,200
replication-set,federation-wide,0.1,315,0.03579847285364979,central,increment-100-to-200,200
replication-set,federation-wide,0.01,316,0.029754984519095917,central,increment-100-to-200,200
replication-set,own-domain,0.01,316,0.021573655381514588,central,increment-100-to-200,200
replication-set,federation-wide,0.05,316,0.18175989045381402,central,increment-100-to-200,200
replication-set,own-domain,0.05,316,0.290457017739443,central,increment-100-to-200,200
replication-set,federation-wide,0.1,316,0.02098037687109844,central,increment-100-to-200,200
replication-set,own-domain,0.1,316,-0.013902455200068387,central,increment-100-to-200,200
replication-set,own-domain,0.01,317,0.07346114788499195,central,increment-100-to-200,200
replication-set,federation-wide,0.01,317,0.022411372771302396,central,increment-100-to-200,200
replication-set,own-domain,0.05,317,-0.11287599291326533,central,increment-100-to-200,200
replication-set,federation-wide,0.05,317,-0.07643089872744058,central,increment-100-to-200,200
replication-set,own-domain,0.1,317,0.014843856738839034,central,increment-100-to-200,200
replication-set,federation-wide,0.1,317,0.007042422711866947,central,increment-100-to-200,200
replication-set,own-domain,0.01,318,0.04441901461933086,central,increment-100-to-200,200
replication-set,federation-wide,0.01,318,0.03249950718549513,central,increment-100-to-200,200
replication-set,own-domain,0.05,318,0.08177392901637898,central,increment-100-to-200,200
replication-set,federation-wide,0.05,318,-0.006610216394599078,central,increment-100-to-200,200
replication-set,own-domain,0.1,318,0.06193745010601526,central,increment-100-to-200,200
replication-set,federation-wide,0.1,318,0.0037999706603236705,central,increment-100-to-200,200
replication-set,own-domain,0.01,319,-0.014463521094676024,central,increment-100-to-200,200
replication-set,federation-wide,0.01,319,-0.017772712733046314,central,increment-100-to-200,200
replication-set,own-domain,0.05,319,0.006213581744845875,central,increment-100-to-200,200
replication-set,federation-wide,0.05,319,-0.007011720395159959,central,increment-100-to-200,200
replication-set,own-domain,0.1,319,0.0025167244097165087,central,increment-100-to-200,200
replication-set,federation-wide,0.1,319,-0.0015012546518919923,central,increment-100-to-200,200
pooled-family-sets,own-domain,0.01,310,0.0,central,dose-zero-minus-absent,0
pooled-family-sets,federation-wide,0.01,310,0.0,central,dose-zero-minus-absent,0
pooled-family-sets,own-domain,0.05,310,0.0,central,dose-zero-minus-absent,0
pooled-family-sets,federation-wide,0.05,310,0.0,central,dose-zero-minus-absent,0
pooled-family-sets,own-domain,0.1,310,0.0,central,dose-zero-minus-absent,0
pooled-family-sets,federation-wide,0.1,310,0.0,central,dose-zero-minus-absent,0
pooled-family-sets,own-domain,0.01,311,0.0,central,dose-zero-minus-absent,0
pooled-family-sets,federation-wide,0.01,311,0.0,central,dose-zero-minus-absent,0
pooled-family-sets,own-domain,0.05,311,0.0,central,dose-zero-minus-absent,0
pooled-family-sets,federation-wide,0.05,311,0.0,central,dose-zero-minus-absent,0
pooled-family-sets,own-domain,0.1,311,0.0,central,dose-zero-minus-absent,0
pooled-family-sets,federation-wide,0.1,311,0.0,central,dose-zero-minus-absent,0
pooled-family-sets,own-domain,0.01,312,0.0,central,dose-zero-minus-absent,0
pooled-family-sets,federation-wide,0.01,312,0.0,central,dose-zero-minus-absent,0
pooled-family-sets,own-domain,0.05,312,0.0,central,dose-zero-minus-absent,0
pooled-family-sets,federation-wide,0.05,312,0.0,central,dose-zero-minus-absent,0
pooled-family-sets,own-domain,0.1,312,0.0,central,dose-zero-minus-absent,0
pooled-family-sets,federation-wide,0.1,312,0.0,central,dose-zero-minus-absent,0
pooled-family-sets,own-domain,0.01,313,0.0,central,dose-zero-minus-absent,0
pooled-family-sets,federation-wide,0.01,313,0.0,central,dose-zero-minus-absent,0
pooled-family-sets,own-domain,0.05,313,0.0,central,dose-zero-minus-absent,0
pooled-family-sets,federation-wide,0.05,313,0.0,central,dose-zero-minus-absent,0
pooled-family-sets,own-domain,0.1,313,0.0,central,dose-zero-minus-absent,0
pooled-family-sets,federation-wide,0.1,313,0.0,central,dose-zero-minus-absent,0
pooled-family-sets,own-domain,0.01,314,0.0,central,dose-zero-minus-absent,0
pooled-family-sets,federation-wide,0.01,314,0.0,central,dose-zero-minus-absent,0
pooled-family-sets,own-domain,0.05,314,0.0,central,dose-zero-minus-absent,0
pooled-family-sets,federation-wide,0.05,314,0.0,central,dose-zero-minus-absent,0
pooled-family-sets,own-domain,0.1,314,0.0,central,dose-zero-minus-absent,0
pooled-family-sets,federation-wide,0.1,314,0.0,central,dose-zero-minus-absent,0
pooled-family-sets,own-domain,0.01,315,0.0,central,dose-zero-minus-absent,0
pooled-family-sets,federation-wide,0.01,315,0.0,central,dose-zero-minus-absent,0
pooled-family-sets,own-domain,0.05,315,0.0,central,dose-zero-minus-absent,0
pooled-family-sets,federation-wide,0.05,315,0.0,central,dose-zero-minus-absent,0
pooled-family-sets,own-domain,0.1,315,0.0,central,dose-zero-minus-absent,0
pooled-family-sets,federation-wide,0.1,315,0.0,central,dose-zero-minus-absent,0
pooled-family-sets,own-domain,0.01,316,0.0,central,dose-zero-minus-absent,0
pooled-family-sets,federation-wide,0.01,316,0.0,central,dose-zero-minus-absent,0
pooled-family-sets,own-domain,0.05,316,0.0,central,dose-zero-minus-absent,0
pooled-family-sets,federation-wide,0.05,316,0.0,central,dose-zero-minus-absent,0
pooled-family-sets,own-domain,0.1,316,0.0,central,dose-zero-minus-absent,0
pooled-family-sets,federation-wide,0.1,316,0.0,central,dose-zero-minus-absent,0
pooled-family-sets,own-domain,0.01,317,0.0,central,dose-zero-minus-absent,0
pooled-family-sets,federation-wide,0.01,317,0.0,central,dose-zero-minus-absent,0
pooled-family-sets,own-domain,0.05,317,0.0,central,dose-zero-minus-absent,0
pooled-family-sets,federation-wide,0.05,317,0.0,central,dose-zero-minus-absent,0
pooled-family-sets,own-domain,0.1,317,0.0,central,dose-zero-minus-absent,0
pooled-family-sets,federation-wide,0.1,317,0.0,central,dose-zero-minus-absent,0
pooled-family-sets,own-domain,0.01,318,0.0,central,dose-zero-minus-absent,0
pooled-family-sets,federation-wide,0.01,318,0.0,central,dose-zero-minus-absent,0
pooled-family-sets,own-domain,0.05,318,0.0,central,dose-zero-minus-absent,0
pooled-family-sets,federation-wide,0.05,318,0.0,central,dose-zero-minus-absent,0
pooled-family-sets,own-domain,0.1,318,0.0,central,dose-zero-minus-absent,0
pooled-family-sets,federation-wide,0.1,318,0.0,central,dose-zero-minus-absent,0
pooled-family-sets,own-domain,0.01,319,0.0,central,dose-zero-minus-absent,0
pooled-family-sets,federation-wide,0.01,319,0.0,central,dose-zero-minus-absent,0
pooled-family-sets,own-domain,0.05,319,0.0,central,dose-zero-minus-absent,0
pooled-family-sets,federation-wide,0.05,319,0.0,central,dose-zero-minus-absent,0
pooled-family-sets,own-domain,0.1,319,0.0,central,dose-zero-minus-absent,0
pooled-family-sets,federation-wide,0.1,319,0.0,central,dose-zero-minus-absent,0
primary-set,own-domain,0.01,310,0.0,central,dose-zero-minus-absent,0
primary-set,federation-wide,0.01,310,0.0,central,dose-zero-minus-absent,0
primary-set,own-domain,0.05,310,0.0,central,dose-zero-minus-absent,0
primary-set,federation-wide,0.05,310,0.0,central,dose-zero-minus-absent,0
primary-set,own-domain,0.1,310,0.0,central,dose-zero-minus-absent,0
primary-set,federation-wide,0.1,310,0.0,central,dose-zero-minus-absent,0
primary-set,own-domain,0.01,311,0.0,central,dose-zero-minus-absent,0
primary-set,federation-wide,0.01,311,0.0,central,dose-zero-minus-absent,0
primary-set,own-domain,0.05,311,0.0,central,dose-zero-minus-absent,0
primary-set,federation-wide,0.05,311,0.0,central,dose-zero-minus-absent,0
primary-set,own-domain,0.1,311,0.0,central,dose-zero-minus-absent,0
primary-set,federation-wide,0.1,311,0.0,central,dose-zero-minus-absent,0
primary-set,own-domain,0.01,312,0.0,central,dose-zero-minus-absent,0
primary-set,federation-wide,0.01,312,0.0,central,dose-zero-minus-absent,0
primary-set,own-domain,0.05,312,0.0,central,dose-zero-minus-absent,0
primary-set,federation-wide,0.05,312,0.0,central,dose-zero-minus-absent,0
primary-set,own-domain,0.1,312,0.0,central,dose-zero-minus-absent,0
primary-set,federation-wide,0.1,312,0.0,central,dose-zero-minus-absent,0
primary-set,own-domain,0.01,313,0.0,central,dose-zero-minus-absent,0
primary-set,federation-wide,0.01,313,0.0,central,dose-zero-minus-absent,0
primary-set,own-domain,0.05,313,0.0,central,dose-zero-minus-absent,0
primary-set,federation-wide,0.05,313,0.0,central,dose-zero-minus-absent,0
primary-set,own-domain,0.1,313,0.0,central,dose-zero-minus-absent,0
primary-set,federation-wide,0.1,313,0.0,central,dose-zero-minus-absent,0
primary-set,own-domain,0.01,314,0.0,central,dose-zero-minus-absent,0
primary-set,federation-wide,0.01,314,0.0,central,dose-zero-minus-absent,0
primary-set,own-domain,0.05,314,0.0,central,dose-zero-minus-absent,0
primary-set,federation-wide,0.05,314,0.0,central,dose-zero-minus-absent,0
primary-set,own-domain,0.1,314,0.0,central,dose-zero-minus-absent,0
primary-set,federation-wide,0.1,314,0.0,central,dose-zero-minus-absent,0
primary-set,own-domain,0.01,315,0.0,central,dose-zero-minus-absent,0
primary-set,federation-wide,0.01,315,0.0,central,dose-zero-minus-absent,0
primary-set,own-domain,0.05,315,0.0,central,dose-zero-minus-absent,0
primary-set,federation-wide,0.05,315,0.0,central,dose-zero-minus-absent,0
primary-set,own-domain,0.1,315,0.0,central,dose-zero-minus-absent,0
primary-set,federation-wide,0.1,315,0.0,central,dose-zero-minus-absent,0
primary-set,own-domain,0.01,316,0.0,central,dose-zero-minus-absent,0
primary-set,federation-wide,0.01,316,0.0,central,dose-zero-minus-absent,0
primary-set,own-domain,0.05,316,0.0,central,dose-zero-minus-absent,0
primary-set,federation-wide,0.05,316,0.0,central,dose-zero-minus-absent,0
primary-set,own-domain,0.1,316,0.0,central,dose-zero-minus-absent,0
primary-set,federation-wide,0.1,316,0.0,central,dose-zero-minus-absent,0
primary-set,own-domain,0.01,317,0.0,central,dose-zero-minus-absent,0
primary-set,federation-wide,0.01,317,0.0,central,dose-zero-minus-absent,0
primary-set,own-domain,0.05,317,0.0,central,dose-zero-minus-absent,0
primary-set,federation-wide,0.05,317,0.0,central,dose-zero-minus-absent,0
primary-set,own-domain,0.1,317,0.0,central,dose-zero-minus-absent,0
primary-set,federation-wide,0.1,317,0.0,central,dose-zero-minus-absent,0
primary-set,own-domain,0.01,318,0.0,central,dose-zero-minus-absent,0
primary-set,federation-wide,0.01,318,0.0,central,dose-zero-minus-absent,0
primary-set,own-domain,0.05,318,0.0,central,dose-zero-minus-absent,0
primary-set,federation-wide,0.05,318,0.0,central,dose-zero-minus-absent,0
primary-set,own-domain,0.1,318,0.0,central,dose-zero-minus-absent,0
primary-set,federation-wide,0.1,318,0.0,central,dose-zero-minus-absent,0
primary-set,own-domain,0.01,319,0.0,central,dose-zero-minus-absent,0
primary-set,federation-wide,0.01,319,0.0,central,dose-zero-minus-absent,0
primary-set,own-domain,0.05,319,0.0,central,dose-zero-minus-absent,0
primary-set,federation-wide,0.05,319,0.0,central,dose-zero-minus-absent,0
primary-set,own-domain,0.1,319,0.0,central,dose-zero-minus-absent,0
primary-set,federation-wide,0.1,319,0.0,central,dose-zero-minus-absent,0
replication-set,federation-wide,0.01,310,0.0,central,dose-zero-minus-absent,0
replication-set,federation-wide,0.05,310,0.0,central,dose-zero-minus-absent,0
replication-set,federation-wide,0.1,310,0.0,central,dose-zero-minus-absent,0
replication-set,own-domain,0.01,310,0.0,central,dose-zero-minus-absent,0
replication-set,own-domain,0.05,310,0.0,central,dose-zero-minus-absent,0
replication-set,own-domain,0.1,310,0.0,central,dose-zero-minus-absent,0
replication-set,own-domain,0.01,311,0.0,central,dose-zero-minus-absent,0
replication-set,federation-wide,0.01,311,0.0,central,dose-zero-minus-absent,0
replication-set,own-domain,0.05,311,0.0,central,dose-zero-minus-absent,0
replication-set,federation-wide,0.05,311,0.0,central,dose-zero-minus-absent,0
replication-set,own-domain,0.1,311,0.0,central,dose-zero-minus-absent,0
replication-set,federation-wide,0.1,311,0.0,central,dose-zero-minus-absent,0
replication-set,own-domain,0.01,312,0.0,central,dose-zero-minus-absent,0
replication-set,federation-wide,0.01,312,0.0,central,dose-zero-minus-absent,0
replication-set,own-domain,0.05,312,0.0,central,dose-zero-minus-absent,0
replication-set,federation-wide,0.05,312,0.0,central,dose-zero-minus-absent,0
replication-set,own-domain,0.1,312,0.0,central,dose-zero-minus-absent,0
replication-set,federation-wide,0.1,312,0.0,central,dose-zero-minus-absent,0
replication-set,own-domain,0.01,313,0.0,central,dose-zero-minus-absent,0
replication-set,federation-wide,0.01,313,0.0,central,dose-zero-minus-absent,0
replication-set,own-domain,0.05,313,0.0,central,dose-zero-minus-absent,0
replication-set,federation-wide,0.05,313,0.0,central,dose-zero-minus-absent,0
replication-set,own-domain,0.1,313,0.0,central,dose-zero-minus-absent,0
replication-set,federation-wide,0.1,313,0.0,central,dose-zero-minus-absent,0
replication-set,own-domain,0.01,314,0.0,central,dose-zero-minus-absent,0
replication-set,federation-wide,0.01,314,0.0,central,dose-zero-minus-absent,0
replication-set,own-domain,0.05,314,0.0,central,dose-zero-minus-absent,0
replication-set,federation-wide,0.05,314,0.0,central,dose-zero-minus-absent,0
replication-set,own-domain,0.1,314,0.0,central,dose-zero-minus-absent,0
replication-set,federation-wide,0.1,314,0.0,central,dose-zero-minus-absent,0
replication-set,own-domain,0.01,315,0.0,central,dose-zero-minus-absent,0
replication-set,federation-wide,0.01,315,0.0,central,dose-zero-minus-absent,0
replication-set,own-domain,0.05,315,0.0,central,dose-zero-minus-absent,0
replication-set,federation-wide,0.05,315,0.0,central,dose-zero-minus-absent,0
replication-set,own-domain,0.1,315,0.0,central,dose-zero-minus-absent,0
replication-set,federation-wide,0.1,315,0.0,central,dose-zero-minus-absent,0
replication-set,federation-wide,0.01,316,0.0,central,dose-zero-minus-absent,0
replication-set,own-domain,0.01,316,0.0,central,dose-zero-minus-absent,0
replication-set,federation-wide,0.05,316,0.0,central,dose-zero-minus-absent,0
replication-set,own-domain,0.05,316,0.0,central,dose-zero-minus-absent,0
replication-set,federation-wide,0.1,316,0.0,central,dose-zero-minus-absent,0
replication-set,own-domain,0.1,316,0.0,central,dose-zero-minus-absent,0
replication-set,own-domain,0.01,317,0.0,central,dose-zero-minus-absent,0
replication-set,federation-wide,0.01,317,0.0,central,dose-zero-minus-absent,0
replication-set,own-domain,0.05,317,0.0,central,dose-zero-minus-absent,0
replication-set,federation-wide,0.05,317,0.0,central,dose-zero-minus-absent,0
replication-set,own-domain,0.1,317,0.0,central,dose-zero-minus-absent,0
replication-set,federation-wide,0.1,317,0.0,central,dose-zero-minus-absent,0
replication-set,own-domain,0.01,318,0.0,central,dose-zero-minus-absent,0
replication-set,federation-wide,0.01,318,0.0,central,dose-zero-minus-absent,0
replication-set,own-domain,0.05,318,0.0,central,dose-zero-minus-absent,0
replication-set,federation-wide,0.05,318,0.0,central,dose-zero-minus-absent,0
replication-set,own-domain,0.1,318,0.0,central,dose-zero-minus-absent,0
replication-set,federation-wide,0.1,318,0.0,central,dose-zero-minus-absent,0
replication-set,own-domain,0.01,319,0.0,central,dose-zero-minus-absent,0
replication-set,federation-wide,0.01,319,0.0,central,dose-zero-minus-absent,0
replication-set,own-domain,0.05,319,0.0,central,dose-zero-minus-absent,0
replication-set,federation-wide,0.05,319,0.0,central,dose-zero-minus-absent,0
replication-set,own-domain,0.1,319,0.0,central,dose-zero-minus-absent,0
replication-set,federation-wide,0.1,319,0.0,central,dose-zero-minus-absent,0
pooled-family-sets,own-domain,0.01,310,0.010736864047176886,fedavg,ctk-at-dose,10
pooled-family-sets,federation-wide,0.01,310,0.011057691811150294,fedavg,ctk-at-dose,10
pooled-family-sets,own-domain,0.05,310,0.02464718589524101,fedavg,ctk-at-dose,10
pooled-family-sets,federation-wide,0.05,310,0.035236858756399814,fedavg,ctk-at-dose,10
pooled-family-sets,own-domain,0.1,310,0.054844814752959326,fedavg,ctk-at-dose,10
pooled-family-sets,federation-wide,0.1,310,0.04655362830971643,fedavg,ctk-at-dose,10
pooled-family-sets,own-domain,0.01,311,0.0316559805324004,fedavg,ctk-at-dose,10
pooled-family-sets,federation-wide,0.01,311,0.01739729854333444,fedavg,ctk-at-dose,10
pooled-family-sets,own-domain,0.05,311,0.020565341627771738,fedavg,ctk-at-dose,10
pooled-family-sets,federation-wide,0.05,311,0.01727807097282219,fedavg,ctk-at-dose,10
pooled-family-sets,own-domain,0.1,311,0.11775066964401659,fedavg,ctk-at-dose,10
pooled-family-sets,federation-wide,0.1,311,0.09618014954240817,fedavg,ctk-at-dose,10
pooled-family-sets,own-domain,0.01,312,0.029783168290610396,fedavg,ctk-at-dose,10
pooled-family-sets,federation-wide,0.01,312,0.023303309671756506,fedavg,ctk-at-dose,10
pooled-family-sets,own-domain,0.05,312,0.04232398407731336,fedavg,ctk-at-dose,10
pooled-family-sets,federation-wide,0.05,312,0.04886719095759812,fedavg,ctk-at-dose,10
pooled-family-sets,own-domain,0.1,312,0.11678830411799057,fedavg,ctk-at-dose,10
pooled-family-sets,federation-wide,0.1,312,0.11203793714072507,fedavg,ctk-at-dose,10
pooled-family-sets,own-domain,0.01,313,0.004747230828544335,fedavg,ctk-at-dose,10
pooled-family-sets,federation-wide,0.01,313,0.004216617834644498,fedavg,ctk-at-dose,10
pooled-family-sets,own-domain,0.05,313,-0.0033487088979951007,fedavg,ctk-at-dose,10
pooled-family-sets,federation-wide,0.05,313,0.015016008461352981,fedavg,ctk-at-dose,10
pooled-family-sets,own-domain,0.1,313,0.01997417613710939,fedavg,ctk-at-dose,10
pooled-family-sets,federation-wide,0.1,313,0.014404942964482914,fedavg,ctk-at-dose,10
pooled-family-sets,own-domain,0.01,314,0.006876493005041562,fedavg,ctk-at-dose,10
pooled-family-sets,federation-wide,0.01,314,0.005527984323159846,fedavg,ctk-at-dose,10
pooled-family-sets,own-domain,0.05,314,0.006231540316925355,fedavg,ctk-at-dose,10
pooled-family-sets,federation-wide,0.05,314,0.022489225631336707,fedavg,ctk-at-dose,10
pooled-family-sets,own-domain,0.1,314,0.009394294263277536,fedavg,ctk-at-dose,10
pooled-family-sets,federation-wide,0.1,314,0.03366993404268226,fedavg,ctk-at-dose,10
pooled-family-sets,own-domain,0.01,315,0.07178424148063617,fedavg,ctk-at-dose,10
pooled-family-sets,federation-wide,0.01,315,0.02156010476759923,fedavg,ctk-at-dose,10
pooled-family-sets,own-domain,0.05,315,0.040068350169286004,fedavg,ctk-at-dose,10
pooled-family-sets,federation-wide,0.05,315,0.027360409047886947,fedavg,ctk-at-dose,10
pooled-family-sets,own-domain,0.1,315,0.13745045215463803,fedavg,ctk-at-dose,10
pooled-family-sets,federation-wide,0.1,315,0.1133175700602348,fedavg,ctk-at-dose,10
pooled-family-sets,own-domain,0.01,316,0.017907376510935102,fedavg,ctk-at-dose,10
pooled-family-sets,federation-wide,0.01,316,0.002734991819457827,fedavg,ctk-at-dose,10
pooled-family-sets,own-domain,0.05,316,0.049567874648123345,fedavg,ctk-at-dose,10
pooled-family-sets,federation-wide,0.05,316,0.033085685908668894,fedavg,ctk-at-dose,10
pooled-family-sets,own-domain,0.1,316,0.09299090318774694,fedavg,ctk-at-dose,10
pooled-family-sets,federation-wide,0.1,316,0.09131104872133011,fedavg,ctk-at-dose,10
pooled-family-sets,own-domain,0.01,317,-0.0035901291349234865,fedavg,ctk-at-dose,10
pooled-family-sets,federation-wide,0.01,317,-0.00887843377743383,fedavg,ctk-at-dose,10
pooled-family-sets,own-domain,0.05,317,0.011045268004826192,fedavg,ctk-at-dose,10
pooled-family-sets,federation-wide,0.05,317,0.0171391763873584,fedavg,ctk-at-dose,10
pooled-family-sets,own-domain,0.1,317,0.0085609411161931,fedavg,ctk-at-dose,10
pooled-family-sets,federation-wide,0.1,317,0.01588103615420533,fedavg,ctk-at-dose,10
pooled-family-sets,own-domain,0.01,318,0.019262904090123406,fedavg,ctk-at-dose,10
pooled-family-sets,federation-wide,0.01,318,0.012504388099291996,fedavg,ctk-at-dose,10
pooled-family-sets,own-domain,0.05,318,0.015693461961556354,fedavg,ctk-at-dose,10
pooled-family-sets,federation-wide,0.05,318,0.037391203410758966,fedavg,ctk-at-dose,10
pooled-family-sets,own-domain,0.1,318,0.10984441682118684,fedavg,ctk-at-dose,10
pooled-family-sets,federation-wide,0.1,318,0.07516773728770687,fedavg,ctk-at-dose,10
pooled-family-sets,own-domain,0.01,319,0.023720380938212576,fedavg,ctk-at-dose,10
pooled-family-sets,federation-wide,0.01,319,0.019840670415030598,fedavg,ctk-at-dose,10
pooled-family-sets,own-domain,0.05,319,0.03372710061027662,fedavg,ctk-at-dose,10
pooled-family-sets,federation-wide,0.05,319,0.038478201571885196,fedavg,ctk-at-dose,10
pooled-family-sets,own-domain,0.1,319,0.032176778305619935,fedavg,ctk-at-dose,10
pooled-family-sets,federation-wide,0.1,319,0.04281606277698391,fedavg,ctk-at-dose,10
primary-set,own-domain,0.01,310,0.018310175375217896,fedavg,ctk-at-dose,10
primary-set,federation-wide,0.01,310,0.017201496282898618,fedavg,ctk-at-dose,10
primary-set,own-domain,0.05,310,0.00950693847725359,fedavg,ctk-at-dose,10
primary-set,federation-wide,0.05,310,0.02227472347275883,fedavg,ctk-at-dose,10
primary-set,own-domain,0.1,310,0.04072939585236324,fedavg,ctk-at-dose,10
primary-set,federation-wide,0.1,310,0.03504376800176123,fedavg,ctk-at-dose,10
primary-set,own-domain,0.01,311,0.06051354791518418,fedavg,ctk-at-dose,10
primary-set,federation-wide,0.01,311,0.023609193615177174,fedavg,ctk-at-dose,10
primary-set,own-domain,0.05,311,0.027898664815328655,fedavg,ctk-at-dose,10
primary-set,federation-wide,0.05,311,0.01911335995333102,fedavg,ctk-at-dose,10
primary-set,own-domain,0.1,311,0.04848839776146241,fedavg,ctk-at-dose,10
primary-set,federation-wide,0.1,311,0.04597230895499049,fedavg,ctk-at-dose,10
primary-set,own-domain,0.01,312,0.056364305118319774,fedavg,ctk-at-dose,10
primary-set,federation-wide,0.01,312,0.042150946857274524,fedavg,ctk-at-dose,10
primary-set,own-domain,0.05,312,0.06434058767241013,fedavg,ctk-at-dose,10
primary-set,federation-wide,0.05,312,0.09131366710860195,fedavg,ctk-at-dose,10
primary-set,own-domain,0.1,312,0.07095640630076694,fedavg,ctk-at-dose,10
primary-set,federation-wide,0.1,312,0.11681558519312252,fedavg,ctk-at-dose,10
primary-set,own-domain,0.01,313,0.0019165185863263545,fedavg,ctk-at-dose,10
primary-set,federation-wide,0.01,313,-0.004697673631275517,fedavg,ctk-at-dose,10
primary-set,own-domain,0.05,313,-0.013872629648427448,fedavg,ctk-at-dose,10
primary-set,federation-wide,0.05,313,0.02308608607527035,fedavg,ctk-at-dose,10
primary-set,own-domain,0.1,313,0.02306969813505977,fedavg,ctk-at-dose,10
primary-set,federation-wide,0.1,313,0.02707411246595126,fedavg,ctk-at-dose,10
primary-set,own-domain,0.01,314,-0.004958565572938972,fedavg,ctk-at-dose,10
primary-set,federation-wide,0.01,314,0.006199710080477289,fedavg,ctk-at-dose,10
primary-set,own-domain,0.05,314,0.02206724786296449,fedavg,ctk-at-dose,10
primary-set,federation-wide,0.05,314,0.03549789587724078,fedavg,ctk-at-dose,10
primary-set,own-domain,0.1,314,0.006135734819641581,fedavg,ctk-at-dose,10
primary-set,federation-wide,0.1,314,0.0414992789538724,fedavg,ctk-at-dose,10
primary-set,own-domain,0.01,315,0.12312636165577351,fedavg,ctk-at-dose,10
primary-set,federation-wide,0.01,315,0.041182618682356176,fedavg,ctk-at-dose,10
primary-set,own-domain,0.05,315,0.035943040091747536,fedavg,ctk-at-dose,10
primary-set,federation-wide,0.05,315,0.037479439271435155,fedavg,ctk-at-dose,10
primary-set,own-domain,0.1,315,0.07991138507934992,fedavg,ctk-at-dose,10
primary-set,federation-wide,0.1,315,0.03546603230563339,fedavg,ctk-at-dose,10
primary-set,own-domain,0.01,316,0.014500127305005384,fedavg,ctk-at-dose,10
primary-set,federation-wide,0.01,316,0.0011136248162325058,fedavg,ctk-at-dose,10
primary-set,own-domain,0.05,316,0.025944101846540835,fedavg,ctk-at-dose,10
primary-set,federation-wide,0.05,316,0.031331852360588275,fedavg,ctk-at-dose,10
primary-set,own-domain,0.1,316,0.019570351472790515,fedavg,ctk-at-dose,10
primary-set,federation-wide,0.1,316,0.07260778991245803,fedavg,ctk-at-dose,10
primary-set,own-domain,0.01,317,-0.008815317112086163,fedavg,ctk-at-dose,10
primary-set,federation-wide,0.01,317,-0.010392315762443177,fedavg,ctk-at-dose,10
primary-set,own-domain,0.05,317,0.02504787091411903,fedavg,ctk-at-dose,10
primary-set,federation-wide,0.05,317,0.030351717583865345,fedavg,ctk-at-dose,10
primary-set,own-domain,0.1,317,0.010159242516699973,fedavg,ctk-at-dose,10
primary-set,federation-wide,0.1,317,0.028100857309695915,fedavg,ctk-at-dose,10
primary-set,own-domain,0.01,318,0.03193984146579956,fedavg,ctk-at-dose,10
primary-set,federation-wide,0.01,318,0.02558901800284738,fedavg,ctk-at-dose,10
primary-set,own-domain,0.05,318,-0.005378566431389786,fedavg,ctk-at-dose,10
primary-set,federation-wide,0.05,318,0.04745220428603064,fedavg,ctk-at-dose,10
primary-set,own-domain,0.1,318,0.045283743523405806,fedavg,ctk-at-dose,10
primary-set,federation-wide,0.1,318,0.03376983338946504,fedavg,ctk-at-dose,10
primary-set,own-domain,0.01,319,0.0435339218343897,fedavg,ctk-at-dose,10
primary-set,federation-wide,0.01,319,0.04879264147740625,fedavg,ctk-at-dose,10
primary-set,own-domain,0.05,319,0.06372707204719252,fedavg,ctk-at-dose,10
primary-set,federation-wide,0.05,319,0.05233490470141955,fedavg,ctk-at-dose,10
primary-set,own-domain,0.1,319,0.05421203226319837,fedavg,ctk-at-dose,10
primary-set,federation-wide,0.1,319,0.07968319831618531,fedavg,ctk-at-dose,10
replication-set,federation-wide,0.01,310,0.005681862898370471,fedavg,ctk-at-dose,10
replication-set,federation-wide,0.05,310,0.04657872712958566,fedavg,ctk-at-dose,10
replication-set,federation-wide,0.1,310,0.056624756079177385,fedavg,ctk-at-dose,10
replication-set,own-domain,0.01,310,0.00013422818791944402,fedavg,ctk-at-dose,10
replication-set,own-domain,0.05,310,0.045843532280423205,fedavg,ctk-at-dose,10
replication-set,own-domain,0.1,310,0.07460640121379386,fedavg,ctk-at-dose,10
replication-set,own-domain,0.01,311,0.0027984131496166798,fedavg,ctk-at-dose,10
replication-set,federation-wide,0.01,311,0.011961890355472016,fedavg,ctk-at-dose,10
replication-set,own-domain,0.05,311,0.013232018440214821,fedavg,ctk-at-dose,10
replication-set,federation-wide,0.05,311,0.015672193114876998,fedavg,ctk-at-dose,10
replication-set,own-domain,0.1,311,0.18701294152657066,fedavg,ctk-at-dose,10
replication-set,federation-wide,0.1,311,0.14011201005639884,fedavg,ctk-at-dose,10
replication-set,own-domain,0.01,312,0.003202031462901045,fedavg,ctk-at-dose,10
replication-set,federation-wide,0.01,312,0.006811627134428233,fedavg,ctk-at-dose,10
replication-set,own-domain,0.05,312,0.02030738048221642,fedavg,ctk-at-dose,10
replication-set,federation-wide,0.05,312,0.011726524325469723,fedavg,ctk-at-dose,10
replication-set,own-domain,0.1,312,0.16262020193521431,fedavg,ctk-at-dose,10
replication-set,federation-wide,0.1,312,0.10785749509487741,fedavg,ctk-at-dose,10
replication-set,own-domain,0.01,313,0.008049728444465276,fedavg,ctk-at-dose,10
replication-set,federation-wide,0.01,313,0.013130909300564542,fedavg,ctk-at-dose,10
replication-set,own-domain,0.05,313,0.008929198644175962,fedavg,ctk-at-dose,10
replication-set,federation-wide,0.05,313,0.006945930847435555,fedavg,ctk-at-dose,10
replication-set,own-domain,0.1,313,0.016362733806167262,fedavg,ctk-at-dose,10
replication-set,federation-wide,0.1,313,0.0017357734630145671,fedavg,ctk-at-dose,10
replication-set,own-domain,0.01,314,0.02068406134601891,fedavg,ctk-at-dose,10
replication-set,federation-wide,0.01,314,0.004856258565842486,fedavg,ctk-at-dose,10
replication-set,own-domain,0.05,314,-0.012243451820120377,fedavg,ctk-at-dose,10
replication-set,federation-wide,0.05,314,0.009480555385432576,fedavg,ctk-at-dose,10
replication-set,own-domain,0.1,314,0.013195946947519688,fedavg,ctk-at-dose,10
replication-set,federation-wide,0.1,314,0.02584058913149223,fedavg,ctk-at-dose,10
replication-set,own-domain,0.01,315,0.010173697270471405,fedavg,ctk-at-dose,10
replication-set,federation-wide,0.01,315,0.004390405092186939,fedavg,ctk-at-dose,10
replication-set,own-domain,0.05,315,0.04501872226233239,fedavg,ctk-at-dose,10
replication-set,federation-wide,0.05,315,0.018506257602282195,fedavg,ctk-at-dose,10
replication-set,own-domain,0.1,315,0.2064973326449837,fedavg,ctk-at-dose,10
replication-set,federation-wide,0.1,315,0.18143766559551067,fedavg,ctk-at-dose,10
replication-set,federation-wide,0.01,316,0.004153687947279966,fedavg,ctk-at-dose,10
replication-set,own-domain,0.01,316,0.020746750849209877,fedavg,ctk-at-dose,10
replication-set,federation-wide,0.05,316,0.034620290263239484,fedavg,ctk-at-dose,10
replication-set,own-domain,0.05,316,0.0692543519827753,fedavg,ctk-at-dose,10
replication-set,federation-wide,0.1,316,0.10767640017909297,fedavg,ctk-at-dose,10
replication-set,own-domain,0.1,316,0.15417469628354386,fedavg,ctk-at-dose,10
replication-set,own-domain,0.01,317,0.0016350588422391898,fedavg,ctk-at-dose,10
replication-set,federation-wide,0.01,317,-0.007364551792424484,fedavg,ctk-at-dose,10
replication-set,own-domain,0.05,317,-0.002957334904466702,fedavg,ctk-at-dose,10
replication-set,federation-wide,0.05,317,0.003926635190851568,fedavg,ctk-at-dose,10
replication-set,own-domain,0.1,317,0.006962639715686336,fedavg,ctk-at-dose,10
replication-set,federation-wide,0.1,317,0.0036612149987146347,fedavg,ctk-at-dose,10
replication-set,own-domain,0.01,318,0.00447314381850121,fedavg,ctk-at-dose,10
replication-set,federation-wide,0.01,318,0.001055336933681053,fedavg,ctk-at-dose,10
replication-set,own-domain,0.05,318,0.04027749508666023,fedavg,ctk-at-dose,10
replication-set,federation-wide,0.05,318,0.028587827644896258,fedavg,ctk-at-dose,10
replication-set,own-domain,0.1,318,0.18516520233526457,fedavg,ctk-at-dose,10
replication-set,federation-wide,0.1,318,0.11139090319866846,fedavg,ctk-at-dose,10
replication-set,own-domain,0.01,319,-0.000055868137200001944,fedavg,ctk-at-dose,10
replication-set,federation-wide,0.01,319,-0.005492304264548081,fedavg,ctk-at-dose,10
replication-set,own-domain,0.05,319,-0.0022728651140223044,fedavg,ctk-at-dose,10
replication-set,federation-wide,0.05,319,0.026353586333542456,fedavg,ctk-at-dose,10
replication-set,own-domain,0.1,319,0.005734473556525899,fedavg,ctk-at-dose,10
replication-set,federation-wide,0.1,319,0.010557319180182656,fedavg,ctk-at-dose,10
pooled-family-sets,own-domain,0.01,310,0.0370610545484147,fedavg,ctk-at-dose,25
pooled-family-sets,federation-wide,0.01,310,0.03806312672814019,fedavg,ctk-at-dose,25
pooled-family-sets,own-domain,0.05,310,0.05591479882478628,fedavg,ctk-at-dose,25
pooled-family-sets,federation-wide,0.05,310,0.06642735282624646,fedavg,ctk-at-dose,25
pooled-family-sets,own-domain,0.1,310,0.09508072035772086,fedavg,ctk-at-dose,25
pooled-family-sets,federation-wide,0.1,310,0.10572017970597203,fedavg,ctk-at-dose,25
pooled-family-sets,own-domain,0.01,311,0.040724150920685404,fedavg,ctk-at-dose,25
pooled-family-sets,federation-wide,0.01,311,0.020550980266603014,fedavg,ctk-at-dose,25
pooled-family-sets,own-domain,0.05,311,0.03573895813912076,fedavg,ctk-at-dose,25
pooled-family-sets,federation-wide,0.05,311,0.03466393032082565,fedavg,ctk-at-dose,25
pooled-family-sets,own-domain,0.1,311,0.12137460156455648,fedavg,ctk-at-dose,25
pooled-family-sets,federation-wide,0.1,311,0.10958932542901545,fedavg,ctk-at-dose,25
pooled-family-sets,own-domain,0.01,312,0.024944333343776992,fedavg,ctk-at-dose,25
pooled-family-sets,federation-wide,0.01,312,0.02760367049469556,fedavg,ctk-at-dose,25
pooled-family-sets,own-domain,0.05,312,0.04747879869007038,fedavg,ctk-at-dose,25
pooled-family-sets,federation-wide,0.05,312,0.06502985053169302,fedavg,ctk-at-dose,25
pooled-family-sets,own-domain,0.1,312,0.13063929365538973,fedavg,ctk-at-dose,25
pooled-family-sets,federation-wide,0.1,312,0.13798900297859473,fedavg,ctk-at-dose,25
pooled-family-sets,own-domain,0.01,313,0.013012876029486253,fedavg,ctk-at-dose,25
pooled-family-sets,federation-wide,0.01,313,0.024196349360255776,fedavg,ctk-at-dose,25
pooled-family-sets,own-domain,0.05,313,0.030525910605669115,fedavg,ctk-at-dose,25
pooled-family-sets,federation-wide,0.05,313,0.038063497861770046,fedavg,ctk-at-dose,25
pooled-family-sets,own-domain,0.1,313,0.042352759106115356,fedavg,ctk-at-dose,25
pooled-family-sets,federation-wide,0.1,313,0.05158872568213391,fedavg,ctk-at-dose,25
pooled-family-sets,own-domain,0.01,314,0.04347503427106114,fedavg,ctk-at-dose,25
pooled-family-sets,federation-wide,0.01,314,0.029306573526390406,fedavg,ctk-at-dose,25
pooled-family-sets,own-domain,0.05,314,0.04923850508663119,fedavg,ctk-at-dose,25
pooled-family-sets,federation-wide,0.05,314,0.04422517787866975,fedavg,ctk-at-dose,25
pooled-family-sets,own-domain,0.1,314,0.04390496780916897,fedavg,ctk-at-dose,25
pooled-family-sets,federation-wide,0.1,314,0.05068612453717669,fedavg,ctk-at-dose,25
pooled-family-sets,own-domain,0.01,315,0.08146763826204034,fedavg,ctk-at-dose,25
pooled-family-sets,federation-wide,0.01,315,0.019426185760566927,fedavg,ctk-at-dose,25
pooled-family-sets,own-domain,0.05,315,0.07081149979817236,fedavg,ctk-at-dose,25
pooled-family-sets,federation-wide,0.05,315,0.04102803314443049,fedavg,ctk-at-dose,25
pooled-family-sets,own-domain,0.1,315,0.15109537843779863,fedavg,ctk-at-dose,25
pooled-family-sets,federation-wide,0.1,315,0.08068498815785452,fedavg,ctk-at-dose,25
pooled-family-sets,own-domain,0.01,316,0.06644324885778305,fedavg,ctk-at-dose,25
pooled-family-sets,federation-wide,0.01,316,0.03154753195262884,fedavg,ctk-at-dose,25
pooled-family-sets,own-domain,0.05,316,0.0731812849976734,fedavg,ctk-at-dose,25
pooled-family-sets,federation-wide,0.05,316,0.0603838770475707,fedavg,ctk-at-dose,25
pooled-family-sets,own-domain,0.1,316,0.11985671738349002,fedavg,ctk-at-dose,25
pooled-family-sets,federation-wide,0.1,316,0.11550776826114295,fedavg,ctk-at-dose,25
pooled-family-sets,own-domain,0.01,317,0.008831225240369445,fedavg,ctk-at-dose,25
pooled-family-sets,federation-wide,0.01,317,0.005757268080285788,fedavg,ctk-at-dose,25
pooled-family-sets,own-domain,0.05,317,0.046134264753814214,fedavg,ctk-at-dose,25
pooled-family-sets,federation-wide,0.05,317,0.018688290315557854,fedavg,ctk-at-dose,25
pooled-family-sets,own-domain,0.1,317,0.10418372123873854,fedavg,ctk-at-dose,25
pooled-family-sets,federation-wide,0.1,317,0.07667174990024139,fedavg,ctk-at-dose,25
pooled-family-sets,own-domain,0.01,318,0.0361193244015674,fedavg,ctk-at-dose,25
pooled-family-sets,federation-wide,0.01,318,0.02497008996099015,fedavg,ctk-at-dose,25
pooled-family-sets,own-domain,0.05,318,0.03495284870161636,fedavg,ctk-at-dose,25
pooled-family-sets,federation-wide,0.05,318,0.046128420495640254,fedavg,ctk-at-dose,25
pooled-family-sets,own-domain,0.1,318,0.13403323358189023,fedavg,ctk-at-dose,25
pooled-family-sets,federation-wide,0.1,318,0.10789286506822515,fedavg,ctk-at-dose,25
pooled-family-sets,own-domain,0.01,319,0.04219598462119595,fedavg,ctk-at-dose,25
pooled-family-sets,federation-wide,0.01,319,0.065300753615503,fedavg,ctk-at-dose,25
pooled-family-sets,own-domain,0.05,319,0.051697078392748286,fedavg,ctk-at-dose,25
pooled-family-sets,federation-wide,0.05,319,0.0756472557701201,fedavg,ctk-at-dose,25
pooled-family-sets,own-domain,0.1,319,0.05414015787361637,fedavg,ctk-at-dose,25
pooled-family-sets,federation-wide,0.1,319,0.07074658390699362,fedavg,ctk-at-dose,25
primary-set,own-domain,0.01,310,0.05619862467168307,fedavg,ctk-at-dose,25
primary-set,federation-wide,0.01,310,0.05856657531673347,fedavg,ctk-at-dose,25
primary-set,own-domain,0.05,310,0.07097648806324974,fedavg,ctk-at-dose,25
primary-set,federation-wide,0.05,310,0.08538366445142093,fedavg,ctk-at-dose,25
primary-set,own-domain,0.1,310,0.09210419191918362,fedavg,ctk-at-dose,25
primary-set,federation-wide,0.1,310,0.13050199135096618,fedavg,ctk-at-dose,25
primary-set,own-domain,0.01,311,0.07303760660823808,fedavg,ctk-at-dose,25
primary-set,federation-wide,0.01,311,0.036691660688088476,fedavg,ctk-at-dose,25
primary-set,own-domain,0.05,311,0.0482382018251849,fedavg,ctk-at-dose,25
primary-set,federation-wide,0.05,311,0.036007125318961886,fedavg,ctk-at-dose,25
primary-set,own-domain,0.1,311,0.051388145353075454,fedavg,ctk-at-dose,25
primary-set,federation-wide,0.1,311,0.06600427794989638,fedavg,ctk-at-dose,25
primary-set,own-domain,0.01,312,0.051183922945894716,fedavg,ctk-at-dose,25
primary-set,federation-wide,0.01,312,0.03920890326065113,fedavg,ctk-at-dose,25
primary-set,own-domain,0.05,312,0.07207851323926406,fedavg,ctk-at-dose,25
primary-set,federation-wide,0.05,312,0.0971483792170858,fedavg,ctk-at-dose,25
primary-set,own-domain,0.1,312,0.08023456316277644,fedavg,ctk-at-dose,25
primary-set,federation-wide,0.1,312,0.14549760063793016,fedavg,ctk-at-dose,25
primary-set,own-domain,0.01,313,0.008109829243922728,fedavg,ctk-at-dose,25
primary-set,federation-wide,0.01,313,0.02744077619472632,fedavg,ctk-at-dose,25
primary-set,own-domain,0.05,313,0.034525634670492744,fedavg,ctk-at-dose,25
primary-set,federation-wide,0.05,313,0.06334454332248257,fedavg,ctk-at-dose,25
primary-set,own-domain,0.1,313,0.05306902551997428,fedavg,ctk-at-dose,25
primary-set,federation-wide,0.1,313,0.08317049263066156,fedavg,ctk-at-dose,25
primary-set,own-domain,0.01,314,0.041101327282224986,fedavg,ctk-at-dose,25
primary-set,federation-wide,0.01,314,0.04348971222169387,fedavg,ctk-at-dose,25
primary-set,own-domain,0.05,314,0.08175984861892893,fedavg,ctk-at-dose,25
primary-set,federation-wide,0.05,314,0.06609969303430074,fedavg,ctk-at-dose,25
primary-set,own-domain,0.1,314,0.07150200285832264,fedavg,ctk-at-dose,25
primary-set,federation-wide,0.1,314,0.08127516026432624,fedavg,ctk-at-dose,25
primary-set,own-domain,0.01,315,0.14087925575501442,fedavg,ctk-at-dose,25
primary-set,federation-wide,0.01,315,0.027535967362293745,fedavg,ctk-at-dose,25
primary-set,own-domain,0.05,315,0.08960944482495581,fedavg,ctk-at-dose,25
primary-set,federation-wide,0.05,315,0.06325322960347135,fedavg,ctk-at-dose,25
primary-set,own-domain,0.1,315,0.09014329353006656,fedavg,ctk-at-dose,25
primary-set,federation-wide,0.1,315,0.05235202442401332,fedavg,ctk-at-dose,25
primary-set,own-domain,0.01,316,0.10512943256845697,fedavg,ctk-at-dose,25
primary-set,federation-wide,0.01,316,0.05510382924177969,fedavg,ctk-at-dose,25
primary-set,own-domain,0.05,316,0.05158380838868637,fedavg,ctk-at-dose,25
primary-set,federation-wide,0.05,316,0.0859726033138219,fedavg,ctk-at-dose,25
primary-set,own-domain,0.1,316,0.07408750498994399,fedavg,ctk-at-dose,25
primary-set,federation-wide,0.1,316,0.11115216195117755,fedavg,ctk-at-dose,25
primary-set,own-domain,0.01,317,0.007509236889060772,fedavg,ctk-at-dose,25
primary-set,federation-wide,0.01,317,-0.0025519880246432647,fedavg,ctk-at-dose,25
primary-set,own-domain,0.05,317,0.057375067815653324,fedavg,ctk-at-dose,25
primary-set,federation-wide,0.05,317,0.06947447410642477,fedavg,ctk-at-dose,25
primary-set,own-domain,0.1,317,0.03656725325936372,fedavg,ctk-at-dose,25
primary-set,federation-wide,0.1,317,0.06901822084390408,fedavg,ctk-at-dose,25
primary-set,own-domain,0.01,318,0.048230466749479145,fedavg,ctk-at-dose,25
primary-set,federation-wide,0.01,318,0.036730863070569136,fedavg,ctk-at-dose,25
primary-set,own-domain,0.05,318,0.018413729603649287,fedavg,ctk-at-dose,25
primary-set,federation-wide,0.05,318,0.06497626480470359,fedavg,ctk-at-dose,25
primary-set,own-domain,0.1,318,0.07121316027015301,fedavg,ctk-at-dose,25
primary-set,federation-wide,0.1,318,0.08567697801568752,fedavg,ctk-at-dose,25
primary-set,own-domain,0.01,319,0.06436230823389477,fedavg,ctk-at-dose,25
primary-set,federation-wide,0.01,319,0.1264735204457244,fedavg,ctk-at-dose,25
primary-set,own-domain,0.05,319,0.09737316484045477,fedavg,ctk-at-dose,25
primary-set,federation-wide,0.05,319,0.13490927148781284,fedavg,ctk-at-dose,25
primary-set,own-domain,0.1,319,0.09422820371155227,fedavg,ctk-at-dose,25
primary-set,federation-wide,0.1,319,0.13609305518058057,fedavg,ctk-at-dose,25
replication-set,federation-wide,0.01,310,0.020122609213121034,fedavg,ctk-at-dose,25
replication-set,federation-wide,0.05,310,0.04984058015421877,fedavg,ctk-at-dose,25
replication-set,federation-wide,0.1,310,0.08403609451660199,fedavg,ctk-at-dose,25
replication-set,own-domain,0.01,310,0.010268456375838897,fedavg,ctk-at-dose,25
replication-set,own-domain,0.05,310,0.03482843389093737,fedavg,ctk-at-dose,25
replication-set,own-domain,0.1,310,0.09924786017167303,fedavg,ctk-at-dose,25
replication-set,own-domain,0.01,311,0.008410695233132759,fedavg,ctk-at-dose,25
replication-set,federation-wide,0.01,311,0.006427884897803188,fedavg,ctk-at-dose,25
replication-set,own-domain,0.05,311,0.02323971445305656,fedavg,ctk-at-dose,25
replication-set,federation-wide,0.05,311,0.0334886346974565,fedavg,ctk-at-dose,25
replication-set,own-domain,0.1,311,0.1913610577760374,fedavg,ctk-at-dose,25
replication-set,federation-wide,0.1,311,0.1477262419732447,fedavg,ctk-at-dose,25
replication-set,own-domain,0.01,312,-0.00129525625834076,fedavg,ctk-at-dose,25
replication-set,federation-wide,0.01,312,0.017449091824484425,fedavg,ctk-at-dose,25
replication-set,own-domain,0.05,312,0.022879084140876582,fedavg,ctk-at-dose,25
replication-set,federation-wide,0.05,312,0.03692613793197441,fedavg,ctk-at-dose,25
replication-set,own-domain,0.1,312,0.1810440241480028,fedavg,ctk-at-dose,25
replication-set,federation-wide,0.1,312,0.13141898002667618,fedavg,ctk-at-dose,25
replication-set,own-domain,0.01,313,0.018733097279310384,fedavg,ctk-at-dose,25
replication-set,federation-wide,0.01,313,0.020951922525785205,fedavg,ctk-at-dose,25
replication-set,own-domain,0.05,313,0.025859565863375067,fedavg,ctk-at-dose,25
replication-set,federation-wide,0.05,313,0.012782452401057576,fedavg,ctk-at-dose,25
replication-set,own-domain,0.1,313,0.02985044828994654,fedavg,ctk-at-dose,25
replication-set,federation-wide,0.1,313,0.02000695873360625,fedavg,ctk-at-dose,25
replication-set,own-domain,0.01,314,0.04624435909137009,fedavg,ctk-at-dose,25
replication-set,federation-wide,0.01,314,0.015123434831086996,fedavg,ctk-at-dose,25
replication-set,own-domain,0.05,314,0.011296937632283788,fedavg,ctk-at-dose,25
replication-set,federation-wide,0.05,314,0.022350662723038706,fedavg,ctk-at-dose,25
replication-set,own-domain,0.1,314,0.011708426918489834,fedavg,ctk-at-dose,25
replication-set,federation-wide,0.1,314,0.02009708881002703,fedavg,ctk-at-dose,25
replication-set,own-domain,0.01,315,0.010173697270471405,fedavg,ctk-at-dose,25
replication-set,federation-wide,0.01,315,0.012330126859055851,fedavg,ctk-at-dose,25
replication-set,own-domain,0.05,315,0.04825396576603225,fedavg,ctk-at-dose,25
replication-set,federation-wide,0.05,315,0.021580986242769717,fedavg,ctk-at-dose,25
replication-set,own-domain,0.1,315,0.22423788032707714,fedavg,ctk-at-dose,25
replication-set,federation-wide,0.1,315,0.10547633142496549,fedavg,ctk-at-dose,25
replication-set,federation-wide,0.01,316,0.010935771824621868,fedavg,ctk-at-dose,25
replication-set,own-domain,0.01,316,0.03420476243222145,fedavg,ctk-at-dose,25
replication-set,federation-wide,0.05,316,0.03799374156460089,fedavg,ctk-at-dose,25
replication-set,own-domain,0.05,316,0.09117918217182924,fedavg,ctk-at-dose,25
replication-set,federation-wide,0.1,316,0.11931892378236264,fedavg,ctk-at-dose,25
replication-set,own-domain,0.1,316,0.15799772771144516,fedavg,ctk-at-dose,25
replication-set,own-domain,0.01,317,0.01015321359167809,fedavg,ctk-at-dose,25
replication-set,federation-wide,0.01,317,0.014066524185214896,fedavg,ctk-at-dose,25
replication-set,own-domain,0.05,317,0.03489346169197505,fedavg,ctk-at-dose,25
replication-set,federation-wide,0.05,317,-0.03209789347530889,fedavg,ctk-at-dose,25
replication-set,own-domain,0.1,317,0.17180018921811324,fedavg,ctk-at-dose,25
replication-set,federation-wide,0.1,317,0.08432527895657871,fedavg,ctk-at-dose,25
replication-set,own-domain,0.01,318,0.021989658329003695,fedavg,ctk-at-dose,25
replication-set,federation-wide,0.01,318,0.014679413490108567,fedavg,ctk-at-dose,25
replication-set,own-domain,0.05,318,0.05424848764924456,fedavg,ctk-at-dose,25
replication-set,federation-wide,0.05,318,0.029636556725209928,fedavg,ctk-at-dose,25
replication-set,own-domain,0.1,318,0.20732331911225022,fedavg,ctk-at-dose,25
replication-set,federation-wide,0.1,318,0.12733176623919557,fedavg,ctk-at-dose,25
replication-set,own-domain,0.01,319,0.015596396285957354,fedavg,ctk-at-dose,25
replication-set,federation-wide,0.01,319,0.011774582639059228,fedavg,ctk-at-dose,25
replication-set,own-domain,0.05,319,-0.0031142253444993995,fedavg,ctk-at-dose,25
replication-set,federation-wide,0.05,319,0.023792992017138803,fedavg,ctk-at-dose,25
replication-set,own-domain,0.1,319,0.006034502868093372,fedavg,ctk-at-dose,25
replication-set,federation-wide,0.1,319,0.013568421542604958,fedavg,ctk-at-dose,25
pooled-family-sets,own-domain,0.01,310,0.06576175267133157,fedavg,ctk-at-dose,50
pooled-family-sets,federation-wide,0.01,310,0.08013647531355644,fedavg,ctk-at-dose,50
pooled-family-sets,own-domain,0.05,310,0.10102551952669042,fedavg,ctk-at-dose,50
pooled-family-sets,federation-wide,0.05,310,0.11873466083351497,fedavg,ctk-at-dose,50
pooled-family-sets,own-domain,0.1,310,0.15371201944235957,fedavg,ctk-at-dose,50
pooled-family-sets,federation-wide,0.1,310,0.15377515306855538,fedavg,ctk-at-dose,50
pooled-family-sets,own-domain,0.01,311,0.07182777696307233,fedavg,ctk-at-dose,50
pooled-family-sets,federation-wide,0.01,311,0.04807191198237962,fedavg,ctk-at-dose,50
pooled-family-sets,own-domain,0.05,311,0.06347554574688019,fedavg,ctk-at-dose,50
pooled-family-sets,federation-wide,0.05,311,0.07031869164373095,fedavg,ctk-at-dose,50
pooled-family-sets,own-domain,0.1,311,0.15065588799252816,fedavg,ctk-at-dose,50
pooled-family-sets,federation-wide,0.1,311,0.14226792917662123,fedavg,ctk-at-dose,50
pooled-family-sets,own-domain,0.01,312,0.04319221114434618,fedavg,ctk-at-dose,50
pooled-family-sets,federation-wide,0.01,312,0.042275797376507385,fedavg,ctk-at-dose,50
pooled-family-sets,own-domain,0.05,312,0.08656737611832027,fedavg,ctk-at-dose,50
pooled-family-sets,federation-wide,0.05,312,0.10400566642449466,fedavg,ctk-at-dose,50
pooled-family-sets,own-domain,0.1,312,0.14519581906128898,fedavg,ctk-at-dose,50
pooled-family-sets,federation-wide,0.1,312,0.15215945479296433,fedavg,ctk-at-dose,50
pooled-family-sets,own-domain,0.01,313,0.026951492752324863,fedavg,ctk-at-dose,50
pooled-family-sets,federation-wide,0.01,313,0.03772249909852238,fedavg,ctk-at-dose,50
pooled-family-sets,own-domain,0.05,313,0.04697580533386042,fedavg,ctk-at-dose,50
pooled-family-sets,federation-wide,0.05,313,0.058901556199850214,fedavg,ctk-at-dose,50
pooled-family-sets,own-domain,0.1,313,0.08253316956033796,fedavg,ctk-at-dose,50
pooled-family-sets,federation-wide,0.1,313,0.06819660034001707,fedavg,ctk-at-dose,50
pooled-family-sets,own-domain,0.01,314,0.09800567083694717,fedavg,ctk-at-dose,50
pooled-family-sets,federation-wide,0.01,314,0.07530344797676769,fedavg,ctk-at-dose,50
pooled-family-sets,own-domain,0.05,314,0.06767267789548059,fedavg,ctk-at-dose,50
pooled-family-sets,federation-wide,0.05,314,0.08587175142097819,fedavg,ctk-at-dose,50
pooled-family-sets,own-domain,0.1,314,0.05223065515891212,fedavg,ctk-at-dose,50
pooled-family-sets,federation-wide,0.1,314,0.09058509986580898,fedavg,ctk-at-dose,50
pooled-family-sets,own-domain,0.01,315,0.08503015210887588,fedavg,ctk-at-dose,50
pooled-family-sets,federation-wide,0.01,315,0.02184879417190161,fedavg,ctk-at-dose,50
pooled-family-sets,own-domain,0.05,315,0.12469914203982724,fedavg,ctk-at-dose,50
pooled-family-sets,federation-wide,0.05,315,0.057233094831166564,fedavg,ctk-at-dose,50
pooled-family-sets,own-domain,0.1,315,0.18126253168433026,fedavg,ctk-at-dose,50
pooled-family-sets,federation-wide,0.1,315,0.10080852811774521,fedavg,ctk-at-dose,50
pooled-family-sets,own-domain,0.01,316,0.08481772452993058,fedavg,ctk-at-dose,50
pooled-family-sets,federation-wide,0.01,316,0.06397658408886597,fedavg,ctk-at-dose,50
pooled-family-sets,own-domain,0.05,316,0.11182801292916078,fedavg,ctk-at-dose,50
pooled-family-sets,federation-wide,0.05,316,0.10414510461652537,fedavg,ctk-at-dose,50
pooled-family-sets,own-domain,0.1,316,0.1574855363066896,fedavg,ctk-at-dose,50
pooled-family-sets,federation-wide,0.1,316,0.16847438404847892,fedavg,ctk-at-dose,50
pooled-family-sets,own-domain,0.01,317,0.02700255394821724,fedavg,ctk-at-dose,50
pooled-family-sets,federation-wide,0.01,317,0.021732879810750755,fedavg,ctk-at-dose,50
pooled-family-sets,own-domain,0.05,317,0.049556539343324935,fedavg,ctk-at-dose,50
pooled-family-sets,federation-wide,0.05,317,0.016242442801847612,fedavg,ctk-at-dose,50
pooled-family-sets,own-domain,0.1,317,0.10716089215754732,fedavg,ctk-at-dose,50
pooled-family-sets,federation-wide,0.1,317,0.08677773272562916,fedavg,ctk-at-dose,50
pooled-family-sets,own-domain,0.01,318,0.033375988563913134,fedavg,ctk-at-dose,50
pooled-family-sets,federation-wide,0.01,318,0.03505682415076514,fedavg,ctk-at-dose,50
pooled-family-sets,own-domain,0.05,318,0.08794629374790358,fedavg,ctk-at-dose,50
pooled-family-sets,federation-wide,0.05,318,0.06895762389751237,fedavg,ctk-at-dose,50
pooled-family-sets,own-domain,0.1,318,0.170584908183824,fedavg,ctk-at-dose,50
pooled-family-sets,federation-wide,0.1,318,0.16438689123574302,fedavg,ctk-at-dose,50
pooled-family-sets,own-domain,0.01,319,0.06703165049400403,fedavg,ctk-at-dose,50
pooled-family-sets,federation-wide,0.01,319,0.0826550259285819,fedavg,ctk-at-dose,50
pooled-family-sets,own-domain,0.05,319,0.072835457613878,fedavg,ctk-at-dose,50
pooled-family-sets,federation-wide,0.05,319,0.09831786869712034,fedavg,ctk-at-dose,50
pooled-family-sets,own-domain,0.1,319,0.05293611285583,fedavg,ctk-at-dose,50
pooled-family-sets,federation-wide,0.1,319,0.08178478646112208,fedavg,ctk-at-dose,50
primary-set,own-domain,0.01,310,0.09830490294951183,fedavg,ctk-at-dose,50
primary-set,federation-wide,0.01,310,0.14289931599382028,fedavg,ctk-at-dose,50
primary-set,own-domain,0.05,310,0.1202404524389612,fedavg,ctk-at-dose,50
primary-set,federation-wide,0.05,310,0.16529909404763382,fedavg,ctk-at-dose,50
primary-set,own-domain,0.1,310,0.13514620240302067,fedavg,ctk-at-dose,50
primary-set,federation-wide,0.1,310,0.17067395483723113,fedavg,ctk-at-dose,50
primary-set,own-domain,0.01,311,0.1261156397077192,fedavg,ctk-at-dose,50
primary-set,federation-wide,0.01,311,0.08422789549052377,fedavg,ctk-at-dose,50
primary-set,own-domain,0.05,311,0.06672821702692555,fedavg,ctk-at-dose,50
primary-set,federation-wide,0.05,311,0.09210995694738444,fedavg,ctk-at-dose,50
primary-set,own-domain,0.1,311,0.09332416563853252,fedavg,ctk-at-dose,50
primary-set,federation-wide,0.1,311,0.11524084378014443,fedavg,ctk-at-dose,50
primary-set,own-domain,0.01,312,0.08145479575580492,fedavg,ctk-at-dose,50
primary-set,federation-wide,0.01,312,0.06631462150520254,fedavg,ctk-at-dose,50
primary-set,own-domain,0.05,312,0.12436905764957595,fedavg,ctk-at-dose,50
primary-set,federation-wide,0.05,312,0.15038167244664585,fedavg,ctk-at-dose,50
primary-set,own-domain,0.1,312,0.09215483444073735,fedavg,ctk-at-dose,50
primary-set,federation-wide,0.1,312,0.16296805409881354,fedavg,ctk-at-dose,50
primary-set,own-domain,0.01,313,0.026614741641337383,fedavg,ctk-at-dose,50
primary-set,federation-wide,0.01,313,0.04585020860179931,fedavg,ctk-at-dose,50
primary-set,own-domain,0.05,313,0.044288294950832696,fedavg,ctk-at-dose,50
primary-set,federation-wide,0.05,313,0.08769481342153412,fedavg,ctk-at-dose,50
primary-set,own-domain,0.1,313,0.10727305916097607,fedavg,ctk-at-dose,50
primary-set,federation-wide,0.1,313,0.10826665069462982,fedavg,ctk-at-dose,50
primary-set,own-domain,0.01,314,0.1275063241630408,fedavg,ctk-at-dose,50
primary-set,federation-wide,0.01,314,0.09907719663867182,fedavg,ctk-at-dose,50
primary-set,own-domain,0.05,314,0.10761057476563662,fedavg,ctk-at-dose,50
primary-set,federation-wide,0.05,314,0.13760286164092211,fedavg,ctk-at-dose,50
primary-set,own-domain,0.1,314,0.0865201615269483,fedavg,ctk-at-dose,50
primary-set,federation-wide,0.1,314,0.15529935941543527,fedavg,ctk-at-dose,50
primary-set,own-domain,0.01,315,0.14741053114087954,fedavg,ctk-at-dose,50
primary-set,federation-wide,0.01,315,0.036883416099668,fedavg,ctk-at-dose,50
primary-set,own-domain,0.05,315,0.17429506273129347,fedavg,ctk-at-dose,50
primary-set,federation-wide,0.05,315,0.0846578546411253,fedavg,ctk-at-dose,50
primary-set,own-domain,0.1,315,0.1292548258584958,fedavg,ctk-at-dose,50
primary-set,federation-wide,0.1,315,0.0745613802003372,fedavg,ctk-at-dose,50
primary-set,own-domain,0.01,316,0.14498860723250967,fedavg,ctk-at-dose,50
primary-set,federation-wide,0.01,316,0.11664466235391557,fedavg,ctk-at-dose,50
primary-set,own-domain,0.05,316,0.14083889464377264,fedavg,ctk-at-dose,50
primary-set,federation-wide,0.05,316,0.1805036416348238,fedavg,ctk-at-dose,50
primary-set,own-domain,0.1,316,0.15220432310676202,fedavg,ctk-at-dose,50
primary-set,federation-wide,0.1,316,0.21820976941763776,fedavg,ctk-at-dose,50
primary-set,own-domain,0.01,317,0.028713687687409617,fedavg,ctk-at-dose,50
primary-set,federation-wide,0.01,317,0.014582246321787617,fedavg,ctk-at-dose,50
primary-set,own-domain,0.05,317,0.0529089122406608,fedavg,ctk-at-dose,50
primary-set,federation-wide,0.05,317,0.06445087464082672,fedavg,ctk-at-dose,50
primary-set,own-domain,0.1,317,0.05090097766905022,fedavg,ctk-at-dose,50
primary-set,federation-wide,0.1,317,0.08724847939054614,fedavg,ctk-at-dose,50
primary-set,own-domain,0.01,318,0.04024738387866547,fedavg,ctk-at-dose,50
primary-set,federation-wide,0.01,318,0.055300039670923284,fedavg,ctk-at-dose,50
primary-set,own-domain,0.05,318,0.09935607829260734,fedavg,ctk-at-dose,50
primary-set,federation-wide,0.05,318,0.10291072813510899,fedavg,ctk-at-dose,50
primary-set,own-domain,0.1,318,0.1076718725018595,fedavg,ctk-at-dose,50
primary-set,federation-wide,0.1,318,0.13234585972706214,fedavg,ctk-at-dose,50
primary-set,own-domain,0.01,319,0.11440704197330376,fedavg,ctk-at-dose,50
primary-set,federation-wide,0.01,319,0.1449824703056039,fedavg,ctk-at-dose,50
primary-set,own-domain,0.05,319,0.1298642440663037,fedavg,ctk-at-dose,50
primary-set,federation-wide,0.05,319,0.16175213078729989,fedavg,ctk-at-dose,50
primary-set,own-domain,0.1,319,0.09518538540840682,fedavg,ctk-at-dose,50
primary-set,federation-wide,0.1,319,0.1534560041442985,fedavg,ctk-at-dose,50
replication-set,federation-wide,0.01,310,0.025218989718325535,fedavg,ctk-at-dose,50
replication-set,federation-wide,0.05,310,0.07799078177116092,fedavg,ctk-at-dose,50
replication-set,federation-wide,0.1,310,0.1389887015209641,fedavg,ctk-at-dose,50
replication-set,own-domain,0.01,310,0.020201342281879198,fedavg,ctk-at-dose,50
replication-set,own-domain,0.05,310,0.07412461344951116,fedavg,ctk-at-dose,50
replication-set,own-domain,0.1,310,0.17970416329743427,fedavg,ctk-at-dose,50
replication-set,own-domain,0.01,311,0.017539914218425573,fedavg,ctk-at-dose,50
replication-set,federation-wide,0.01,311,0.016435426412753446,fedavg,ctk-at-dose,50
replication-set,own-domain,0.05,311,0.060222874466834886,fedavg,ctk-at-dose,50
replication-set,federation-wide,0.05,311,0.05125133450303432,fedavg,ctk-at-dose,50
replication-set,own-domain,0.1,311,0.2079876103465237,fedavg,ctk-at-dose,50
replication-set,federation-wide,0.1,311,0.16591662889853853,fedavg,ctk-at-dose,50
replication-set,own-domain,0.01,312,0.004929626532887421,fedavg,ctk-at-dose,50
replication-set,federation-wide,0.01,312,0.021241826263899116,fedavg,ctk-at-dose,50
replication-set,own-domain,0.05,312,0.048765694587064534,fedavg,ctk-at-dose,50
replication-set,federation-wide,0.05,312,0.06342666115511242,fedavg,ctk-at-dose,50
replication-set,own-domain,0.1,312,0.1982368036818406,fedavg,ctk-at-dose,50
replication-set,federation-wide,0.1,312,0.1427019304003464,fedavg,ctk-at-dose,50
replication-set,own-domain,0.01,313,0.02734436904847687,fedavg,ctk-at-dose,50
replication-set,federation-wide,0.01,313,0.02959478959524542,fedavg,ctk-at-dose,50
replication-set,own-domain,0.05,313,0.05011123411405949,fedavg,ctk-at-dose,50
replication-set,federation-wide,0.05,313,0.03010829897816647,fedavg,ctk-at-dose,50
replication-set,own-domain,0.1,313,0.05366996502625987,fedavg,ctk-at-dose,50
replication-set,federation-wide,0.1,313,0.028126549985404314,fedavg,ctk-at-dose,50
replication-set,own-domain,0.01,314,0.06358824195650467,fedavg,ctk-at-dose,50
replication-set,federation-wide,0.01,314,0.05152969931486362,fedavg,ctk-at-dose,50
replication-set,own-domain,0.05,314,0.021078464880298575,fedavg,ctk-at-dose,50
replication-set,federation-wide,0.05,314,0.034140641201034216,fedavg,ctk-at-dose,50
replication-set,own-domain,0.1,314,0.01222623106287013,fedavg,ctk-at-dose,50
replication-set,federation-wide,0.1,314,0.025870840316182697,fedavg,ctk-at-dose,50
replication-set,own-domain,0.01,315,0.010173697270471405,fedavg,ctk-at-dose,50
replication-set,federation-wide,0.01,315,0.008693499985105907,fedavg,ctk-at-dose,50
replication-set,own-domain,0.05,315,0.06518403721006771,fedavg,ctk-at-dose,50
replication-set,federation-wide,0.05,315,0.03323642999745269,fedavg,ctk-at-dose,50
replication-set,own-domain,0.1,315,0.24367177867533174,fedavg,ctk-at-dose,50
replication-set,federation-wide,0.1,315,0.12377478254547691,fedavg,ctk-at-dose,50
replication-set,federation-wide,0.01,316,0.01789201560694753,fedavg,ctk-at-dose,50
replication-set,own-domain,0.01,316,0.03467532227778129,fedavg,ctk-at-dose,50
replication-set,federation-wide,0.05,316,0.03733138472551434,fedavg,ctk-at-dose,50
replication-set,own-domain,0.05,316,0.08765227816698407,fedavg,ctk-at-dose,50
replication-set,federation-wide,0.1,316,0.124955921850465,fedavg,ctk-at-dose,50
replication-set,own-domain,0.1,316,0.1618865473066292,fedavg,ctk-at-dose,50
replication-set,own-domain,0.01,317,0.02529142020902489,fedavg,ctk-at-dose,50
replication-set,federation-wide,0.01,317,0.028883513299713892,fedavg,ctk-at-dose,50
replication-set,own-domain,0.05,317,0.0462041664459889,fedavg,ctk-at-dose,50
replication-set,federation-wide,0.05,317,-0.03196598903713144,fedavg,ctk-at-dose,50
replication-set,own-domain,0.1,317,0.16342080664604441,fedavg,ctk-at-dose,50
replication-set,federation-wide,0.1,317,0.08630698606071208,fedavg,ctk-at-dose,50
replication-set,own-domain,0.01,318,0.02535936069670204,fedavg,ctk-at-dose,50
replication-set,federation-wide,0.01,318,0.01734401057062676,fedavg,ctk-at-dose,50
replication-set,own-domain,0.05,318,0.07463487844574923,fedavg,ctk-at-dose,50
replication-set,federation-wide,0.05,318,0.03924865768961533,fedavg,ctk-at-dose,50
replication-set,own-domain,0.1,318,0.24398344981278242,fedavg,ctk-at-dose,50
replication-set,federation-wide,0.1,318,0.19242279380583877,fedavg,ctk-at-dose,50
replication-set,own-domain,0.01,319,0.010181180718844468,fedavg,ctk-at-dose,50
replication-set,federation-wide,0.01,319,0.028118512098687626,fedavg,ctk-at-dose,50
replication-set,own-domain,0.05,319,0.004400913870967305,fedavg,ctk-at-dose,50
replication-set,federation-wide,0.05,319,0.04281288936821315,fedavg,ctk-at-dose,50
replication-set,own-domain,0.1,319,0.0022369857927379,fedavg,ctk-at-dose,50
replication-set,federation-wide,0.1,319,0.01907247098834286,fedavg,ctk-at-dose,50
pooled-family-sets,own-domain,0.01,310,0.08509880788914113,fedavg,ctk-at-dose,100
pooled-family-sets,federation-wide,0.01,310,0.08643700891947631,fedavg,ctk-at-dose,100
pooled-family-sets,own-domain,0.05,310,0.12900091793698937,fedavg,ctk-at-dose,100
pooled-family-sets,federation-wide,0.05,310,0.13367714337654252,fedavg,ctk-at-dose,100
pooled-family-sets,own-domain,0.1,310,0.15770669288873607,fedavg,ctk-at-dose,100
pooled-family-sets,federation-wide,0.1,310,0.17215317559268395,fedavg,ctk-at-dose,100
pooled-family-sets,own-domain,0.01,311,0.10173487777894882,fedavg,ctk-at-dose,100
pooled-family-sets,federation-wide,0.01,311,0.07753976048103567,fedavg,ctk-at-dose,100
pooled-family-sets,own-domain,0.05,311,0.19668528298209853,fedavg,ctk-at-dose,100
pooled-family-sets,federation-wide,0.05,311,0.16760297372251004,fedavg,ctk-at-dose,100
pooled-family-sets,own-domain,0.1,311,0.20309647736536085,fedavg,ctk-at-dose,100
pooled-family-sets,federation-wide,0.1,311,0.18746784814285788,fedavg,ctk-at-dose,100
pooled-family-sets,own-domain,0.01,312,0.06342419232612187,fedavg,ctk-at-dose,100
pooled-family-sets,federation-wide,0.01,312,0.05850172311820198,fedavg,ctk-at-dose,100
pooled-family-sets,own-domain,0.05,312,0.1846256305957233,fedavg,ctk-at-dose,100
pooled-family-sets,federation-wide,0.05,312,0.1821082059671249,fedavg,ctk-at-dose,100
pooled-family-sets,own-domain,0.1,312,0.14855070989166141,fedavg,ctk-at-dose,100
pooled-family-sets,federation-wide,0.1,312,0.16996697993189946,fedavg,ctk-at-dose,100
pooled-family-sets,own-domain,0.01,313,0.03878311505334581,fedavg,ctk-at-dose,100
pooled-family-sets,federation-wide,0.01,313,0.049734634968738256,fedavg,ctk-at-dose,100
pooled-family-sets,own-domain,0.05,313,0.09442433807107192,fedavg,ctk-at-dose,100
pooled-family-sets,federation-wide,0.05,313,0.08895401198848502,fedavg,ctk-at-dose,100
pooled-family-sets,own-domain,0.1,313,0.16407871061667711,fedavg,ctk-at-dose,100
pooled-family-sets,federation-wide,0.1,313,0.08912389931871212,fedavg,ctk-at-dose,100
pooled-family-sets,own-domain,0.01,314,0.10108134034058086,fedavg,ctk-at-dose,100
pooled-family-sets,federation-wide,0.01,314,0.08044620476320019,fedavg,ctk-at-dose,100
pooled-family-sets,own-domain,0.05,314,0.08121736398050922,fedavg,ctk-at-dose,100
pooled-family-sets,federation-wide,0.05,314,0.09617398334024524,fedavg,ctk-at-dose,100
pooled-family-sets,own-domain,0.1,314,0.0652318374076093,fedavg,ctk-at-dose,100
pooled-family-sets,federation-wide,0.1,314,0.11096045810970834,fedavg,ctk-at-dose,100
pooled-family-sets,own-domain,0.01,315,0.12599014907144535,fedavg,ctk-at-dose,100
pooled-family-sets,federation-wide,0.01,315,0.043899262557588026,fedavg,ctk-at-dose,100
pooled-family-sets,own-domain,0.05,315,0.24134720962424716,fedavg,ctk-at-dose,100
pooled-family-sets,federation-wide,0.05,315,0.1326415314114564,fedavg,ctk-at-dose,100
pooled-family-sets,own-domain,0.1,315,0.22406527084970174,fedavg,ctk-at-dose,100
pooled-family-sets,federation-wide,0.1,315,0.16949368519821195,fedavg,ctk-at-dose,100
pooled-family-sets,own-domain,0.01,316,0.16712517310446323,fedavg,ctk-at-dose,100
pooled-family-sets,federation-wide,0.01,316,0.08345305083240923,fedavg,ctk-at-dose,100
pooled-family-sets,own-domain,0.05,316,0.14465049110832778,fedavg,ctk-at-dose,100
pooled-family-sets,federation-wide,0.05,316,0.0958122042666214,fedavg,ctk-at-dose,100
pooled-family-sets,own-domain,0.1,316,0.19763159847870082,fedavg,ctk-at-dose,100
pooled-family-sets,federation-wide,0.1,316,0.18976469744301683,fedavg,ctk-at-dose,100
pooled-family-sets,own-domain,0.01,317,0.05509189087908445,fedavg,ctk-at-dose,100
pooled-family-sets,federation-wide,0.01,317,0.037016586975383126,fedavg,ctk-at-dose,100
pooled-family-sets,own-domain,0.05,317,0.0354279683139726,fedavg,ctk-at-dose,100
pooled-family-sets,federation-wide,0.05,317,0.06037275752892057,fedavg,ctk-at-dose,100
pooled-family-sets,own-domain,0.1,317,0.11761741152787286,fedavg,ctk-at-dose,100
pooled-family-sets,federation-wide,0.1,317,0.09842034253232068,fedavg,ctk-at-dose,100
pooled-family-sets,own-domain,0.01,318,0.051525306258388026,fedavg,ctk-at-dose,100
pooled-family-sets,federation-wide,0.01,318,0.04416665154898114,fedavg,ctk-at-dose,100
pooled-family-sets,own-domain,0.05,318,0.16271766976270657,fedavg,ctk-at-dose,100
pooled-family-sets,federation-wide,0.05,318,0.17369233776762755,fedavg,ctk-at-dose,100
pooled-family-sets,own-domain,0.1,318,0.18936303742999827,fedavg,ctk-at-dose,100
pooled-family-sets,federation-wide,0.1,318,0.23737498285957515,fedavg,ctk-at-dose,100
pooled-family-sets,own-domain,0.01,319,0.07768817337945919,fedavg,ctk-at-dose,100
pooled-family-sets,federation-wide,0.01,319,0.11231134800879786,fedavg,ctk-at-dose,100
pooled-family-sets,own-domain,0.05,319,0.07172051462116458,fedavg,ctk-at-dose,100
pooled-family-sets,federation-wide,0.05,319,0.11677411007539396,fedavg,ctk-at-dose,100
pooled-family-sets,own-domain,0.1,319,0.14431796829251897,fedavg,ctk-at-dose,100
pooled-family-sets,federation-wide,0.1,319,0.1466303172429274,fedavg,ctk-at-dose,100
primary-set,own-domain,0.01,310,0.13140620182721413,fedavg,ctk-at-dose,100
primary-set,federation-wide,0.01,310,0.1602592929822873,fedavg,ctk-at-dose,100
primary-set,own-domain,0.05,310,0.16319528508189185,fedavg,ctk-at-dose,100
primary-set,federation-wide,0.05,310,0.20072075419545748,fedavg,ctk-at-dose,100
primary-set,own-domain,0.1,310,0.11641683839667005,fedavg,ctk-at-dose,100
primary-set,federation-wide,0.1,310,0.20632446500457668,fedavg,ctk-at-dose,100
primary-set,own-domain,0.01,311,0.18134750555371762,fedavg,ctk-at-dose,100
primary-set,federation-wide,0.01,311,0.11269065099740701,fedavg,ctk-at-dose,100
primary-set,own-domain,0.05,311,0.1220918746197186,fedavg,ctk-at-dose,100
primary-set,federation-wide,0.05,311,0.13600685693029746,fedavg,ctk-at-dose,100
primary-set,own-domain,0.1,311,0.16039705753554345,fedavg,ctk-at-dose,100
primary-set,federation-wide,0.1,311,0.17767484791199972,fedavg,ctk-at-dose,100
primary-set,own-domain,0.01,312,0.11163044557509624,fedavg,ctk-at-dose,100
primary-set,federation-wide,0.01,312,0.09709332369362958,fedavg,ctk-at-dose,100
primary-set,own-domain,0.05,312,0.14226385383078255,fedavg,ctk-at-dose,100
primary-set,federation-wide,0.05,312,0.19038525804699874,fedavg,ctk-at-dose,100
primary-set,own-domain,0.1,312,0.1067534527228865,fedavg,ctk-at-dose,100
primary-set,federation-wide,0.1,312,0.1911505225446256,fedavg,ctk-at-dose,100
primary-set,own-domain,0.01,313,0.035539027873729256,fedavg,ctk-at-dose,100
primary-set,federation-wide,0.01,313,0.06079563219614467,fedavg,ctk-at-dose,100
primary-set,own-domain,0.05,313,0.11300937107004705,fedavg,ctk-at-dose,100
primary-set,federation-wide,0.05,313,0.12718681419051397,fedavg,ctk-at-dose,100
primary-set,own-domain,0.1,313,0.22669761794011944,fedavg,ctk-at-dose,100
primary-set,federation-wide,0.1,313,0.129896987936306,fedavg,ctk-at-dose,100
primary-set,own-domain,0.01,314,0.14777675271652868,fedavg,ctk-at-dose,100
primary-set,federation-wide,0.01,314,0.13773658744632922,fedavg,ctk-at-dose,100
primary-set,own-domain,0.05,314,0.1444606685721982,fedavg,ctk-at-dose,100
primary-set,federation-wide,0.05,314,0.1692987165452679,fedavg,ctk-at-dose,100
primary-set,own-domain,0.1,314,0.09970335826817012,fedavg,ctk-at-dose,100
primary-set,federation-wide,0.1,314,0.1924536563365271,fedavg,ctk-at-dose,100
primary-set,own-domain,0.01,315,0.21005758996440888,fedavg,ctk-at-dose,100
primary-set,federation-wide,0.01,315,0.06507298070787831,fedavg,ctk-at-dose,100
primary-set,own-domain,0.05,315,0.2364489079321591,fedavg,ctk-at-dose,100
primary-set,federation-wide,0.05,315,0.1306508002172745,fedavg,ctk-at-dose,100
primary-set,own-domain,0.1,315,0.19488535101738136,fedavg,ctk-at-dose,100
primary-set,federation-wide,0.1,315,0.1131031684320124,fedavg,ctk-at-dose,100
primary-set,own-domain,0.01,316,0.30931850697704355,fedavg,ctk-at-dose,100
primary-set,federation-wide,0.01,316,0.15964707470016595,fedavg,ctk-at-dose,100
primary-set,own-domain,0.05,316,0.17503658584146387,fedavg,ctk-at-dose,100
primary-set,federation-wide,0.05,316,0.1455027965257757,fedavg,ctk-at-dose,100
primary-set,own-domain,0.1,316,0.2136296575320965,fedavg,ctk-at-dose,100
primary-set,federation-wide,0.1,316,0.2620355799966823,fedavg,ctk-at-dose,100
primary-set,own-domain,0.01,317,0.06082399508127023,fedavg,ctk-at-dose,100
primary-set,federation-wide,0.01,317,0.04184887452356695,fedavg,ctk-at-dose,100
primary-set,own-domain,0.05,317,0.04093970756714471,fedavg,ctk-at-dose,100
primary-set,federation-wide,0.05,317,0.12176618526544675,fedavg,ctk-at-dose,100
primary-set,own-domain,0.1,317,0.09905274552067689,fedavg,ctk-at-dose,100
primary-set,federation-wide,0.1,317,0.12569336196566505,fedavg,ctk-at-dose,100
primary-set,own-domain,0.01,318,0.07443888693631073,fedavg,ctk-at-dose,100
primary-set,federation-wide,0.01,318,0.0735449290800031,fedavg,ctk-at-dose,100
primary-set,own-domain,0.05,318,0.12413871537633908,fedavg,ctk-at-dose,100
primary-set,federation-wide,0.05,318,0.15082605850517256,fedavg,ctk-at-dose,100
primary-set,own-domain,0.1,318,0.1238770838294051,fedavg,ctk-at-dose,100
primary-set,federation-wide,0.1,318,0.17847279482486333,fedavg,ctk-at-dose,100
primary-set,own-domain,0.01,319,0.13059151017518217,fedavg,ctk-at-dose,100
primary-set,federation-wide,0.01,319,0.19453603805881764,fedavg,ctk-at-dose,100
primary-set,own-domain,0.05,319,0.13329901111589693,fedavg,ctk-at-dose,100
primary-set,federation-wide,0.05,319,0.19715208538117535,fedavg,ctk-at-dose,100
primary-set,own-domain,0.1,319,0.09478583081950076,fedavg,ctk-at-dose,100
primary-set,federation-wide,0.1,319,0.16548724145440974,fedavg,ctk-at-dose,100
replication-set,federation-wide,0.01,310,0.02184251036451662,fedavg,ctk-at-dose,100
replication-set,federation-wide,0.05,310,0.07501398390999192,fedavg,ctk-at-dose,100
replication-set,federation-wide,0.1,310,0.14225329735727787,fedavg,ctk-at-dose,100
replication-set,own-domain,0.01,310,0.020268456375838906,fedavg,ctk-at-dose,100
replication-set,own-domain,0.05,310,0.0811288039341258,fedavg,ctk-at-dose,100
replication-set,own-domain,0.1,310,0.2155124891776285,fedavg,ctk-at-dose,100
replication-set,own-domain,0.01,311,0.022122250004180055,fedavg,ctk-at-dose,100
replication-set,federation-wide,0.01,311,0.046782731279210704,fedavg,ctk-at-dose,100
replication-set,own-domain,0.05,311,0.27127869134447835,fedavg,ctk-at-dose,100
replication-set,federation-wide,0.05,311,0.19524957591569614,fedavg,ctk-at-dose,100
replication-set,own-domain,0.1,311,0.24579589719517825,fedavg,ctk-at-dose,100
replication-set,federation-wide,0.1,311,0.19603672334485878,fedavg,ctk-at-dose,100
replication-set,own-domain,0.01,312,0.015217939077147441,fedavg,ctk-at-dose,100
replication-set,federation-wide,0.01,312,0.024734072614702785,fedavg,ctk-at-dose,100
replication-set,own-domain,0.05,312,0.2269874073606642,fedavg,ctk-at-dose,100
replication-set,federation-wide,0.05,312,0.1748657853972353,fedavg,ctk-at-dose,100
replication-set,own-domain,0.1,312,0.19034796706043633,fedavg,ctk-at-dose,100
replication-set,federation-wide,0.1,312,0.15143138014576396,fedavg,ctk-at-dose,100
replication-set,own-domain,0.01,313,0.04256788342956508,fedavg,ctk-at-dose,100
replication-set,federation-wide,0.01,313,0.03867363774133181,fedavg,ctk-at-dose,100
replication-set,own-domain,0.05,313,0.07274179957226767,fedavg,ctk-at-dose,100
replication-set,federation-wide,0.05,313,0.05072120978645622,fedavg,ctk-at-dose,100
replication-set,own-domain,0.1,313,0.09102331873932779,fedavg,ctk-at-dose,100
replication-set,federation-wide,0.1,313,0.04835081070111835,fedavg,ctk-at-dose,100
replication-set,own-domain,0.01,314,0.04660335923530842,fedavg,ctk-at-dose,100
replication-set,federation-wide,0.01,314,0.023155822080071164,fedavg,ctk-at-dose,100
replication-set,own-domain,0.05,314,0.007433508623538809,fedavg,ctk-at-dose,100
replication-set,federation-wide,0.05,314,0.023049250135222465,fedavg,ctk-at-dose,100
replication-set,own-domain,0.1,314,0.02501506307028878,fedavg,ctk-at-dose,100
replication-set,federation-wide,0.1,314,0.029467259882889674,fedavg,ctk-at-dose,100
replication-set,own-domain,0.01,315,0.025109219999888965,fedavg,ctk-at-dose,100
replication-set,federation-wide,0.01,315,0.025372259176083933,fedavg,ctk-at-dose,100
replication-set,own-domain,0.05,315,0.24722517165475277,fedavg,ctk-at-dose,100
replication-set,federation-wide,0.05,315,0.13438342120636548,fedavg,ctk-at-dose,100
replication-set,own-domain,0.1,315,0.259081174648486,fedavg,ctk-at-dose,100
replication-set,federation-wide,0.1,315,0.21883538736863628,fedavg,ctk-at-dose,100
replication-set,federation-wide,0.01,316,0.016783279948122093,fedavg,ctk-at-dose,100
replication-set,own-domain,0.01,316,0.04863072821064625,fedavg,ctk-at-dose,100
replication-set,federation-wide,0.05,316,0.052332936039861444,fedavg,ctk-at-dose,100
replication-set,own-domain,0.05,316,0.11932874549738098,fedavg,ctk-at-dose,100
replication-set,federation-wide,0.1,316,0.12652767520855923,fedavg,ctk-at-dose,100
replication-set,own-domain,0.1,316,0.18429988260087105,fedavg,ctk-at-dose,100
replication-set,own-domain,0.01,317,0.04935978667689861,fedavg,ctk-at-dose,100
replication-set,federation-wide,0.01,317,0.0321842994271993,fedavg,ctk-at-dose,100
replication-set,own-domain,0.05,317,0.029916229060800492,fedavg,ctk-at-dose,100
replication-set,federation-wide,0.05,317,-0.0010206702076056562,fedavg,ctk-at-dose,100
replication-set,own-domain,0.1,317,0.13618207753506895,fedavg,ctk-at-dose,100
replication-set,federation-wide,0.1,317,0.0711473230989762,fedavg,ctk-at-dose,100
replication-set,own-domain,0.01,318,0.02479279546747816,fedavg,ctk-at-dose,100
replication-set,federation-wide,0.01,318,0.018460658709336927,fedavg,ctk-at-dose,100
replication-set,own-domain,0.05,318,0.20772644988013528,fedavg,ctk-at-dose,100
replication-set,federation-wide,0.05,318,0.19370033212227566,fedavg,ctk-at-dose,100
replication-set,own-domain,0.1,318,0.2657633166306904,fedavg,ctk-at-dose,100
replication-set,federation-wide,0.1,318,0.288914397389948,fedavg,ctk-at-dose,100
replication-set,own-domain,0.01,319,0.014204169224591584,fedavg,ctk-at-dose,100
replication-set,federation-wide,0.01,319,0.04036474421503053,fedavg,ctk-at-dose,100
replication-set,own-domain,0.05,319,-0.002173681172514208,fedavg,ctk-at-dose,100
replication-set,federation-wide,0.05,319,0.04644338168283524,fedavg,ctk-at-dose,100
replication-set,own-domain,0.1,319,0.20375653326014043,fedavg,ctk-at-dose,100
replication-set,federation-wide,0.1,319,0.13013050855788044,fedavg,ctk-at-dose,100
pooled-family-sets,own-domain,0.01,310,0.11268836078306872,fedavg,ctk-at-dose,200
pooled-family-sets,federation-wide,0.01,310,0.09478401061739597,fedavg,ctk-at-dose,200
pooled-family-sets,own-domain,0.05,310,0.18012063621630076,fedavg,ctk-at-dose,200
pooled-family-sets,federation-wide,0.05,310,0.22036569609785023,fedavg,ctk-at-dose,200
pooled-family-sets,own-domain,0.1,310,0.18039131983666468,fedavg,ctk-at-dose,200
pooled-family-sets,federation-wide,0.1,310,0.2221759871257647,fedavg,ctk-at-dose,200
pooled-family-sets,own-domain,0.01,311,0.12706903204912437,fedavg,ctk-at-dose,200
pooled-family-sets,federation-wide,0.01,311,0.09896916834862313,fedavg,ctk-at-dose,200
pooled-family-sets,own-domain,0.05,311,0.22411137418683935,fedavg,ctk-at-dose,200
pooled-family-sets,federation-wide,0.05,311,0.21903729638886332,fedavg,ctk-at-dose,200
pooled-family-sets,own-domain,0.1,311,0.2171317127271989,fedavg,ctk-at-dose,200
pooled-family-sets,federation-wide,0.1,311,0.21973422286705102,fedavg,ctk-at-dose,200
pooled-family-sets,own-domain,0.01,312,0.0848045315737532,fedavg,ctk-at-dose,200
pooled-family-sets,federation-wide,0.01,312,0.0883829677277381,fedavg,ctk-at-dose,200
pooled-family-sets,own-domain,0.05,312,0.19363155780958935,fedavg,ctk-at-dose,200
pooled-family-sets,federation-wide,0.05,312,0.19287429558932961,fedavg,ctk-at-dose,200
pooled-family-sets,own-domain,0.1,312,0.16783523602952832,fedavg,ctk-at-dose,200
pooled-family-sets,federation-wide,0.1,312,0.1964659592506911,fedavg,ctk-at-dose,200
pooled-family-sets,own-domain,0.01,313,0.053258609555395686,fedavg,ctk-at-dose,200
pooled-family-sets,federation-wide,0.01,313,0.07169957048217551,fedavg,ctk-at-dose,200
pooled-family-sets,own-domain,0.05,313,0.1676751324886282,fedavg,ctk-at-dose,200
pooled-family-sets,federation-wide,0.05,313,0.11683478209882009,fedavg,ctk-at-dose,200
pooled-family-sets,own-domain,0.1,313,0.17185347546525787,fedavg,ctk-at-dose,200
pooled-family-sets,federation-wide,0.1,313,0.10718625867362552,fedavg,ctk-at-dose,200
pooled-family-sets,own-domain,0.01,314,0.11194469371479193,fedavg,ctk-at-dose,200
pooled-family-sets,federation-wide,0.01,314,0.10574452384287619,fedavg,ctk-at-dose,200
pooled-family-sets,own-domain,0.05,314,0.08906325173011098,fedavg,ctk-at-dose,200
pooled-family-sets,federation-wide,0.05,314,0.12012810156851944,fedavg,ctk-at-dose,200
pooled-family-sets,own-domain,0.1,314,0.09937079760548251,fedavg,ctk-at-dose,200
pooled-family-sets,federation-wide,0.1,314,0.1377470637205217,fedavg,ctk-at-dose,200
pooled-family-sets,own-domain,0.01,315,0.10783739012299598,fedavg,ctk-at-dose,200
pooled-family-sets,federation-wide,0.01,315,0.03992441563976534,fedavg,ctk-at-dose,200
pooled-family-sets,own-domain,0.05,315,0.1492177856737884,fedavg,ctk-at-dose,200
pooled-family-sets,federation-wide,0.05,315,0.09368658545019348,fedavg,ctk-at-dose,200
pooled-family-sets,own-domain,0.1,315,0.24622420641047527,fedavg,ctk-at-dose,200
pooled-family-sets,federation-wide,0.1,315,0.1455486600902669,fedavg,ctk-at-dose,200
pooled-family-sets,own-domain,0.01,316,0.18333969859836785,fedavg,ctk-at-dose,200
pooled-family-sets,federation-wide,0.01,316,0.10187365349639924,fedavg,ctk-at-dose,200
pooled-family-sets,own-domain,0.05,316,0.16113020447065712,fedavg,ctk-at-dose,200
pooled-family-sets,federation-wide,0.05,316,0.12720009321301173,fedavg,ctk-at-dose,200
pooled-family-sets,own-domain,0.1,316,0.20706971488446868,fedavg,ctk-at-dose,200
pooled-family-sets,federation-wide,0.1,316,0.222748303886656,fedavg,ctk-at-dose,200
pooled-family-sets,own-domain,0.01,317,0.08501890379025193,fedavg,ctk-at-dose,200
pooled-family-sets,federation-wide,0.01,317,0.07298405121254614,fedavg,ctk-at-dose,200
pooled-family-sets,own-domain,0.05,317,0.055450989346401525,fedavg,ctk-at-dose,200
pooled-family-sets,federation-wide,0.05,317,0.05278818123151774,fedavg,ctk-at-dose,200
pooled-family-sets,own-domain,0.1,317,0.14899052385704448,fedavg,ctk-at-dose,200
pooled-family-sets,federation-wide,0.1,317,0.12993421591581134,fedavg,ctk-at-dose,200
pooled-family-sets,own-domain,0.01,318,0.08853426051178706,fedavg,ctk-at-dose,200
pooled-family-sets,federation-wide,0.01,318,0.0608859744679911,fedavg,ctk-at-dose,200
pooled-family-sets,own-domain,0.05,318,0.1447108868341545,fedavg,ctk-at-dose,200
pooled-family-sets,federation-wide,0.05,318,0.16227296345689984,fedavg,ctk-at-dose,200
pooled-family-sets,own-domain,0.1,318,0.2165217221141642,fedavg,ctk-at-dose,200
pooled-family-sets,federation-wide,0.1,318,0.2721346446910309,fedavg,ctk-at-dose,200
pooled-family-sets,own-domain,0.01,319,0.0851544683255496,fedavg,ctk-at-dose,200
pooled-family-sets,federation-wide,0.01,319,0.143882660505215,fedavg,ctk-at-dose,200
pooled-family-sets,own-domain,0.05,319,0.09234799739456023,fedavg,ctk-at-dose,200
pooled-family-sets,federation-wide,0.05,319,0.14345823120109413,fedavg,ctk-at-dose,200
pooled-family-sets,own-domain,0.1,319,0.16189850701748254,fedavg,ctk-at-dose,200
pooled-family-sets,federation-wide,0.1,319,0.15512624064785707,fedavg,ctk-at-dose,200
primary-set,own-domain,0.01,310,0.17141590515831914,fedavg,ctk-at-dose,200
primary-set,federation-wide,0.01,310,0.17185129187854764,fedavg,ctk-at-dose,200
primary-set,own-domain,0.05,310,0.19238840523177714,fedavg,ctk-at-dose,200
primary-set,federation-wide,0.05,310,0.3107952276367642,fedavg,ctk-at-dose,200
primary-set,own-domain,0.1,310,0.1533077216272044,fedavg,ctk-at-dose,200
primary-set,federation-wide,0.1,310,0.288923309825842,fedavg,ctk-at-dose,200
primary-set,own-domain,0.01,311,0.21034008794441408,fedavg,ctk-at-dose,200
primary-set,federation-wide,0.01,311,0.15236980168369435,fedavg,ctk-at-dose,200
primary-set,own-domain,0.05,311,0.1576727885575281,fedavg,ctk-at-dose,200
primary-set,federation-wide,0.05,311,0.20116328013139828,fedavg,ctk-at-dose,200
primary-set,own-domain,0.1,311,0.1814875108193027,fedavg,ctk-at-dose,200
primary-set,federation-wide,0.1,311,0.2258460547746277,fedavg,ctk-at-dose,200
primary-set,own-domain,0.01,312,0.15069122888153844,fedavg,ctk-at-dose,200
primary-set,federation-wide,0.01,312,0.1379841102025642,fedavg,ctk-at-dose,200
primary-set,own-domain,0.05,312,0.1441099117604785,fedavg,ctk-at-dose,200
primary-set,federation-wide,0.05,312,0.19358749419585292,fedavg,ctk-at-dose,200
primary-set,own-domain,0.1,312,0.1456098858643441,fedavg,ctk-at-dose,200
primary-set,federation-wide,0.1,312,0.2302709523138109,fedavg,ctk-at-dose,200
primary-set,own-domain,0.01,313,0.06198798668403532,fedavg,ctk-at-dose,200
primary-set,federation-wide,0.01,313,0.09280595154805207,fedavg,ctk-at-dose,200
primary-set,own-domain,0.05,313,0.2205694787037365,fedavg,ctk-at-dose,200
primary-set,federation-wide,0.05,313,0.1536529726980304,fedavg,ctk-at-dose,200
primary-set,own-domain,0.1,313,0.25046164117698955,fedavg,ctk-at-dose,200
primary-set,federation-wide,0.1,313,0.14755488427655838,fedavg,ctk-at-dose,200
primary-set,own-domain,0.01,314,0.17014414706795494,fedavg,ctk-at-dose,200
primary-set,federation-wide,0.01,314,0.1648524623542667,fedavg,ctk-at-dose,200
primary-set,own-domain,0.05,314,0.1464309835789941,fedavg,ctk-at-dose,200
primary-set,federation-wide,0.05,314,0.20033963485579848,fedavg,ctk-at-dose,200
primary-set,own-domain,0.1,314,0.1440258358148495,fedavg,ctk-at-dose,200
primary-set,federation-wide,0.1,314,0.2335590059782401,fedavg,ctk-at-dose,200
primary-set,own-domain,0.01,315,0.1708419036898992,fedavg,ctk-at-dose,200
primary-set,federation-wide,0.01,315,0.03496071276090579,fedavg,ctk-at-dose,200
primary-set,own-domain,0.05,315,0.21154222172667236,fedavg,ctk-at-dose,200
primary-set,federation-wide,0.05,315,0.14484119699305886,fedavg,ctk-at-dose,200
primary-set,own-domain,0.1,315,0.21024031509887098,fedavg,ctk-at-dose,200
primary-set,federation-wide,0.1,315,0.13576671330306667,fedavg,ctk-at-dose,200
primary-set,own-domain,0.01,316,0.3427317758049466,fedavg,ctk-at-dose,200
primary-set,federation-wide,0.01,316,0.1880048799236596,fedavg,ctk-at-dose,200
primary-set,own-domain,0.05,316,0.18515955296443098,fedavg,ctk-at-dose,200
primary-set,federation-wide,0.05,316,0.20095909010241342,fedavg,ctk-at-dose,200
primary-set,own-domain,0.1,316,0.20695357885601784,fedavg,ctk-at-dose,200
primary-set,federation-wide,0.1,316,0.30058259105798274,fedavg,ctk-at-dose,200
primary-set,own-domain,0.01,317,0.08905612467426302,fedavg,ctk-at-dose,200
primary-set,federation-wide,0.01,317,0.09694461962345877,fedavg,ctk-at-dose,200
primary-set,own-domain,0.05,317,0.0692972186049387,fedavg,ctk-at-dose,200
primary-set,federation-wide,0.05,317,0.13696290247999804,fedavg,ctk-at-dose,200
primary-set,own-domain,0.1,317,0.12124616322647908,fedavg,ctk-at-dose,200
primary-set,federation-wide,0.1,317,0.1618434273449343,fedavg,ctk-at-dose,200
primary-set,own-domain,0.01,318,0.14669584139895087,fedavg,ctk-at-dose,200
primary-set,federation-wide,0.01,318,0.10972005127773879,fedavg,ctk-at-dose,200
primary-set,own-domain,0.05,318,0.16127620009253502,fedavg,ctk-at-dose,200
primary-set,federation-wide,0.05,318,0.22827743979288545,fedavg,ctk-at-dose,200
primary-set,own-domain,0.1,318,0.16183678917027455,fedavg,ctk-at-dose,200
primary-set,federation-wide,0.1,318,0.2443211155423708,fedavg,ctk-at-dose,200
primary-set,own-domain,0.01,319,0.1191244630622807,fedavg,ctk-at-dose,200
primary-set,federation-wide,0.01,319,0.19953599071412204,fedavg,ctk-at-dose,200
primary-set,own-domain,0.05,319,0.16452638303781364,fedavg,ctk-at-dose,200
primary-set,federation-wide,0.05,319,0.22181475169357512,fedavg,ctk-at-dose,200
primary-set,own-domain,0.1,319,0.12053794184748978,fedavg,ctk-at-dose,200
primary-set,federation-wide,0.1,319,0.18505103608454854,fedavg,ctk-at-dose,200
replication-set,federation-wide,0.01,310,0.027350139513888178,fedavg,ctk-at-dose,200
replication-set,federation-wide,0.05,310,0.14123985600130062,fedavg,ctk-at-dose,200
replication-set,federation-wide,0.1,310,0.16377207976319696,fedavg,ctk-at-dose,200
replication-set,own-domain,0.01,310,0.030469798657718122,fedavg,ctk-at-dose,200
replication-set,own-domain,0.05,310,0.16294575959463392,fedavg,ctk-at-dose,200
replication-set,own-domain,0.1,310,0.2183083573299091,fedavg,ctk-at-dose,200
replication-set,own-domain,0.01,311,0.04379797615383471,fedavg,ctk-at-dose,200
replication-set,federation-wide,0.01,311,0.0522436141804358,fedavg,ctk-at-dose,200
replication-set,own-domain,0.05,311,0.29054995981615084,fedavg,ctk-at-dose,200
replication-set,federation-wide,0.05,311,0.2346770606141454,fedavg,ctk-at-dose,200
replication-set,own-domain,0.1,311,0.25277591463509486,fedavg,ctk-at-dose,200
replication-set,federation-wide,0.1,311,0.2143863699479216,fedavg,ctk-at-dose,200
replication-set,own-domain,0.01,312,0.018917834265967992,fedavg,ctk-at-dose,200
replication-set,federation-wide,0.01,312,0.04498196806226523,fedavg,ctk-at-dose,200
replication-set,own-domain,0.05,312,0.24315320385870015,fedavg,ctk-at-dose,200
replication-set,federation-wide,0.05,312,0.19225024680862157,fedavg,ctk-at-dose,200
replication-set,own-domain,0.1,312,0.19006058619471256,fedavg,ctk-at-dose,200
replication-set,federation-wide,0.1,312,0.16688659032046105,fedavg,ctk-at-dose,200
replication-set,own-domain,0.01,313,0.04307433623864945,fedavg,ctk-at-dose,200
replication-set,federation-wide,0.01,313,0.05059318941629892,fedavg,ctk-at-dose,200
replication-set,own-domain,0.05,313,0.1059650619043353,fedavg,ctk-at-dose,200
replication-set,federation-wide,0.05,313,0.08001659149960971,fedavg,ctk-at-dose,200
replication-set,own-domain,0.1,313,0.08014394880157061,fedavg,ctk-at-dose,200
replication-set,federation-wide,0.1,313,0.06681763307069266,fedavg,ctk-at-dose,200
replication-set,own-domain,0.01,314,0.044045331469435095,fedavg,ctk-at-dose,200
replication-set,federation-wide,0.01,314,0.04663658533148571,fedavg,ctk-at-dose,200
replication-set,own-domain,0.05,314,0.022134231239747393,fedavg,ctk-at-dose,200
replication-set,federation-wide,0.05,314,0.039916568281240294,fedavg,ctk-at-dose,200
replication-set,own-domain,0.1,314,0.04727325302788754,fedavg,ctk-at-dose,200
replication-set,federation-wide,0.1,314,0.04193512146280354,fedavg,ctk-at-dose,200
replication-set,own-domain,0.01,315,0.032231973842712036,fedavg,ctk-at-dose,200
replication-set,federation-wide,0.01,315,0.044267655658767446,fedavg,ctk-at-dose,200
replication-set,own-domain,0.05,315,0.07442846241032763,fedavg,ctk-at-dose,200
replication-set,federation-wide,0.05,315,0.048926300350186414,fedavg,ctk-at-dose,200
replication-set,own-domain,0.1,315,0.28940487598440046,fedavg,ctk-at-dose,200
replication-set,federation-wide,0.1,315,0.15410786352906702,fedavg,ctk-at-dose,200
replication-set,federation-wide,0.01,316,0.026508830372546408,fedavg,ctk-at-dose,200
replication-set,own-domain,0.01,316,0.050512967592885635,fedavg,ctk-at-dose,200
replication-set,federation-wide,0.05,316,0.06266097093478545,fedavg,ctk-at-dose,200
replication-set,own-domain,0.05,316,0.14110574739251208,fedavg,ctk-at-dose,200
replication-set,federation-wide,0.1,316,0.1546433026117452,fedavg,ctk-at-dose,200
replication-set,own-domain,0.1,316,0.20716649490817773,fedavg,ctk-at-dose,200
replication-set,own-domain,0.01,317,0.08098168290624083,fedavg,ctk-at-dose,200
replication-set,federation-wide,0.01,317,0.0490234828016336,fedavg,ctk-at-dose,200
replication-set,own-domain,0.05,317,0.04160476008786429,fedavg,ctk-at-dose,200
replication-set,federation-wide,0.05,317,-0.031386540016962616,fedavg,ctk-at-dose,200
replication-set,own-domain,0.1,317,0.17673488448761,fedavg,ctk-at-dose,200
replication-set,federation-wide,0.1,317,0.09802500448668827,fedavg,ctk-at-dose,200
replication-set,own-domain,0.01,318,0.020679082810095895,fedavg,ctk-at-dose,200
replication-set,federation-wide,0.01,318,0.01815615725946189,fedavg,ctk-at-dose,200
replication-set,own-domain,0.05,318,0.1253846880327104,fedavg,ctk-at-dose,200
replication-set,federation-wide,0.05,318,0.10451904666291262,fedavg,ctk-at-dose,200
replication-set,own-domain,0.1,318,0.28032081054870206,fedavg,ctk-at-dose,200
replication-set,federation-wide,0.1,318,0.2964714826961086,fedavg,ctk-at-dose,200
replication-set,own-domain,0.01,319,0.04439047464147222,fedavg,ctk-at-dose,200
replication-set,federation-wide,0.01,319,0.09518599657242141,fedavg,ctk-at-dose,200
replication-set,own-domain,0.05,319,0.0057339346226562005,fedavg,ctk-at-dose,200
replication-set,federation-wide,0.05,319,0.07489627577017322,fedavg,ctk-at-dose,200
replication-set,own-domain,0.1,319,0.21153118522147363,fedavg,ctk-at-dose,200
replication-set,federation-wide,0.1,319,0.1289420446407521,fedavg,ctk-at-dose,200
pooled-family-sets,own-domain,0.01,310,0.1238487077175736,fedavg,ctk-natural-peer-present,
pooled-family-sets,federation-wide,0.01,310,0.07980379469286922,fedavg,ctk-natural-peer-present,
pooled-family-sets,own-domain,0.05,310,0.1297981653411549,fedavg,ctk-natural-peer-present,
pooled-family-sets,federation-wide,0.05,310,0.15945944862029754,fedavg,ctk-natural-peer-present,
pooled-family-sets,own-domain,0.1,310,0.19146845412140912,fedavg,ctk-natural-peer-present,
pooled-family-sets,federation-wide,0.1,310,0.18191484565004867,fedavg,ctk-natural-peer-present,
pooled-family-sets,own-domain,0.01,311,0.08869878201877787,fedavg,ctk-natural-peer-present,
pooled-family-sets,federation-wide,0.01,311,0.07745271683020438,fedavg,ctk-natural-peer-present,
pooled-family-sets,own-domain,0.05,311,0.08490991714936857,fedavg,ctk-natural-peer-present,
pooled-family-sets,federation-wide,0.05,311,0.10364803914055248,fedavg,ctk-natural-peer-present,
pooled-family-sets,own-domain,0.1,311,0.16276959504943833,fedavg,ctk-natural-peer-present,
pooled-family-sets,federation-wide,0.1,311,0.16432954463194704,fedavg,ctk-natural-peer-present,
pooled-family-sets,own-domain,0.01,312,0.044372891012774585,fedavg,ctk-natural-peer-present,
pooled-family-sets,federation-wide,0.01,312,0.04313427693491115,fedavg,ctk-natural-peer-present,
pooled-family-sets,own-domain,0.05,312,0.05462372079585093,fedavg,ctk-natural-peer-present,
pooled-family-sets,federation-wide,0.05,312,0.09130417474737901,fedavg,ctk-natural-peer-present,
pooled-family-sets,own-domain,0.1,312,0.15418574861993228,fedavg,ctk-natural-peer-present,
pooled-family-sets,federation-wide,0.1,312,0.16667786230529424,fedavg,ctk-natural-peer-present,
pooled-family-sets,own-domain,0.01,313,0.04279636963130365,fedavg,ctk-natural-peer-present,
pooled-family-sets,federation-wide,0.01,313,0.04498776020907769,fedavg,ctk-natural-peer-present,
pooled-family-sets,own-domain,0.05,313,0.03762461594281241,fedavg,ctk-natural-peer-present,
pooled-family-sets,federation-wide,0.05,313,0.07008502975977876,fedavg,ctk-natural-peer-present,
pooled-family-sets,own-domain,0.1,313,0.06674149761856663,fedavg,ctk-natural-peer-present,
pooled-family-sets,federation-wide,0.1,313,0.08104320830863354,fedavg,ctk-natural-peer-present,
pooled-family-sets,own-domain,0.01,314,0.09000244751298547,fedavg,ctk-natural-peer-present,
pooled-family-sets,federation-wide,0.01,314,0.06615407106909865,fedavg,ctk-natural-peer-present,
pooled-family-sets,own-domain,0.05,314,0.0840678084886134,fedavg,ctk-natural-peer-present,
pooled-family-sets,federation-wide,0.05,314,0.11255574483697656,fedavg,ctk-natural-peer-present,
pooled-family-sets,own-domain,0.1,314,0.0866209940308037,fedavg,ctk-natural-peer-present,
pooled-family-sets,federation-wide,0.1,314,0.12310520092536448,fedavg,ctk-natural-peer-present,
pooled-family-sets,own-domain,0.01,315,0.11940831250159994,fedavg,ctk-natural-peer-present,
pooled-family-sets,federation-wide,0.01,315,0.05325750744404406,fedavg,ctk-natural-peer-present,
pooled-family-sets,own-domain,0.05,315,0.12453916007813315,fedavg,ctk-natural-peer-present,
pooled-family-sets,federation-wide,0.05,315,0.07008838006808327,fedavg,ctk-natural-peer-present,
pooled-family-sets,own-domain,0.1,315,0.19507906111714202,fedavg,ctk-natural-peer-present,
pooled-family-sets,federation-wide,0.1,315,0.09600797937388428,fedavg,ctk-natural-peer-present,
pooled-family-sets,own-domain,0.01,316,0.12750315670815657,fedavg,ctk-natural-peer-present,
pooled-family-sets,federation-wide,0.01,316,0.09025680406607176,fedavg,ctk-natural-peer-present,
pooled-family-sets,own-domain,0.05,316,0.12068018267760033,fedavg,ctk-natural-peer-present,
pooled-family-sets,federation-wide,0.05,316,0.10121333327572624,fedavg,ctk-natural-peer-present,
pooled-family-sets,own-domain,0.1,316,0.10766002742774872,fedavg,ctk-natural-peer-present,
pooled-family-sets,federation-wide,0.1,316,0.14167322212046085,fedavg,ctk-natural-peer-present,
pooled-family-sets,own-domain,0.01,317,0.036307289845825125,fedavg,ctk-natural-peer-present,
pooled-family-sets,federation-wide,0.01,317,0.043229436101402396,fedavg,ctk-natural-peer-present,
pooled-family-sets,own-domain,0.05,317,0.06991849063948169,fedavg,ctk-natural-peer-present,
pooled-family-sets,federation-wide,0.05,317,0.06351897696127251,fedavg,ctk-natural-peer-present,
pooled-family-sets,own-domain,0.1,317,0.1193695916864379,fedavg,ctk-natural-peer-present,
pooled-family-sets,federation-wide,0.1,317,0.10182886200105601,fedavg,ctk-natural-peer-present,
pooled-family-sets,own-domain,0.01,318,0.0779612811157881,fedavg,ctk-natural-peer-present,
pooled-family-sets,federation-wide,0.01,318,0.04485745037199959,fedavg,ctk-natural-peer-present,
pooled-family-sets,own-domain,0.05,318,0.11220167500005035,fedavg,ctk-natural-peer-present,
pooled-family-sets,federation-wide,0.05,318,0.13649226361709038,fedavg,ctk-natural-peer-present,
pooled-family-sets,own-domain,0.1,318,0.17865272787499742,fedavg,ctk-natural-peer-present,
pooled-family-sets,federation-wide,0.1,318,0.21134805019185454,fedavg,ctk-natural-peer-present,
pooled-family-sets,own-domain,0.01,319,0.057448144136195894,fedavg,ctk-natural-peer-present,
pooled-family-sets,federation-wide,0.01,319,0.10420189791161885,fedavg,ctk-natural-peer-present,
pooled-family-sets,own-domain,0.05,319,0.07689668629742297,fedavg,ctk-natural-peer-present,
pooled-family-sets,federation-wide,0.05,319,0.12018673482298137,fedavg,ctk-natural-peer-present,
pooled-family-sets,own-domain,0.1,319,0.060753997584449104,fedavg,ctk-natural-peer-present,
pooled-family-sets,federation-wide,0.1,319,0.09487282017172638,fedavg,ctk-natural-peer-present,
primary-set,own-domain,0.01,310,0.1836927031630121,fedavg,ctk-natural-peer-present,
primary-set,federation-wide,0.01,310,0.1412520545923171,fedavg,ctk-natural-peer-present,
primary-set,own-domain,0.05,310,0.1473036111842031,fedavg,ctk-natural-peer-present,
primary-set,federation-wide,0.05,310,0.21273169745820314,fedavg,ctk-natural-peer-present,
primary-set,own-domain,0.1,310,0.16831261334669723,fedavg,ctk-natural-peer-present,
primary-set,federation-wide,0.1,310,0.20700321677512423,fedavg,ctk-natural-peer-present,
primary-set,own-domain,0.01,311,0.15606245790256076,fedavg,ctk-natural-peer-present,
primary-set,federation-wide,0.01,311,0.10646513531143849,fedavg,ctk-natural-peer-present,
primary-set,own-domain,0.05,311,0.06486578975381974,fedavg,ctk-natural-peer-present,
primary-set,federation-wide,0.05,311,0.09711665444819845,fedavg,ctk-natural-peer-present,
primary-set,own-domain,0.1,311,0.09055276837483239,fedavg,ctk-natural-peer-present,
primary-set,federation-wide,0.1,311,0.11486387581701507,fedavg,ctk-natural-peer-present,
primary-set,own-domain,0.01,312,0.07318934126914942,fedavg,ctk-natural-peer-present,
primary-set,federation-wide,0.01,312,0.07069503719290743,fedavg,ctk-natural-peer-present,
primary-set,own-domain,0.05,312,0.0616293363315743,fedavg,ctk-natural-peer-present,
primary-set,federation-wide,0.05,312,0.14227848991642206,fedavg,ctk-natural-peer-present,
primary-set,own-domain,0.1,312,0.10717282693742047,fedavg,ctk-natural-peer-present,
primary-set,federation-wide,0.1,312,0.17439593064086045,fedavg,ctk-natural-peer-present,
primary-set,own-domain,0.01,313,0.03830263331590614,fedavg,ctk-natural-peer-present,
primary-set,federation-wide,0.01,313,0.055050029666269956,fedavg,ctk-natural-peer-present,
primary-set,own-domain,0.05,313,0.020890038588088133,fedavg,ctk-natural-peer-present,
primary-set,federation-wide,0.05,313,0.0842964449855152,fedavg,ctk-natural-peer-present,
primary-set,own-domain,0.1,313,0.07219621905350027,fedavg,ctk-natural-peer-present,
primary-set,federation-wide,0.1,313,0.09707831875236561,fedavg,ctk-natural-peer-present,
primary-set,own-domain,0.01,314,0.12254639738524853,fedavg,ctk-natural-peer-present,
primary-set,federation-wide,0.01,314,0.11208244674423595,fedavg,ctk-natural-peer-present,
primary-set,own-domain,0.05,314,0.12829161282328783,fedavg,ctk-natural-peer-present,
primary-set,federation-wide,0.05,314,0.178746777224773,fedavg,ctk-natural-peer-present,
primary-set,own-domain,0.1,314,0.1380705285119157,fedavg,ctk-natural-peer-present,
primary-set,federation-wide,0.1,314,0.20810858114098418,fedavg,ctk-natural-peer-present,
primary-set,own-domain,0.01,315,0.1931201407361392,fedavg,ctk-natural-peer-present,
primary-set,federation-wide,0.01,315,0.08267160509019789,fedavg,ctk-natural-peer-present,
primary-set,own-domain,0.05,315,0.16502031754122348,fedavg,ctk-natural-peer-present,
primary-set,federation-wide,0.05,315,0.1215803293892549,fedavg,ctk-natural-peer-present,
primary-set,own-domain,0.1,315,0.15304418003323728,fedavg,ctk-natural-peer-present,
primary-set,federation-wide,0.1,315,0.09930674178950805,fedavg,ctk-natural-peer-present,
primary-set,own-domain,0.01,316,0.2245905734686223,fedavg,ctk-natural-peer-present,
primary-set,federation-wide,0.01,316,0.17038028167578764,fedavg,ctk-natural-peer-present,
primary-set,own-domain,0.05,316,0.13598665279153088,fedavg,ctk-natural-peer-present,
primary-set,federation-wide,0.05,316,0.15721464013350062,fedavg,ctk-natural-peer-present,
primary-set,own-domain,0.1,316,0.14975496465740368,fedavg,ctk-natural-peer-present,
primary-set,federation-wide,0.1,316,0.2244354273982317,fedavg,ctk-natural-peer-present,
primary-set,own-domain,0.01,317,0.05160749968108913,fedavg,ctk-natural-peer-present,
primary-set,federation-wide,0.01,317,0.051331950692051515,fedavg,ctk-natural-peer-present,
primary-set,own-domain,0.05,317,0.07518015885278206,fedavg,ctk-natural-peer-present,
primary-set,federation-wide,0.05,317,0.10499875257636399,fedavg,ctk-natural-peer-present,
primary-set,own-domain,0.1,317,0.07345929585076616,fedavg,ctk-natural-peer-present,
primary-set,federation-wide,0.1,317,0.10082630768298284,fedavg,ctk-natural-peer-present,
primary-set,own-domain,0.01,318,0.13193107716548685,fedavg,ctk-natural-peer-present,
primary-set,federation-wide,0.01,318,0.07227707034014669,fedavg,ctk-natural-peer-present,
primary-set,own-domain,0.05,318,0.11547812231199944,fedavg,ctk-natural-peer-present,
primary-set,federation-wide,0.05,318,0.19818136147599147,fedavg,ctk-natural-peer-present,
primary-set,own-domain,0.1,318,0.11828571342880356,fedavg,ctk-natural-peer-present,
primary-set,federation-wide,0.1,318,0.22838344248547804,fedavg,ctk-natural-peer-present,
primary-set,own-domain,0.01,319,0.08325713216359687,fedavg,ctk-natural-peer-present,
primary-set,federation-wide,0.01,319,0.1644597482914597,fedavg,ctk-natural-peer-present,
primary-set,own-domain,0.05,319,0.14066949948936447,fedavg,ctk-natural-peer-present,
primary-set,federation-wide,0.05,319,0.1767764380967547,fedavg,ctk-natural-peer-present,
primary-set,own-domain,0.1,319,0.09273518349542442,fedavg,ctk-natural-peer-present,
primary-set,federation-wide,0.1,319,0.1486472365603937,fedavg,ctk-natural-peer-present,
replication-set,federation-wide,0.01,310,0.02603656728085227,fedavg,ctk-natural-peer-present,
replication-set,federation-wide,0.05,310,0.1128462308871302,fedavg,ctk-natural-peer-present,
replication-set,federation-wide,0.1,310,0.1599625209156076,fedavg,ctk-natural-peer-present,
replication-set,own-domain,0.01,310,0.04006711409395969,fedavg,ctk-natural-peer-present,
replication-set,own-domain,0.05,310,0.10529054116088743,fedavg,ctk-natural-peer-present,
replication-set,own-domain,0.1,310,0.22388663120600588,fedavg,ctk-natural-peer-present,
replication-set,own-domain,0.01,311,0.021335106134995063,fedavg,ctk-natural-peer-present,
replication-set,federation-wide,0.01,311,0.05206685065912453,fedavg,ctk-natural-peer-present,
replication-set,own-domain,0.05,311,0.10495404454491741,fedavg,ctk-natural-peer-present,
replication-set,federation-wide,0.05,311,0.10936300074636235,fedavg,ctk-natural-peer-present,
replication-set,own-domain,0.1,311,0.23498642172404427,fedavg,ctk-natural-peer-present,
replication-set,federation-wide,0.1,311,0.2076120048450124,fedavg,ctk-natural-peer-present,
replication-set,own-domain,0.01,312,0.015556440756399753,fedavg,ctk-natural-peer-present,
replication-set,federation-wide,0.01,312,0.019018611709164412,fedavg,ctk-natural-peer-present,
replication-set,own-domain,0.05,312,0.047618105260127386,fedavg,ctk-natural-peer-present,
replication-set,federation-wide,0.05,312,0.04670164897446627,fedavg,ctk-natural-peer-present,
replication-set,own-domain,0.1,312,0.20119867030244387,fedavg,ctk-natural-peer-present,
replication-set,federation-wide,0.1,312,0.1599245525116738,fedavg,ctk-natural-peer-present,
replication-set,own-domain,0.01,313,0.048039061999267385,fedavg,ctk-natural-peer-present,
replication-set,federation-wide,0.01,313,0.034925490751885335,fedavg,ctk-natural-peer-present,
replication-set,own-domain,0.05,313,0.057148289523324014,fedavg,ctk-natural-peer-present,
replication-set,federation-wide,0.05,313,0.05587361453404238,fedavg,ctk-natural-peer-present,
replication-set,own-domain,0.1,313,0.06037765594447719,fedavg,ctk-natural-peer-present,
replication-set,federation-wide,0.1,313,0.06500809786490147,fedavg,ctk-natural-peer-present,
replication-set,own-domain,0.01,314,0.05203450599534526,fedavg,ctk-natural-peer-present,
replication-set,federation-wide,0.01,314,0.020225695393961407,fedavg,ctk-natural-peer-present,
replication-set,own-domain,0.05,314,0.032473370098159704,fedavg,ctk-natural-peer-present,
replication-set,federation-wide,0.05,314,0.04636471244918006,fedavg,ctk-natural-peer-present,
replication-set,own-domain,0.1,314,0.02659653713617305,fedavg,ctk-natural-peer-present,
replication-set,federation-wide,0.1,314,0.03810182070974499,fedavg,ctk-natural-peer-present,
replication-set,own-domain,0.01,315,0.030954118620152737,fedavg,ctk-natural-peer-present,
replication-set,federation-wide,0.01,315,0.02752017200365936,fedavg,ctk-natural-peer-present,
replication-set,own-domain,0.05,315,0.07596177112242464,fedavg,ctk-natural-peer-present,
replication-set,federation-wide,0.05,315,0.025032924412058066,fedavg,ctk-natural-peer-present,
replication-set,own-domain,0.1,315,0.24552091841782764,fedavg,ctk-natural-peer-present,
replication-set,federation-wide,0.1,315,0.09312156226021318,fedavg,ctk-natural-peer-present,
replication-set,federation-wide,0.01,316,0.020148761157570375,fedavg,ctk-natural-peer-present,
replication-set,own-domain,0.01,316,0.046596976074435095,fedavg,ctk-natural-peer-present,
replication-set,federation-wide,0.05,316,0.05221218977517378,fedavg,ctk-natural-peer-present,
replication-set,own-domain,0.05,316,0.1079247909159915,fedavg,ctk-natural-peer-present,
replication-set,federation-wide,0.1,316,0.06925629250241117,fedavg,ctk-natural-peer-present,
replication-set,own-domain,0.1,316,0.07258091306970282,fedavg,ctk-natural-peer-present,
replication-set,own-domain,0.01,317,0.02100708001056109,fedavg,ctk-natural-peer-present,
replication-set,federation-wide,0.01,317,0.03512692151075325,fedavg,ctk-natural-peer-present,
replication-set,own-domain,0.05,317,0.0646568224261811,fedavg,ctk-natural-peer-present,
replication-set,federation-wide,0.05,317,0.022039201346181314,fedavg,ctk-natural-peer-present,
replication-set,own-domain,0.1,317,0.16527988752210954,fedavg,ctk-natural-peer-present,
replication-set,federation-wide,0.1,317,0.10283141631912929,fedavg,ctk-natural-peer-present,
replication-set,own-domain,0.01,318,0.014996519057806204,fedavg,ctk-natural-peer-present,
replication-set,federation-wide,0.01,318,0.020865282899870885,fedavg,ctk-natural-peer-present,
replication-set,own-domain,0.05,318,0.10837915313610957,fedavg,ctk-natural-peer-present,
replication-set,federation-wide,0.05,318,0.08251430299055212,fedavg,ctk-natural-peer-present,
replication-set,own-domain,0.1,318,0.2490809113955571,fedavg,ctk-natural-peer-present,
replication-set,federation-wide,0.1,318,0.196442081934934,fedavg,ctk-natural-peer-present,
replication-set,own-domain,0.01,319,0.026477358503314702,fedavg,ctk-natural-peer-present,
replication-set,federation-wide,0.01,319,0.051476278829258065,fedavg,ctk-natural-peer-present,
replication-set,own-domain,0.05,319,0.0003693104670931535,fedavg,ctk-natural-peer-present,
replication-set,federation-wide,0.05,319,0.0706707444584298,fedavg,ctk-natural-peer-present,
replication-set,own-domain,0.1,319,0.022376574491278556,fedavg,ctk-natural-peer-present,
replication-set,federation-wide,0.1,319,0.047820205831642704,fedavg,ctk-natural-peer-present,
pooled-family-sets,own-domain,0.01,310,0.019337055217809568,fedavg,increment-50-to-100,100
pooled-family-sets,federation-wide,0.01,310,0.006300533605919867,fedavg,increment-50-to-100,100
pooled-family-sets,own-domain,0.05,310,0.027975398410298946,fedavg,increment-50-to-100,100
pooled-family-sets,federation-wide,0.05,310,0.014942482543027547,fedavg,increment-50-to-100,100
pooled-family-sets,own-domain,0.1,310,0.0039946734463764955,fedavg,increment-50-to-100,100
pooled-family-sets,federation-wide,0.1,310,0.018378022524128568,fedavg,increment-50-to-100,100
pooled-family-sets,own-domain,0.01,311,0.029907100815876497,fedavg,increment-50-to-100,100
pooled-family-sets,federation-wide,0.01,311,0.029467848498656052,fedavg,increment-50-to-100,100
pooled-family-sets,own-domain,0.05,311,0.13320973723521834,fedavg,increment-50-to-100,100
pooled-family-sets,federation-wide,0.05,311,0.0972842820787791,fedavg,increment-50-to-100,100
pooled-family-sets,own-domain,0.1,311,0.05244058937283269,fedavg,increment-50-to-100,100
pooled-family-sets,federation-wide,0.1,311,0.04519991896623665,fedavg,increment-50-to-100,100
pooled-family-sets,own-domain,0.01,312,0.020231981181775688,fedavg,increment-50-to-100,100
pooled-family-sets,federation-wide,0.01,312,0.016225925741694597,fedavg,increment-50-to-100,100
pooled-family-sets,own-domain,0.05,312,0.09805825447740302,fedavg,increment-50-to-100,100
pooled-family-sets,federation-wide,0.05,312,0.07810253954263024,fedavg,increment-50-to-100,100
pooled-family-sets,own-domain,0.1,312,0.0033548908303724367,fedavg,increment-50-to-100,100
pooled-family-sets,federation-wide,0.1,312,0.017807525138935132,fedavg,increment-50-to-100,100
pooled-family-sets,own-domain,0.01,313,0.011831622301020944,fedavg,increment-50-to-100,100
pooled-family-sets,federation-wide,0.01,313,0.012012135870215879,fedavg,increment-50-to-100,100
pooled-family-sets,own-domain,0.05,313,0.0474485327372115,fedavg,increment-50-to-100,100
pooled-family-sets,federation-wide,0.05,313,0.030052455788634802,fedavg,increment-50-to-100,100
pooled-family-sets,own-domain,0.1,313,0.08154554105633915,fedavg,increment-50-to-100,100
pooled-family-sets,federation-wide,0.1,313,0.020927298978695053,fedavg,increment-50-to-100,100
pooled-family-sets,own-domain,0.01,314,0.0030756695036336934,fedavg,increment-50-to-100,100
pooled-family-sets,federation-wide,0.01,314,0.005142756786432501,fedavg,increment-50-to-100,100
pooled-family-sets,own-domain,0.05,314,0.013544686085028623,fedavg,increment-50-to-100,100
pooled-family-sets,federation-wide,0.05,314,0.010302231919267046,fedavg,increment-50-to-100,100
pooled-family-sets,own-domain,0.1,314,0.013001182248697174,fedavg,increment-50-to-100,100
pooled-family-sets,federation-wide,0.1,314,0.020375358243899355,fedavg,increment-50-to-100,100
pooled-family-sets,own-domain,0.01,315,0.04095999696256947,fedavg,increment-50-to-100,100
pooled-family-sets,federation-wide,0.01,315,0.022050468385686417,fedavg,increment-50-to-100,100
pooled-family-sets,own-domain,0.05,315,0.11664806758441992,fedavg,increment-50-to-100,100
pooled-family-sets,federation-wide,0.05,315,0.07540843658028984,fedavg,increment-50-to-100,100
pooled-family-sets,own-domain,0.1,315,0.04280273916537147,fedavg,increment-50-to-100,100
pooled-family-sets,federation-wide,0.1,315,0.06868515708046674,fedavg,increment-50-to-100,100
pooled-family-sets,own-domain,0.01,316,0.08230744857453265,fedavg,increment-50-to-100,100
pooled-family-sets,federation-wide,0.01,316,0.019476466743543253,fedavg,increment-50-to-100,100
pooled-family-sets,own-domain,0.05,316,0.032822478179167,fedavg,increment-50-to-100,100
pooled-family-sets,federation-wide,0.05,316,-0.008332900349903971,fedavg,increment-50-to-100,100
pooled-family-sets,own-domain,0.1,316,0.04014606217201122,fedavg,increment-50-to-100,100
pooled-family-sets,federation-wide,0.1,316,0.021290313394537907,fedavg,increment-50-to-100,100
pooled-family-sets,own-domain,0.01,317,0.02808933693086721,fedavg,increment-50-to-100,100
pooled-family-sets,federation-wide,0.01,317,0.01528370716463237,fedavg,increment-50-to-100,100
pooled-family-sets,own-domain,0.05,317,-0.014128571029352333,fedavg,increment-50-to-100,100
pooled-family-sets,federation-wide,0.05,317,0.04413031472707296,fedavg,increment-50-to-100,100
pooled-family-sets,own-domain,0.1,317,0.010456519370325545,fedavg,increment-50-to-100,100
pooled-family-sets,federation-wide,0.1,317,0.011642609806691517,fedavg,increment-50-to-100,100
pooled-family-sets,own-domain,0.01,318,0.018149317694474892,fedavg,increment-50-to-100,100
pooled-family-sets,federation-wide,0.01,318,0.009109827398216003,fedavg,increment-50-to-100,100
pooled-family-sets,own-domain,0.05,318,0.07477137601480299,fedavg,increment-50-to-100,100
pooled-family-sets,federation-wide,0.05,318,0.10473471387011518,fedavg,increment-50-to-100,100
pooled-family-sets,own-domain,0.1,318,0.01877812924617428,fedavg,increment-50-to-100,100
pooled-family-sets,federation-wide,0.1,318,0.07298809162383213,fedavg,increment-50-to-100,100
pooled-family-sets,own-domain,0.01,319,0.010656522885455155,fedavg,increment-50-to-100,100
pooled-family-sets,federation-wide,0.01,319,0.029656322080215958,fedavg,increment-50-to-100,100
pooled-family-sets,own-domain,0.05,319,-0.0011149429927134191,fedavg,increment-50-to-100,100
pooled-family-sets,federation-wide,0.05,319,0.01845624137827362,fedavg,increment-50-to-100,100
pooled-family-sets,own-domain,0.1,319,0.09138185543668897,fedavg,increment-50-to-100,100
pooled-family-sets,federation-wide,0.1,319,0.06484553078180533,fedavg,increment-50-to-100,100
primary-set,own-domain,0.01,310,0.0331012988777023,fedavg,increment-50-to-100,100
primary-set,federation-wide,0.01,310,0.01735997698846703,fedavg,increment-50-to-100,100
primary-set,own-domain,0.05,310,0.04295483264293065,fedavg,increment-50-to-100,100
primary-set,federation-wide,0.05,310,0.035421660147823664,fedavg,increment-50-to-100,100
primary-set,own-domain,0.1,310,-0.018729364006350613,fedavg,increment-50-to-100,100
primary-set,federation-wide,0.1,310,0.03565051016734555,fedavg,increment-50-to-100,100
primary-set,own-domain,0.01,311,0.05523186584599843,fedavg,increment-50-to-100,100
primary-set,federation-wide,0.01,311,0.028462755506883236,fedavg,increment-50-to-100,100
primary-set,own-domain,0.05,311,0.05536365759279305,fedavg,increment-50-to-100,100
primary-set,federation-wide,0.05,311,0.04389689998291302,fedavg,increment-50-to-100,100
primary-set,own-domain,0.1,311,0.06707289189701093,fedavg,increment-50-to-100,100
primary-set,federation-wide,0.1,311,0.06243400413185529,fedavg,increment-50-to-100,100
primary-set,own-domain,0.01,312,0.030175649819291328,fedavg,increment-50-to-100,100
primary-set,federation-wide,0.01,312,0.030778702188427043,fedavg,increment-50-to-100,100
primary-set,own-domain,0.05,312,0.017894796181206596,fedavg,increment-50-to-100,100
primary-set,federation-wide,0.05,312,0.04000358560035289,fedavg,increment-50-to-100,100
primary-set,own-domain,0.1,312,0.014598618282149145,fedavg,increment-50-to-100,100
primary-set,federation-wide,0.1,312,0.02818246844581207,fedavg,increment-50-to-100,100
primary-set,own-domain,0.01,313,0.008924286232391873,fedavg,increment-50-to-100,100
primary-set,federation-wide,0.01,313,0.014945423594345364,fedavg,increment-50-to-100,100
primary-set,own-domain,0.05,313,0.06872107611921435,fedavg,increment-50-to-100,100
primary-set,federation-wide,0.05,313,0.03949200076897985,fedavg,increment-50-to-100,100
primary-set,own-domain,0.1,313,0.11942455877914337,fedavg,increment-50-to-100,100
primary-set,federation-wide,0.1,313,0.02163033724167618,fedavg,increment-50-to-100,100
primary-set,own-domain,0.01,314,0.020270428553487874,fedavg,increment-50-to-100,100
primary-set,federation-wide,0.01,314,0.0386593908076574,fedavg,increment-50-to-100,100
primary-set,own-domain,0.05,314,0.03685009380656157,fedavg,increment-50-to-100,100
primary-set,federation-wide,0.05,314,0.03169585490434579,fedavg,increment-50-to-100,100
primary-set,own-domain,0.1,314,0.013183196741221814,fedavg,increment-50-to-100,100
primary-set,federation-wide,0.1,314,0.037154296921091845,fedavg,increment-50-to-100,100
primary-set,own-domain,0.01,315,0.06264705882352933,fedavg,increment-50-to-100,100
primary-set,federation-wide,0.01,315,0.028189564608210316,fedavg,increment-50-to-100,100
primary-set,own-domain,0.05,315,0.06215384520086564,fedavg,increment-50-to-100,100
primary-set,federation-wide,0.05,315,0.04599294557614919,fedavg,increment-50-to-100,100
primary-set,own-domain,0.1,315,0.06563052515888557,fedavg,increment-50-to-100,100
primary-set,federation-wide,0.1,315,0.0385417882316752,fedavg,increment-50-to-100,100
primary-set,own-domain,0.01,316,0.1643298997445339,fedavg,increment-50-to-100,100
primary-set,federation-wide,0.01,316,0.04300241234625038,fedavg,increment-50-to-100,100
primary-set,own-domain,0.05,316,0.03419769119769123,fedavg,increment-50-to-100,100
primary-set,federation-wide,0.05,316,-0.035000845109048107,fedavg,increment-50-to-100,100
primary-set,own-domain,0.1,316,0.06142533442533449,fedavg,increment-50-to-100,100
primary-set,federation-wide,0.1,316,0.043825810579044555,fedavg,increment-50-to-100,100
primary-set,own-domain,0.01,317,0.032110307393860615,fedavg,increment-50-to-100,100
primary-set,federation-wide,0.01,317,0.02726662820177933,fedavg,increment-50-to-100,100
primary-set,own-domain,0.05,317,-0.011969204673516087,fedavg,increment-50-to-100,100
primary-set,federation-wide,0.05,317,0.05731531062462003,fedavg,increment-50-to-100,100
primary-set,own-domain,0.1,317,0.04815176785162667,fedavg,increment-50-to-100,100
primary-set,federation-wide,0.1,317,0.03844488257511891,fedavg,increment-50-to-100,100
primary-set,own-domain,0.01,318,0.03419150305764526,fedavg,increment-50-to-100,100
primary-set,federation-wide,0.01,318,0.018244889409079812,fedavg,increment-50-to-100,100
primary-set,own-domain,0.05,318,0.02478263708373174,fedavg,increment-50-to-100,100
primary-set,federation-wide,0.05,318,0.04791533037006357,fedavg,increment-50-to-100,100
primary-set,own-domain,0.1,318,0.0162052113275456,fedavg,increment-50-to-100,100
primary-set,federation-wide,0.1,318,0.04612693509780119,fedavg,increment-50-to-100,100
primary-set,own-domain,0.01,319,0.01618446820187841,fedavg,increment-50-to-100,100
primary-set,federation-wide,0.01,319,0.049553567753213734,fedavg,increment-50-to-100,100
primary-set,own-domain,0.05,319,0.0034347670495932237,fedavg,increment-50-to-100,100
primary-set,federation-wide,0.05,319,0.03539995459387546,fedavg,increment-50-to-100,100
primary-set,own-domain,0.1,319,-0.0003995545889060592,fedavg,increment-50-to-100,100
primary-set,federation-wide,0.1,319,0.012031237310111242,fedavg,increment-50-to-100,100
replication-set,federation-wide,0.01,310,-0.0033764793538089144,fedavg,increment-50-to-100,100
replication-set,federation-wide,0.05,310,-0.0029767978611690005,fedavg,increment-50-to-100,100
replication-set,federation-wide,0.1,310,0.0032645958363137773,fedavg,increment-50-to-100,100
replication-set,own-domain,0.01,310,0.00006711409395970813,fedavg,increment-50-to-100,100
replication-set,own-domain,0.05,310,0.0070041904846146474,fedavg,increment-50-to-100,100
replication-set,own-domain,0.1,310,0.035808325880194225,fedavg,increment-50-to-100,100
replication-set,own-domain,0.01,311,0.004582335785754482,fedavg,increment-50-to-100,100
replication-set,federation-wide,0.01,311,0.03034730486645726,fedavg,increment-50-to-100,100
replication-set,own-domain,0.05,311,0.21105581687764347,fedavg,increment-50-to-100,100
replication-set,federation-wide,0.05,311,0.14399824141266182,fedavg,increment-50-to-100,100
replication-set,own-domain,0.1,311,0.03780828684865456,fedavg,increment-50-to-100,100
replication-set,federation-wide,0.1,311,0.030120094446320245,fedavg,increment-50-to-100,100
replication-set,own-domain,0.01,312,0.01028831254426002,fedavg,increment-50-to-100,100
replication-set,federation-wide,0.01,312,0.0034922463508036683,fedavg,increment-50-to-100,100
replication-set,own-domain,0.05,312,0.17822171277359966,fedavg,increment-50-to-100,100
replication-set,federation-wide,0.05,312,0.11143912424212288,fedavg,increment-50-to-100,100
replication-set,own-domain,0.1,312,-0.007888836621404272,fedavg,increment-50-to-100,100
replication-set,federation-wide,0.1,312,0.008729449745417561,fedavg,increment-50-to-100,100
replication-set,own-domain,0.01,313,0.01522351438108821,fedavg,increment-50-to-100,100
replication-set,federation-wide,0.01,313,0.009078848146086393,fedavg,increment-50-to-100,100
replication-set,own-domain,0.05,313,0.022630565458208185,fedavg,increment-50-to-100,100
replication-set,federation-wide,0.05,313,0.020612910808289753,fedavg,increment-50-to-100,100
replication-set,own-domain,0.1,313,0.037353353713067916,fedavg,increment-50-to-100,100
replication-set,federation-wide,0.1,313,0.020224260715714037,fedavg,increment-50-to-100,100
replication-set,own-domain,0.01,314,-0.01698488272119625,fedavg,increment-50-to-100,100
replication-set,federation-wide,0.01,314,-0.028373877234792455,fedavg,increment-50-to-100,100
replication-set,own-domain,0.05,314,-0.013644956256759766,fedavg,increment-50-to-100,100
replication-set,federation-wide,0.05,314,-0.011091391065811751,fedavg,increment-50-to-100,100
replication-set,own-domain,0.1,314,0.012788832007418649,fedavg,increment-50-to-100,100
replication-set,federation-wide,0.1,314,0.0035964195667069765,fedavg,increment-50-to-100,100
replication-set,own-domain,0.01,315,0.01493552272941756,fedavg,increment-50-to-100,100
replication-set,federation-wide,0.01,315,0.016678759190978026,fedavg,increment-50-to-100,100
replication-set,own-domain,0.05,315,0.18204113444468506,fedavg,increment-50-to-100,100
replication-set,federation-wide,0.05,315,0.1011469912089128,fedavg,increment-50-to-100,100
replication-set,own-domain,0.1,315,0.015409395973154272,fedavg,increment-50-to-100,100
replication-set,federation-wide,0.1,315,0.09506060482315937,fedavg,increment-50-to-100,100
replication-set,federation-wide,0.01,316,-0.0011087356588254382,fedavg,increment-50-to-100,100
replication-set,own-domain,0.01,316,0.013955405932864956,fedavg,increment-50-to-100,100
replication-set,federation-wide,0.05,316,0.015001551314347106,fedavg,increment-50-to-100,100
replication-set,own-domain,0.05,316,0.03167646733039692,fedavg,increment-50-to-100,100
replication-set,federation-wide,0.1,316,0.00157175335809423,fedavg,increment-50-to-100,100
replication-set,own-domain,0.1,316,0.022413335294241832,fedavg,increment-50-to-100,100
replication-set,own-domain,0.01,317,0.02406836646787372,fedavg,increment-50-to-100,100
replication-set,federation-wide,0.01,317,0.003300786127485411,fedavg,increment-50-to-100,100
replication-set,own-domain,0.05,317,-0.01628793738518841,fedavg,increment-50-to-100,100
replication-set,federation-wide,0.05,317,0.03094531882952578,fedavg,increment-50-to-100,100
replication-set,own-domain,0.1,317,-0.027238729110975468,fedavg,increment-50-to-100,100
replication-set,federation-wide,0.1,317,-0.015159662961735876,fedavg,increment-50-to-100,100
replication-set,own-domain,0.01,318,-0.000566565229223881,fedavg,increment-50-to-100,100
replication-set,federation-wide,0.01,318,0.0011166481387101662,fedavg,increment-50-to-100,100
replication-set,own-domain,0.05,318,0.13309157143438605,fedavg,increment-50-to-100,100
replication-set,federation-wide,0.05,318,0.15445167443266034,fedavg,increment-50-to-100,100
replication-set,own-domain,0.1,318,0.021779866817908,fedavg,increment-50-to-100,100
replication-set,federation-wide,0.1,318,0.09649160358410924,fedavg,increment-50-to-100,100
replication-set,own-domain,0.01,319,0.004022988505747116,fedavg,increment-50-to-100,100
replication-set,federation-wide,0.01,319,0.012246232116342903,fedavg,increment-50-to-100,100
replication-set,own-domain,0.05,319,-0.006574595043481513,fedavg,increment-50-to-100,100
replication-set,federation-wide,0.05,319,0.0036304923146220913,fedavg,increment-50-to-100,100
replication-set,own-domain,0.1,319,0.20151954746740253,fedavg,increment-50-to-100,100
replication-set,federation-wide,0.1,319,0.11105803756953758,fedavg,increment-50-to-100,100
pooled-family-sets,own-domain,0.01,310,0.027589552893927588,fedavg,increment-100-to-200,200
pooled-family-sets,federation-wide,0.01,310,0.00834700169791966,fedavg,increment-100-to-200,200
pooled-family-sets,own-domain,0.05,310,0.05111971827931139,fedavg,increment-100-to-200,200
pooled-family-sets,federation-wide,0.05,310,0.08668855272130771,fedavg,increment-100-to-200,200
pooled-family-sets,own-domain,0.1,310,0.02268462694792861,fedavg,increment-100-to-200,200
pooled-family-sets,federation-wide,0.1,310,0.05002281153308075,fedavg,increment-100-to-200,200
pooled-family-sets,own-domain,0.01,311,0.025334154270175546,fedavg,increment-100-to-200,200
pooled-family-sets,federation-wide,0.01,311,0.021429407867587458,fedavg,increment-100-to-200,200
pooled-family-sets,own-domain,0.05,311,0.02742609120474082,fedavg,increment-100-to-200,200
pooled-family-sets,federation-wide,0.05,311,0.05143432266635328,fedavg,increment-100-to-200,200
pooled-family-sets,own-domain,0.1,311,0.014035235361838039,fedavg,increment-100-to-200,200
pooled-family-sets,federation-wide,0.1,311,0.032266374724193136,fedavg,increment-100-to-200,200
pooled-family-sets,own-domain,0.01,312,0.02138033924763133,fedavg,increment-100-to-200,200
pooled-family-sets,federation-wide,0.01,312,0.029881244609536117,fedavg,increment-100-to-200,200
pooled-family-sets,own-domain,0.05,312,0.00900592721386606,fedavg,increment-100-to-200,200
pooled-family-sets,federation-wide,0.05,312,0.010766089622204711,fedavg,increment-100-to-200,200
pooled-family-sets,own-domain,0.1,312,0.01928452613786691,fedavg,increment-100-to-200,200
pooled-family-sets,federation-wide,0.1,312,0.026498979318791638,fedavg,increment-100-to-200,200
pooled-family-sets,own-domain,0.01,313,0.01447549450204988,fedavg,increment-100-to-200,200
pooled-family-sets,federation-wide,0.01,313,0.021964935513437256,fedavg,increment-100-to-200,200
pooled-family-sets,own-domain,0.05,313,0.07325079441755628,fedavg,increment-100-to-200,200
pooled-family-sets,federation-wide,0.05,313,0.027880770110335074,fedavg,increment-100-to-200,200
pooled-family-sets,own-domain,0.1,313,0.007774764848580751,fedavg,increment-100-to-200,200
pooled-family-sets,federation-wide,0.1,313,0.018062359354913404,fedavg,increment-100-to-200,200
pooled-family-sets,own-domain,0.01,314,0.010863353374211071,fedavg,increment-100-to-200,200
pooled-family-sets,federation-wide,0.01,314,0.025298319079676,fedavg,increment-100-to-200,200
pooled-family-sets,own-domain,0.05,314,0.007845887749601765,fedavg,increment-100-to-200,200
pooled-family-sets,federation-wide,0.05,314,0.0239541182282742,fedavg,increment-100-to-200,200
pooled-family-sets,own-domain,0.1,314,0.034138960197873214,fedavg,increment-100-to-200,200
pooled-family-sets,federation-wide,0.1,314,0.026786605610813363,fedavg,increment-100-to-200,200
pooled-family-sets,own-domain,0.01,315,-0.018152758948449366,fedavg,increment-100-to-200,200
pooled-family-sets,federation-wide,0.01,315,-0.003974846917822683,fedavg,increment-100-to-200,200
pooled-family-sets,own-domain,0.05,315,-0.09212942395045876,fedavg,increment-100-to-200,200
pooled-family-sets,federation-wide,0.05,315,-0.03895494596126292,fedavg,increment-100-to-200,200
pooled-family-sets,own-domain,0.1,315,0.02215893556077353,fedavg,increment-100-to-200,200
pooled-family-sets,federation-wide,0.1,315,-0.02394502510794505,fedavg,increment-100-to-200,200
pooled-family-sets,own-domain,0.01,316,0.01621452549390462,fedavg,increment-100-to-200,200
pooled-family-sets,federation-wide,0.01,316,0.01842060266399001,fedavg,increment-100-to-200,200
pooled-family-sets,own-domain,0.05,316,0.01647971336232934,fedavg,increment-100-to-200,200
pooled-family-sets,federation-wide,0.05,316,0.03138788894639033,fedavg,increment-100-to-200,200
pooled-family-sets,own-domain,0.1,316,0.00943811640576786,fedavg,increment-100-to-200,200
pooled-family-sets,federation-wide,0.1,316,0.03298360644363918,fedavg,increment-100-to-200,200
pooled-family-sets,own-domain,0.01,317,0.029927012911167478,fedavg,increment-100-to-200,200
pooled-family-sets,federation-wide,0.01,317,0.035967464237163016,fedavg,increment-100-to-200,200
pooled-family-sets,own-domain,0.05,317,0.020023021032428923,fedavg,increment-100-to-200,200
pooled-family-sets,federation-wide,0.05,317,-0.007584576297402834,fedavg,increment-100-to-200,200
pooled-family-sets,own-domain,0.1,317,0.031373112329171615,fedavg,increment-100-to-200,200
pooled-family-sets,federation-wide,0.1,317,0.031513873383490654,fedavg,increment-100-to-200,200
pooled-family-sets,own-domain,0.01,318,0.037008954253399035,fedavg,increment-100-to-200,200
pooled-family-sets,federation-wide,0.01,318,0.01671932291900996,fedavg,increment-100-to-200,200
pooled-family-sets,own-domain,0.05,318,-0.018006782928552068,fedavg,increment-100-to-200,200
pooled-family-sets,federation-wide,0.05,318,-0.011419374310727703,fedavg,increment-100-to-200,200
pooled-family-sets,own-domain,0.1,318,0.027158684684165935,fedavg,increment-100-to-200,200
pooled-family-sets,federation-wide,0.1,318,0.034759661831455735,fedavg,increment-100-to-200,200
pooled-family-sets,own-domain,0.01,319,0.007466294946090413,fedavg,increment-100-to-200,200
pooled-family-sets,federation-wide,0.01,319,0.03157131249641715,fedavg,increment-100-to-200,200
pooled-family-sets,own-domain,0.05,319,0.020627482773395656,fedavg,increment-100-to-200,200
pooled-family-sets,federation-wide,0.05,319,0.026684121125700178,fedavg,increment-100-to-200,200
pooled-family-sets,own-domain,0.1,319,0.017580538724963568,fedavg,increment-100-to-200,200
pooled-family-sets,federation-wide,0.1,319,0.008495923404929662,fedavg,increment-100-to-200,200
primary-set,own-domain,0.01,310,0.04000970333110501,fedavg,increment-100-to-200,200
primary-set,federation-wide,0.01,310,0.011591998896260336,fedavg,increment-100-to-200,200
primary-set,own-domain,0.05,310,0.029193120149885288,fedavg,increment-100-to-200,200
primary-set,federation-wide,0.05,310,0.11007447344130672,fedavg,increment-100-to-200,200
primary-set,own-domain,0.1,310,0.036890883230534355,fedavg,increment-100-to-200,200
primary-set,federation-wide,0.1,310,0.08259884482126534,fedavg,increment-100-to-200,200
primary-set,own-domain,0.01,311,0.028992582390696464,fedavg,increment-100-to-200,200
primary-set,federation-wide,0.01,311,0.03967915068628736,fedavg,increment-100-to-200,200
primary-set,own-domain,0.05,311,0.03558091393780949,fedavg,increment-100-to-200,200
primary-set,federation-wide,0.05,311,0.06515642320110082,fedavg,increment-100-to-200,200
primary-set,own-domain,0.1,311,0.021090453283759247,fedavg,increment-100-to-200,200
primary-set,federation-wide,0.1,311,0.04817120686262799,fedavg,increment-100-to-200,200
primary-set,own-domain,0.01,312,0.03906078330644219,fedavg,increment-100-to-200,200
primary-set,federation-wide,0.01,312,0.04089078650893463,fedavg,increment-100-to-200,200
primary-set,own-domain,0.05,312,0.0018460579296959434,fedavg,increment-100-to-200,200
primary-set,federation-wide,0.05,312,0.003202236148854176,fedavg,increment-100-to-200,200
primary-set,own-domain,0.1,312,0.03885643314145759,fedavg,increment-100-to-200,200
primary-set,federation-wide,0.1,312,0.03912042976918528,fedavg,increment-100-to-200,200
primary-set,own-domain,0.01,313,0.026448958810306067,fedavg,increment-100-to-200,200
primary-set,federation-wide,0.01,313,0.0320103193519074,fedavg,increment-100-to-200,200
primary-set,own-domain,0.05,313,0.10756010763368945,fedavg,increment-100-to-200,200
primary-set,federation-wide,0.05,313,0.026466158507516435,fedavg,increment-100-to-200,200
primary-set,own-domain,0.1,313,0.023764023236870102,fedavg,increment-100-to-200,200
primary-set,federation-wide,0.1,313,0.017657896340252388,fedavg,increment-100-to-200,200
primary-set,own-domain,0.01,314,0.022367394351426262,fedavg,increment-100-to-200,200
primary-set,federation-wide,0.01,314,0.027115874907937487,fedavg,increment-100-to-200,200
primary-set,own-domain,0.05,314,0.0019703150067958974,fedavg,increment-100-to-200,200
primary-set,federation-wide,0.05,314,0.031040918310530574,fedavg,increment-100-to-200,200
primary-set,own-domain,0.1,314,0.044322477546679395,fedavg,increment-100-to-200,200
primary-set,federation-wide,0.1,314,0.041105349641712974,fedavg,increment-100-to-200,200
primary-set,own-domain,0.01,315,-0.039215686274509665,fedavg,increment-100-to-200,200
primary-set,federation-wide,0.01,315,-0.030112267946972526,fedavg,increment-100-to-200,200
primary-set,own-domain,0.05,315,-0.02490668620548675,fedavg,increment-100-to-200,200
primary-set,federation-wide,0.05,315,0.014190396775784375,fedavg,increment-100-to-200,200
primary-set,own-domain,0.1,315,0.01535496408148962,fedavg,increment-100-to-200,200
primary-set,federation-wide,0.1,315,0.022663544871054264,fedavg,increment-100-to-200,200
primary-set,own-domain,0.01,316,0.03341326882790302,fedavg,increment-100-to-200,200
primary-set,federation-wide,0.01,316,0.028357805223493654,fedavg,increment-100-to-200,200
primary-set,own-domain,0.05,316,0.01012296712296712,fedavg,increment-100-to-200,200
primary-set,federation-wide,0.05,316,0.05545629357663773,fedavg,increment-100-to-200,200
primary-set,own-domain,0.1,316,-0.006676078676078667,fedavg,increment-100-to-200,200
primary-set,federation-wide,0.1,316,0.03854701106130043,fedavg,increment-100-to-200,200
primary-set,own-domain,0.01,317,0.02823212959299279,fedavg,increment-100-to-200,200
primary-set,federation-wide,0.01,317,0.05509574509989182,fedavg,increment-100-to-200,200
primary-set,own-domain,0.05,317,0.028357511037793992,fedavg,increment-100-to-200,200
primary-set,federation-wide,0.05,317,0.015196717214551292,fedavg,increment-100-to-200,200
primary-set,own-domain,0.1,317,0.022193417705802188,fedavg,increment-100-to-200,200
primary-set,federation-wide,0.1,317,0.036150065379269236,fedavg,increment-100-to-200,200
primary-set,own-domain,0.01,318,0.07225695446264013,fedavg,increment-100-to-200,200
primary-set,federation-wide,0.01,318,0.03617512219773569,fedavg,increment-100-to-200,200
primary-set,own-domain,0.05,318,0.037137484716195934,fedavg,increment-100-to-200,200
primary-set,federation-wide,0.05,318,0.0774513812877129,fedavg,increment-100-to-200,200
primary-set,own-domain,0.1,318,0.037959705340869454,fedavg,increment-100-to-200,200
primary-set,federation-wide,0.1,318,0.06584832071750746,fedavg,increment-100-to-200,200
primary-set,own-domain,0.01,319,-0.011467047112901474,fedavg,increment-100-to-200,200
primary-set,federation-wide,0.01,319,0.004999952655304396,fedavg,increment-100-to-200,200
primary-set,own-domain,0.05,319,0.031227371921916713,fedavg,increment-100-to-200,200
primary-set,federation-wide,0.05,319,0.024662666312399772,fedavg,increment-100-to-200,200
primary-set,own-domain,0.1,319,0.025752111027989022,fedavg,increment-100-to-200,200
primary-set,federation-wide,0.1,319,0.019563794630138798,fedavg,increment-100-to-200,200
replication-set,federation-wide,0.01,310,0.005507629149371557,fedavg,increment-100-to-200,200
replication-set,federation-wide,0.05,310,0.0662258720913087,fedavg,increment-100-to-200,200
replication-set,federation-wide,0.1,310,0.02151878240591909,fedavg,increment-100-to-200,200
replication-set,own-domain,0.01,310,0.010201342281879217,fedavg,increment-100-to-200,200
replication-set,own-domain,0.05,310,0.08181695566050812,fedavg,increment-100-to-200,200
replication-set,own-domain,0.1,310,0.0027958681522806117,fedavg,increment-100-to-200,200
replication-set,own-domain,0.01,311,0.021675726149654656,fedavg,increment-100-to-200,200
replication-set,federation-wide,0.01,311,0.005460882901225095,fedavg,increment-100-to-200,200
replication-set,own-domain,0.05,311,0.019271268471672487,fedavg,increment-100-to-200,200
replication-set,federation-wide,0.05,311,0.039427484698449256,fedavg,increment-100-to-200,200
replication-set,own-domain,0.1,311,0.006980017439916608,fedavg,increment-100-to-200,200
replication-set,federation-wide,0.1,311,0.01834964660306282,fedavg,increment-100-to-200,200
replication-set,own-domain,0.01,312,0.003699895188820551,fedavg,increment-100-to-200,200
replication-set,federation-wide,0.01,312,0.020247895447562447,fedavg,increment-100-to-200,200
replication-set,own-domain,0.05,312,0.016165796498035956,fedavg,increment-100-to-200,200
replication-set,federation-wide,0.05,312,0.017384461411386276,fedavg,increment-100-to-200,200
replication-set,own-domain,0.1,312,-0.0002873808657237742,fedavg,increment-100-to-200,200
replication-set,federation-wide,0.1,312,0.015455210174697087,fedavg,increment-100-to-200,200
replication-set,own-domain,0.01,313,0.0005064528090843734,fedavg,increment-100-to-200,200
replication-set,federation-wide,0.01,313,0.01191955167496711,fedavg,increment-100-to-200,200
replication-set,own-domain,0.05,313,0.03322326233206763,fedavg,increment-100-to-200,200
replication-set,federation-wide,0.05,313,0.02929538171315349,fedavg,increment-100-to-200,200
replication-set,own-domain,0.1,313,-0.010879369937757177,fedavg,increment-100-to-200,200
replication-set,federation-wide,0.1,313,0.01846682236957431,fedavg,increment-100-to-200,200
replication-set,own-domain,0.01,314,-0.0025580277658733275,fedavg,increment-100-to-200,200
replication-set,federation-wide,0.01,314,0.023480763251414544,fedavg,increment-100-to-200,200
replication-set,own-domain,0.05,314,0.014700722616208584,fedavg,increment-100-to-200,200
replication-set,federation-wide,0.05,314,0.01686731814601783,fedavg,increment-100-to-200,200
replication-set,own-domain,0.1,314,0.022258189957598762,fedavg,increment-100-to-200,200
replication-set,federation-wide,0.1,314,0.012467861579913864,fedavg,increment-100-to-200,200
replication-set,own-domain,0.01,315,0.007122753842823071,fedavg,increment-100-to-200,200
replication-set,federation-wide,0.01,315,0.018895396482683513,fedavg,increment-100-to-200,200
replication-set,own-domain,0.05,315,-0.17279670924442514,fedavg,increment-100-to-200,200
replication-set,federation-wide,0.05,315,-0.08545712085617907,fedavg,increment-100-to-200,200
replication-set,own-domain,0.1,315,0.030323701335914444,fedavg,increment-100-to-200,200
replication-set,federation-wide,0.1,315,-0.06472752383956926,fedavg,increment-100-to-200,200
replication-set,federation-wide,0.01,316,0.009725550424424315,fedavg,increment-100-to-200,200
replication-set,own-domain,0.01,316,0.0018822393822393868,fedavg,increment-100-to-200,200
replication-set,federation-wide,0.05,316,0.01032803489492401,fedavg,increment-100-to-200,200
replication-set,own-domain,0.05,316,0.0217770018951311,fedavg,increment-100-to-200,200
replication-set,federation-wide,0.1,316,0.02811562740318596,fedavg,increment-100-to-200,200
replication-set,own-domain,0.1,316,0.02286661230730669,fedavg,increment-100-to-200,200
replication-set,own-domain,0.01,317,0.03162189622934222,fedavg,increment-100-to-200,200
replication-set,federation-wide,0.01,317,0.016839183374434297,fedavg,increment-100-to-200,200
replication-set,own-domain,0.05,317,0.011688531027063798,fedavg,increment-100-to-200,200
replication-set,federation-wide,0.05,317,-0.03036586980935696,fedavg,increment-100-to-200,200
replication-set,own-domain,0.1,317,0.04055280695254104,fedavg,increment-100-to-200,200
replication-set,federation-wide,0.1,317,0.02687768138771207,fedavg,increment-100-to-200,200
replication-set,own-domain,0.01,318,-0.004113712657382265,fedavg,increment-100-to-200,200
replication-set,federation-wide,0.01,318,-0.0003045014498750387,fedavg,increment-100-to-200,200
replication-set,own-domain,0.05,318,-0.08234176184742487,fedavg,increment-100-to-200,200
replication-set,federation-wide,0.05,318,-0.08918128545936305,fedavg,increment-100-to-200,200
replication-set,own-domain,0.1,318,0.014557493918011644,fedavg,increment-100-to-200,200
replication-set,federation-wide,0.1,318,0.007557085306160616,fedavg,increment-100-to-200,200
replication-set,own-domain,0.01,319,0.030186305416880638,fedavg,increment-100-to-200,200
replication-set,federation-wide,0.01,319,0.05482125235739088,fedavg,increment-100-to-200,200
replication-set,own-domain,0.05,319,0.007907615795170408,fedavg,increment-100-to-200,200
replication-set,federation-wide,0.05,319,0.028452894087337977,fedavg,increment-100-to-200,200
replication-set,own-domain,0.1,319,0.007774651961333201,fedavg,increment-100-to-200,200
replication-set,federation-wide,0.1,319,-0.0011884639171283462,fedavg,increment-100-to-200,200
pooled-family-sets,own-domain,0.01,310,0.0,fedavg,dose-zero-minus-absent,0
pooled-family-sets,federation-wide,0.01,310,0.0,fedavg,dose-zero-minus-absent,0
pooled-family-sets,own-domain,0.05,310,0.0,fedavg,dose-zero-minus-absent,0
pooled-family-sets,federation-wide,0.05,310,0.0,fedavg,dose-zero-minus-absent,0
pooled-family-sets,own-domain,0.1,310,0.0,fedavg,dose-zero-minus-absent,0
pooled-family-sets,federation-wide,0.1,310,0.0,fedavg,dose-zero-minus-absent,0
pooled-family-sets,own-domain,0.01,311,0.0,fedavg,dose-zero-minus-absent,0
pooled-family-sets,federation-wide,0.01,311,0.0,fedavg,dose-zero-minus-absent,0
pooled-family-sets,own-domain,0.05,311,0.0,fedavg,dose-zero-minus-absent,0
pooled-family-sets,federation-wide,0.05,311,0.0,fedavg,dose-zero-minus-absent,0
pooled-family-sets,own-domain,0.1,311,0.0,fedavg,dose-zero-minus-absent,0
pooled-family-sets,federation-wide,0.1,311,0.0,fedavg,dose-zero-minus-absent,0
pooled-family-sets,own-domain,0.01,312,0.0,fedavg,dose-zero-minus-absent,0
pooled-family-sets,federation-wide,0.01,312,0.0,fedavg,dose-zero-minus-absent,0
pooled-family-sets,own-domain,0.05,312,0.0,fedavg,dose-zero-minus-absent,0
pooled-family-sets,federation-wide,0.05,312,0.0,fedavg,dose-zero-minus-absent,0
pooled-family-sets,own-domain,0.1,312,0.0,fedavg,dose-zero-minus-absent,0
pooled-family-sets,federation-wide,0.1,312,0.0,fedavg,dose-zero-minus-absent,0
pooled-family-sets,own-domain,0.01,313,0.0,fedavg,dose-zero-minus-absent,0
pooled-family-sets,federation-wide,0.01,313,0.0,fedavg,dose-zero-minus-absent,0
pooled-family-sets,own-domain,0.05,313,0.0,fedavg,dose-zero-minus-absent,0
pooled-family-sets,federation-wide,0.05,313,0.0,fedavg,dose-zero-minus-absent,0
pooled-family-sets,own-domain,0.1,313,0.0,fedavg,dose-zero-minus-absent,0
pooled-family-sets,federation-wide,0.1,313,0.0,fedavg,dose-zero-minus-absent,0
pooled-family-sets,own-domain,0.01,314,0.0,fedavg,dose-zero-minus-absent,0
pooled-family-sets,federation-wide,0.01,314,0.0,fedavg,dose-zero-minus-absent,0
pooled-family-sets,own-domain,0.05,314,0.0,fedavg,dose-zero-minus-absent,0
pooled-family-sets,federation-wide,0.05,314,0.0,fedavg,dose-zero-minus-absent,0
pooled-family-sets,own-domain,0.1,314,0.0,fedavg,dose-zero-minus-absent,0
pooled-family-sets,federation-wide,0.1,314,0.0,fedavg,dose-zero-minus-absent,0
pooled-family-sets,own-domain,0.01,315,0.0,fedavg,dose-zero-minus-absent,0
pooled-family-sets,federation-wide,0.01,315,0.0,fedavg,dose-zero-minus-absent,0
pooled-family-sets,own-domain,0.05,315,0.0,fedavg,dose-zero-minus-absent,0
pooled-family-sets,federation-wide,0.05,315,0.0,fedavg,dose-zero-minus-absent,0
pooled-family-sets,own-domain,0.1,315,0.0,fedavg,dose-zero-minus-absent,0
pooled-family-sets,federation-wide,0.1,315,0.0,fedavg,dose-zero-minus-absent,0
pooled-family-sets,own-domain,0.01,316,0.0,fedavg,dose-zero-minus-absent,0
pooled-family-sets,federation-wide,0.01,316,0.0,fedavg,dose-zero-minus-absent,0
pooled-family-sets,own-domain,0.05,316,0.0,fedavg,dose-zero-minus-absent,0
pooled-family-sets,federation-wide,0.05,316,0.0,fedavg,dose-zero-minus-absent,0
pooled-family-sets,own-domain,0.1,316,0.0,fedavg,dose-zero-minus-absent,0
pooled-family-sets,federation-wide,0.1,316,0.0,fedavg,dose-zero-minus-absent,0
pooled-family-sets,own-domain,0.01,317,0.0,fedavg,dose-zero-minus-absent,0
pooled-family-sets,federation-wide,0.01,317,0.0,fedavg,dose-zero-minus-absent,0
pooled-family-sets,own-domain,0.05,317,0.0,fedavg,dose-zero-minus-absent,0
pooled-family-sets,federation-wide,0.05,317,0.0,fedavg,dose-zero-minus-absent,0
pooled-family-sets,own-domain,0.1,317,0.0,fedavg,dose-zero-minus-absent,0
pooled-family-sets,federation-wide,0.1,317,0.0,fedavg,dose-zero-minus-absent,0
pooled-family-sets,own-domain,0.01,318,0.0,fedavg,dose-zero-minus-absent,0
pooled-family-sets,federation-wide,0.01,318,0.0,fedavg,dose-zero-minus-absent,0
pooled-family-sets,own-domain,0.05,318,0.0,fedavg,dose-zero-minus-absent,0
pooled-family-sets,federation-wide,0.05,318,0.0,fedavg,dose-zero-minus-absent,0
pooled-family-sets,own-domain,0.1,318,0.0,fedavg,dose-zero-minus-absent,0
pooled-family-sets,federation-wide,0.1,318,0.0,fedavg,dose-zero-minus-absent,0
pooled-family-sets,own-domain,0.01,319,0.0,fedavg,dose-zero-minus-absent,0
pooled-family-sets,federation-wide,0.01,319,0.0,fedavg,dose-zero-minus-absent,0
pooled-family-sets,own-domain,0.05,319,0.0,fedavg,dose-zero-minus-absent,0
pooled-family-sets,federation-wide,0.05,319,0.0,fedavg,dose-zero-minus-absent,0
pooled-family-sets,own-domain,0.1,319,0.0,fedavg,dose-zero-minus-absent,0
pooled-family-sets,federation-wide,0.1,319,0.0,fedavg,dose-zero-minus-absent,0
primary-set,own-domain,0.01,310,0.0,fedavg,dose-zero-minus-absent,0
primary-set,federation-wide,0.01,310,0.0,fedavg,dose-zero-minus-absent,0
primary-set,own-domain,0.05,310,0.0,fedavg,dose-zero-minus-absent,0
primary-set,federation-wide,0.05,310,0.0,fedavg,dose-zero-minus-absent,0
primary-set,own-domain,0.1,310,0.0,fedavg,dose-zero-minus-absent,0
primary-set,federation-wide,0.1,310,0.0,fedavg,dose-zero-minus-absent,0
primary-set,own-domain,0.01,311,0.0,fedavg,dose-zero-minus-absent,0
primary-set,federation-wide,0.01,311,0.0,fedavg,dose-zero-minus-absent,0
primary-set,own-domain,0.05,311,0.0,fedavg,dose-zero-minus-absent,0
primary-set,federation-wide,0.05,311,0.0,fedavg,dose-zero-minus-absent,0
primary-set,own-domain,0.1,311,0.0,fedavg,dose-zero-minus-absent,0
primary-set,federation-wide,0.1,311,0.0,fedavg,dose-zero-minus-absent,0
primary-set,own-domain,0.01,312,0.0,fedavg,dose-zero-minus-absent,0
primary-set,federation-wide,0.01,312,0.0,fedavg,dose-zero-minus-absent,0
primary-set,own-domain,0.05,312,0.0,fedavg,dose-zero-minus-absent,0
primary-set,federation-wide,0.05,312,0.0,fedavg,dose-zero-minus-absent,0
primary-set,own-domain,0.1,312,0.0,fedavg,dose-zero-minus-absent,0
primary-set,federation-wide,0.1,312,0.0,fedavg,dose-zero-minus-absent,0
primary-set,own-domain,0.01,313,0.0,fedavg,dose-zero-minus-absent,0
primary-set,federation-wide,0.01,313,0.0,fedavg,dose-zero-minus-absent,0
primary-set,own-domain,0.05,313,0.0,fedavg,dose-zero-minus-absent,0
primary-set,federation-wide,0.05,313,0.0,fedavg,dose-zero-minus-absent,0
primary-set,own-domain,0.1,313,0.0,fedavg,dose-zero-minus-absent,0
primary-set,federation-wide,0.1,313,0.0,fedavg,dose-zero-minus-absent,0
primary-set,own-domain,0.01,314,0.0,fedavg,dose-zero-minus-absent,0
primary-set,federation-wide,0.01,314,0.0,fedavg,dose-zero-minus-absent,0
primary-set,own-domain,0.05,314,0.0,fedavg,dose-zero-minus-absent,0
primary-set,federation-wide,0.05,314,0.0,fedavg,dose-zero-minus-absent,0
primary-set,own-domain,0.1,314,0.0,fedavg,dose-zero-minus-absent,0
primary-set,federation-wide,0.1,314,0.0,fedavg,dose-zero-minus-absent,0
primary-set,own-domain,0.01,315,0.0,fedavg,dose-zero-minus-absent,0
primary-set,federation-wide,0.01,315,0.0,fedavg,dose-zero-minus-absent,0
primary-set,own-domain,0.05,315,0.0,fedavg,dose-zero-minus-absent,0
primary-set,federation-wide,0.05,315,0.0,fedavg,dose-zero-minus-absent,0
primary-set,own-domain,0.1,315,0.0,fedavg,dose-zero-minus-absent,0
primary-set,federation-wide,0.1,315,0.0,fedavg,dose-zero-minus-absent,0
primary-set,own-domain,0.01,316,0.0,fedavg,dose-zero-minus-absent,0
primary-set,federation-wide,0.01,316,0.0,fedavg,dose-zero-minus-absent,0
primary-set,own-domain,0.05,316,0.0,fedavg,dose-zero-minus-absent,0
primary-set,federation-wide,0.05,316,0.0,fedavg,dose-zero-minus-absent,0
primary-set,own-domain,0.1,316,0.0,fedavg,dose-zero-minus-absent,0
primary-set,federation-wide,0.1,316,0.0,fedavg,dose-zero-minus-absent,0
primary-set,own-domain,0.01,317,0.0,fedavg,dose-zero-minus-absent,0
primary-set,federation-wide,0.01,317,0.0,fedavg,dose-zero-minus-absent,0
primary-set,own-domain,0.05,317,0.0,fedavg,dose-zero-minus-absent,0
primary-set,federation-wide,0.05,317,0.0,fedavg,dose-zero-minus-absent,0
primary-set,own-domain,0.1,317,0.0,fedavg,dose-zero-minus-absent,0
primary-set,federation-wide,0.1,317,0.0,fedavg,dose-zero-minus-absent,0
primary-set,own-domain,0.01,318,0.0,fedavg,dose-zero-minus-absent,0
primary-set,federation-wide,0.01,318,0.0,fedavg,dose-zero-minus-absent,0
primary-set,own-domain,0.05,318,0.0,fedavg,dose-zero-minus-absent,0
primary-set,federation-wide,0.05,318,0.0,fedavg,dose-zero-minus-absent,0
primary-set,own-domain,0.1,318,0.0,fedavg,dose-zero-minus-absent,0
primary-set,federation-wide,0.1,318,0.0,fedavg,dose-zero-minus-absent,0
primary-set,own-domain,0.01,319,0.0,fedavg,dose-zero-minus-absent,0
primary-set,federation-wide,0.01,319,0.0,fedavg,dose-zero-minus-absent,0
primary-set,own-domain,0.05,319,0.0,fedavg,dose-zero-minus-absent,0
primary-set,federation-wide,0.05,319,0.0,fedavg,dose-zero-minus-absent,0
primary-set,own-domain,0.1,319,0.0,fedavg,dose-zero-minus-absent,0
primary-set,federation-wide,0.1,319,0.0,fedavg,dose-zero-minus-absent,0
replication-set,federation-wide,0.01,310,0.0,fedavg,dose-zero-minus-absent,0
replication-set,federation-wide,0.05,310,0.0,fedavg,dose-zero-minus-absent,0
replication-set,federation-wide,0.1,310,0.0,fedavg,dose-zero-minus-absent,0
replication-set,own-domain,0.01,310,0.0,fedavg,dose-zero-minus-absent,0
replication-set,own-domain,0.05,310,0.0,fedavg,dose-zero-minus-absent,0
replication-set,own-domain,0.1,310,0.0,fedavg,dose-zero-minus-absent,0
replication-set,own-domain,0.01,311,0.0,fedavg,dose-zero-minus-absent,0
replication-set,federation-wide,0.01,311,0.0,fedavg,dose-zero-minus-absent,0
replication-set,own-domain,0.05,311,0.0,fedavg,dose-zero-minus-absent,0
replication-set,federation-wide,0.05,311,0.0,fedavg,dose-zero-minus-absent,0
replication-set,own-domain,0.1,311,0.0,fedavg,dose-zero-minus-absent,0
replication-set,federation-wide,0.1,311,0.0,fedavg,dose-zero-minus-absent,0
replication-set,own-domain,0.01,312,0.0,fedavg,dose-zero-minus-absent,0
replication-set,federation-wide,0.01,312,0.0,fedavg,dose-zero-minus-absent,0
replication-set,own-domain,0.05,312,0.0,fedavg,dose-zero-minus-absent,0
replication-set,federation-wide,0.05,312,0.0,fedavg,dose-zero-minus-absent,0
replication-set,own-domain,0.1,312,0.0,fedavg,dose-zero-minus-absent,0
replication-set,federation-wide,0.1,312,0.0,fedavg,dose-zero-minus-absent,0
replication-set,own-domain,0.01,313,0.0,fedavg,dose-zero-minus-absent,0
replication-set,federation-wide,0.01,313,0.0,fedavg,dose-zero-minus-absent,0
replication-set,own-domain,0.05,313,0.0,fedavg,dose-zero-minus-absent,0
replication-set,federation-wide,0.05,313,0.0,fedavg,dose-zero-minus-absent,0
replication-set,own-domain,0.1,313,0.0,fedavg,dose-zero-minus-absent,0
replication-set,federation-wide,0.1,313,0.0,fedavg,dose-zero-minus-absent,0
replication-set,own-domain,0.01,314,0.0,fedavg,dose-zero-minus-absent,0
replication-set,federation-wide,0.01,314,0.0,fedavg,dose-zero-minus-absent,0
replication-set,own-domain,0.05,314,0.0,fedavg,dose-zero-minus-absent,0
replication-set,federation-wide,0.05,314,0.0,fedavg,dose-zero-minus-absent,0
replication-set,own-domain,0.1,314,0.0,fedavg,dose-zero-minus-absent,0
replication-set,federation-wide,0.1,314,0.0,fedavg,dose-zero-minus-absent,0
replication-set,own-domain,0.01,315,0.0,fedavg,dose-zero-minus-absent,0
replication-set,federation-wide,0.01,315,0.0,fedavg,dose-zero-minus-absent,0
replication-set,own-domain,0.05,315,0.0,fedavg,dose-zero-minus-absent,0
replication-set,federation-wide,0.05,315,0.0,fedavg,dose-zero-minus-absent,0
replication-set,own-domain,0.1,315,0.0,fedavg,dose-zero-minus-absent,0
replication-set,federation-wide,0.1,315,0.0,fedavg,dose-zero-minus-absent,0
replication-set,federation-wide,0.01,316,0.0,fedavg,dose-zero-minus-absent,0
replication-set,own-domain,0.01,316,0.0,fedavg,dose-zero-minus-absent,0
replication-set,federation-wide,0.05,316,0.0,fedavg,dose-zero-minus-absent,0
replication-set,own-domain,0.05,316,0.0,fedavg,dose-zero-minus-absent,0
replication-set,federation-wide,0.1,316,0.0,fedavg,dose-zero-minus-absent,0
replication-set,own-domain,0.1,316,0.0,fedavg,dose-zero-minus-absent,0
replication-set,own-domain,0.01,317,0.0,fedavg,dose-zero-minus-absent,0
replication-set,federation-wide,0.01,317,0.0,fedavg,dose-zero-minus-absent,0
replication-set,own-domain,0.05,317,0.0,fedavg,dose-zero-minus-absent,0
replication-set,federation-wide,0.05,317,0.0,fedavg,dose-zero-minus-absent,0
replication-set,own-domain,0.1,317,0.0,fedavg,dose-zero-minus-absent,0
replication-set,federation-wide,0.1,317,0.0,fedavg,dose-zero-minus-absent,0
replication-set,own-domain,0.01,318,0.0,fedavg,dose-zero-minus-absent,0
replication-set,federation-wide,0.01,318,0.0,fedavg,dose-zero-minus-absent,0
replication-set,own-domain,0.05,318,0.0,fedavg,dose-zero-minus-absent,0
replication-set,federation-wide,0.05,318,0.0,fedavg,dose-zero-minus-absent,0
replication-set,own-domain,0.1,318,0.0,fedavg,dose-zero-minus-absent,0
replication-set,federation-wide,0.1,318,0.0,fedavg,dose-zero-minus-absent,0
replication-set,own-domain,0.01,319,0.0,fedavg,dose-zero-minus-absent,0
replication-set,federation-wide,0.01,319,0.0,fedavg,dose-zero-minus-absent,0
replication-set,own-domain,0.05,319,0.0,fedavg,dose-zero-minus-absent,0
replication-set,federation-wide,0.05,319,0.0,fedavg,dose-zero-minus-absent,0
replication-set,own-domain,0.1,319,0.0,fedavg,dose-zero-minus-absent,0
replication-set,federation-wide,0.1,319,0.0,fedavg,dose-zero-minus-absent,0
