representation,group,family,population,seed,value,baseline,difference,measure
call-graph,contrast-macro,,federation-wide,330,0.765036857059073,0.6362918202822562,0.12874503677681678,central-full-exposure-recall
call-graph,contrast-macro,,federation-wide,331,0.944837279243102,0.939574047890099,0.005263231353002958,central-full-exposure-recall
call-graph,contrast-macro,,federation-wide,332,0.8076694866978458,0.7238492507164461,0.08382023598139972,central-full-exposure-recall
call-graph,contrast-macro,,federation-wide,333,0.8435598174687806,0.811744314894408,0.03181550257437249,central-full-exposure-recall
call-graph,contrast-macro,,federation-wide,334,0.7294506951137171,0.6192740053207798,0.11017668979293736,central-full-exposure-recall
call-graph,contrast-macro,,federation-wide,335,0.6824182639373267,0.6064295755858232,0.0759886883515035,central-full-exposure-recall
call-graph,contrast-macro,,federation-wide,336,0.8340968517106808,0.7247488967805481,0.10934795493013272,central-full-exposure-recall
call-graph,contrast-macro,,federation-wide,337,0.7801469591854281,0.7906624896005917,-0.010515530415163657,central-full-exposure-recall
call-graph,contrast-macro,,federation-wide,338,0.8634293076945146,0.7286203355886683,0.13480897210584616,central-full-exposure-recall
call-graph,contrast-macro,,federation-wide,339,0.6413739501728828,0.5459751925652235,0.09539875760765935,central-full-exposure-recall
call-graph,contrast-macro,,own-domain,330,0.71064304181788,0.7480846319884248,-0.037441590170544825,central-full-exposure-recall
call-graph,contrast-macro,,own-domain,331,0.6965889930066064,0.8925314733424857,-0.19594248033587944,central-full-exposure-recall
call-graph,contrast-macro,,own-domain,332,0.8167085013908753,0.8695142948275264,-0.052805793436651115,central-full-exposure-recall
call-graph,contrast-macro,,own-domain,333,0.7071428571428572,0.813095238095238,-0.10595238095238098,central-full-exposure-recall
call-graph,contrast-macro,,own-domain,334,0.5657113545279647,0.6490097290578488,-0.08329837452988405,central-full-exposure-recall
call-graph,contrast-macro,,own-domain,335,0.6767520663049202,0.7948691531011746,-0.11811708679625438,central-full-exposure-recall
call-graph,contrast-macro,,own-domain,336,0.8482142857142857,0.953125,-0.1049107142857143,central-full-exposure-recall
call-graph,contrast-macro,,own-domain,337,0.6973613113979665,0.7022447492274043,-0.004883437829437805,central-full-exposure-recall
call-graph,contrast-macro,,own-domain,338,0.9202301763277373,0.8332277478618941,0.0870024284658431,central-full-exposure-recall
call-graph,contrast-macro,,own-domain,339,0.6434395327247434,0.7153758361568879,-0.0719363034321444,central-full-exposure-recall
call-graph,family,adwo,federation-wide,330,0.8719512195121951,0.9939024390243902,-0.12195121951219512,central-full-exposure-recall
call-graph,family,adwo,federation-wide,331,0.4840764331210191,0.1624203821656051,0.32165605095541405,central-full-exposure-recall
call-graph,family,adwo,federation-wide,332,0.5193548387096775,0.43870967741935485,0.08064516129032262,central-full-exposure-recall
call-graph,family,adwo,federation-wide,333,0.4540059347181009,0.42729970326409494,0.02670623145400597,central-full-exposure-recall
call-graph,family,adwo,federation-wide,334,0.4106145251396648,0.3268156424581006,0.08379888268156421,central-full-exposure-recall
call-graph,family,adwo,federation-wide,335,0.42118863049095606,0.3695090439276486,0.051679586563307456,central-full-exposure-recall
call-graph,family,adwo,federation-wide,336,0.50390625,0.51171875,-0.0078125,central-full-exposure-recall
call-graph,family,adwo,federation-wide,337,0.5419847328244275,0.1946564885496183,0.3473282442748092,central-full-exposure-recall
call-graph,family,adwo,federation-wide,338,0.5311475409836065,0.18360655737704917,0.34754098360655733,central-full-exposure-recall
call-graph,family,adwo,federation-wide,339,0.8652037617554859,0.9341692789968652,-0.06896551724137934,central-full-exposure-recall
call-graph,family,adwo,own-domain,331,0.6142857142857143,0.2,0.4142857142857143,central-full-exposure-recall
call-graph,family,adwo,own-domain,332,0.4915254237288136,0.3940677966101695,0.09745762711864409,central-full-exposure-recall
call-graph,family,adwo,own-domain,333,0.3992932862190813,0.4098939929328622,-0.010600706713780939,central-full-exposure-recall
call-graph,family,adwo,own-domain,334,0.39666666666666667,0.30666666666666664,0.09000000000000002,central-full-exposure-recall
call-graph,family,adwo,own-domain,335,0.37383177570093457,0.35514018691588783,0.01869158878504673,central-full-exposure-recall
call-graph,family,adwo,own-domain,336,0.46551724137931033,0.5172413793103449,-0.05172413793103453,central-full-exposure-recall
call-graph,family,adwo,own-domain,337,0.6415094339622641,0.2830188679245283,0.3584905660377358,central-full-exposure-recall
call-graph,family,adwo,own-domain,338,0.56,0.16,0.4,central-full-exposure-recall
call-graph,family,airpush,federation-wide,330,0.9871575342465754,0.9554794520547946,0.03167808219178081,central-full-exposure-recall
call-graph,family,airpush,federation-wide,331,0.9528071602929211,0.9292107404393816,0.023596419853539552,central-full-exposure-recall
call-graph,family,airpush,federation-wide,332,0.8406494287432351,0.5538184004810583,0.28683102826217677,central-full-exposure-recall
call-graph,family,airpush,federation-wide,333,0.7869767441860465,0.7032558139534884,0.08372093023255811,central-full-exposure-recall
call-graph,family,airpush,federation-wide,334,0.8241834607366226,0.4642112578179291,0.35997220291869353,central-full-exposure-recall
call-graph,family,airpush,federation-wide,335,0.65748031496063,0.6068616422947132,0.0506186726659168,central-full-exposure-recall
call-graph,family,airpush,federation-wide,336,0.7891520244461421,0.5889992360580596,0.20015278838808248,central-full-exposure-recall
call-graph,family,airpush,federation-wide,337,0.9592326139088729,0.9024780175859313,0.056754596322941664,central-full-exposure-recall
call-graph,family,airpush,federation-wide,338,0.7501853224610823,0.3780578206078577,0.3721275018532246,central-full-exposure-recall
call-graph,family,airpush,federation-wide,339,0.756483238456673,0.4794433902593295,0.27703984819734345,central-full-exposure-recall
call-graph,family,airpush,own-domain,330,0.8717948717948718,0.8461538461538461,0.02564102564102566,central-full-exposure-recall
call-graph,family,airpush,own-domain,331,0.6129032258064516,0.8709677419354839,-0.25806451612903225,central-full-exposure-recall
call-graph,family,airpush,own-domain,332,0.8666666666666667,1.0,-0.1333333333333333,central-full-exposure-recall
call-graph,family,airpush,own-domain,333,0.7642857142857142,0.9428571428571428,-0.1785714285714286,central-full-exposure-recall
call-graph,family,airpush,own-domain,334,0.6645161290322581,0.896774193548387,-0.23225806451612896,central-full-exposure-recall
call-graph,family,airpush,own-domain,335,0.7061611374407583,0.981042654028436,-0.2748815165876778,central-full-exposure-recall
call-graph,family,airpush,own-domain,336,0.8214285714285714,1.0,-0.1785714285714286,central-full-exposure-recall
call-graph,family,airpush,own-domain,337,0.9696376101860921,0.9000979431929481,0.06953966699314396,central-full-exposure-recall
call-graph,family,airpush,own-domain,338,0.9047619047619048,0.8571428571428571,0.04761904761904767,central-full-exposure-recall
call-graph,family,airpush,own-domain,339,0.7967032967032966,0.9835164835164835,-0.18681318681318682,central-full-exposure-recall
call-graph,family,dowgin,federation-wide,330,0.5406574394463668,0.6326412918108419,-0.09198385236447515,central-full-exposure-recall
call-graph,family,dowgin,federation-wide,331,0.9157955865272939,0.9747386759581882,-0.058943089430894324,central-full-exposure-recall
call-graph,family,dowgin,federation-wide,332,0.7134608444604836,0.8520389750992422,-0.13857813063875857,central-full-exposure-recall
call-graph,family,dowgin,federation-wide,333,0.9324702589223233,0.9769069279216235,-0.04443666899930021,central-full-exposure-recall
call-graph,family,dowgin,federation-wide,334,0.5223836347465165,0.8378298250815298,-0.3154461903350133,central-full-exposure-recall
call-graph,family,dowgin,federation-wide,335,0.6228179551122195,0.7846009975062345,-0.16178304239401498,central-full-exposure-recall
call-graph,family,dowgin,federation-wide,336,0.9435139573070608,0.9845648604269294,-0.04105090311986859,central-full-exposure-recall
call-graph,family,dowgin,federation-wide,337,0.6199179410667661,0.7791868705706826,-0.15926892950391647,central-full-exposure-recall
call-graph,family,dowgin,federation-wide,338,0.9052434456928838,0.9715355805243445,-0.06629213483146068,central-full-exposure-recall
call-graph,family,dowgin,federation-wide,339,0.5552790615001777,0.7244934233913971,-0.1692143618912194,central-full-exposure-recall
call-graph,family,dowgin,own-domain,330,0.5494912118408881,0.6500154178230034,-0.10052420598211531,central-full-exposure-recall
call-graph,family,dowgin,own-domain,331,0.5,0.8888888888888888,-0.38888888888888884,central-full-exposure-recall
call-graph,family,dowgin,own-domain,332,0.7265715387581951,0.8607790204396452,-0.13420748168145002,central-full-exposure-recall
call-graph,family,dowgin,own-domain,333,0.5625,0.75,-0.1875,central-full-exposure-recall
call-graph,family,dowgin,own-domain,334,0.43646408839779005,0.6464088397790055,-0.2099447513812155,central-full-exposure-recall
call-graph,family,dowgin,own-domain,335,0.6473429951690821,0.6086956521739131,0.03864734299516903,central-full-exposure-recall
call-graph,family,dowgin,own-domain,336,0.875,0.90625,-0.03125,central-full-exposure-recall
call-graph,family,dowgin,own-domain,337,0.46206896551724136,0.4896551724137931,-0.027586206896551724,central-full-exposure-recall
call-graph,family,dowgin,own-domain,339,0.5726396917148362,0.7479768786127168,-0.17533718689788058,central-full-exposure-recall
call-graph,family,gappusin,federation-wide,330,0.5728744939271255,0.23076923076923078,0.34210526315789475,central-full-exposure-recall
call-graph,family,gappusin,federation-wide,331,0.622680412371134,0.2268041237113402,0.39587628865979385,central-full-exposure-recall
call-graph,family,gappusin,federation-wide,332,0.5424292845257903,0.5341098169717138,0.008319467554076532,central-full-exposure-recall
call-graph,family,gappusin,federation-wide,333,0.9377289377289377,0.9468864468864469,-0.009157509157509125,central-full-exposure-recall
call-graph,family,gappusin,federation-wide,334,0.9496268656716418,0.9384328358208955,0.011194029850746245,central-full-exposure-recall
call-graph,family,gappusin,federation-wide,335,0.5334476843910806,0.22469982847341338,0.3087478559176672,central-full-exposure-recall
call-graph,family,gappusin,federation-wide,336,0.9649122807017544,0.9512670565302144,0.013645224171540016,central-full-exposure-recall
call-graph,family,gappusin,federation-wide,337,0.943289224952741,0.9357277882797732,0.007561436672967825,central-full-exposure-recall
call-graph,family,gappusin,federation-wide,338,0.9066059225512528,0.9111617312072893,-0.004555808656036442,central-full-exposure-recall
call-graph,family,gappusin,federation-wide,339,0.9132947976878613,0.9190751445086706,-0.005780346820809301,central-full-exposure-recall
call-graph,family,gappusin,own-domain,330,0.5421686746987951,0.3493975903614458,0.19277108433734935,central-full-exposure-recall
call-graph,family,gappusin,own-domain,331,0.6235294117647059,0.21176470588235294,0.4117647058823529,central-full-exposure-recall
call-graph,family,gappusin,own-domain,332,0.6962025316455697,0.4050632911392405,0.29113924050632917,central-full-exposure-recall
call-graph,family,gappusin,own-domain,334,0.9,0.95,-0.04999999999999993,central-full-exposure-recall
call-graph,family,gappusin,own-domain,335,0.5833333333333334,0.2604166666666667,0.3229166666666667,central-full-exposure-recall
call-graph,family,gappusin,own-domain,339,0.9375,0.875,0.0625,central-full-exposure-recall
call-graph,family,hiddad,federation-wide,330,0.1386861313868613,0.13138686131386862,0.007299270072992692,central-full-exposure-recall
call-graph,family,hiddad,federation-wide,331,0.4495798319327731,0.5399159663865546,-0.09033613445378147,central-full-exposure-recall
call-graph,family,hiddad,federation-wide,332,0.33204633204633205,0.4189189189189189,-0.08687258687258687,central-full-exposure-recall
call-graph,family,hiddad,federation-wide,333,0.2412280701754386,0.3157894736842105,-0.07456140350877191,central-full-exposure-recall
call-graph,family,hiddad,federation-wide,334,0.5179856115107914,0.6258992805755396,-0.1079136690647482,central-full-exposure-recall
call-graph,family,hiddad,federation-wide,335,0.5333333333333333,0.8074074074074075,-0.27407407407407414,central-full-exposure-recall
call-graph,family,hiddad,federation-wide,336,0.4626865671641791,0.5597014925373134,-0.09701492537313428,central-full-exposure-recall
call-graph,family,hiddad,federation-wide,337,0.29850746268656714,0.4975124378109453,-0.19900497512437815,central-full-exposure-recall
call-graph,family,hiddad,federation-wide,338,0.19112627986348124,0.22525597269624573,-0.034129692832764486,central-full-exposure-recall
call-graph,family,hiddad,federation-wide,339,0.509090909090909,0.6636363636363637,-0.15454545454545465,central-full-exposure-recall
call-graph,family,hiddad,own-domain,331,0.5625,0.5,0.0625,central-full-exposure-recall
call-graph,family,hiddad,own-domain,332,0.25857519788918204,0.3113456464379947,-0.05277044854881269,central-full-exposure-recall
call-graph,family,hiddad,own-domain,333,0.5,0.5625,-0.0625,central-full-exposure-recall
call-graph,family,hiddad,own-domain,334,0.45161290322580644,0.6881720430107527,-0.2365591397849463,central-full-exposure-recall
call-graph,family,hiddad,own-domain,335,0.4551282051282051,0.7884615384615384,-0.3333333333333333,central-full-exposure-recall
call-graph,family,hiddad,own-domain,336,0.2647058823529412,0.47058823529411764,-0.20588235294117646,central-full-exposure-recall
call-graph,family,hiddad,own-domain,337,0.2222222222222222,0.5222222222222223,-0.30000000000000004,central-full-exposure-recall
call-graph,family,hiddad,own-domain,339,0.5517241379310345,0.6551724137931034,-0.10344827586206895,central-full-exposure-recall
call-graph,family,leadbolt,federation-wide,330,0.7672955974842768,0.32075471698113206,0.4465408805031447,central-full-exposure-recall
call-graph,family,leadbolt,federation-wide,331,0.9659090909090909,0.9147727272727273,0.051136363636363646,central-full-exposure-recall
call-graph,family,leadbolt,federation-wide,332,0.8688981868898187,0.7656903765690377,0.10320781032078097,central-full-exposure-recall
call-graph,family,leadbolt,federation-wide,333,0.8112324492979719,0.7550702028081123,0.05616224648985957,central-full-exposure-recall
call-graph,family,leadbolt,federation-wide,334,0.8417849898580122,0.5557809330628803,0.28600405679513186,central-full-exposure-recall
call-graph,family,leadbolt,federation-wide,335,0.7669565217391304,0.42782608695652175,0.3391304347826087,central-full-exposure-recall
call-graph,family,leadbolt,federation-wide,336,0.7696245733788396,0.6006825938566553,0.16894197952218426,central-full-exposure-recall
call-graph,family,leadbolt,federation-wide,337,0.7612903225806451,0.6903225806451613,0.07096774193548383,central-full-exposure-recall
call-graph,family,leadbolt,federation-wide,338,0.9348591549295775,0.8362676056338029,0.09859154929577463,central-full-exposure-recall
call-graph,family,leadbolt,federation-wide,339,0.6123595505617978,0.4339887640449438,0.178370786516854,central-full-exposure-recall
call-graph,family,leadbolt,own-domain,331,0.9768637532133676,0.9177377892030848,0.059125964010282805,central-full-exposure-recall
call-graph,family,leadbolt,own-domain,332,0.8568872987477638,0.7477638640429338,0.10912343470482999,central-full-exposure-recall
call-graph,family,leadbolt,own-domain,333,0.7946428571428571,0.7464285714285714,0.048214285714285654,central-full-exposure-recall
call-graph,family,leadbolt,own-domain,334,0.5961538461538461,0.40384615384615385,0.1923076923076923,central-full-exposure-recall
call-graph,family,leadbolt,own-domain,337,0.660377358490566,0.7169811320754716,-0.05660377358490565,central-full-exposure-recall
call-graph,family,leadbolt,own-domain,338,0.9356984478935698,0.8093126385809313,0.12638580931263854,central-full-exposure-recall
call-graph,family,leadbolt,own-domain,339,0.5609756097560976,0.4146341463414634,0.14634146341463422,central-full-exposure-recall
call-graph,family,revmob,federation-wide,330,0.31346153846153846,0.19423076923076923,0.11923076923076922,central-full-exposure-recall
call-graph,family,revmob,federation-wide,331,0.32,0.18285714285714286,0.13714285714285715,central-full-exposure-recall
call-graph,family,revmob,federation-wide,332,0.390625,0.29017857142857145,0.10044642857142855,central-full-exposure-recall
call-graph,family,revmob,federation-wide,333,0.28398058252427183,0.3106796116504854,-0.02669902912621358,central-full-exposure-recall
call-graph,family,revmob,federation-wide,334,0.9417989417989417,0.8809523809523809,0.060846560846560815,central-full-exposure-recall
call-graph,family,revmob,federation-wide,335,0.1976284584980237,0.17391304347826086,0.023715415019762848,central-full-exposure-recall
call-graph,family,revmob,federation-wide,336,0.3620689655172414,0.23706896551724138,0.125,central-full-exposure-recall
call-graph,family,revmob,federation-wide,337,0.251063829787234,0.23829787234042554,0.012765957446808474,central-full-exposure-recall
call-graph,family,revmob,federation-wide,338,0.5434298440979956,0.48775055679287305,0.055679287305122505,central-full-exposure-recall
call-graph,family,revmob,federation-wide,339,0.2905027932960894,0.09869646182495345,0.19180633147113596,central-full-exposure-recall
call-graph,family,revmob,own-domain,330,0.2,0.13333333333333333,0.06666666666666668,central-full-exposure-recall
call-graph,family,revmob,own-domain,331,0.5555555555555556,0.16666666666666666,0.38888888888888895,central-full-exposure-recall
call-graph,family,revmob,own-domain,332,0.2222222222222222,0.16666666666666666,0.05555555555555555,central-full-exposure-recall
call-graph,family,revmob,own-domain,333,0.3333333333333333,0.4,-0.06666666666666671,central-full-exposure-recall
call-graph,family,revmob,own-domain,334,0.8666666666666667,0.7333333333333333,0.13333333333333341,central-full-exposure-recall
call-graph,family,revmob,own-domain,335,0.26666666666666666,0.26666666666666666,0.0,central-full-exposure-recall
call-graph,family,revmob,own-domain,336,0.36,0.08,0.27999999999999997,central-full-exposure-recall
call-graph,family,revmob,own-domain,339,0.47058823529411764,0.17647058823529413,0.2941176470588235,central-full-exposure-recall
call-graph,priority-macro,,federation-wide,330,0.34167405459184175,0.18546228710462287,0.15621176748721888,central-full-exposure-recall
call-graph,priority-macro,,federation-wide,331,0.4640867481013024,0.31652574431834585,0.14756100378295653,central-full-exposure-recall
call-graph,priority-macro,,federation-wide,332,0.4217002055240408,0.414402435773068,0.007297769750972738,central-full-exposure-recall
call-graph,priority-macro,,federation-wide,333,0.487645863476216,0.5244518440737143,-0.036805980597498206,central-full-exposure-recall
call-graph,priority-macro,,federation-wide,334,0.8031371396604583,0.8150948324496053,-0.011957692789147045,central-full-exposure-recall
call-graph,priority-macro,,federation-wide,335,0.4214698254074792,0.4020067597863606,0.01946306562111863,central-full-exposure-recall
call-graph,priority-macro,,federation-wide,336,0.5965559377943916,0.5826791715282563,0.013876766266135246,central-full-exposure-recall
call-graph,priority-macro,,federation-wide,337,0.49762017247551404,0.5571793661437147,-0.059559193668200616,central-full-exposure-recall
call-graph,priority-macro,,federation-wide,338,0.5470540155042433,0.541389420232136,0.005664595272107192,central-full-exposure-recall
call-graph,priority-macro,,federation-wide,339,0.5709628333582866,0.5604693233233292,0.010493510034957335,central-full-exposure-recall
call-graph,priority-macro,,own-domain,330,0.3710843373493976,0.24136546184738955,0.129718875502008,central-full-exposure-recall
call-graph,priority-macro,,own-domain,331,0.5805283224400871,0.2928104575163399,0.2877178649237473,central-full-exposure-recall
call-graph,priority-macro,,own-domain,332,0.3923333172523247,0.2943585347479673,0.09797478250435736,central-full-exposure-recall
call-graph,priority-macro,,own-domain,333,0.41666666666666663,0.48125,-0.06458333333333335,central-full-exposure-recall
call-graph,priority-macro,,own-domain,334,0.739426523297491,0.7905017921146954,-0.051075268817204277,central-full-exposure-recall
call-graph,priority-macro,,own-domain,335,0.43504273504273505,0.4385149572649573,-0.00347222222222221,central-full-exposure-recall
call-graph,priority-macro,,own-domain,336,0.3123529411764706,0.2752941176470588,0.037058823529411755,central-full-exposure-recall
call-graph,priority-macro,,own-domain,337,0.2222222222222222,0.5222222222222223,-0.30000000000000004,central-full-exposure-recall
call-graph,priority-macro,,own-domain,339,0.6532707910750507,0.5688810006761326,0.08438979039891818,central-full-exposure-recall
mcndroid-static,contrast-macro,,federation-wide,330,0.7242906438587037,0.6362918202822562,0.0879988235764475,central-full-exposure-recall
mcndroid-static,contrast-macro,,federation-wide,331,0.8865465190915686,0.939574047890099,-0.05302752879853038,central-full-exposure-recall
mcndroid-static,contrast-macro,,federation-wide,332,0.7134261233400307,0.7238492507164461,-0.010423127376415264,central-full-exposure-recall
mcndroid-static,contrast-macro,,federation-wide,333,0.7888924553873785,0.811744314894408,-0.022851859507029504,central-full-exposure-recall
mcndroid-static,contrast-macro,,federation-wide,334,0.6054402285565842,0.6192740053207798,-0.013833776764195524,central-full-exposure-recall
mcndroid-static,contrast-macro,,federation-wide,335,0.580693771635371,0.6064295755858232,-0.025735803950452236,central-full-exposure-recall
mcndroid-static,contrast-macro,,federation-wide,336,0.7030959473136297,0.7247488967805481,-0.021652949466918425,central-full-exposure-recall
mcndroid-static,contrast-macro,,federation-wide,337,0.6722483403466252,0.7906624896005917,-0.11841414925396658,central-full-exposure-recall
mcndroid-static,contrast-macro,,federation-wide,338,0.7282803695158665,0.7286203355886683,-0.000339966072801882,central-full-exposure-recall
mcndroid-static,contrast-macro,,federation-wide,339,0.5599958425929022,0.5459751925652235,0.014020650027678697,central-full-exposure-recall
mcndroid-static,contrast-macro,,own-domain,330,0.8196470504518608,0.7480846319884248,0.07156241846343603,central-full-exposure-recall
mcndroid-static,contrast-macro,,own-domain,331,0.7655800339687892,0.8925314733424857,-0.12695143937369657,central-full-exposure-recall
mcndroid-static,contrast-macro,,own-domain,332,0.8624807719328746,0.8695142948275264,-0.0070335228946517185,central-full-exposure-recall
mcndroid-static,contrast-macro,,own-domain,333,0.7255952380952381,0.813095238095238,-0.08749999999999998,central-full-exposure-recall
mcndroid-static,contrast-macro,,own-domain,334,0.7674873988365345,0.6490097290578488,0.11847766977868561,central-full-exposure-recall
mcndroid-static,contrast-macro,,own-domain,335,0.8458685349268493,0.7948691531011746,0.05099938182567476,central-full-exposure-recall
mcndroid-static,contrast-macro,,own-domain,336,0.9375,0.953125,-0.015625,central-full-exposure-recall
mcndroid-static,contrast-macro,,own-domain,337,0.6967385192883943,0.7022447492274043,-0.005506229939010103,central-full-exposure-recall
mcndroid-static,contrast-macro,,own-domain,338,0.8032942667089008,0.8332277478618941,-0.02993348115299338,central-full-exposure-recall
mcndroid-static,contrast-macro,,own-domain,339,0.7669911193807993,0.7153758361568879,0.05161528322391146,central-full-exposure-recall
mcndroid-static,family,adwo,federation-wide,330,0.9939024390243902,0.9939024390243902,0.0,central-full-exposure-recall
mcndroid-static,family,adwo,federation-wide,331,0.7770700636942676,0.1624203821656051,0.6146496815286625,central-full-exposure-recall
mcndroid-static,family,adwo,federation-wide,332,0.8612903225806452,0.43870967741935485,0.42258064516129035,central-full-exposure-recall
mcndroid-static,family,adwo,federation-wide,333,0.6943620178041543,0.42729970326409494,0.26706231454005935,central-full-exposure-recall
mcndroid-static,family,adwo,federation-wide,334,0.7318435754189944,0.3268156424581006,0.4050279329608938,central-full-exposure-recall
mcndroid-static,family,adwo,federation-wide,335,0.7054263565891473,0.3695090439276486,0.3359173126614987,central-full-exposure-recall
mcndroid-static,family,adwo,federation-wide,336,0.82421875,0.51171875,0.3125,central-full-exposure-recall
mcndroid-static,family,adwo,federation-wide,337,0.7557251908396947,0.1946564885496183,0.5610687022900764,central-full-exposure-recall
mcndroid-static,family,adwo,federation-wide,338,0.5901639344262295,0.18360655737704917,0.4065573770491803,central-full-exposure-recall
mcndroid-static,family,adwo,federation-wide,339,0.9686520376175548,0.9341692789968652,0.03448275862068961,central-full-exposure-recall
mcndroid-static,family,adwo,own-domain,331,0.7571428571428571,0.2,0.5571428571428572,central-full-exposure-recall
mcndroid-static,family,adwo,own-domain,332,0.8601694915254238,0.3940677966101695,0.46610169491525427,central-full-exposure-recall
mcndroid-static,family,adwo,own-domain,333,0.6678445229681979,0.4098939929328622,0.25795053003533563,central-full-exposure-recall
mcndroid-static,family,adwo,own-domain,334,0.7133333333333334,0.30666666666666664,0.40666666666666673,central-full-exposure-recall
mcndroid-static,family,adwo,own-domain,335,0.7009345794392523,0.35514018691588783,0.34579439252336447,central-full-exposure-recall
mcndroid-static,family,adwo,own-domain,336,0.8275862068965517,0.5172413793103449,0.31034482758620685,central-full-exposure-recall
mcndroid-static,family,adwo,own-domain,337,0.8867924528301887,0.2830188679245283,0.6037735849056605,central-full-exposure-recall
mcndroid-static,family,adwo,own-domain,338,0.62,0.16,0.45999999999999996,central-full-exposure-recall
mcndroid-static,family,airpush,federation-wide,330,0.928082191780822,0.9554794520547946,-0.0273972602739726,central-full-exposure-recall
mcndroid-static,family,airpush,federation-wide,331,0.7998372660699756,0.9292107404393816,-0.12937347436940594,central-full-exposure-recall
mcndroid-static,family,airpush,federation-wide,332,0.5333734215273602,0.5538184004810583,-0.020444978953698123,central-full-exposure-recall
mcndroid-static,family,airpush,federation-wide,333,0.6846511627906977,0.7032558139534884,-0.018604651162790642,central-full-exposure-recall
mcndroid-static,family,airpush,federation-wide,334,0.4593467685892981,0.4642112578179291,-0.004864489228630975,central-full-exposure-recall
mcndroid-static,family,airpush,federation-wide,335,0.47075365579302586,0.6068616422947132,-0.13610798650168732,central-full-exposure-recall
mcndroid-static,family,airpush,federation-wide,336,0.5859434682964094,0.5889992360580596,-0.0030557677616501744,central-full-exposure-recall
mcndroid-static,family,airpush,federation-wide,337,0.9064748201438849,0.9024780175859313,0.003996802557953649,central-full-exposure-recall
mcndroid-static,family,airpush,federation-wide,338,0.43884358784284655,0.3780578206078577,0.06078576723498885,central-full-exposure-recall
mcndroid-static,family,airpush,federation-wide,339,0.49778621125869704,0.4794433902593295,0.018342820999367515,central-full-exposure-recall
mcndroid-static,family,airpush,own-domain,330,0.8717948717948718,0.8461538461538461,0.02564102564102566,central-full-exposure-recall
mcndroid-static,family,airpush,own-domain,331,0.8064516129032258,0.8709677419354839,-0.06451612903225812,central-full-exposure-recall
mcndroid-static,family,airpush,own-domain,332,1.0,1.0,0.0,central-full-exposure-recall
mcndroid-static,family,airpush,own-domain,333,0.9285714285714286,0.9428571428571428,-0.014285714285714235,central-full-exposure-recall
mcndroid-static,family,airpush,own-domain,334,0.9354838709677419,0.896774193548387,0.03870967741935483,central-full-exposure-recall
mcndroid-static,family,airpush,own-domain,335,0.95260663507109,0.981042654028436,-0.028436018957346043,central-full-exposure-recall
mcndroid-static,family,airpush,own-domain,336,1.0,1.0,0.0,central-full-exposure-recall
mcndroid-static,family,airpush,own-domain,337,0.9020568070519099,0.9000979431929481,0.0019588638589618235,central-full-exposure-recall
mcndroid-static,family,airpush,own-domain,338,0.8571428571428571,0.8571428571428571,0.0,central-full-exposure-recall
mcndroid-static,family,airpush,own-domain,339,0.9725274725274725,0.9835164835164835,-0.01098901098901095,central-full-exposure-recall
mcndroid-static,family,dowgin,federation-wide,330,0.7647058823529411,0.6326412918108419,0.13206459054209918,central-full-exposure-recall
mcndroid-static,family,dowgin,federation-wide,331,0.9715447154471545,0.9747386759581882,-0.003193960511033711,central-full-exposure-recall
mcndroid-static,family,dowgin,federation-wide,332,0.8928184770840851,0.8520389750992422,0.040779501984842925,central-full-exposure-recall
mcndroid-static,family,dowgin,federation-wide,333,0.9737578726382086,0.9769069279216235,-0.0031490552834149144,central-full-exposure-recall
mcndroid-static,family,dowgin,federation-wide,334,0.8194485621108806,0.8378298250815298,-0.018381262970649237,central-full-exposure-recall
mcndroid-static,family,dowgin,federation-wide,335,0.7895885286783042,0.7846009975062345,0.004987531172069737,central-full-exposure-recall
mcndroid-static,family,dowgin,federation-wide,336,0.9704433497536946,0.9845648604269294,-0.01412151067323475,central-full-exposure-recall
mcndroid-static,family,dowgin,federation-wide,337,0.7124207385303991,0.7791868705706826,-0.06676613204028348,central-full-exposure-recall
mcndroid-static,family,dowgin,federation-wide,338,0.9625468164794008,0.9715355805243445,-0.008988764044943753,central-full-exposure-recall
mcndroid-static,family,dowgin,federation-wide,339,0.7116956985424814,0.7244934233913971,-0.012797724848915726,central-full-exposure-recall
mcndroid-static,family,dowgin,own-domain,330,0.7674992291088498,0.6500154178230034,0.1174838112858464,central-full-exposure-recall
mcndroid-static,family,dowgin,own-domain,331,0.6111111111111112,0.8888888888888888,-0.2777777777777777,central-full-exposure-recall
mcndroid-static,family,dowgin,own-domain,332,0.9005013497878904,0.8607790204396452,0.03972232934824527,central-full-exposure-recall
mcndroid-static,family,dowgin,own-domain,333,0.5625,0.75,-0.1875,central-full-exposure-recall
mcndroid-static,family,dowgin,own-domain,334,0.7900552486187845,0.6464088397790055,0.14364640883977897,central-full-exposure-recall
mcndroid-static,family,dowgin,own-domain,335,0.7391304347826086,0.6086956521739131,0.13043478260869557,central-full-exposure-recall
mcndroid-static,family,dowgin,own-domain,336,0.875,0.90625,-0.03125,central-full-exposure-recall
mcndroid-static,family,dowgin,own-domain,337,0.5655172413793104,0.4896551724137931,0.07586206896551728,central-full-exposure-recall
mcndroid-static,family,dowgin,own-domain,339,0.7186897880539499,0.7479768786127168,-0.02928709055876688,central-full-exposure-recall
mcndroid-static,family,gappusin,federation-wide,330,0.7813765182186235,0.23076923076923078,0.5506072874493928,central-full-exposure-recall
mcndroid-static,family,gappusin,federation-wide,331,0.6309278350515464,0.2268041237113402,0.4041237113402062,central-full-exposure-recall
mcndroid-static,family,gappusin,federation-wide,332,0.6589018302828619,0.5341098169717138,0.12479201331114809,central-full-exposure-recall
mcndroid-static,family,gappusin,federation-wide,333,0.9322344322344323,0.9468864468864469,-0.0146520146520146,central-full-exposure-recall
mcndroid-static,family,gappusin,federation-wide,334,0.9365671641791045,0.9384328358208955,-0.001865671641791078,central-full-exposure-recall
mcndroid-static,family,gappusin,federation-wide,335,0.7821612349914236,0.22469982847341338,0.5574614065180102,central-full-exposure-recall
mcndroid-static,family,gappusin,federation-wide,336,0.9434697855750487,0.9512670565302144,-0.007797270955165692,central-full-exposure-recall
mcndroid-static,family,gappusin,federation-wide,337,0.9489603024574669,0.9357277882797732,0.013232514177693666,central-full-exposure-recall
mcndroid-static,family,gappusin,federation-wide,338,0.9567198177676538,0.9111617312072893,0.04555808656036453,central-full-exposure-recall
mcndroid-static,family,gappusin,federation-wide,339,0.9402697495183044,0.9190751445086706,0.021194605009633882,central-full-exposure-recall
mcndroid-static,family,gappusin,own-domain,330,0.6626506024096386,0.3493975903614458,0.3132530120481928,central-full-exposure-recall
mcndroid-static,family,gappusin,own-domain,331,0.5411764705882353,0.21176470588235294,0.3294117647058823,central-full-exposure-recall
mcndroid-static,family,gappusin,own-domain,332,0.7341772151898734,0.4050632911392405,0.32911392405063294,central-full-exposure-recall
mcndroid-static,family,gappusin,own-domain,334,1.0,0.95,0.050000000000000044,central-full-exposure-recall
mcndroid-static,family,gappusin,own-domain,335,0.625,0.2604166666666667,0.3645833333333333,central-full-exposure-recall
mcndroid-static,family,gappusin,own-domain,339,0.9375,0.875,0.0625,central-full-exposure-recall
mcndroid-static,family,hiddad,federation-wide,330,0.13503649635036497,0.13138686131386862,0.003649635036496346,central-full-exposure-recall
mcndroid-static,family,hiddad,federation-wide,331,0.0819327731092437,0.5399159663865546,-0.4579831932773109,central-full-exposure-recall
mcndroid-static,family,hiddad,federation-wide,332,0.7625482625482626,0.4189189189189189,0.34362934362934366,central-full-exposure-recall
mcndroid-static,family,hiddad,federation-wide,333,0.2149122807017544,0.3157894736842105,-0.10087719298245612,central-full-exposure-recall
mcndroid-static,family,hiddad,federation-wide,334,0.6330935251798561,0.6258992805755396,0.007194244604316502,central-full-exposure-recall
mcndroid-static,family,hiddad,federation-wide,335,0.5888888888888889,0.8074074074074075,-0.21851851851851856,central-full-exposure-recall
mcndroid-static,family,hiddad,federation-wide,336,0.5746268656716418,0.5597014925373134,0.014925373134328401,central-full-exposure-recall
mcndroid-static,family,hiddad,federation-wide,337,0.4129353233830846,0.4975124378109453,-0.0845771144278607,central-full-exposure-recall
mcndroid-static,family,hiddad,federation-wide,338,0.17406143344709898,0.22525597269624573,-0.05119453924914674,central-full-exposure-recall
mcndroid-static,family,hiddad,federation-wide,339,0.5863636363636363,0.6636363636363637,-0.07727272727272738,central-full-exposure-recall
mcndroid-static,family,hiddad,own-domain,331,0.5,0.5,0.0,central-full-exposure-recall
mcndroid-static,family,hiddad,own-domain,332,0.7994722955145118,0.3113456464379947,0.4881266490765171,central-full-exposure-recall
mcndroid-static,family,hiddad,own-domain,333,0.625,0.5625,0.0625,central-full-exposure-recall
mcndroid-static,family,hiddad,own-domain,334,0.6666666666666666,0.6881720430107527,-0.021505376344086113,central-full-exposure-recall
mcndroid-static,family,hiddad,own-domain,335,0.46794871794871795,0.7884615384615384,-0.3205128205128205,central-full-exposure-recall
mcndroid-static,family,hiddad,own-domain,336,0.4852941176470588,0.47058823529411764,0.01470588235294118,central-full-exposure-recall
mcndroid-static,family,hiddad,own-domain,337,0.36666666666666664,0.5222222222222223,-0.1555555555555556,central-full-exposure-recall
mcndroid-static,family,hiddad,own-domain,339,0.6293103448275862,0.6551724137931034,-0.025862068965517238,central-full-exposure-recall
mcndroid-static,family,leadbolt,federation-wide,330,0.480083857442348,0.32075471698113206,0.15932914046121593,central-full-exposure-recall
mcndroid-static,family,leadbolt,federation-wide,331,0.8882575757575758,0.9147727272727273,-0.02651515151515149,central-full-exposure-recall
mcndroid-static,family,leadbolt,federation-wide,332,0.7140864714086471,0.7656903765690377,-0.051603905160390595,central-full-exposure-recall
mcndroid-static,family,leadbolt,federation-wide,333,0.7082683307332294,0.7550702028081123,-0.046801872074882955,central-full-exposure-recall
mcndroid-static,family,leadbolt,federation-wide,334,0.537525354969574,0.5557809330628803,-0.018255578093306357,central-full-exposure-recall
mcndroid-static,family,leadbolt,federation-wide,335,0.4817391304347826,0.42782608695652175,0.05391304347826087,central-full-exposure-recall
mcndroid-static,family,leadbolt,federation-wide,336,0.552901023890785,0.6006825938566553,-0.04778156996587035,central-full-exposure-recall
mcndroid-static,family,leadbolt,federation-wide,337,0.3978494623655914,0.6903225806451613,-0.2924731182795699,central-full-exposure-recall
mcndroid-static,family,leadbolt,federation-wide,338,0.7834507042253521,0.8362676056338029,-0.052816901408450745,central-full-exposure-recall
mcndroid-static,family,leadbolt,federation-wide,339,0.4705056179775281,0.4339887640449438,0.0365168539325843,central-full-exposure-recall
mcndroid-static,family,leadbolt,own-domain,331,0.8791773778920309,0.9177377892030848,-0.03856041131105392,central-full-exposure-recall
mcndroid-static,family,leadbolt,own-domain,332,0.6869409660107334,0.7477638640429338,-0.06082289803220042,central-full-exposure-recall
mcndroid-static,family,leadbolt,own-domain,333,0.6857142857142857,0.7464285714285714,-0.06071428571428572,central-full-exposure-recall
mcndroid-static,family,leadbolt,own-domain,334,0.5769230769230769,0.40384615384615385,0.17307692307692302,central-full-exposure-recall
mcndroid-static,family,leadbolt,own-domain,337,0.6226415094339622,0.7169811320754716,-0.09433962264150941,central-full-exposure-recall
mcndroid-static,family,leadbolt,own-domain,338,0.7494456762749445,0.8093126385809313,-0.05986696230598676,central-full-exposure-recall
mcndroid-static,family,leadbolt,own-domain,339,0.6097560975609756,0.4146341463414634,0.1951219512195122,central-full-exposure-recall
mcndroid-static,family,revmob,federation-wide,330,0.18846153846153846,0.19423076923076923,-0.0057692307692307765,central-full-exposure-recall
mcndroid-static,family,revmob,federation-wide,331,0.24571428571428572,0.18285714285714286,0.06285714285714286,central-full-exposure-recall
mcndroid-static,family,revmob,federation-wide,332,0.47767857142857145,0.29017857142857145,0.1875,central-full-exposure-recall
mcndroid-static,family,revmob,federation-wide,333,0.6796116504854369,0.3106796116504854,0.3689320388349515,central-full-exposure-recall
mcndroid-static,family,revmob,federation-wide,334,0.9259259259259259,0.8809523809523809,0.044973544973545,central-full-exposure-recall
mcndroid-static,family,revmob,federation-wide,335,0.233201581027668,0.17391304347826086,0.05928853754940713,central-full-exposure-recall
mcndroid-static,family,revmob,federation-wide,336,0.4375,0.23706896551724138,0.20043103448275862,central-full-exposure-recall
mcndroid-static,family,revmob,federation-wide,337,0.13617021276595745,0.23829787234042554,-0.1021276595744681,central-full-exposure-recall
mcndroid-static,family,revmob,federation-wide,338,0.5567928730512249,0.48775055679287305,0.06904231625835189,central-full-exposure-recall
mcndroid-static,family,revmob,federation-wide,339,0.4134078212290503,0.09869646182495345,0.31471135940409684,central-full-exposure-recall
mcndroid-static,family,revmob,own-domain,330,0.26666666666666666,0.13333333333333333,0.13333333333333333,central-full-exposure-recall
mcndroid-static,family,revmob,own-domain,331,0.6666666666666666,0.16666666666666666,0.5,central-full-exposure-recall
mcndroid-static,family,revmob,own-domain,332,0.5,0.16666666666666666,0.33333333333333337,central-full-exposure-recall
mcndroid-static,family,revmob,own-domain,333,0.4666666666666667,0.4,0.06666666666666665,central-full-exposure-recall
mcndroid-static,family,revmob,own-domain,334,0.8666666666666667,0.7333333333333333,0.13333333333333341,central-full-exposure-recall
mcndroid-static,family,revmob,own-domain,335,0.3333333333333333,0.26666666666666666,0.06666666666666665,central-full-exposure-recall
mcndroid-static,family,revmob,own-domain,336,0.6,0.08,0.52,central-full-exposure-recall
mcndroid-static,family,revmob,own-domain,339,0.5294117647058824,0.17647058823529413,0.3529411764705882,central-full-exposure-recall
mcndroid-static,priority-macro,,federation-wide,330,0.36829151767684226,0.18546228710462287,0.18282923057221945,central-full-exposure-recall
mcndroid-static,priority-macro,,federation-wide,331,0.3195249646250253,0.31652574431834585,0.0029992203066793823,central-full-exposure-recall
mcndroid-static,priority-macro,,federation-wide,332,0.6330428880865653,0.414402435773068,0.21864045231349727,central-full-exposure-recall
mcndroid-static,priority-macro,,federation-wide,333,0.6089194544738745,0.5244518440737143,0.08446761040016026,central-full-exposure-recall
mcndroid-static,priority-macro,,federation-wide,334,0.8318622050949621,0.8150948324496053,0.01676737264535681,central-full-exposure-recall
mcndroid-static,priority-macro,,federation-wide,335,0.5347505683026602,0.4020067597863606,0.1327438085162996,central-full-exposure-recall
mcndroid-static,priority-macro,,federation-wide,336,0.6518655504155635,0.5826791715282563,0.06918637888730711,central-full-exposure-recall
mcndroid-static,priority-macro,,federation-wide,337,0.49935527953550296,0.5571793661437147,-0.05782408660821171,central-full-exposure-recall
mcndroid-static,priority-macro,,federation-wide,338,0.5625247080886592,0.541389420232136,0.021135287856523226,central-full-exposure-recall
mcndroid-static,priority-macro,,federation-wide,339,0.6466804023703303,0.5604693233233292,0.08621107904700111,central-full-exposure-recall
mcndroid-static,priority-macro,,own-domain,330,0.4646586345381526,0.24136546184738955,0.22329317269076304,central-full-exposure-recall
mcndroid-static,priority-macro,,own-domain,331,0.569281045751634,0.2928104575163399,0.2764705882352941,central-full-exposure-recall
mcndroid-static,priority-macro,,own-domain,332,0.677883170234795,0.2943585347479673,0.3835246354868278,central-full-exposure-recall
mcndroid-static,priority-macro,,own-domain,333,0.5458333333333334,0.48125,0.06458333333333333,central-full-exposure-recall
mcndroid-static,priority-macro,,own-domain,334,0.8444444444444444,0.7905017921146954,0.05394265232974912,central-full-exposure-recall
mcndroid-static,priority-macro,,own-domain,335,0.47542735042735046,0.4385149572649573,0.03691239316239316,central-full-exposure-recall
mcndroid-static,priority-macro,,own-domain,336,0.5426470588235294,0.2752941176470588,0.26735294117647057,central-full-exposure-recall
mcndroid-static,priority-macro,,own-domain,337,0.36666666666666664,0.5222222222222223,-0.1555555555555556,central-full-exposure-recall
mcndroid-static,priority-macro,,own-domain,339,0.6987407031778229,0.5688810006761326,0.12985970250169032,central-full-exposure-recall
report-json,contrast-macro,,federation-wide,330,0.4511532133179917,0.6362918202822562,-0.18513860696426446,central-full-exposure-recall
report-json,contrast-macro,,federation-wide,331,0.6415734073754673,0.939574047890099,-0.29800064051463165,central-full-exposure-recall
report-json,contrast-macro,,federation-wide,332,0.4706951294371671,0.7238492507164461,-0.25315412127927894,central-full-exposure-recall
report-json,contrast-macro,,federation-wide,333,0.5451063420830322,0.811744314894408,-0.26663797281137586,central-full-exposure-recall
report-json,contrast-macro,,federation-wide,334,0.41017523773171627,0.6192740053207798,-0.2090987675890635,central-full-exposure-recall
report-json,contrast-macro,,federation-wide,335,0.2872594587039517,0.6064295755858232,-0.3191701168818714,central-full-exposure-recall
report-json,contrast-macro,,federation-wide,336,0.44773029885560955,0.7247488967805481,-0.2770185979249386,central-full-exposure-recall
report-json,contrast-macro,,federation-wide,337,0.4870138398952642,0.7906624896005917,-0.3036486497053275,central-full-exposure-recall
report-json,contrast-macro,,federation-wide,338,0.4288276607539316,0.7286203355886683,-0.29979267483473676,central-full-exposure-recall
report-json,contrast-macro,,federation-wide,339,0.35808409592788193,0.5459751925652235,-0.18789109663734152,central-full-exposure-recall
report-json,contrast-macro,,own-domain,330,0.5898621883820774,0.7480846319884248,-0.1582224436063474,central-full-exposure-recall
report-json,contrast-macro,,own-domain,331,0.34603630913441014,0.8925314733424857,-0.5464951642080756,central-full-exposure-recall
report-json,contrast-macro,,own-domain,332,0.5064862181508968,0.8695142948275264,-0.36302807667662956,central-full-exposure-recall
report-json,contrast-macro,,own-domain,333,0.40952380952380957,0.813095238095238,-0.4035714285714285,central-full-exposure-recall
report-json,contrast-macro,,own-domain,334,0.37639572451548925,0.6490097290578488,-0.2726140045423595,central-full-exposure-recall
report-json,contrast-macro,,own-domain,335,0.31354030725553494,0.7948691531011746,-0.4813288458456396,central-full-exposure-recall
report-json,contrast-macro,,own-domain,336,0.6227678571428572,0.953125,-0.33035714285714285,central-full-exposure-recall
report-json,contrast-macro,,own-domain,337,0.3970930562290788,0.7022447492274043,-0.3051516929983255,central-full-exposure-recall
report-json,contrast-macro,,own-domain,338,0.2465420758103685,0.8332277478618941,-0.5866856720515257,central-full-exposure-recall
report-json,contrast-macro,,own-domain,339,0.3568395434319585,0.7153758361568879,-0.3585362927249294,central-full-exposure-recall
report-json,family,adwo,federation-wide,330,0.6798780487804879,0.9939024390243902,-0.3140243902439024,central-full-exposure-recall
report-json,family,adwo,federation-wide,331,0.22929936305732485,0.1624203821656051,0.06687898089171976,central-full-exposure-recall
report-json,family,adwo,federation-wide,332,0.24516129032258063,0.43870967741935485,-0.19354838709677422,central-full-exposure-recall
report-json,family,adwo,federation-wide,333,0.18100890207715134,0.42729970326409494,-0.2462908011869436,central-full-exposure-recall
report-json,family,adwo,federation-wide,334,0.2430167597765363,0.3268156424581006,-0.08379888268156427,central-full-exposure-recall
report-json,family,adwo,federation-wide,335,0.07235142118863049,0.3695090439276486,-0.29715762273901813,central-full-exposure-recall
report-json,family,adwo,federation-wide,336,0.26953125,0.51171875,-0.2421875,central-full-exposure-recall
report-json,family,adwo,federation-wide,337,0.08778625954198473,0.1946564885496183,-0.10687022900763359,central-full-exposure-recall
report-json,family,adwo,federation-wide,338,0.07540983606557378,0.18360655737704917,-0.1081967213114754,central-full-exposure-recall
report-json,family,adwo,federation-wide,339,0.6677115987460815,0.9341692789968652,-0.26645768025078365,central-full-exposure-recall
report-json,family,adwo,own-domain,331,0.2,0.2,0.0,central-full-exposure-recall
report-json,family,adwo,own-domain,332,0.22033898305084745,0.3940677966101695,-0.17372881355932204,central-full-exposure-recall
report-json,family,adwo,own-domain,333,0.16607773851590105,0.4098939929328622,-0.24381625441696117,central-full-exposure-recall
report-json,family,adwo,own-domain,334,0.22333333333333333,0.30666666666666664,-0.08333333333333331,central-full-exposure-recall
report-json,family,adwo,own-domain,335,0.07165109034267912,0.35514018691588783,-0.2834890965732087,central-full-exposure-recall
report-json,family,adwo,own-domain,336,0.29310344827586204,0.5172413793103449,-0.22413793103448282,central-full-exposure-recall
report-json,family,adwo,own-domain,337,0.11320754716981132,0.2830188679245283,-0.16981132075471697,central-full-exposure-recall
report-json,family,adwo,own-domain,338,0.08,0.16,-0.08,central-full-exposure-recall
report-json,family,airpush,federation-wide,330,0.7662671232876712,0.9554794520547946,-0.18921232876712335,central-full-exposure-recall
report-json,family,airpush,federation-wide,331,0.6786004882017901,0.9292107404393816,-0.2506102522375915,central-full-exposure-recall
report-json,family,airpush,federation-wide,332,0.30306674684305474,0.5538184004810583,-0.2507516536380036,central-full-exposure-recall
report-json,family,airpush,federation-wide,333,0.44651162790697674,0.7032558139534884,-0.2567441860465116,central-full-exposure-recall
report-json,family,airpush,federation-wide,334,0.3467685892981237,0.4642112578179291,-0.1174426685198054,central-full-exposure-recall
report-json,family,airpush,federation-wide,335,0.2080989876265467,0.6068616422947132,-0.3987626546681665,central-full-exposure-recall
report-json,family,airpush,federation-wide,336,0.3819709702062643,0.5889992360580596,-0.2070282658517953,central-full-exposure-recall
report-json,family,airpush,federation-wide,337,0.662669864108713,0.9024780175859313,-0.2398081534772183,central-full-exposure-recall
report-json,family,airpush,federation-wide,338,0.15715344699777614,0.3780578206078577,-0.22090437361008156,central-full-exposure-recall
report-json,family,airpush,federation-wide,339,0.4035420619860848,0.4794433902593295,-0.07590132827324475,central-full-exposure-recall
report-json,family,airpush,own-domain,330,0.6410256410256411,0.8461538461538461,-0.20512820512820507,central-full-exposure-recall
report-json,family,airpush,own-domain,331,0.2903225806451613,0.8709677419354839,-0.5806451612903225,central-full-exposure-recall
report-json,family,airpush,own-domain,332,0.36666666666666664,1.0,-0.6333333333333333,central-full-exposure-recall
report-json,family,airpush,own-domain,333,0.42142857142857143,0.9428571428571428,-0.5214285714285714,central-full-exposure-recall
report-json,family,airpush,own-domain,334,0.3741935483870968,0.896774193548387,-0.5225806451612902,central-full-exposure-recall
report-json,family,airpush,own-domain,335,0.2985781990521327,0.981042654028436,-0.6824644549763034,central-full-exposure-recall
report-json,family,airpush,own-domain,336,0.7142857142857143,1.0,-0.2857142857142857,central-full-exposure-recall
report-json,family,airpush,own-domain,337,0.6356513222331048,0.9000979431929481,-0.2644466209598433,central-full-exposure-recall
report-json,family,airpush,own-domain,338,0.23809523809523808,0.8571428571428571,-0.6190476190476191,central-full-exposure-recall
report-json,family,airpush,own-domain,339,0.3956043956043956,0.9835164835164835,-0.5879120879120878,central-full-exposure-recall
report-json,family,dowgin,federation-wide,330,0.5222029988465975,0.6326412918108419,-0.11043829296424446,central-full-exposure-recall
report-json,family,dowgin,federation-wide,331,0.8597560975609756,0.9747386759581882,-0.1149825783972126,central-full-exposure-recall
report-json,family,dowgin,federation-wide,332,0.6975821003247925,0.8520389750992422,-0.1544568747744497,central-full-exposure-recall
report-json,family,dowgin,federation-wide,333,0.8533939818054583,0.9769069279216235,-0.12351294611616515,central-full-exposure-recall
report-json,family,dowgin,federation-wide,334,0.6646901867773496,0.8378298250815298,-0.17313963830418022,central-full-exposure-recall
report-json,family,dowgin,federation-wide,335,0.6206359102244389,0.7846009975062345,-0.1639650872817956,central-full-exposure-recall
report-json,family,dowgin,federation-wide,336,0.8315270935960591,0.9845648604269294,-0.15303776683087023,central-full-exposure-recall
report-json,family,dowgin,federation-wide,337,0.6005221932114883,0.7791868705706826,-0.17866467735919433,central-full-exposure-recall
report-json,family,dowgin,federation-wide,338,0.854681647940075,0.9715355805243445,-0.11685393258426957,central-full-exposure-recall
report-json,family,dowgin,federation-wide,339,0.49093494489868467,0.7244934233913971,-0.23355847849271244,central-full-exposure-recall
report-json,family,dowgin,own-domain,330,0.5386987357385137,0.6500154178230034,-0.11131668208448975,central-full-exposure-recall
report-json,family,dowgin,own-domain,331,0.4444444444444444,0.8888888888888888,-0.4444444444444444,central-full-exposure-recall
report-json,family,dowgin,own-domain,332,0.7180871577323563,0.8607790204396452,-0.14269186270728884,central-full-exposure-recall
report-json,family,dowgin,own-domain,333,0.5,0.75,-0.25,central-full-exposure-recall
report-json,family,dowgin,own-domain,334,0.4088397790055249,0.6464088397790055,-0.23756906077348067,central-full-exposure-recall
report-json,family,dowgin,own-domain,335,0.3285024154589372,0.6086956521739131,-0.28019323671497587,central-full-exposure-recall
report-json,family,dowgin,own-domain,336,0.53125,0.90625,-0.375,central-full-exposure-recall
report-json,family,dowgin,own-domain,337,0.3103448275862069,0.4896551724137931,-0.17931034482758618,central-full-exposure-recall
report-json,family,dowgin,own-domain,339,0.5163776493256262,0.7479768786127168,-0.23159922928709054,central-full-exposure-recall
report-json,family,gappusin,federation-wide,330,0.4311740890688259,0.23076923076923078,0.20040485829959515,central-full-exposure-recall
report-json,family,gappusin,federation-wide,331,0.51340206185567,0.2268041237113402,0.2865979381443299,central-full-exposure-recall
report-json,family,gappusin,federation-wide,332,0.3860232945091514,0.5341098169717138,-0.14808652246256238,central-full-exposure-recall
report-json,family,gappusin,federation-wide,333,0.7948717948717948,0.9468864468864469,-0.15201465201465203,central-full-exposure-recall
report-json,family,gappusin,federation-wide,334,0.746268656716418,0.9384328358208955,-0.19216417910447758,central-full-exposure-recall
report-json,family,gappusin,federation-wide,335,0.36192109777015435,0.22469982847341338,0.13722126929674097,central-full-exposure-recall
report-json,family,gappusin,federation-wide,336,0.8752436647173489,0.9512670565302144,-0.07602339181286544,central-full-exposure-recall
report-json,family,gappusin,federation-wide,337,0.7372400756143668,0.9357277882797732,-0.19848771266540643,central-full-exposure-recall
report-json,family,gappusin,federation-wide,338,0.826879271070615,0.9111617312072893,-0.08428246013667429,central-full-exposure-recall
report-json,family,gappusin,federation-wide,339,0.7495183044315993,0.9190751445086706,-0.16955684007707128,central-full-exposure-recall
report-json,family,gappusin,own-domain,330,0.5301204819277109,0.3493975903614458,0.1807228915662651,central-full-exposure-recall
report-json,family,gappusin,own-domain,331,0.5411764705882353,0.21176470588235294,0.3294117647058823,central-full-exposure-recall
report-json,family,gappusin,own-domain,332,0.4810126582278481,0.4050632911392405,0.07594936708860761,central-full-exposure-recall
report-json,family,gappusin,own-domain,334,0.3,0.95,-0.6499999999999999,central-full-exposure-recall
report-json,family,gappusin,own-domain,335,0.4479166666666667,0.2604166666666667,0.1875,central-full-exposure-recall
report-json,family,gappusin,own-domain,339,0.625,0.875,-0.25,central-full-exposure-recall
report-json,family,hiddad,federation-wide,330,0.13138686131386862,0.13138686131386862,0.0,central-full-exposure-recall
report-json,family,hiddad,federation-wide,331,0.06932773109243698,0.5399159663865546,-0.47058823529411764,central-full-exposure-recall
report-json,family,hiddad,federation-wide,332,0.2857142857142857,0.4189189189189189,-0.13320463320463322,central-full-exposure-recall
report-json,family,hiddad,federation-wide,333,0.19298245614035087,0.3157894736842105,-0.12280701754385964,central-full-exposure-recall
report-json,family,hiddad,federation-wide,334,0.3669064748201439,0.6258992805755396,-0.2589928057553957,central-full-exposure-recall
report-json,family,hiddad,federation-wide,335,0.3333333333333333,0.8074074074074075,-0.47407407407407415,central-full-exposure-recall
report-json,family,hiddad,federation-wide,336,0.1865671641791045,0.5597014925373134,-0.3731343283582089,central-full-exposure-recall
report-json,family,hiddad,federation-wide,337,0.24875621890547264,0.4975124378109453,-0.24875621890547264,central-full-exposure-recall
report-json,family,hiddad,federation-wide,338,0.08191126279863481,0.22525597269624573,-0.14334470989761092,central-full-exposure-recall
report-json,family,hiddad,federation-wide,339,0.4954545454545455,0.6636363636363637,-0.1681818181818182,central-full-exposure-recall
report-json,family,hiddad,own-domain,331,0.9375,0.5,0.4375,central-full-exposure-recall
report-json,family,hiddad,own-domain,332,0.16886543535620052,0.3113456464379947,-0.1424802110817942,central-full-exposure-recall
report-json,family,hiddad,own-domain,333,0.6875,0.5625,0.125,central-full-exposure-recall
report-json,family,hiddad,own-domain,334,0.5161290322580645,0.6881720430107527,-0.17204301075268824,central-full-exposure-recall
report-json,family,hiddad,own-domain,335,0.16025641025641027,0.7884615384615384,-0.6282051282051282,central-full-exposure-recall
report-json,family,hiddad,own-domain,336,0.2647058823529412,0.47058823529411764,-0.20588235294117646,central-full-exposure-recall
report-json,family,hiddad,own-domain,337,0.25555555555555554,0.5222222222222223,-0.2666666666666667,central-full-exposure-recall
report-json,family,hiddad,own-domain,339,0.3793103448275862,0.6551724137931034,-0.27586206896551724,central-full-exposure-recall
report-json,family,leadbolt,federation-wide,330,0.0649895178197065,0.32075471698113206,-0.2557651991614256,central-full-exposure-recall
report-json,family,leadbolt,federation-wide,331,0.38636363636363635,0.9147727272727273,-0.5284090909090909,central-full-exposure-recall
report-json,family,leadbolt,federation-wide,332,0.41143654114365413,0.7656903765690377,-0.3542538354253836,central-full-exposure-recall
report-json,family,leadbolt,federation-wide,333,0.33541341653666146,0.7550702028081123,-0.41965678627145087,central-full-exposure-recall
report-json,family,leadbolt,federation-wide,334,0.21906693711967545,0.5557809330628803,-0.3367139959432049,central-full-exposure-recall
report-json,family,leadbolt,federation-wide,335,0.03304347826086956,0.42782608695652175,-0.3947826086956522,central-full-exposure-recall
report-json,family,leadbolt,federation-wide,336,0.1296928327645051,0.6006825938566553,-0.47098976109215024,central-full-exposure-recall
report-json,family,leadbolt,federation-wide,337,0.1978494623655914,0.6903225806451613,-0.49247311827956985,central-full-exposure-recall
report-json,family,leadbolt,federation-wide,338,0.2746478873239437,0.8362676056338029,-0.5616197183098592,central-full-exposure-recall
report-json,family,leadbolt,federation-wide,339,0.1797752808988764,0.4339887640449438,-0.2542134831460674,central-full-exposure-recall
report-json,family,leadbolt,own-domain,331,0.3033419023136247,0.9177377892030848,-0.6143958868894601,central-full-exposure-recall
report-json,family,leadbolt,own-domain,332,0.4347048300536673,0.7477638640429338,-0.31305903398926654,central-full-exposure-recall
report-json,family,leadbolt,own-domain,333,0.30714285714285716,0.7464285714285714,-0.4392857142857143,central-full-exposure-recall
report-json,family,leadbolt,own-domain,334,0.34615384615384615,0.40384615384615385,-0.05769230769230771,central-full-exposure-recall
report-json,family,leadbolt,own-domain,337,0.24528301886792453,0.7169811320754716,-0.4716981132075471,central-full-exposure-recall
report-json,family,leadbolt,own-domain,338,0.2549889135254989,0.8093126385809313,-0.5543237250554324,central-full-exposure-recall
report-json,family,leadbolt,own-domain,339,0.15853658536585366,0.4146341463414634,-0.25609756097560976,central-full-exposure-recall
report-json,family,revmob,federation-wide,330,0.10192307692307692,0.19423076923076923,-0.09230769230769231,central-full-exposure-recall
report-json,family,revmob,federation-wide,331,0.08,0.18285714285714286,-0.10285714285714286,central-full-exposure-recall
report-json,family,revmob,federation-wide,332,0.12723214285714285,0.29017857142857145,-0.1629464285714286,central-full-exposure-recall
report-json,family,revmob,federation-wide,333,0.1383495145631068,0.3106796116504854,-0.17233009708737862,central-full-exposure-recall
report-json,family,revmob,federation-wide,334,0.5423280423280423,0.8809523809523809,-0.3386243386243386,central-full-exposure-recall
report-json,family,revmob,federation-wide,335,0.043478260869565216,0.17391304347826086,-0.13043478260869565,central-full-exposure-recall
report-json,family,revmob,federation-wide,336,0.11853448275862069,0.23706896551724138,-0.11853448275862069,central-full-exposure-recall
report-json,family,revmob,federation-wide,337,0.07659574468085106,0.23829787234042554,-0.16170212765957448,central-full-exposure-recall
report-json,family,revmob,federation-wide,338,0.111358574610245,0.48775055679287305,-0.37639198218262804,central-full-exposure-recall
report-json,family,revmob,federation-wide,339,0.1824953445065177,0.09869646182495345,0.08379888268156424,central-full-exposure-recall
report-json,family,revmob,own-domain,330,0.0,0.13333333333333333,-0.13333333333333333,central-full-exposure-recall
report-json,family,revmob,own-domain,331,0.05555555555555555,0.16666666666666666,-0.1111111111111111,central-full-exposure-recall
report-json,family,revmob,own-domain,332,0.05555555555555555,0.16666666666666666,-0.1111111111111111,central-full-exposure-recall
report-json,family,revmob,own-domain,333,0.06666666666666667,0.4,-0.33333333333333337,central-full-exposure-recall
report-json,family,revmob,own-domain,334,0.26666666666666666,0.7333333333333333,-0.4666666666666666,central-full-exposure-recall
report-json,family,revmob,own-domain,335,0.0,0.26666666666666666,-0.26666666666666666,central-full-exposure-recall
report-json,family,revmob,own-domain,336,0.0,0.08,-0.08,central-full-exposure-recall
report-json,family,revmob,own-domain,339,0.058823529411764705,0.17647058823529413,-0.11764705882352942,central-full-exposure-recall
report-json,priority-macro,,federation-wide,330,0.2214946757685905,0.18546228710462287,0.03603238866396761,central-full-exposure-recall
report-json,priority-macro,,federation-wide,331,0.22090993098270237,0.31652574431834585,-0.09561581333564355,central-full-exposure-recall
report-json,priority-macro,,federation-wide,332,0.26632324102685995,0.414402435773068,-0.14807919474620806,central-full-exposure-recall
report-json,priority-macro,,federation-wide,333,0.37540125519175077,0.5244518440737143,-0.14905058888196343,central-full-exposure-recall
report-json,priority-macro,,federation-wide,334,0.5518343912882014,0.8150948324496053,-0.26326044116140396,central-full-exposure-recall
report-json,priority-macro,,federation-wide,335,0.2462442306576843,0.4020067597863606,-0.15576252912867627,central-full-exposure-recall
report-json,priority-macro,,federation-wide,336,0.39344843721835804,0.5826791715282563,-0.18923073430989834,central-full-exposure-recall
report-json,priority-macro,,federation-wide,337,0.35419734640023015,0.5571793661437147,-0.2029820197434845,central-full-exposure-recall
report-json,priority-macro,,federation-wide,338,0.3400497028264982,0.541389420232136,-0.20133971740563775,central-full-exposure-recall
report-json,priority-macro,,federation-wide,339,0.47582273146422077,0.5604693233233292,-0.08464659185910843,central-full-exposure-recall
report-json,priority-macro,,own-domain,330,0.26506024096385544,0.24136546184738955,0.023694779116465878,central-full-exposure-recall
report-json,priority-macro,,own-domain,331,0.5114106753812636,0.2928104575163399,0.2186002178649237,central-full-exposure-recall
report-json,priority-macro,,own-domain,332,0.2351445497132014,0.2943585347479673,-0.0592139850347659,central-full-exposure-recall
report-json,priority-macro,,own-domain,333,0.3770833333333333,0.48125,-0.10416666666666669,central-full-exposure-recall
report-json,priority-macro,,own-domain,334,0.36093189964157707,0.7905017921146954,-0.4295698924731182,central-full-exposure-recall
report-json,priority-macro,,own-domain,335,0.20272435897435895,0.4385149572649573,-0.23579059829059826,central-full-exposure-recall
report-json,priority-macro,,own-domain,336,0.1323529411764706,0.2752941176470588,-0.14294117647058824,central-full-exposure-recall
report-json,priority-macro,,own-domain,337,0.25555555555555554,0.5222222222222223,-0.2666666666666667,central-full-exposure-recall
report-json,priority-macro,,own-domain,339,0.3543779580797836,0.5688810006761326,-0.2145030425963489,central-full-exposure-recall
call-graph,contrast-macro,,federation-wide,330,0.358162673911761,0.26147000128222087,0.09669267262954018,fedavg-ctk
call-graph,contrast-macro,,federation-wide,331,0.28400977265560806,0.22114996374383347,0.06285980891177456,fedavg-ctk
call-graph,contrast-macro,,federation-wide,332,0.40567399997801673,0.237342045120945,0.16833195485707178,fedavg-ctk
call-graph,contrast-macro,,federation-wide,333,0.35149449689153284,0.2010669612912399,0.15042753560029296,fedavg-ctk
call-graph,contrast-macro,,federation-wide,334,0.4937513190886999,0.24543356908139777,0.24831775000730208,fedavg-ctk
call-graph,contrast-macro,,federation-wide,335,0.4986017707886265,0.2582455905198774,0.24035618026874908,fedavg-ctk
call-graph,contrast-macro,,federation-wide,336,0.4791626551797961,0.2526207330304278,0.22654192214936839,fedavg-ctk
call-graph,contrast-macro,,federation-wide,337,0.3185075636314073,0.22951026271746092,0.08899730091394636,fedavg-ctk
call-graph,contrast-macro,,federation-wide,338,0.2977873978875553,0.1938788060513683,0.103908591836187,fedavg-ctk
call-graph,contrast-macro,,federation-wide,339,0.3848889001559536,0.16504517844112113,0.2198437217148325,fedavg-ctk
call-graph,contrast-macro,,own-domain,330,0.24801347280533217,0.2970065703645722,-0.04899309755924,fedavg-ctk
call-graph,contrast-macro,,own-domain,331,0.3308087090324423,0.15499104710482112,0.1758176619276212,fedavg-ctk
call-graph,contrast-macro,,own-domain,332,0.17589537233211172,0.151185074443579,0.024710297888532684,fedavg-ctk
call-graph,contrast-macro,,own-domain,333,0.27380952380952384,0.0017857142857142794,0.27202380952380956,fedavg-ctk
call-graph,contrast-macro,,own-domain,334,0.22608909239634598,0.21382746345319859,0.012261628943147399,fedavg-ctk
call-graph,contrast-macro,,own-domain,335,0.29434256015752003,0.16164113835657204,0.13270142180094802,fedavg-ctk
call-graph,contrast-macro,,own-domain,336,0.19642857142857145,-0.046875,0.24330357142857145,fedavg-ctk
call-graph,contrast-macro,,own-domain,337,0.2684920932803238,0.17015865692714968,0.09833343635317408,fedavg-ctk
call-graph,contrast-macro,,own-domain,338,0.2072114876992926,0.19448843839087745,0.01272304930841514,fedavg-ctk
call-graph,contrast-macro,,own-domain,339,0.2917252507975756,0.05382329342571838,0.23790195737185724,fedavg-ctk
call-graph,family,adwo,federation-wide,330,0.19207317073170727,0.10670731707317072,0.08536585365853655,fedavg-ctk
call-graph,family,adwo,federation-wide,331,0.2738853503184713,0.10828025477707004,0.16560509554140124,fedavg-ctk
call-graph,family,adwo,federation-wide,332,0.0741935483870968,0.1225806451612903,-0.048387096774193505,fedavg-ctk
call-graph,family,adwo,federation-wide,333,0.08605341246290799,0.09495548961424333,-0.008902077151335341,fedavg-ctk
call-graph,family,adwo,federation-wide,334,0.15083798882681565,0.02234636871508383,0.12849162011173182,fedavg-ctk
call-graph,family,adwo,federation-wide,335,0.11369509043927645,0.025839793281653756,0.08785529715762269,fedavg-ctk
call-graph,family,adwo,federation-wide,336,0.25,0.01171875,0.23828125,fedavg-ctk
call-graph,family,adwo,federation-wide,337,0.17175572519083965,0.041984732824427495,0.12977099236641215,fedavg-ctk
call-graph,family,adwo,federation-wide,338,0.14098360655737713,-0.05901639344262294,0.20000000000000007,fedavg-ctk
call-graph,family,adwo,federation-wide,339,0.21003134796238243,0.10658307210031348,0.10344827586206895,fedavg-ctk
call-graph,family,adwo,own-domain,331,0.18571428571428572,0.12857142857142856,0.05714285714285716,fedavg-ctk
call-graph,family,adwo,own-domain,332,0.07203389830508478,0.1483050847457627,-0.07627118644067793,fedavg-ctk
call-graph,family,adwo,own-domain,333,0.08480565371024734,0.09540636042402828,-0.010600706713780939,fedavg-ctk
call-graph,family,adwo,own-domain,334,0.14,0.016666666666666663,0.12333333333333335,fedavg-ctk
call-graph,family,adwo,own-domain,335,0.09968847352024923,0.0031152647975077885,0.09657320872274144,fedavg-ctk
call-graph,family,adwo,own-domain,336,0.206896551724138,0.05172413793103453,0.15517241379310348,fedavg-ctk
call-graph,family,adwo,own-domain,337,0.16981132075471694,0.07547169811320759,0.09433962264150936,fedavg-ctk
call-graph,family,adwo,own-domain,338,0.08000000000000007,0.0,0.08000000000000007,fedavg-ctk
call-graph,family,airpush,federation-wide,330,0.26369863013698636,0.38869863013698636,-0.125,fedavg-ctk
call-graph,family,airpush,federation-wide,331,0.38242473555736367,0.14239218877135884,0.24003254678600483,fedavg-ctk
call-graph,family,airpush,federation-wide,332,0.8099819603126879,0.4215273601924233,0.38845460012026456,fedavg-ctk
call-graph,family,airpush,federation-wide,333,0.666046511627907,0.35813953488372097,0.307906976744186,fedavg-ctk
call-graph,family,airpush,federation-wide,334,0.7261987491313413,0.3120222376650451,0.4141765114662962,fedavg-ctk
call-graph,family,airpush,federation-wide,335,0.6136107986501687,0.37401574803149606,0.2395950506186726,fedavg-ctk
call-graph,family,airpush,federation-wide,336,0.6768525592055004,0.25897631779984714,0.4178762414056532,fedavg-ctk
call-graph,family,airpush,federation-wide,337,0.3493205435651479,0.3157474020783373,0.03357314148681062,fedavg-ctk
call-graph,family,airpush,federation-wide,338,0.575240919199407,0.24833209785025945,0.32690882134914756,fedavg-ctk
call-graph,family,airpush,federation-wide,339,0.5161290322580645,0.22074636306135353,0.29538266919671097,fedavg-ctk
call-graph,family,airpush,own-domain,330,0.43589743589743585,0.5641025641025641,-0.12820512820512825,fedavg-ctk
call-graph,family,airpush,own-domain,331,0.25806451612903225,0.06451612903225812,0.19354838709677413,fedavg-ctk
call-graph,family,airpush,own-domain,332,0.16666666666666674,0.19999999999999996,-0.033333333333333215,fedavg-ctk
call-graph,family,airpush,own-domain,333,0.29285714285714287,0.050000000000000044,0.24285714285714283,fedavg-ctk
call-graph,family,airpush,own-domain,334,0.32903225806451614,0.38064516129032255,-0.05161290322580642,fedavg-ctk
call-graph,family,airpush,own-domain,335,0.5355450236966826,0.27014218009478663,0.2654028436018959,fedavg-ctk
call-graph,family,airpush,own-domain,336,0.3928571428571429,0.0,0.3928571428571429,fedavg-ctk
call-graph,family,airpush,own-domain,337,0.3849167482859941,0.3457394711067581,0.03917727717923597,fedavg-ctk
call-graph,family,airpush,own-domain,338,0.19047619047619047,0.1428571428571429,0.04761904761904756,fedavg-ctk
call-graph,family,airpush,own-domain,339,0.489010989010989,0.005494505494505586,0.4835164835164834,fedavg-ctk
call-graph,family,dowgin,federation-wide,330,0.06026528258362168,0.028835063437139485,0.0314302191464822,fedavg-ctk
call-graph,family,dowgin,federation-wide,331,0.026422764227642226,0.019163763066202155,0.007259001161440071,fedavg-ctk
call-graph,family,dowgin,federation-wide,332,0.05557560447491883,0.03247924936845903,0.0230963551064598,fedavg-ctk
call-graph,family,dowgin,federation-wide,333,0.05458362491252622,-0.004548635409377222,0.05913226032190344,fedavg-ctk
call-graph,family,dowgin,federation-wide,334,0.16276311888526535,0.0023717758671806255,0.16039134301808472,fedavg-ctk
call-graph,family,dowgin,federation-wide,335,0.12219451371571077,0.02680798004987528,0.0953865336658355,fedavg-ctk
call-graph,family,dowgin,federation-wide,336,0.18555008210180624,0.0022988505747126853,0.18325123152709355,fedavg-ctk
call-graph,family,dowgin,federation-wide,337,0.195449459157031,0.03729951510630358,0.1581499440507274,fedavg-ctk
call-graph,family,dowgin,federation-wide,338,0.10861423220973787,0.026966292134831482,0.08164794007490639,fedavg-ctk
call-graph,family,dowgin,federation-wide,339,0.04443654461429081,0.01315321720583007,0.03128332740846074,fedavg-ctk
call-graph,family,dowgin,own-domain,330,0.0601295097132285,0.029910576626580254,0.030218933086648248,fedavg-ctk
call-graph,family,dowgin,own-domain,331,0.3333333333333333,-0.11111111111111105,0.44444444444444436,fedavg-ctk
call-graph,family,dowgin,own-domain,332,0.04974932510605479,0.028152718858465153,0.021596606247589634,fedavg-ctk
call-graph,family,dowgin,own-domain,333,0.1875,-0.3125,0.5,fedavg-ctk
call-graph,family,dowgin,own-domain,334,0.06077348066298338,-0.027624309392265234,0.08839779005524862,fedavg-ctk
call-graph,family,dowgin,own-domain,335,0.05314009661835756,0.053140096618357446,1.1102230246251565e-16,fedavg-ctk
call-graph,family,dowgin,own-domain,336,0.0,-0.09375,0.09375,fedavg-ctk
call-graph,family,dowgin,own-domain,337,0.06206896551724139,0.01379310344827589,0.0482758620689655,fedavg-ctk
call-graph,family,dowgin,own-domain,339,0.04470134874759152,0.009633911368015391,0.03506743737957613,fedavg-ctk
call-graph,family,gappusin,federation-wide,330,0.20647773279352233,0.09514170040485831,0.11133603238866402,fedavg-ctk
call-graph,family,gappusin,federation-wide,331,0.3154639175257732,0.07216494845360827,0.24329896907216492,fedavg-ctk
call-graph,family,gappusin,federation-wide,332,0.38103161397670543,0.21797004991680533,0.1630615640599001,fedavg-ctk
call-graph,family,gappusin,federation-wide,333,0.13736263736263732,0.09523809523809523,0.042124542124542086,fedavg-ctk
call-graph,family,gappusin,federation-wide,334,0.12126865671641796,0.21082089552238814,-0.08955223880597019,fedavg-ctk
call-graph,family,gappusin,federation-wide,335,0.3413379073756432,0.09777015437392797,0.2435677530017152,fedavg-ctk
call-graph,family,gappusin,federation-wide,336,0.11111111111111116,0.17738791423001954,-0.06627680311890838,fedavg-ctk
call-graph,family,gappusin,federation-wide,337,0.08884688090737236,0.15122873345935728,-0.06238185255198492,fedavg-ctk
call-graph,family,gappusin,federation-wide,338,0.15945330296127558,0.15945330296127558,0.0,fedavg-ctk
call-graph,family,gappusin,federation-wide,339,0.18304431599229287,0.1599229287090559,0.023121387283236983,fedavg-ctk
call-graph,family,gappusin,own-domain,330,0.09638554216867479,0.10843373493975904,-0.012048192771084251,fedavg-ctk
call-graph,family,gappusin,own-domain,331,0.3058823529411765,0.09411764705882353,0.21176470588235297,fedavg-ctk
call-graph,family,gappusin,own-domain,332,0.15189873417721522,0.15189873417721517,5.551115123125783e-17,fedavg-ctk
call-graph,family,gappusin,own-domain,334,0.09999999999999998,0.15000000000000002,-0.050000000000000044,fedavg-ctk
call-graph,family,gappusin,own-domain,335,0.35416666666666663,0.11458333333333334,0.2395833333333333,fedavg-ctk
call-graph,family,gappusin,own-domain,339,0.1875,0.0625,0.125,fedavg-ctk
call-graph,family,hiddad,federation-wide,330,0.03284671532846714,0.04744525547445255,-0.014598540145985411,fedavg-ctk
call-graph,family,hiddad,federation-wide,331,0.38025210084033617,0.4768907563025211,-0.09663865546218492,fedavg-ctk
call-graph,family,hiddad,federation-wide,332,0.009652509652509689,0.0,0.009652509652509689,fedavg-ctk
call-graph,family,hiddad,federation-wide,333,0.08333333333333334,0.1359649122807018,-0.052631578947368446,fedavg-ctk
call-graph,family,hiddad,federation-wide,334,0.08992805755395683,0.1618705035971223,-0.07194244604316546,fedavg-ctk
call-graph,family,hiddad,federation-wide,335,0.025925925925925908,0.05925925925925929,-0.03333333333333338,fedavg-ctk
call-graph,family,hiddad,federation-wide,336,0.19029850746268662,-0.0037313432835821003,0.19402985074626872,fedavg-ctk
call-graph,family,hiddad,federation-wide,337,0.10945273631840799,0.01990049751243783,0.08955223880597016,fedavg-ctk
call-graph,family,hiddad,federation-wide,338,0.0,0.06484641638225253,-0.06484641638225253,fedavg-ctk
call-graph,family,hiddad,federation-wide,339,0.08636363636363636,0.06818181818181812,0.018181818181818243,fedavg-ctk
call-graph,family,hiddad,own-domain,331,0.0,0.0625,-0.0625,fedavg-ctk
call-graph,family,hiddad,own-domain,332,-0.0026385224274406704,0.0026385224274406427,-0.005277044854881313,fedavg-ctk
call-graph,family,hiddad,own-domain,333,0.0,0.0625,-0.0625,fedavg-ctk
call-graph,family,hiddad,own-domain,334,-0.021505376344086002,0.0,-0.021505376344086002,fedavg-ctk
call-graph,family,hiddad,own-domain,335,0.025641025641025633,0.1217948717948718,-0.09615384615384617,fedavg-ctk
call-graph,family,hiddad,own-domain,336,-0.05882352941176472,-0.05882352941176466,-5.551115123125783e-17,fedavg-ctk
call-graph,family,hiddad,own-domain,337,0.08888888888888888,0.04444444444444445,0.044444444444444425,fedavg-ctk
call-graph,family,hiddad,own-domain,339,0.08620689655172414,0.13793103448275856,-0.05172413793103442,fedavg-ctk
call-graph,family,leadbolt,federation-wide,330,0.750524109014675,0.3668763102725367,0.38364779874213834,fedavg-ctk
call-graph,family,leadbolt,federation-wide,331,0.44318181818181823,0.5018939393939394,-0.058712121212121215,fedavg-ctk
call-graph,family,leadbolt,federation-wide,332,0.35146443514644354,0.2580195258019526,0.09344490934449096,fedavg-ctk
call-graph,family,leadbolt,federation-wide,333,0.3338533541341654,0.24960998439937598,0.08424336973478941,fedavg-ctk
call-graph,family,leadbolt,federation-wide,334,0.592292089249493,0.42190669371196754,0.1703853955375254,fedavg-ctk
call-graph,family,leadbolt,federation-wide,335,0.76,0.3739130434782608,0.3860869565217392,fedavg-ctk
call-graph,family,leadbolt,federation-wide,336,0.5750853242320819,0.49658703071672355,0.07849829351535836,fedavg-ctk
call-graph,family,leadbolt,federation-wide,337,0.410752688172043,0.33548387096774196,0.07526881720430106,fedavg-ctk
call-graph,family,leadbolt,federation-wide,338,0.20950704225352113,0.30633802816901406,-0.09683098591549294,fedavg-ctk
call-graph,family,leadbolt,federation-wide,339,0.5941011235955056,0.26123595505617975,0.33286516853932585,fedavg-ctk
call-graph,family,leadbolt,own-domain,331,0.4010282776349614,0.5115681233933163,-0.11053984575835485,fedavg-ctk
call-graph,family,leadbolt,own-domain,332,0.3112701252236136,0.22540250447227195,0.08586762075134163,fedavg-ctk
call-graph,family,leadbolt,own-domain,333,0.34107142857142864,0.2678571428571428,0.07321428571428584,fedavg-ctk
call-graph,family,leadbolt,own-domain,334,0.28846153846153844,0.28846153846153844,0.0,fedavg-ctk
call-graph,family,leadbolt,own-domain,337,0.3584905660377358,0.15094339622641506,0.20754716981132076,fedavg-ctk
call-graph,family,leadbolt,own-domain,338,0.22394678492239473,0.246119733924612,-0.02217294900221728,fedavg-ctk
call-graph,family,leadbolt,own-domain,339,0.3414634146341463,0.14634146341463417,0.19512195121951215,fedavg-ctk
call-graph,family,revmob,federation-wide,330,0.4442307692307692,0.075,0.3692307692307692,fedavg-ctk
call-graph,family,revmob,federation-wide,331,0.5523809523809523,0.16190476190476188,0.3904761904761904,fedavg-ctk
call-graph,family,revmob,federation-wide,332,0.32812499999999994,0.1986607142857143,0.12946428571428564,fedavg-ctk
call-graph,family,revmob,federation-wide,333,0.5558252427184467,0.41019417475728154,0.14563106796116515,fedavg-ctk
call-graph,family,revmob,federation-wide,334,0.5952380952380953,0.3703703703703704,0.22486772486772494,fedavg-ctk
call-graph,family,revmob,federation-wide,335,0.2845849802371542,0.2213438735177866,0.06324110671936758,fedavg-ctk
call-graph,family,revmob,federation-wide,336,0.646551724137931,0.33620689655172414,0.3103448275862069,fedavg-ctk
call-graph,family,revmob,federation-wide,337,0.40638297872340423,0.20425531914893613,0.2021276595744681,fedavg-ctk
call-graph,family,revmob,federation-wide,338,0.2694877505567929,0.21380846325167036,0.05567928730512256,fedavg-ctk
call-graph,family,revmob,federation-wide,339,0.48975791433891996,0.25884543761638734,0.23091247672253262,fedavg-ctk
call-graph,family,revmob,own-domain,330,0.2,0.0,0.2,fedavg-ctk
call-graph,family,revmob,own-domain,331,0.5,0.1111111111111111,0.3888888888888889,fedavg-ctk
call-graph,family,revmob,own-domain,332,0.16666666666666666,0.16666666666666666,0.0,fedavg-ctk
call-graph,family,revmob,own-domain,333,0.4666666666666667,0.39999999999999997,0.06666666666666671,fedavg-ctk
call-graph,family,revmob,own-domain,334,0.6666666666666667,0.6000000000000001,0.06666666666666665,fedavg-ctk
call-graph,family,revmob,own-domain,335,0.4,0.06666666666666667,0.33333333333333337,fedavg-ctk
call-graph,family,revmob,own-domain,336,0.48000000000000004,0.04,0.44000000000000006,fedavg-ctk
call-graph,family,revmob,own-domain,339,0.47058823529411764,0.11764705882352941,0.3529411764705882,fedavg-ctk
call-graph,priority-macro,,federation-wide,330,0.22785173911758624,0.07252898529310363,0.1553227538244826,fedavg-ctk
call-graph,priority-macro,,federation-wide,331,0.4160323235823539,0.2369868222202971,0.1790455013620568,fedavg-ctk
call-graph,priority-macro,,federation-wide,332,0.23960304120973838,0.13887692140083988,0.10072611980889849,fedavg-ctk
call-graph,priority-macro,,federation-wide,333,0.25884040447147244,0.21379906075869284,0.0450413437127796,fedavg-ctk
call-graph,priority-macro,,federation-wide,334,0.26881160316949004,0.24768725649662696,0.021124346672863097,fedavg-ctk
call-graph,priority-macro,,federation-wide,335,0.2172829378462411,0.12612442905032462,0.09115850879591647,fedavg-ctk
call-graph,priority-macro,,federation-wide,336,0.31598711423724296,0.16995448916605385,0.14603262507118908,fedavg-ctk
call-graph,priority-macro,,federation-wide,337,0.20156086531639486,0.1251281833735771,0.07643268194281778,fedavg-ctk
call-graph,priority-macro,,federation-wide,338,0.1429803511726895,0.14603606086506615,-0.003055709692376655,fedavg-ctk
call-graph,priority-macro,,federation-wide,339,0.25305528889828305,0.16231672816908713,0.09073856072919595,fedavg-ctk
call-graph,priority-macro,,own-domain,330,0.1481927710843374,0.05421686746987952,0.09397590361445787,fedavg-ctk
call-graph,priority-macro,,own-domain,331,0.26862745098039215,0.0892429193899782,0.17938453159041398,fedavg-ctk
call-graph,priority-macro,,own-domain,332,0.10530895947214707,0.10706797442377415,-0.0017590149516270859,fedavg-ctk
call-graph,priority-macro,,own-domain,333,0.23333333333333334,0.23124999999999998,0.0020833333333333537,fedavg-ctk
call-graph,priority-macro,,own-domain,334,0.24838709677419357,0.25000000000000006,-0.001612903225806465,fedavg-ctk
call-graph,priority-macro,,own-domain,335,0.25993589743589746,0.10101495726495728,0.15892094017094016,fedavg-ctk
call-graph,priority-macro,,own-domain,336,0.21058823529411766,-0.009411764705882331,0.22,fedavg-ctk
call-graph,priority-macro,,own-domain,337,0.08888888888888888,0.04444444444444445,0.044444444444444425,fedavg-ctk
call-graph,priority-macro,,own-domain,339,0.24809837728194725,0.106026031102096,0.14207234617985126,fedavg-ctk
mcndroid-static,contrast-macro,,federation-wide,330,0.30167080274809305,0.26147000128222087,0.04020080146587224,fedavg-ctk
mcndroid-static,contrast-macro,,federation-wide,331,0.23415483562415432,0.22114996374383347,0.013004871880320845,fedavg-ctk
mcndroid-static,contrast-macro,,federation-wide,332,0.2551309574300399,0.237342045120945,0.017788912309094906,fedavg-ctk
mcndroid-static,contrast-macro,,federation-wide,333,0.23616977662327807,0.2010669612912399,0.03510281533203815,fedavg-ctk
mcndroid-static,contrast-macro,,federation-wide,334,0.18306992934563524,0.24543356908139777,-0.06236363973576253,fedavg-ctk
mcndroid-static,contrast-macro,,federation-wide,335,0.22941670700573688,0.2582455905198774,-0.028828883514140518,fedavg-ctk
mcndroid-static,contrast-macro,,federation-wide,336,0.2691434407008762,0.2526207330304278,0.01652270767044839,fedavg-ctk
mcndroid-static,contrast-macro,,federation-wide,337,0.21061292150959962,0.22951026271746092,-0.01889734120786135,fedavg-ctk
mcndroid-static,contrast-macro,,federation-wide,338,0.15180174614941108,0.1938788060513683,-0.04207705990195724,fedavg-ctk
mcndroid-static,contrast-macro,,federation-wide,339,0.17248125980127363,0.16504517844112113,0.0074360813601525395,fedavg-ctk
mcndroid-static,contrast-macro,,own-domain,330,0.3317678313052966,0.2970065703645722,0.0347612609407244,fedavg-ctk
mcndroid-static,contrast-macro,,own-domain,331,0.2515640692521031,0.15499104710482112,0.09657302214728199,fedavg-ctk
mcndroid-static,contrast-macro,,own-domain,332,0.16257531112731605,0.151185074443579,0.011390236683737029,fedavg-ctk
mcndroid-static,contrast-macro,,own-domain,333,0.09642857142857143,0.0017857142857142794,0.09464285714285715,fedavg-ctk
mcndroid-static,contrast-macro,,own-domain,334,0.292006315433512,0.21382746345319859,0.07817885198031342,fedavg-ctk
mcndroid-static,contrast-macro,,own-domain,335,0.32273278842411335,0.16164113835657204,0.1610916500675413,fedavg-ctk
mcndroid-static,contrast-macro,,own-domain,336,0.002232142857142849,-0.046875,0.04910714285714285,fedavg-ctk
mcndroid-static,contrast-macro,,own-domain,337,0.24293229727235324,0.17015865692714968,0.07277364034520356,fedavg-ctk
mcndroid-static,contrast-macro,,own-domain,338,0.3279484742899377,0.19448843839087745,0.13346003589906025,fedavg-ctk
mcndroid-static,contrast-macro,,own-domain,339,0.19534239590633215,0.05382329342571838,0.14151910248061378,fedavg-ctk
mcndroid-static,family,adwo,federation-wide,330,0.2164634146341463,0.10670731707317072,0.1097560975609756,fedavg-ctk
mcndroid-static,family,adwo,federation-wide,331,0.15923566878980888,0.10828025477707004,0.05095541401273884,fedavg-ctk
mcndroid-static,family,adwo,federation-wide,332,0.1387096774193548,0.1225806451612903,0.016129032258064502,fedavg-ctk
mcndroid-static,family,adwo,federation-wide,333,0.12166172106824924,0.09495548961424333,0.026706231454005913,fedavg-ctk
mcndroid-static,family,adwo,federation-wide,334,0.11452513966480443,0.02234636871508383,0.0921787709497206,fedavg-ctk
mcndroid-static,family,adwo,federation-wide,335,0.18863049095607232,0.025839793281653756,0.16279069767441856,fedavg-ctk
mcndroid-static,family,adwo,federation-wide,336,0.203125,0.01171875,0.19140625,fedavg-ctk
mcndroid-static,family,adwo,federation-wide,337,0.11832061068702293,0.041984732824427495,0.07633587786259544,fedavg-ctk
mcndroid-static,family,adwo,federation-wide,338,0.16393442622950816,-0.05901639344262294,0.2229508196721311,fedavg-ctk
mcndroid-static,family,adwo,federation-wide,339,0.10971786833855801,0.10658307210031348,0.0031347962382445305,fedavg-ctk
mcndroid-static,family,adwo,own-domain,331,0.042857142857142816,0.12857142857142856,-0.08571428571428574,fedavg-ctk
mcndroid-static,family,adwo,own-domain,332,0.15677966101694918,0.1483050847457627,0.008474576271186474,fedavg-ctk
mcndroid-static,family,adwo,own-domain,333,0.12367491166077743,0.09540636042402828,0.02826855123674915,fedavg-ctk
mcndroid-static,family,adwo,own-domain,334,0.10333333333333333,0.016666666666666663,0.08666666666666667,fedavg-ctk
mcndroid-static,family,adwo,own-domain,335,0.19003115264797504,0.0031152647975077885,0.18691588785046725,fedavg-ctk
mcndroid-static,family,adwo,own-domain,336,0.18965517241379304,0.05172413793103453,0.1379310344827585,fedavg-ctk
mcndroid-static,family,adwo,own-domain,337,0.13207547169811318,0.07547169811320759,0.05660377358490559,fedavg-ctk
mcndroid-static,family,adwo,own-domain,338,0.16000000000000003,0.0,0.16000000000000003,fedavg-ctk
mcndroid-static,family,airpush,federation-wide,330,0.49743150684931503,0.38869863013698636,0.10873287671232867,fedavg-ctk
mcndroid-static,family,airpush,federation-wide,331,0.20504475183075677,0.14239218877135884,0.06265256305939793,fedavg-ctk
mcndroid-static,family,airpush,federation-wide,332,0.47925435959110047,0.4215273601924233,0.05772699939867715,fedavg-ctk
mcndroid-static,family,airpush,federation-wide,333,0.4241860465116279,0.35813953488372097,0.06604651162790692,fedavg-ctk
mcndroid-static,family,airpush,federation-wide,334,0.27241139680333565,0.3120222376650451,-0.03961084086170946,fedavg-ctk
mcndroid-static,family,airpush,federation-wide,335,0.3110236220472441,0.37401574803149606,-0.06299212598425197,fedavg-ctk
mcndroid-static,family,airpush,federation-wide,336,0.3223834988540871,0.25897631779984714,0.06340718105423998,fedavg-ctk
mcndroid-static,family,airpush,federation-wide,337,0.3741007194244604,0.3157474020783373,0.05835331734612309,fedavg-ctk
mcndroid-static,family,airpush,federation-wide,338,0.16679021497405483,0.24833209785025945,-0.08154188287620462,fedavg-ctk
mcndroid-static,family,airpush,federation-wide,339,0.23845667299177734,0.22074636306135353,0.0177103099304238,fedavg-ctk
mcndroid-static,family,airpush,own-domain,330,0.641025641025641,0.5641025641025641,0.07692307692307687,fedavg-ctk
mcndroid-static,family,airpush,own-domain,331,0.16129032258064524,0.06451612903225812,0.09677419354838712,fedavg-ctk
mcndroid-static,family,airpush,own-domain,332,0.19999999999999996,0.19999999999999996,0.0,fedavg-ctk
mcndroid-static,family,airpush,own-domain,333,0.2142857142857143,0.050000000000000044,0.16428571428571426,fedavg-ctk
mcndroid-static,family,airpush,own-domain,334,0.6258064516129032,0.38064516129032255,0.2451612903225806,fedavg-ctk
mcndroid-static,family,airpush,own-domain,335,0.5971563981042654,0.27014218009478663,0.3270142180094787,fedavg-ctk
mcndroid-static,family,airpush,own-domain,336,0.0357142857142857,0.0,0.0357142857142857,fedavg-ctk
mcndroid-static,family,airpush,own-domain,337,0.356513222331048,0.3457394711067581,0.010773751224289863,fedavg-ctk
mcndroid-static,family,airpush,own-domain,338,0.38095238095238093,0.1428571428571429,0.23809523809523803,fedavg-ctk
mcndroid-static,family,airpush,own-domain,339,0.3351648351648351,0.005494505494505586,0.3296703296703295,fedavg-ctk
mcndroid-static,family,dowgin,federation-wide,330,0.02393310265282589,0.028835063437139485,-0.004901960784313597,fedavg-ctk
mcndroid-static,family,dowgin,federation-wide,331,0.029616724738675937,0.019163763066202155,0.010452961672473782,fedavg-ctk
mcndroid-static,family,dowgin,federation-wide,332,0.01696138578130646,0.03247924936845903,-0.01551786358715257,fedavg-ctk
mcndroid-static,family,dowgin,federation-wide,333,0.023792862141357562,-0.004548635409377222,0.028341497550734784,fedavg-ctk
mcndroid-static,family,dowgin,federation-wide,334,0.0029647198339757264,0.0023717758671806255,0.0005929439667951009,fedavg-ctk
mcndroid-static,family,dowgin,federation-wide,335,0.02244389027431426,0.02680798004987528,-0.00436408977556102,fedavg-ctk
mcndroid-static,family,dowgin,federation-wide,336,0.015763546798029493,0.0022988505747126853,0.013464696223316808,fedavg-ctk
mcndroid-static,family,dowgin,federation-wide,337,-0.017530772099962677,0.03729951510630358,-0.05483028720626626,fedavg-ctk
mcndroid-static,family,dowgin,federation-wide,338,0.033333333333333326,0.026966292134831482,0.006367041198501844,fedavg-ctk
mcndroid-static,family,dowgin,federation-wide,339,0.04443654461429081,0.01315321720583007,0.03128332740846074,fedavg-ctk
mcndroid-static,family,dowgin,own-domain,330,0.02251002158495219,0.029910576626580254,-0.007400555041628065,fedavg-ctk
mcndroid-static,family,dowgin,own-domain,331,0.16666666666666663,-0.11111111111111105,0.2777777777777777,fedavg-ctk
mcndroid-static,family,dowgin,own-domain,332,0.01581180100269952,0.028152718858465153,-0.012340917855765632,fedavg-ctk
mcndroid-static,family,dowgin,own-domain,333,-0.1875,-0.3125,0.125,fedavg-ctk
mcndroid-static,family,dowgin,own-domain,334,0.03867403314917128,-0.027624309392265234,0.06629834254143652,fedavg-ctk
mcndroid-static,family,dowgin,own-domain,335,0.048309178743961345,0.053140096618357446,-0.004830917874396101,fedavg-ctk
mcndroid-static,family,dowgin,own-domain,336,-0.03125,-0.09375,0.0625,fedavg-ctk
mcndroid-static,family,dowgin,own-domain,337,0.01379310344827589,0.01379310344827589,0.0,fedavg-ctk
mcndroid-static,family,dowgin,own-domain,339,0.04354527938342967,0.009633911368015391,0.03391136801541428,fedavg-ctk
mcndroid-static,family,gappusin,federation-wide,330,0.2793522267206478,0.09514170040485831,0.1842105263157895,fedavg-ctk
mcndroid-static,family,gappusin,federation-wide,331,0.24948453608247428,0.07216494845360827,0.17731958762886602,fedavg-ctk
mcndroid-static,family,gappusin,federation-wide,332,0.3344425956738768,0.21797004991680533,0.11647254575707147,fedavg-ctk
mcndroid-static,family,gappusin,federation-wide,333,0.28937728937728935,0.09523809523809523,0.19413919413919412,fedavg-ctk
mcndroid-static,family,gappusin,federation-wide,334,0.32649253731343286,0.21082089552238814,0.11567164179104472,fedavg-ctk
mcndroid-static,family,gappusin,federation-wide,335,0.3293310463121784,0.09777015437392797,0.23156089193825044,fedavg-ctk
mcndroid-static,family,gappusin,federation-wide,336,0.3879142300194931,0.17738791423001954,0.21052631578947356,fedavg-ctk
mcndroid-static,family,gappusin,federation-wide,337,0.30434782608695654,0.15122873345935728,0.15311909262759926,fedavg-ctk
mcndroid-static,family,gappusin,federation-wide,338,0.419134396355353,0.15945330296127558,0.2596810933940774,fedavg-ctk
mcndroid-static,family,gappusin,federation-wide,339,0.2601156069364162,0.1599229287090559,0.10019267822736033,fedavg-ctk
mcndroid-static,family,gappusin,own-domain,330,0.1927710843373494,0.10843373493975904,0.08433734939759037,fedavg-ctk
mcndroid-static,family,gappusin,own-domain,331,0.16470588235294115,0.09411764705882353,0.07058823529411762,fedavg-ctk
mcndroid-static,family,gappusin,own-domain,332,0.1392405063291139,0.15189873417721517,-0.012658227848101278,fedavg-ctk
mcndroid-static,family,gappusin,own-domain,334,0.19999999999999996,0.15000000000000002,0.04999999999999993,fedavg-ctk
mcndroid-static,family,gappusin,own-domain,335,0.125,0.11458333333333334,0.010416666666666657,fedavg-ctk
mcndroid-static,family,gappusin,own-domain,339,0.0,0.0625,-0.0625,fedavg-ctk
mcndroid-static,family,hiddad,federation-wide,330,0.021897810218978103,0.04744525547445255,-0.02554744525547445,fedavg-ctk
mcndroid-static,family,hiddad,federation-wide,331,0.016806722689075626,0.4768907563025211,-0.46008403361344546,fedavg-ctk
mcndroid-static,family,hiddad,federation-wide,332,0.0926640926640927,0.0,0.0926640926640927,fedavg-ctk
mcndroid-static,family,hiddad,federation-wide,333,0.06140350877192985,0.1359649122807018,-0.07456140350877194,fedavg-ctk
mcndroid-static,family,hiddad,federation-wide,334,0.1618705035971223,0.1618705035971223,0.0,fedavg-ctk
mcndroid-static,family,hiddad,federation-wide,335,0.0444444444444444,0.05925925925925929,-0.014814814814814892,fedavg-ctk
mcndroid-static,family,hiddad,federation-wide,336,0.03731343283582089,-0.0037313432835821003,0.04104477611940299,fedavg-ctk
mcndroid-static,family,hiddad,federation-wide,337,0.08955223880597019,0.01990049751243783,0.06965174129353235,fedavg-ctk
mcndroid-static,family,hiddad,federation-wide,338,0.02730375426621162,0.06484641638225253,-0.037542662116040904,fedavg-ctk
mcndroid-static,family,hiddad,federation-wide,339,-0.018181818181818188,0.06818181818181812,-0.08636363636363631,fedavg-ctk
mcndroid-static,family,hiddad,own-domain,331,-0.0625,0.0625,-0.125,fedavg-ctk
mcndroid-static,family,hiddad,own-domain,332,0.11609498680738783,0.0026385224274406427,0.11345646437994719,fedavg-ctk
mcndroid-static,family,hiddad,own-domain,333,0.0,0.0625,-0.0625,fedavg-ctk
mcndroid-static,family,hiddad,own-domain,334,0.010752688172043001,0.0,0.010752688172043001,fedavg-ctk
mcndroid-static,family,hiddad,own-domain,335,0.019230769230769246,0.1217948717948718,-0.10256410256410256,fedavg-ctk
mcndroid-static,family,hiddad,own-domain,336,-0.02941176470588236,-0.05882352941176466,0.029411764705882304,fedavg-ctk
mcndroid-static,family,hiddad,own-domain,337,0.12222222222222223,0.04444444444444445,0.07777777777777778,fedavg-ctk
mcndroid-static,family,hiddad,own-domain,339,-0.051724137931034475,0.13793103448275856,-0.18965517241379304,fedavg-ctk
mcndroid-static,family,leadbolt,federation-wide,330,0.38364779874213834,0.3668763102725367,0.016771488469601636,fedavg-ctk
mcndroid-static,family,leadbolt,federation-wide,331,0.4678030303030303,0.5018939393939394,-0.03409090909090917,fedavg-ctk
mcndroid-static,family,leadbolt,federation-wide,332,0.26917712691771273,0.2580195258019526,0.01115760111576014,fedavg-ctk
mcndroid-static,family,leadbolt,federation-wide,333,0.2605304212168487,0.24960998439937598,0.010920436817472734,fedavg-ctk
mcndroid-static,family,leadbolt,federation-wide,334,0.2738336713995943,0.42190669371196754,-0.14807302231237324,fedavg-ctk
mcndroid-static,family,leadbolt,federation-wide,335,0.35478260869565226,0.3739130434782608,-0.019130434782608563,fedavg-ctk
mcndroid-static,family,leadbolt,federation-wide,336,0.46928327645051193,0.49658703071672355,-0.02730375426621162,fedavg-ctk
mcndroid-static,family,leadbolt,federation-wide,337,0.2752688172043011,0.33548387096774196,-0.060215053763440884,fedavg-ctk
mcndroid-static,family,leadbolt,federation-wide,338,0.2552816901408451,0.30633802816901406,-0.051056338028168946,fedavg-ctk
mcndroid-static,family,leadbolt,federation-wide,339,0.23455056179775283,0.26123595505617975,-0.02668539325842692,fedavg-ctk
mcndroid-static,family,leadbolt,own-domain,331,0.4267352185089974,0.5115681233933163,-0.08483290488431883,fedavg-ctk
mcndroid-static,family,leadbolt,own-domain,332,0.27191413237924866,0.22540250447227195,0.046511627906976716,fedavg-ctk
mcndroid-static,family,leadbolt,own-domain,333,0.2625,0.2678571428571428,-0.005357142857142783,fedavg-ctk
mcndroid-static,family,leadbolt,own-domain,334,0.21153846153846156,0.28846153846153844,-0.07692307692307687,fedavg-ctk
mcndroid-static,family,leadbolt,own-domain,337,0.3584905660377359,0.15094339622641506,0.20754716981132082,fedavg-ctk
mcndroid-static,family,leadbolt,own-domain,338,0.2749445676274945,0.246119733924612,0.02882483370288247,fedavg-ctk
mcndroid-static,family,leadbolt,own-domain,339,0.20731707317073172,0.14634146341463417,0.06097560975609756,fedavg-ctk
mcndroid-static,family,revmob,federation-wide,330,0.11538461538461538,0.075,0.04038461538461538,fedavg-ctk
mcndroid-static,family,revmob,federation-wide,331,0.29714285714285715,0.16190476190476188,0.13523809523809527,fedavg-ctk
mcndroid-static,family,revmob,federation-wide,332,0.3169642857142857,0.1986607142857143,0.1183035714285714,fedavg-ctk
mcndroid-static,family,revmob,federation-wide,333,0.5194174757281553,0.41019417475728154,0.1092233009708738,fedavg-ctk
mcndroid-static,family,revmob,federation-wide,334,0.6243386243386244,0.3703703703703704,0.253968253968254,fedavg-ctk
mcndroid-static,family,revmob,federation-wide,335,0.20948616600790515,0.2213438735177866,-0.011857707509881438,fedavg-ctk
mcndroid-static,family,revmob,federation-wide,336,0.4978448275862069,0.33620689655172414,0.16163793103448276,fedavg-ctk
mcndroid-static,family,revmob,federation-wide,337,0.225531914893617,0.20425531914893613,0.021276595744680882,fedavg-ctk
mcndroid-static,family,revmob,federation-wide,338,0.40757238307349664,0.21380846325167036,0.19376391982182628,fedavg-ctk
mcndroid-static,family,revmob,federation-wide,339,0.3929236499068901,0.25884543761638734,0.13407821229050276,fedavg-ctk
mcndroid-static,family,revmob,own-domain,330,0.0,0.0,0.0,fedavg-ctk
mcndroid-static,family,revmob,own-domain,331,0.3888888888888889,0.1111111111111111,0.2777777777777778,fedavg-ctk
mcndroid-static,family,revmob,own-domain,332,0.6666666666666666,0.16666666666666666,0.5,fedavg-ctk
mcndroid-static,family,revmob,own-domain,333,0.19999999999999996,0.39999999999999997,-0.2,fedavg-ctk
mcndroid-static,family,revmob,own-domain,334,0.8,0.6000000000000001,0.19999999999999996,fedavg-ctk
mcndroid-static,family,revmob,own-domain,335,0.4,0.06666666666666667,0.33333333333333337,fedavg-ctk
mcndroid-static,family,revmob,own-domain,336,0.56,0.04,0.52,fedavg-ctk
mcndroid-static,family,revmob,own-domain,339,0.4117647058823529,0.11764705882352941,0.2941176470588235,fedavg-ctk
mcndroid-static,priority-macro,,federation-wide,330,0.13887821744141376,0.07252898529310363,0.06634923214831014,fedavg-ctk
mcndroid-static,priority-macro,,federation-wide,331,0.18781137197146902,0.2369868222202971,-0.04917545024882806,fedavg-ctk
mcndroid-static,priority-macro,,federation-wide,332,0.2480236580174184,0.13887692140083988,0.10914673661657852,fedavg-ctk
mcndroid-static,priority-macro,,federation-wide,333,0.2900660912924582,0.21379906075869284,0.07626703053376532,fedavg-ctk
mcndroid-static,priority-macro,,federation-wide,334,0.3709005550830599,0.24768725649662696,0.12321329858643291,fedavg-ctk
mcndroid-static,priority-macro,,federation-wide,335,0.19442055225484264,0.12612442905032462,0.06829612320451804,fedavg-ctk
mcndroid-static,priority-macro,,federation-wide,336,0.30769083014717363,0.16995448916605385,0.13773634098111978,fedavg-ctk
mcndroid-static,priority-macro,,federation-wide,337,0.20647732659551457,0.1251281833735771,0.0813491432219375,fedavg-ctk
mcndroid-static,priority-macro,,federation-wide,338,0.28467017789835375,0.14603606086506615,0.1386341170332876,fedavg-ctk
mcndroid-static,priority-macro,,federation-wide,339,0.21161914622049605,0.16231672816908713,0.049302418051408926,fedavg-ctk
mcndroid-static,priority-macro,,own-domain,330,0.0963855421686747,0.05421686746987952,0.042168674698795185,fedavg-ctk
mcndroid-static,priority-macro,,own-domain,331,0.16369825708061,0.0892429193899782,0.0744553376906318,fedavg-ctk
mcndroid-static,priority-macro,,own-domain,332,0.3073340532677228,0.10706797442377415,0.20026607884394865,fedavg-ctk
mcndroid-static,priority-macro,,own-domain,333,0.09999999999999998,0.23124999999999998,-0.13125,fedavg-ctk
mcndroid-static,priority-macro,,own-domain,334,0.33691756272401435,0.25000000000000006,0.0869175627240143,fedavg-ctk
mcndroid-static,priority-macro,,own-domain,335,0.18141025641025643,0.10101495726495728,0.08039529914529915,fedavg-ctk
mcndroid-static,priority-macro,,own-domain,336,0.26529411764705885,-0.009411764705882331,0.27470588235294113,fedavg-ctk
mcndroid-static,priority-macro,,own-domain,337,0.12222222222222223,0.04444444444444445,0.07777777777777778,fedavg-ctk
mcndroid-static,priority-macro,,own-domain,339,0.12001352265043948,0.106026031102096,0.013987491548343481,fedavg-ctk
report-json,contrast-macro,,federation-wide,330,0.1261112049341687,0.26147000128222087,-0.13535879634805217,fedavg-ctk
report-json,contrast-macro,,federation-wide,331,0.1708909339022062,0.22114996374383347,-0.0502590298416273,fedavg-ctk
report-json,contrast-macro,,federation-wide,332,0.12494820822779353,0.237342045120945,-0.11239383689315145,fedavg-ctk
report-json,contrast-macro,,federation-wide,333,0.18255097068335027,0.2010669612912399,-0.018515990607889648,fedavg-ctk
report-json,contrast-macro,,federation-wide,334,0.1665287566510553,0.24543356908139777,-0.07890481243034246,fedavg-ctk
report-json,contrast-macro,,federation-wide,335,0.11380726791130942,0.2582455905198774,-0.14443832260856795,fedavg-ctk
report-json,contrast-macro,,federation-wide,336,0.1621084078297351,0.2526207330304278,-0.09051232520069269,fedavg-ctk
report-json,contrast-macro,,federation-wide,337,0.22234460469389247,0.22951026271746092,-0.0071656580235685,fedavg-ctk
report-json,contrast-macro,,federation-wide,338,0.14340124788417738,0.1938788060513683,-0.05047755816719094,fedavg-ctk
report-json,contrast-macro,,federation-wide,339,0.15416636139944676,0.16504517844112113,-0.010878817041674343,fedavg-ctk
report-json,contrast-macro,,own-domain,330,0.09866220735785952,0.2970065703645722,-0.19834436300671265,fedavg-ctk
report-json,contrast-macro,,own-domain,331,0.03997014677833983,0.15499104710482112,-0.11502090032648127,fedavg-ctk
report-json,contrast-macro,,own-domain,332,0.07877094907830609,0.151185074443579,-0.07241412536527293,fedavg-ctk
report-json,contrast-macro,,own-domain,333,0.07797619047619048,0.0017857142857142794,0.0761904761904762,fedavg-ctk
report-json,contrast-macro,,own-domain,334,0.10971443455849088,0.21382746345319859,-0.10411302889470771,fedavg-ctk
report-json,contrast-macro,,own-domain,335,0.12409277193946472,0.16164113835657204,-0.03754836641710732,fedavg-ctk
report-json,contrast-macro,,own-domain,336,0.18973214285714285,-0.046875,0.23660714285714285,fedavg-ctk
report-json,contrast-macro,,own-domain,337,0.1512718277270361,0.17015865692714968,-0.018886829200113604,fedavg-ctk
report-json,contrast-macro,,own-domain,338,0.07813324886495618,0.19448843839087745,-0.11635518952592128,fedavg-ctk
report-json,contrast-macro,,own-domain,339,0.10662547659586995,0.05382329342571838,0.05280218317015156,fedavg-ctk
report-json,family,adwo,federation-wide,330,0.08536585365853655,0.10670731707317072,-0.021341463414634165,fedavg-ctk
report-json,family,adwo,federation-wide,331,-0.019108280254777066,0.10828025477707004,-0.1273885350318471,fedavg-ctk
report-json,family,adwo,federation-wide,332,0.04838709677419355,0.1225806451612903,-0.07419354838709676,fedavg-ctk
report-json,family,adwo,federation-wide,333,0.011869436201780409,0.09495548961424333,-0.08308605341246292,fedavg-ctk
report-json,family,adwo,federation-wide,334,0.05027932960893852,0.02234636871508383,0.02793296089385469,fedavg-ctk
report-json,family,adwo,federation-wide,335,0.002583979328165377,0.025839793281653756,-0.02325581395348838,fedavg-ctk
report-json,family,adwo,federation-wide,336,0.0,0.01171875,-0.01171875,fedavg-ctk
report-json,family,adwo,federation-wide,337,0.022900763358778622,0.041984732824427495,-0.019083969465648873,fedavg-ctk
report-json,family,adwo,federation-wide,338,0.0360655737704918,-0.05901639344262294,0.09508196721311474,fedavg-ctk
report-json,family,adwo,federation-wide,339,0.09090909090909088,0.10658307210031348,-0.015673981191222597,fedavg-ctk
report-json,family,adwo,own-domain,331,0.0,0.12857142857142856,-0.12857142857142856,fedavg-ctk
report-json,family,adwo,own-domain,332,0.05508474576271187,0.1483050847457627,-0.09322033898305083,fedavg-ctk
report-json,family,adwo,own-domain,333,0.014134275618374562,0.09540636042402828,-0.08127208480565372,fedavg-ctk
report-json,family,adwo,own-domain,334,0.04000000000000001,0.016666666666666663,0.023333333333333345,fedavg-ctk
report-json,family,adwo,own-domain,335,-0.0031152647975077885,0.0031152647975077885,-0.006230529595015577,fedavg-ctk
report-json,family,adwo,own-domain,336,0.017241379310344834,0.05172413793103453,-0.034482758620689696,fedavg-ctk
report-json,family,adwo,own-domain,337,-0.018867924528301883,0.07547169811320759,-0.09433962264150947,fedavg-ctk
report-json,family,adwo,own-domain,338,0.0,0.0,0.0,fedavg-ctk
report-json,family,airpush,federation-wide,330,0.25599315068493156,0.38869863013698636,-0.1327054794520548,fedavg-ctk
report-json,family,airpush,federation-wide,331,0.2855980471928397,0.14239218877135884,0.14320585842148087,fedavg-ctk
report-json,family,airpush,federation-wide,332,0.3265183403487673,0.4215273601924233,-0.095009019843656,fedavg-ctk
report-json,family,airpush,federation-wide,333,0.3544186046511628,0.35813953488372097,-0.0037209302325581506,fedavg-ctk
report-json,family,airpush,federation-wide,334,0.2209867963863794,0.3120222376650451,-0.0910354412786657,fedavg-ctk
report-json,family,airpush,federation-wide,335,0.14454443194600675,0.37401574803149606,-0.22947131608548932,fedavg-ctk
report-json,family,airpush,federation-wide,336,0.2765469824293354,0.25897631779984714,0.017570664629488253,fedavg-ctk
report-json,family,airpush,federation-wide,337,0.24620303756994402,0.3157474020783373,-0.06954436450839327,fedavg-ctk
report-json,family,airpush,federation-wide,338,0.19644180874722014,0.24833209785025945,-0.051890289103039305,fedavg-ctk
report-json,family,airpush,federation-wide,339,0.3023402909550917,0.22074636306135353,0.08159392789373815,fedavg-ctk
report-json,family,airpush,own-domain,330,0.1538461538461538,0.5641025641025641,-0.4102564102564103,fedavg-ctk
report-json,family,airpush,own-domain,331,0.0967741935483871,0.06451612903225812,0.032258064516128976,fedavg-ctk
report-json,family,airpush,own-domain,332,0.19999999999999998,0.19999999999999996,2.7755575615628914e-17,fedavg-ctk
report-json,family,airpush,own-domain,333,0.17142857142857143,0.050000000000000044,0.12142857142857139,fedavg-ctk
report-json,family,airpush,own-domain,334,0.14193548387096774,0.38064516129032255,-0.2387096774193548,fedavg-ctk
report-json,family,airpush,own-domain,335,0.15639810426540285,0.27014218009478663,-0.11374407582938378,fedavg-ctk
report-json,family,airpush,own-domain,336,0.2857142857142857,0.0,0.2857142857142857,fedavg-ctk
report-json,family,airpush,own-domain,337,0.23898139079333988,0.3457394711067581,-0.10675808031341824,fedavg-ctk
report-json,family,airpush,own-domain,338,0.047619047619047616,0.1428571428571429,-0.09523809523809529,fedavg-ctk
report-json,family,airpush,own-domain,339,0.2032967032967033,0.005494505494505586,0.1978021978021977,fedavg-ctk
report-json,family,dowgin,federation-wide,330,0.04267589388696652,0.028835063437139485,0.013840830449827035,fedavg-ctk
report-json,family,dowgin,federation-wide,331,0.13995354239256674,0.019163763066202155,0.12078977932636459,fedavg-ctk
report-json,family,dowgin,federation-wide,332,-0.014435221941537346,0.03247924936845903,-0.046914471309996375,fedavg-ctk
report-json,family,dowgin,federation-wide,333,0.1277116864940518,-0.004548635409377222,0.132260321903429,fedavg-ctk
report-json,family,dowgin,federation-wide,334,0.14675363178179662,0.0023717758671806255,0.144381855914616,fedavg-ctk
report-json,family,dowgin,federation-wide,335,0.16209476309226933,0.02680798004987528,0.13528678304239405,fedavg-ctk
report-json,family,dowgin,federation-wide,336,0.10738916256157638,0.0022988505747126853,0.1050903119868637,fedavg-ctk
report-json,family,dowgin,federation-wide,337,0.24878776575904515,0.03729951510630358,0.21148825065274157,fedavg-ctk
report-json,family,dowgin,federation-wide,338,0.12284644194756555,0.026966292134831482,0.09588014981273407,fedavg-ctk
report-json,family,dowgin,federation-wide,339,0.032349804479203687,0.01315321720583007,0.019196587273373616,fedavg-ctk
report-json,family,dowgin,own-domain,330,0.043478260869565244,0.029910576626580254,0.01356768424298499,fedavg-ctk
report-json,family,dowgin,own-domain,331,0.0,-0.11111111111111105,0.11111111111111105,fedavg-ctk
report-json,family,dowgin,own-domain,332,-0.01735441573467028,0.028152718858465153,-0.045507134593135434,fedavg-ctk
report-json,family,dowgin,own-domain,333,0.0,-0.3125,0.3125,fedavg-ctk
report-json,family,dowgin,own-domain,334,0.07182320441988949,-0.027624309392265234,0.09944751381215472,fedavg-ctk
report-json,family,dowgin,own-domain,335,0.09178743961352659,0.053140096618357446,0.03864734299516914,fedavg-ctk
report-json,family,dowgin,own-domain,336,0.09375,-0.09375,0.1875,fedavg-ctk
report-json,family,dowgin,own-domain,337,0.08275862068965517,0.01379310344827589,0.06896551724137928,fedavg-ctk
report-json,family,dowgin,own-domain,339,0.031213872832369954,0.009633911368015391,0.021579961464354563,fedavg-ctk
report-json,family,gappusin,federation-wide,330,0.10323886639676112,0.09514170040485831,0.008097165991902813,fedavg-ctk
report-json,family,gappusin,federation-wide,331,0.11340206185567009,0.07216494845360827,0.04123711340206182,fedavg-ctk
report-json,family,gappusin,federation-wide,332,0.13643926788685523,0.21797004991680533,-0.0815307820299501,fedavg-ctk
report-json,family,gappusin,federation-wide,333,0.31501831501831506,0.09523809523809523,0.21978021978021983,fedavg-ctk
report-json,family,gappusin,federation-wide,334,0.3003731343283582,0.21082089552238814,0.08955223880597007,fedavg-ctk
report-json,family,gappusin,federation-wide,335,0.12178387650085762,0.09777015437392797,0.02401372212692965,fedavg-ctk
report-json,family,gappusin,federation-wide,336,0.2923976608187135,0.17738791423001954,0.11500974658869395,fedavg-ctk
report-json,family,gappusin,federation-wide,337,0.2381852551984877,0.15122873345935728,0.08695652173913043,fedavg-ctk
report-json,family,gappusin,federation-wide,338,0.2915717539863326,0.15945330296127558,0.13211845102505704,fedavg-ctk
report-json,family,gappusin,federation-wide,339,0.25048169556840083,0.1599229287090559,0.09055876685934494,fedavg-ctk
report-json,family,gappusin,own-domain,330,0.09638554216867468,0.10843373493975904,-0.012048192771084362,fedavg-ctk
report-json,family,gappusin,own-domain,331,0.11764705882352938,0.09411764705882353,0.023529411764705854,fedavg-ctk
report-json,family,gappusin,own-domain,332,0.11392405063291139,0.15189873417721517,-0.03797468354430378,fedavg-ctk
report-json,family,gappusin,own-domain,334,0.15,0.15000000000000002,-2.7755575615628914e-17,fedavg-ctk
report-json,family,gappusin,own-domain,335,0.16666666666666669,0.11458333333333334,0.05208333333333334,fedavg-ctk
report-json,family,gappusin,own-domain,339,0.1875,0.0625,0.125,fedavg-ctk
report-json,family,hiddad,federation-wide,330,0.003649635036496346,0.04744525547445255,-0.043795620437956206,fedavg-ctk
report-json,family,hiddad,federation-wide,331,0.00210084033613446,0.4768907563025211,-0.47478991596638664,fedavg-ctk
report-json,family,hiddad,federation-wide,332,0.05791505791505788,0.0,0.05791505791505788,fedavg-ctk
report-json,family,hiddad,federation-wide,333,0.03508771929824564,0.1359649122807018,-0.10087719298245615,fedavg-ctk
report-json,family,hiddad,federation-wide,334,0.061151079136690656,0.1618705035971223,-0.10071942446043164,fedavg-ctk
report-json,family,hiddad,federation-wide,335,-0.003703703703703709,0.05925925925925929,-0.062962962962963,fedavg-ctk
report-json,family,hiddad,federation-wide,336,-0.03358208955223882,-0.0037313432835821003,-0.02985074626865672,fedavg-ctk
report-json,family,hiddad,federation-wide,337,-0.04975124378109452,0.01990049751243783,-0.06965174129353235,fedavg-ctk
report-json,family,hiddad,federation-wide,338,0.0034129692832764597,0.06484641638225253,-0.061433447098976066,fedavg-ctk
report-json,family,hiddad,federation-wide,339,0.013636363636363613,0.06818181818181812,-0.05454545454545451,fedavg-ctk
report-json,family,hiddad,own-domain,331,0.0,0.0625,-0.0625,fedavg-ctk
report-json,family,hiddad,own-domain,332,0.0633245382585752,0.0026385224274406427,0.06068601583113456,fedavg-ctk
report-json,family,hiddad,own-domain,333,0.0,0.0625,-0.0625,fedavg-ctk
report-json,family,hiddad,own-domain,334,0.043010752688172005,0.0,0.043010752688172005,fedavg-ctk
report-json,family,hiddad,own-domain,335,-0.006410256410256415,0.1217948717948718,-0.12820512820512822,fedavg-ctk
report-json,family,hiddad,own-domain,336,0.0,-0.05882352941176466,0.05882352941176466,fedavg-ctk
report-json,family,hiddad,own-domain,337,-0.04444444444444445,0.04444444444444445,-0.0888888888888889,fedavg-ctk
report-json,family,hiddad,own-domain,339,0.0,0.13793103448275856,-0.13793103448275856,fedavg-ctk
report-json,family,leadbolt,federation-wide,330,0.07966457023060797,0.3668763102725367,-0.28721174004192873,fedavg-ctk
report-json,family,leadbolt,federation-wide,331,0.0871212121212121,0.5018939393939394,-0.41477272727272735,fedavg-ctk
report-json,family,leadbolt,federation-wide,332,0.06276150627615062,0.2580195258019526,-0.19525801952580196,fedavg-ctk
report-json,family,leadbolt,federation-wide,333,0.06552262090483618,0.24960998439937598,-0.1840873634945398,fedavg-ctk
report-json,family,leadbolt,federation-wide,334,0.13184584178498987,0.42190669371196754,-0.29006085192697767,fedavg-ctk
report-json,family,leadbolt,federation-wide,335,0.03478260869565217,0.3739130434782608,-0.3391304347826086,fedavg-ctk
report-json,family,leadbolt,federation-wide,336,0.10238907849829351,0.49658703071672355,-0.39419795221843,fedavg-ctk
report-json,family,leadbolt,federation-wide,337,0.17204301075268816,0.33548387096774196,-0.1634408602150538,fedavg-ctk
report-json,family,leadbolt,federation-wide,338,0.11091549295774647,0.30633802816901406,-0.1954225352112676,fedavg-ctk
report-json,family,leadbolt,federation-wide,339,0.12780898876404495,0.26123595505617975,-0.1334269662921348,fedavg-ctk
report-json,family,leadbolt,own-domain,331,0.023136246786632397,0.5115681233933163,-0.48843187660668386,fedavg-ctk
report-json,family,leadbolt,own-domain,332,0.05366726296958857,0.22540250447227195,-0.17173524150268338,fedavg-ctk
report-json,family,leadbolt,own-domain,333,0.0625,0.2678571428571428,-0.2053571428571428,fedavg-ctk
report-json,family,leadbolt,own-domain,334,0.11538461538461538,0.28846153846153844,-0.17307692307692307,fedavg-ctk
report-json,family,leadbolt,own-domain,337,0.1320754716981132,0.15094339622641506,-0.018867924528301855,fedavg-ctk
report-json,family,leadbolt,own-domain,338,0.10864745011086475,0.246119733924612,-0.13747228381374726,fedavg-ctk
report-json,family,leadbolt,own-domain,339,0.08536585365853658,0.14634146341463417,-0.06097560975609759,fedavg-ctk
report-json,family,revmob,federation-wide,330,0.1384615384615385,0.075,0.0634615384615385,fedavg-ctk
report-json,family,revmob,federation-wide,331,0.06857142857142857,0.16190476190476188,-0.09333333333333331,fedavg-ctk
report-json,family,revmob,federation-wide,332,-0.002232142857142849,0.1986607142857143,-0.20089285714285715,fedavg-ctk
report-json,family,revmob,federation-wide,333,0.0946601941747573,0.41019417475728154,-0.31553398058252424,fedavg-ctk
report-json,family,revmob,federation-wide,334,0.13756613756613756,0.3703703703703704,-0.23280423280423285,fedavg-ctk
report-json,family,revmob,federation-wide,335,0.05138339920948616,0.2213438735177866,-0.1699604743083004,fedavg-ctk
report-json,family,revmob,federation-wide,336,0.08620689655172413,0.33620689655172414,-0.25,fedavg-ctk
report-json,family,revmob,federation-wide,337,0.08723404255319149,0.20425531914893613,-0.11702127659574464,fedavg-ctk
report-json,family,revmob,federation-wide,338,0.07572383073496658,0.21380846325167036,-0.13808463251670378,fedavg-ctk
report-json,family,revmob,federation-wide,339,0.09124767225325883,0.25884543761638734,-0.1675977653631285,fedavg-ctk
report-json,family,revmob,own-domain,330,0.0,0.0,0.0,fedavg-ctk
report-json,family,revmob,own-domain,331,0.1111111111111111,0.1111111111111111,0.0,fedavg-ctk
report-json,family,revmob,own-domain,332,0.0,0.16666666666666666,-0.16666666666666666,fedavg-ctk
report-json,family,revmob,own-domain,333,0.0,0.39999999999999997,-0.39999999999999997,fedavg-ctk
report-json,family,revmob,own-domain,334,-0.13333333333333336,0.6000000000000001,-0.7333333333333334,fedavg-ctk
report-json,family,revmob,own-domain,335,0.0,0.06666666666666667,-0.06666666666666667,fedavg-ctk
report-json,family,revmob,own-domain,336,0.04,0.04,0.0,fedavg-ctk
report-json,family,revmob,own-domain,339,0.058823529411764705,0.11764705882352941,-0.058823529411764705,fedavg-ctk
report-json,priority-macro,,federation-wide,330,0.08178334663159866,0.07252898529310363,0.009254361338495035,fedavg-ctk
report-json,priority-macro,,federation-wide,331,0.06135811025441104,0.2369868222202971,-0.17562871196588603,fedavg-ctk
report-json,priority-macro,,federation-wide,332,0.06404072764825676,0.13887692140083988,-0.07483619375258312,fedavg-ctk
report-json,priority-macro,,federation-wide,333,0.148255409497106,0.21379906075869284,-0.06554365126158686,fedavg-ctk
report-json,priority-macro,,federation-wide,334,0.16636345034372882,0.24768725649662696,-0.08132380615289814,fedavg-ctk
report-json,priority-macro,,federation-wide,335,0.0564878573355467,0.12612442905032462,-0.06963657171477793,fedavg-ctk
report-json,priority-macro,,federation-wide,336,0.11500748927273292,0.16995448916605385,-0.05494699989332092,fedavg-ctk
report-json,priority-macro,,federation-wide,337,0.09188935132352823,0.1251281833735771,-0.03323883205004886,fedavg-ctk
report-json,priority-macro,,federation-wide,338,0.12356951800152521,0.14603606086506615,-0.022466542863540936,fedavg-ctk
report-json,priority-macro,,federation-wide,339,0.1184552438193411,0.16231672816908713,-0.04386148434974602,fedavg-ctk
report-json,priority-macro,,own-domain,330,0.04819277108433734,0.05421686746987952,-0.006024096385542181,fedavg-ctk
report-json,priority-macro,,own-domain,331,0.07625272331154682,0.0892429193899782,-0.012990196078431382,fedavg-ctk
report-json,priority-macro,,own-domain,332,0.059082862963828864,0.10706797442377415,-0.047985111459945294,fedavg-ctk
report-json,priority-macro,,own-domain,333,0.0,0.23124999999999998,-0.23124999999999998,fedavg-ctk
report-json,priority-macro,,own-domain,334,0.019892473118279547,0.25000000000000006,-0.23010752688172045,fedavg-ctk
report-json,priority-macro,,own-domain,335,0.05341880341880342,0.10101495726495728,-0.047596153846153844,fedavg-ctk
report-json,priority-macro,,own-domain,336,0.02,-0.009411764705882331,0.02941176470588233,fedavg-ctk
report-json,priority-macro,,own-domain,337,-0.04444444444444445,0.04444444444444445,-0.0888888888888889,fedavg-ctk
report-json,priority-macro,,own-domain,339,0.0821078431372549,0.106026031102096,-0.02391818796484109,fedavg-ctk
