representation,group,family,population,seed,value,baseline,difference,measure
call-graph,contrast-macro,,federation-wide,330,0.7841796570610736,0.6989545283446165,0.0852251287164572,central-full-exposure-recall
call-graph,contrast-macro,,federation-wide,331,0.8935571996619546,0.9513848939951363,-0.057827694333181655,central-full-exposure-recall
call-graph,contrast-macro,,federation-wide,332,0.7620406899661826,0.7474238070804677,0.014616882885714721,central-full-exposure-recall
call-graph,contrast-macro,,federation-wide,333,0.8237429625881311,0.822482036339406,0.0012609262487250545,central-full-exposure-recall
call-graph,contrast-macro,,federation-wide,334,0.643646585807263,0.6000875019037399,0.04355908390352292,central-full-exposure-recall
call-graph,contrast-macro,,federation-wide,335,0.6450613135572084,0.6279318157712125,0.01712949778599589,central-full-exposure-recall
call-graph,contrast-macro,,federation-wide,336,0.8558003770050928,0.7025461384799282,0.15325423852516462,central-full-exposure-recall
call-graph,contrast-macro,,federation-wide,337,0.7634652443767133,0.7744456114589183,-0.010980367082205103,central-full-exposure-recall
call-graph,contrast-macro,,federation-wide,338,0.8335516020097192,0.7369237767098022,0.096627825299917,central-full-exposure-recall
call-graph,contrast-macro,,federation-wide,339,0.6143083235857306,0.519782909503437,0.09452541408229369,central-full-exposure-recall
call-graph,contrast-macro,,own-domain,330,0.7186603097796438,0.7639175502265234,-0.04525724044687962,central-full-exposure-recall
call-graph,contrast-macro,,own-domain,331,0.7043302528002752,0.825312583501488,-0.12098233070121282,central-full-exposure-recall
call-graph,contrast-macro,,own-domain,332,0.8001866177482103,0.8769346212372607,-0.07674800348905049,central-full-exposure-recall
call-graph,contrast-macro,,own-domain,333,0.7119047619047619,0.817857142857143,-0.10595238095238095,central-full-exposure-recall
call-graph,contrast-macro,,own-domain,334,0.5145433192127186,0.600568708900557,-0.08602538968783847,central-full-exposure-recall
call-graph,contrast-macro,,own-domain,335,0.6785722462623349,0.8020697392220162,-0.12349749295968127,central-full-exposure-recall
call-graph,contrast-macro,,own-domain,336,0.9196428571428572,0.96875,-0.04910714285714285,central-full-exposure-recall
call-graph,contrast-macro,,own-domain,337,0.6785609338992838,0.7230798641667469,-0.0445189302674629,central-full-exposure-recall
call-graph,contrast-macro,,own-domain,338,0.9440397001372611,0.8792102206736353,0.06482947946362577,central-full-exposure-recall
call-graph,contrast-macro,,own-domain,339,0.6340908946153553,0.6922622813219176,-0.058171386706562224,central-full-exposure-recall
call-graph,family,adwo,federation-wide,330,0.8689024390243902,0.9847560975609756,-0.11585365853658536,central-full-exposure-recall
call-graph,family,adwo,federation-wide,331,0.28343949044585987,0.15286624203821655,0.1305732484076433,central-full-exposure-recall
call-graph,family,adwo,federation-wide,332,0.5032258064516129,0.3903225806451613,0.11290322580645157,central-full-exposure-recall
call-graph,family,adwo,federation-wide,333,0.3649851632047478,0.3827893175074184,-0.017804154302670627,central-full-exposure-recall
call-graph,family,adwo,federation-wide,334,0.3463687150837989,0.25139664804469275,0.09497206703910616,central-full-exposure-recall
call-graph,family,adwo,federation-wide,335,0.4134366925064599,0.3798449612403101,0.03359173126614984,central-full-exposure-recall
call-graph,family,adwo,federation-wide,336,0.78125,0.515625,0.265625,central-full-exposure-recall
call-graph,family,adwo,federation-wide,337,0.5,0.17938931297709923,0.32061068702290074,central-full-exposure-recall
call-graph,family,adwo,federation-wide,338,0.34098360655737703,0.15737704918032788,0.18360655737704915,central-full-exposure-recall
call-graph,family,adwo,federation-wide,339,0.8746081504702194,0.9529780564263323,-0.07836990595611282,central-full-exposure-recall
call-graph,family,adwo,own-domain,331,0.38571428571428573,0.21428571428571427,0.17142857142857146,central-full-exposure-recall
call-graph,family,adwo,own-domain,332,0.4872881355932203,0.3516949152542373,0.13559322033898302,central-full-exposure-recall
call-graph,family,adwo,own-domain,333,0.31802120141342755,0.3745583038869258,-0.056537102473498246,central-full-exposure-recall
call-graph,family,adwo,own-domain,334,0.31666666666666665,0.22333333333333333,0.09333333333333332,central-full-exposure-recall
call-graph,family,adwo,own-domain,335,0.38317757009345793,0.367601246105919,0.015576323987538943,central-full-exposure-recall
call-graph,family,adwo,own-domain,336,0.7241379310344828,0.5517241379310345,0.1724137931034483,central-full-exposure-recall
call-graph,family,adwo,own-domain,337,0.5094339622641509,0.2641509433962264,0.24528301886792453,central-full-exposure-recall
call-graph,family,adwo,own-domain,338,0.42,0.22,0.19999999999999998,central-full-exposure-recall
call-graph,family,airpush,federation-wide,330,0.976027397260274,0.9460616438356164,0.02996575342465757,central-full-exposure-recall
call-graph,family,airpush,federation-wide,331,0.8380797396257119,0.9462978030919447,-0.10821806346623275,central-full-exposure-recall
call-graph,family,airpush,federation-wide,332,0.8340348767288034,0.6055321707757065,0.22850270595309685,central-full-exposure-recall
call-graph,family,airpush,federation-wide,333,0.7525581395348837,0.7246511627906976,0.027906976744186074,central-full-exposure-recall
call-graph,family,airpush,federation-wide,334,0.6143154968728284,0.4475330090340514,0.16678248783877697,central-full-exposure-recall
call-graph,family,airpush,federation-wide,335,0.6760404949381328,0.5922384701912261,0.08380202474690668,central-full-exposure-recall
call-graph,family,airpush,federation-wide,336,0.8204736440030558,0.5653170359052712,0.2551566080977846,central-full-exposure-recall
call-graph,family,airpush,federation-wide,337,0.9240607513988809,0.8784972022382095,0.0455635491606714,central-full-exposure-recall
call-graph,family,airpush,federation-wide,338,0.7220163083765753,0.3780578206078577,0.34395848776871757,central-full-exposure-recall
call-graph,family,airpush,federation-wide,339,0.7330803289057558,0.4946236559139785,0.2384566729917773,central-full-exposure-recall
call-graph,family,airpush,own-domain,330,0.8717948717948718,0.7948717948717948,0.07692307692307698,central-full-exposure-recall
call-graph,family,airpush,own-domain,331,0.7096774193548387,0.8709677419354839,-0.16129032258064513,central-full-exposure-recall
call-graph,family,airpush,own-domain,332,0.9,1.0,-0.09999999999999998,central-full-exposure-recall
call-graph,family,airpush,own-domain,333,0.8357142857142857,0.9571428571428572,-0.12142857142857144,central-full-exposure-recall
call-graph,family,airpush,own-domain,334,0.6129032258064516,0.8451612903225807,-0.23225806451612907,central-full-exposure-recall
call-graph,family,airpush,own-domain,335,0.7677725118483413,0.985781990521327,-0.2180094786729857,central-full-exposure-recall
call-graph,family,airpush,own-domain,336,0.9642857142857143,1.0,-0.0357142857142857,central-full-exposure-recall
call-graph,family,airpush,own-domain,337,0.9353574926542605,0.8765915768854065,0.05876591576885404,central-full-exposure-recall
call-graph,family,airpush,own-domain,338,0.9523809523809523,0.9047619047619048,0.04761904761904756,central-full-exposure-recall
call-graph,family,airpush,own-domain,339,0.8626373626373627,0.9835164835164835,-0.12087912087912078,central-full-exposure-recall
call-graph,family,dowgin,federation-wide,330,0.5568050749711649,0.7168396770472895,-0.16003460207612452,central-full-exposure-recall
call-graph,family,dowgin,federation-wide,331,0.8937282229965157,0.9779326364692218,-0.08420441347270613,central-full-exposure-recall
call-graph,family,dowgin,federation-wide,332,0.7380007217610971,0.8780223745940093,-0.14002165283291224,central-full-exposure-recall
call-graph,family,dowgin,federation-wide,333,0.9058782365290413,0.9846046186144157,-0.07872638208537441,central-full-exposure-recall
call-graph,family,dowgin,federation-wide,334,0.4829528609546398,0.8111473465757486,-0.3281944856211088,central-full-exposure-recall
call-graph,family,dowgin,federation-wide,335,0.6034912718204489,0.8011221945137157,-0.19763092269326676,central-full-exposure-recall
call-graph,family,dowgin,federation-wide,336,0.9261083743842364,0.9825944170771757,-0.05648604269293922,central-full-exposure-recall
call-graph,family,dowgin,federation-wide,337,0.5878403580753451,0.8082804923535994,-0.22044013427825437,central-full-exposure-recall
call-graph,family,dowgin,federation-wide,338,0.8666666666666667,0.9700374531835206,-0.10337078651685394,central-full-exposure-recall
call-graph,family,dowgin,federation-wide,339,0.5382154283682901,0.6953430501244223,-0.15712762175613226,central-full-exposure-recall
call-graph,family,dowgin,own-domain,330,0.5655257477644157,0.7329633055812519,-0.16743755781683622,central-full-exposure-recall
call-graph,family,dowgin,own-domain,331,0.4444444444444444,0.6666666666666666,-0.2222222222222222,central-full-exposure-recall
call-graph,family,dowgin,own-domain,332,0.7527959892016969,0.8866178172001543,-0.13382182799845743,central-full-exposure-recall
call-graph,family,dowgin,own-domain,333,0.5,0.75,-0.25,central-full-exposure-recall
call-graph,family,dowgin,own-domain,334,0.39226519337016574,0.5911602209944752,-0.19889502762430944,central-full-exposure-recall
call-graph,family,dowgin,own-domain,335,0.5893719806763285,0.6183574879227053,-0.02898550724637683,central-full-exposure-recall
call-graph,family,dowgin,own-domain,336,0.875,0.9375,-0.0625,central-full-exposure-recall
call-graph,family,dowgin,own-domain,337,0.496551724137931,0.5379310344827586,-0.04137931034482756,central-full-exposure-recall
call-graph,family,dowgin,own-domain,339,0.5518304431599229,0.7152215799614644,-0.1633911368015415,central-full-exposure-recall
call-graph,family,gappusin,federation-wide,330,0.6133603238866396,0.3319838056680162,0.2813765182186234,central-full-exposure-recall
call-graph,family,gappusin,federation-wide,331,0.3670103092783505,0.2536082474226804,0.11340206185567009,central-full-exposure-recall
call-graph,family,gappusin,federation-wide,332,0.6123128119800333,0.47088186356073214,0.14143094841930115,central-full-exposure-recall
call-graph,family,gappusin,federation-wide,333,0.924908424908425,0.9358974358974359,-0.01098901098901095,central-full-exposure-recall
call-graph,family,gappusin,federation-wide,334,0.914179104477612,0.9272388059701493,-0.013059701492537323,central-full-exposure-recall
call-graph,family,gappusin,federation-wide,335,0.34476843910806176,0.3259005145797599,0.018867924528301883,central-full-exposure-recall
call-graph,family,gappusin,federation-wide,336,0.9551656920077972,0.949317738791423,0.005847953216374213,central-full-exposure-recall
call-graph,family,gappusin,federation-wide,337,0.9508506616257089,0.945179584120983,0.005671077504725841,central-full-exposure-recall
call-graph,family,gappusin,federation-wide,338,0.8337129840546698,0.9225512528473804,-0.08883826879271062,central-full-exposure-recall
call-graph,family,gappusin,federation-wide,339,0.9229287090558767,0.9248554913294798,-0.0019267822736031004,central-full-exposure-recall
call-graph,family,gappusin,own-domain,330,0.6024096385542169,0.40963855421686746,0.19277108433734946,central-full-exposure-recall
call-graph,family,gappusin,own-domain,331,0.5176470588235295,0.27058823529411763,0.24705882352941183,central-full-exposure-recall
call-graph,family,gappusin,own-domain,332,0.7215189873417721,0.5316455696202531,0.189873417721519,central-full-exposure-recall
call-graph,family,gappusin,own-domain,334,0.9,0.95,-0.04999999999999993,central-full-exposure-recall
call-graph,family,gappusin,own-domain,335,0.4166666666666667,0.3125,0.10416666666666669,central-full-exposure-recall
call-graph,family,gappusin,own-domain,339,0.875,0.9375,-0.0625,central-full-exposure-recall
call-graph,family,hiddad,federation-wide,330,0.22992700729927007,0.17883211678832117,0.0510948905109489,central-full-exposure-recall
call-graph,family,hiddad,federation-wide,331,0.06722689075630252,0.0861344537815126,-0.018907563025210086,central-full-exposure-recall
call-graph,family,hiddad,federation-wide,332,0.30694980694980695,0.38996138996138996,-0.08301158301158301,central-full-exposure-recall
call-graph,family,hiddad,federation-wide,333,0.2894736842105263,0.25877192982456143,0.030701754385964897,central-full-exposure-recall
call-graph,family,hiddad,federation-wide,334,0.5,0.6223021582733813,-0.12230215827338131,central-full-exposure-recall
call-graph,family,hiddad,federation-wide,335,0.6407407407407407,0.7814814814814814,-0.14074074074074072,central-full-exposure-recall
call-graph,family,hiddad,federation-wide,336,0.458955223880597,0.5373134328358209,-0.07835820895522388,central-full-exposure-recall
call-graph,family,hiddad,federation-wide,337,0.3283582089552239,0.3333333333333333,-0.00497512437810943,central-full-exposure-recall
call-graph,family,hiddad,federation-wide,338,0.24573378839590443,0.22525597269624573,0.020477815699658702,central-full-exposure-recall
call-graph,family,hiddad,federation-wide,339,0.4818181818181818,0.6727272727272727,-0.19090909090909092,central-full-exposure-recall
call-graph,family,hiddad,own-domain,331,0.0625,0.5625,-0.5,central-full-exposure-recall
call-graph,family,hiddad,own-domain,332,0.25065963060686014,0.287598944591029,-0.03693931398416889,central-full-exposure-recall
call-graph,family,hiddad,own-domain,333,0.5625,0.5625,0.0,central-full-exposure-recall
call-graph,family,hiddad,own-domain,334,0.5161290322580645,0.6881720430107527,-0.17204301075268824,central-full-exposure-recall
call-graph,family,hiddad,own-domain,335,0.6730769230769231,0.7628205128205128,-0.08974358974358965,central-full-exposure-recall
call-graph,family,hiddad,own-domain,336,0.19117647058823528,0.4411764705882353,-0.25,central-full-exposure-recall
call-graph,family,hiddad,own-domain,337,0.2,0.34444444444444444,-0.14444444444444443,central-full-exposure-recall
call-graph,family,hiddad,own-domain,339,0.5,0.6293103448275862,-0.1293103448275862,central-full-exposure-recall
call-graph,family,leadbolt,federation-wide,330,0.8197064989517819,0.4339622641509434,0.3857442348008385,central-full-exposure-recall
call-graph,family,leadbolt,federation-wide,331,0.9488636363636364,0.9299242424242424,0.018939393939393923,central-full-exposure-recall
call-graph,family,leadbolt,federation-wide,332,0.7140864714086471,0.7587168758716876,-0.04463040446304045,central-full-exposure-recall
call-graph,family,leadbolt,federation-wide,333,0.8127925117004681,0.7581903276131046,0.0546021840873635,central-full-exposure-recall
call-graph,family,leadbolt,federation-wide,334,0.8336713995943205,0.5415821501014199,0.2920892494929006,central-full-exposure-recall
call-graph,family,leadbolt,federation-wide,335,0.6556521739130434,0.49043478260869566,0.16521739130434776,central-full-exposure-recall
call-graph,family,leadbolt,federation-wide,336,0.8208191126279863,0.5597269624573379,0.26109215017064846,central-full-exposure-recall
call-graph,family,leadbolt,federation-wide,337,0.7784946236559139,0.6365591397849463,0.14193548387096766,central-full-exposure-recall
call-graph,family,leadbolt,federation-wide,338,0.9119718309859155,0.8626760563380281,0.04929577464788737,central-full-exposure-recall
call-graph,family,leadbolt,federation-wide,339,0.5716292134831461,0.3693820224719101,0.202247191011236,central-full-exposure-recall
call-graph,family,leadbolt,own-domain,331,0.9588688946015425,0.9383033419023136,0.020565552699228884,central-full-exposure-recall
call-graph,family,leadbolt,own-domain,332,0.7477638640429338,0.7441860465116279,0.003577817531305927,central-full-exposure-recall
call-graph,family,leadbolt,own-domain,333,0.8,0.7464285714285714,0.0535714285714286,central-full-exposure-recall
call-graph,family,leadbolt,own-domain,334,0.5384615384615384,0.36538461538461536,0.17307692307692307,central-full-exposure-recall
call-graph,family,leadbolt,own-domain,337,0.6037735849056604,0.7547169811320755,-0.15094339622641517,central-full-exposure-recall
call-graph,family,leadbolt,own-domain,338,0.9356984478935698,0.8536585365853658,0.08203991130820398,central-full-exposure-recall
call-graph,family,leadbolt,own-domain,339,0.4878048780487805,0.3780487804878049,0.1097560975609756,central-full-exposure-recall
call-graph,family,revmob,federation-wide,330,0.17692307692307693,0.27884615384615385,-0.10192307692307692,central-full-exposure-recall
call-graph,family,revmob,federation-wide,331,0.22285714285714286,0.1523809523809524,0.07047619047619047,central-full-exposure-recall
call-graph,family,revmob,federation-wide,332,0.421875,0.30357142857142855,0.11830357142857145,central-full-exposure-recall
call-graph,family,revmob,federation-wide,333,0.21601941747572814,0.308252427184466,-0.09223300970873785,central-full-exposure-recall
call-graph,family,revmob,federation-wide,334,0.9497354497354498,0.8597883597883598,0.08994708994709,central-full-exposure-recall
call-graph,family,revmob,federation-wide,335,0.22134387351778656,0.27865612648221344,-0.05731225296442688,central-full-exposure-recall
call-graph,family,revmob,federation-wide,336,0.3081896551724138,0.1810344827586207,0.12715517241379312,central-full-exposure-recall
call-graph,family,revmob,federation-wide,337,0.2531914893617021,0.2680851063829787,-0.014893617021276617,central-full-exposure-recall
call-graph,family,revmob,federation-wide,338,0.5278396436525612,0.45657015590200445,0.07126948775055675,central-full-exposure-recall
call-graph,family,revmob,federation-wide,339,0.35195530726256985,0.08752327746741155,0.2644320297951583,central-full-exposure-recall
call-graph,family,revmob,own-domain,330,0.26666666666666666,0.3333333333333333,-0.06666666666666665,central-full-exposure-recall
call-graph,family,revmob,own-domain,331,0.2222222222222222,0.16666666666666666,0.05555555555555555,central-full-exposure-recall
call-graph,family,revmob,own-domain,332,0.2222222222222222,0.16666666666666666,0.05555555555555555,central-full-exposure-recall
call-graph,family,revmob,own-domain,333,0.3333333333333333,0.4666666666666667,-0.13333333333333336,central-full-exposure-recall
call-graph,family,revmob,own-domain,334,0.9333333333333333,0.8666666666666667,0.06666666666666665,central-full-exposure-recall
call-graph,family,revmob,own-domain,335,0.26666666666666666,0.13333333333333333,0.13333333333333333,central-full-exposure-recall
call-graph,family,revmob,own-domain,336,0.36,0.08,0.27999999999999997,central-full-exposure-recall
call-graph,family,revmob,own-domain,339,0.47058823529411764,0.17647058823529413,0.2941176470588235,central-full-exposure-recall
call-graph,priority-macro,,federation-wide,330,0.3400701360363289,0.26322069210083043,0.07684944393549846,central-full-exposure-recall
call-graph,priority-macro,,federation-wide,331,0.21903144763059865,0.16404121786171513,0.05499022976888349,central-full-exposure-recall
call-graph,priority-macro,,federation-wide,332,0.4470458729766134,0.38813822736451686,0.05890764561209653,central-full-exposure-recall
call-graph,priority-macro,,federation-wide,333,0.47680050886489317,0.5009739309688211,-0.024173422103927967,central-full-exposure-recall
call-graph,priority-macro,,federation-wide,334,0.7879715180710205,0.8031097746772967,-0.015138256606276213,central-full-exposure-recall
call-graph,priority-macro,,federation-wide,335,0.40228435112219635,0.4620127075144849,-0.05972835639228857,central-full-exposure-recall
call-graph,priority-macro,,federation-wide,336,0.574103523686936,0.5558885514619548,0.01821497222498115,central-full-exposure-recall
call-graph,priority-macro,,federation-wide,337,0.5108001199808783,0.5155326746124317,-0.004732554631553402,central-full-exposure-recall
call-graph,priority-macro,,federation-wide,338,0.535762138701045,0.5347924604818769,0.0009696782191682777,central-full-exposure-recall
call-graph,priority-macro,,federation-wide,339,0.585567399378876,0.5617020138413881,0.023865385537488088,central-full-exposure-recall
call-graph,priority-macro,,own-domain,330,0.4345381526104418,0.37148594377510036,0.0630522088353414,central-full-exposure-recall
call-graph,priority-macro,,own-domain,331,0.2674564270152506,0.3332516339869281,-0.06579520697167754,central-full-exposure-recall
call-graph,priority-macro,,own-domain,332,0.39813361339028486,0.3286370602926496,0.06949655309763522,central-full-exposure-recall
call-graph,priority-macro,,own-domain,333,0.44791666666666663,0.5145833333333334,-0.06666666666666668,central-full-exposure-recall
call-graph,priority-macro,,own-domain,334,0.7831541218637993,0.8349462365591398,-0.05179211469534051,central-full-exposure-recall
call-graph,priority-macro,,own-domain,335,0.45213675213675214,0.40288461538461534,0.04925213675213679,central-full-exposure-recall
call-graph,priority-macro,,own-domain,336,0.27558823529411763,0.2605882352941176,0.014999999999999986,central-full-exposure-recall
call-graph,priority-macro,,own-domain,337,0.2,0.34444444444444444,-0.14444444444444443,central-full-exposure-recall
call-graph,priority-macro,,own-domain,339,0.6151960784313726,0.5810936443542934,0.0341024340770791,central-full-exposure-recall
mcndroid-static,contrast-macro,,federation-wide,330,0.7019779929364901,0.6989545283446165,0.003023464591873711,central-full-exposure-recall
mcndroid-static,contrast-macro,,federation-wide,331,0.8808956989226989,0.9513848939951363,-0.07048919507243741,central-full-exposure-recall
mcndroid-static,contrast-macro,,federation-wide,332,0.7239483415307585,0.7474238070804677,-0.02347546554970929,central-full-exposure-recall
mcndroid-static,contrast-macro,,federation-wide,333,0.7883349039236034,0.822482036339406,-0.034147132415802584,central-full-exposure-recall
mcndroid-static,contrast-macro,,federation-wide,334,0.604818301593246,0.6000875019037399,0.004730799689506071,central-full-exposure-recall
mcndroid-static,contrast-macro,,federation-wide,335,0.5433945519631255,0.6279318157712125,-0.08453726380808711,central-full-exposure-recall
mcndroid-static,contrast-macro,,federation-wide,336,0.6759113701079378,0.7025461384799282,-0.026634768371990487,central-full-exposure-recall
mcndroid-static,contrast-macro,,federation-wide,337,0.7211886428899579,0.7744456114589183,-0.05325696856896056,central-full-exposure-recall
mcndroid-static,contrast-macro,,federation-wide,338,0.7050519920892064,0.7369237767098022,-0.031871784620595645,central-full-exposure-recall
mcndroid-static,contrast-macro,,federation-wide,339,0.5448608792084499,0.519782909503437,0.025077969705012915,central-full-exposure-recall
mcndroid-static,contrast-macro,,own-domain,330,0.8083683199316871,0.7639175502265234,0.04445076970516382,central-full-exposure-recall
mcndroid-static,contrast-macro,,own-domain,331,0.8168756699314788,0.825312583501488,-0.008436913570009197,central-full-exposure-recall
mcndroid-static,contrast-macro,,own-domain,332,0.8631811959832839,0.8769346212372607,-0.013753425253976825,central-full-exposure-recall
mcndroid-static,contrast-macro,,own-domain,333,0.7875,0.817857142857143,-0.03035714285714286,central-full-exposure-recall
mcndroid-static,contrast-macro,,own-domain,334,0.764957112631324,0.600568708900557,0.16438840373076694,central-full-exposure-recall
mcndroid-static,contrast-macro,,own-domain,335,0.8529775396661858,0.8020697392220162,0.050907800444169704,central-full-exposure-recall
mcndroid-static,contrast-macro,,own-domain,336,0.96875,0.96875,0.0,central-full-exposure-recall
mcndroid-static,contrast-macro,,own-domain,337,0.7371570899635097,0.7230798641667469,0.014077225796762849,central-full-exposure-recall
mcndroid-static,contrast-macro,,own-domain,338,0.8055115616091226,0.8792102206736353,-0.07369865906451273,central-full-exposure-recall
mcndroid-static,contrast-macro,,own-domain,339,0.7560350907453685,0.6922622813219176,0.06377280942345087,central-full-exposure-recall
mcndroid-static,family,adwo,federation-wide,330,0.9878048780487805,0.9847560975609756,0.0030487804878048808,central-full-exposure-recall
mcndroid-static,family,adwo,federation-wide,331,0.7866242038216561,0.15286624203821655,0.6337579617834396,central-full-exposure-recall
mcndroid-static,family,adwo,federation-wide,332,0.7870967741935484,0.3903225806451613,0.3967741935483871,central-full-exposure-recall
mcndroid-static,family,adwo,federation-wide,333,0.6646884272997032,0.3827893175074184,0.28189910979228483,central-full-exposure-recall
mcndroid-static,family,adwo,federation-wide,334,0.5558659217877095,0.25139664804469275,0.3044692737430168,central-full-exposure-recall
mcndroid-static,family,adwo,federation-wide,335,0.6873385012919897,0.3798449612403101,0.3074935400516796,central-full-exposure-recall
mcndroid-static,family,adwo,federation-wide,336,0.8046875,0.515625,0.2890625,central-full-exposure-recall
mcndroid-static,family,adwo,federation-wide,337,0.7633587786259542,0.17938931297709923,0.583969465648855,central-full-exposure-recall
mcndroid-static,family,adwo,federation-wide,338,0.639344262295082,0.15737704918032788,0.4819672131147541,central-full-exposure-recall
mcndroid-static,family,adwo,federation-wide,339,0.9529780564263323,0.9529780564263323,0.0,central-full-exposure-recall
mcndroid-static,family,adwo,own-domain,331,0.7714285714285715,0.21428571428571427,0.5571428571428572,central-full-exposure-recall
mcndroid-static,family,adwo,own-domain,332,0.7627118644067796,0.3516949152542373,0.41101694915254233,central-full-exposure-recall
mcndroid-static,family,adwo,own-domain,333,0.6395759717314488,0.3745583038869258,0.26501766784452296,central-full-exposure-recall
mcndroid-static,family,adwo,own-domain,334,0.5166666666666667,0.22333333333333333,0.2933333333333334,central-full-exposure-recall
mcndroid-static,family,adwo,own-domain,335,0.6853582554517134,0.367601246105919,0.3177570093457944,central-full-exposure-recall
mcndroid-static,family,adwo,own-domain,336,0.8620689655172413,0.5517241379310345,0.31034482758620685,central-full-exposure-recall
mcndroid-static,family,adwo,own-domain,337,0.8867924528301887,0.2641509433962264,0.6226415094339623,central-full-exposure-recall
mcndroid-static,family,adwo,own-domain,338,0.64,0.22,0.42000000000000004,central-full-exposure-recall
mcndroid-static,family,airpush,federation-wide,330,0.916095890410959,0.9460616438356164,-0.02996575342465746,central-full-exposure-recall
mcndroid-static,family,airpush,federation-wide,331,0.772986167615948,0.9462978030919447,-0.1733116354759967,central-full-exposure-recall
mcndroid-static,family,airpush,federation-wide,332,0.5357787131689717,0.6055321707757065,-0.06975345760673479,central-full-exposure-recall
mcndroid-static,family,airpush,federation-wide,333,0.6269767441860465,0.7246511627906976,-0.09767441860465109,central-full-exposure-recall
mcndroid-static,family,airpush,federation-wide,334,0.4586518415566366,0.4475330090340514,0.011118832522585165,central-full-exposure-recall
mcndroid-static,family,airpush,federation-wide,335,0.4763779527559055,0.5922384701912261,-0.11586051743532061,central-full-exposure-recall
mcndroid-static,family,airpush,federation-wide,336,0.5660809778456837,0.5653170359052712,0.0007639419404125158,central-full-exposure-recall
mcndroid-static,family,airpush,federation-wide,337,0.9176658673061551,0.8784972022382095,0.039168665067945585,central-full-exposure-recall
mcndroid-static,family,airpush,federation-wide,338,0.36249073387694586,0.3780578206078577,-0.015567086730911839,central-full-exposure-recall
mcndroid-static,family,airpush,federation-wide,339,0.5142314990512334,0.4946236559139785,0.019607843137254943,central-full-exposure-recall
mcndroid-static,family,airpush,own-domain,330,0.8461538461538461,0.7948717948717948,0.05128205128205132,central-full-exposure-recall
mcndroid-static,family,airpush,own-domain,331,0.6774193548387096,0.8709677419354839,-0.19354838709677424,central-full-exposure-recall
mcndroid-static,family,airpush,own-domain,332,0.9666666666666667,1.0,-0.033333333333333326,central-full-exposure-recall
mcndroid-static,family,airpush,own-domain,333,0.9285714285714286,0.9571428571428572,-0.02857142857142858,central-full-exposure-recall
mcndroid-static,family,airpush,own-domain,334,0.9225806451612903,0.8451612903225807,0.07741935483870965,central-full-exposure-recall
mcndroid-static,family,airpush,own-domain,335,0.966824644549763,0.985781990521327,-0.018957345971563955,central-full-exposure-recall
mcndroid-static,family,airpush,own-domain,336,1.0,1.0,0.0,central-full-exposure-recall
mcndroid-static,family,airpush,own-domain,337,0.9147894221351616,0.8765915768854065,0.038197845249755114,central-full-exposure-recall
mcndroid-static,family,airpush,own-domain,338,0.8571428571428571,0.9047619047619048,-0.04761904761904767,central-full-exposure-recall
mcndroid-static,family,airpush,own-domain,339,0.9725274725274725,0.9835164835164835,-0.01098901098901095,central-full-exposure-recall
mcndroid-static,family,dowgin,federation-wide,330,0.7684544405997693,0.7168396770472895,0.05161476355247985,central-full-exposure-recall
mcndroid-static,family,dowgin,federation-wide,331,0.9738675958188153,0.9779326364692218,-0.004065040650406471,central-full-exposure-recall
mcndroid-static,family,dowgin,federation-wide,332,0.8787441356910862,0.8780223745940093,0.0007217610970768895,central-full-exposure-recall
mcndroid-static,family,dowgin,federation-wide,333,0.9751574527641708,0.9846046186144157,-0.009447165850244965,central-full-exposure-recall
mcndroid-static,family,dowgin,federation-wide,334,0.8061073228579899,0.8111473465757486,-0.00504002371775869,central-full-exposure-recall
mcndroid-static,family,dowgin,federation-wide,335,0.7711970074812967,0.8011221945137157,-0.029925187032418976,central-full-exposure-recall
mcndroid-static,family,dowgin,federation-wide,336,0.9770114942528736,0.9825944170771757,-0.005582922824302061,central-full-exposure-recall
mcndroid-static,family,dowgin,federation-wide,337,0.762029093621783,0.8082804923535994,-0.046251398731816495,central-full-exposure-recall
mcndroid-static,family,dowgin,federation-wide,338,0.9621722846441948,0.9700374531835206,-0.00786516853932584,central-full-exposure-recall
mcndroid-static,family,dowgin,federation-wide,339,0.7074297902595095,0.6953430501244223,0.012086740135087148,central-full-exposure-recall
mcndroid-static,family,dowgin,own-domain,330,0.7705827937095282,0.7329633055812519,0.03761948812827631,central-full-exposure-recall
mcndroid-static,family,dowgin,own-domain,331,0.8888888888888888,0.6666666666666666,0.2222222222222222,central-full-exposure-recall
mcndroid-static,family,dowgin,own-domain,332,0.8858465098341689,0.8866178172001543,-0.0007713073659854075,central-full-exposure-recall
mcndroid-static,family,dowgin,own-domain,333,0.6875,0.75,-0.0625,central-full-exposure-recall
mcndroid-static,family,dowgin,own-domain,334,0.7569060773480663,0.5911602209944752,0.16574585635359107,central-full-exposure-recall
mcndroid-static,family,dowgin,own-domain,335,0.7391304347826086,0.6183574879227053,0.12077294685990336,central-full-exposure-recall
mcndroid-static,family,dowgin,own-domain,336,0.9375,0.9375,0.0,central-full-exposure-recall
mcndroid-static,family,dowgin,own-domain,337,0.6551724137931034,0.5379310344827586,0.11724137931034484,central-full-exposure-recall
mcndroid-static,family,dowgin,own-domain,339,0.7102119460500963,0.7152215799614644,-0.005009633911368105,central-full-exposure-recall
mcndroid-static,family,gappusin,federation-wide,330,0.7631578947368421,0.3319838056680162,0.4311740890688259,central-full-exposure-recall
mcndroid-static,family,gappusin,federation-wide,331,0.6309278350515464,0.2536082474226804,0.37731958762886597,central-full-exposure-recall
mcndroid-static,family,gappusin,federation-wide,332,0.632279534109817,0.47088186356073214,0.16139767054908483,central-full-exposure-recall
mcndroid-static,family,gappusin,federation-wide,333,0.9413919413919414,0.9358974358974359,0.005494505494505475,central-full-exposure-recall
mcndroid-static,family,gappusin,federation-wide,334,0.9458955223880597,0.9272388059701493,0.018656716417910446,central-full-exposure-recall
mcndroid-static,family,gappusin,federation-wide,335,0.758147512864494,0.3259005145797599,0.4322469982847341,central-full-exposure-recall
mcndroid-static,family,gappusin,federation-wide,336,0.9571150097465887,0.949317738791423,0.007797270955165692,central-full-exposure-recall
mcndroid-static,family,gappusin,federation-wide,337,0.9527410207939508,0.945179584120983,0.007561436672967825,central-full-exposure-recall
mcndroid-static,family,gappusin,federation-wide,338,0.9407744874715261,0.9225512528473804,0.018223234624145768,central-full-exposure-recall
mcndroid-static,family,gappusin,federation-wide,339,0.9210019267822736,0.9248554913294798,-0.003853564547206201,central-full-exposure-recall
mcndroid-static,family,gappusin,own-domain,330,0.6626506024096386,0.40963855421686746,0.2530120481927711,central-full-exposure-recall
mcndroid-static,family,gappusin,own-domain,331,0.6,0.27058823529411763,0.32941176470588235,central-full-exposure-recall
mcndroid-static,family,gappusin,own-domain,332,0.6962025316455697,0.5316455696202531,0.16455696202531656,central-full-exposure-recall
mcndroid-static,family,gappusin,own-domain,334,1.0,0.95,0.050000000000000044,central-full-exposure-recall
mcndroid-static,family,gappusin,own-domain,335,0.6354166666666666,0.3125,0.32291666666666663,central-full-exposure-recall
mcndroid-static,family,gappusin,own-domain,339,0.9375,0.9375,0.0,central-full-exposure-recall
mcndroid-static,family,hiddad,federation-wide,330,0.1386861313868613,0.17883211678832117,-0.04014598540145986,central-full-exposure-recall
mcndroid-static,family,hiddad,federation-wide,331,0.0861344537815126,0.0861344537815126,0.0,central-full-exposure-recall
mcndroid-static,family,hiddad,federation-wide,332,0.777992277992278,0.38996138996138996,0.38803088803088803,central-full-exposure-recall
mcndroid-static,family,hiddad,federation-wide,333,0.18859649122807018,0.25877192982456143,-0.07017543859649125,central-full-exposure-recall
mcndroid-static,family,hiddad,federation-wide,334,0.6079136690647482,0.6223021582733813,-0.014388489208633115,central-full-exposure-recall
mcndroid-static,family,hiddad,federation-wide,335,0.6592592592592592,0.7814814814814814,-0.12222222222222223,central-full-exposure-recall
mcndroid-static,family,hiddad,federation-wide,336,0.5634328358208955,0.5373134328358209,0.026119402985074647,central-full-exposure-recall
mcndroid-static,family,hiddad,federation-wide,337,0.44776119402985076,0.3333333333333333,0.11442786069651745,central-full-exposure-recall
mcndroid-static,family,hiddad,federation-wide,338,0.15358361774744028,0.22525597269624573,-0.07167235494880544,central-full-exposure-recall
mcndroid-static,family,hiddad,federation-wide,339,0.5954545454545455,0.6727272727272727,-0.07727272727272727,central-full-exposure-recall
mcndroid-static,family,hiddad,own-domain,331,0.5,0.5625,-0.0625,central-full-exposure-recall
mcndroid-static,family,hiddad,own-domain,332,0.8047493403693932,0.287598944591029,0.5171503957783641,central-full-exposure-recall
mcndroid-static,family,hiddad,own-domain,333,0.5,0.5625,-0.0625,central-full-exposure-recall
mcndroid-static,family,hiddad,own-domain,334,0.6236559139784946,0.6881720430107527,-0.06451612903225812,central-full-exposure-recall
mcndroid-static,family,hiddad,own-domain,335,0.5705128205128205,0.7628205128205128,-0.1923076923076923,central-full-exposure-recall
mcndroid-static,family,hiddad,own-domain,336,0.36764705882352944,0.4411764705882353,-0.07352941176470584,central-full-exposure-recall
mcndroid-static,family,hiddad,own-domain,337,0.4666666666666667,0.34444444444444444,0.12222222222222223,central-full-exposure-recall
mcndroid-static,family,hiddad,own-domain,339,0.6120689655172413,0.6293103448275862,-0.017241379310344862,central-full-exposure-recall
mcndroid-static,family,leadbolt,federation-wide,330,0.42138364779874216,0.4339622641509434,-0.012578616352201255,central-full-exposure-recall
mcndroid-static,family,leadbolt,federation-wide,331,0.8958333333333334,0.9299242424242424,-0.03409090909090906,central-full-exposure-recall
mcndroid-static,family,leadbolt,federation-wide,332,0.7573221757322176,0.7587168758716876,-0.001394700139469962,central-full-exposure-recall
mcndroid-static,family,leadbolt,federation-wide,333,0.7628705148205929,0.7581903276131046,0.004680187207488307,central-full-exposure-recall
mcndroid-static,family,leadbolt,federation-wide,334,0.5496957403651116,0.5415821501014199,0.008113590263691739,central-full-exposure-recall
mcndroid-static,family,leadbolt,federation-wide,335,0.3826086956521739,0.49043478260869566,-0.10782608695652174,central-full-exposure-recall
mcndroid-static,family,leadbolt,federation-wide,336,0.48464163822525597,0.5597269624573379,-0.07508532423208192,central-full-exposure-recall
mcndroid-static,family,leadbolt,federation-wide,337,0.4838709677419355,0.6365591397849463,-0.15268817204301077,central-full-exposure-recall
mcndroid-static,family,leadbolt,federation-wide,338,0.7904929577464789,0.8626760563380281,-0.07218309859154926,central-full-exposure-recall
mcndroid-static,family,leadbolt,federation-wide,339,0.41292134831460675,0.3693820224719101,0.04353932584269665,central-full-exposure-recall
mcndroid-static,family,leadbolt,own-domain,331,0.884318766066838,0.9383033419023136,-0.05398457583547556,central-full-exposure-recall
mcndroid-static,family,leadbolt,own-domain,332,0.7370304114490162,0.7441860465116279,-0.007155635062611743,central-full-exposure-recall
mcndroid-static,family,leadbolt,own-domain,333,0.7464285714285714,0.7464285714285714,0.0,central-full-exposure-recall
mcndroid-static,family,leadbolt,own-domain,334,0.6153846153846154,0.36538461538461536,0.25000000000000006,central-full-exposure-recall
mcndroid-static,family,leadbolt,own-domain,337,0.6415094339622641,0.7547169811320755,-0.1132075471698114,central-full-exposure-recall
mcndroid-static,family,leadbolt,own-domain,338,0.753880266075388,0.8536585365853658,-0.09977827050997778,central-full-exposure-recall
mcndroid-static,family,leadbolt,own-domain,339,0.5853658536585366,0.3780487804878049,0.20731707317073167,central-full-exposure-recall
mcndroid-static,family,revmob,federation-wide,330,0.18846153846153846,0.27884615384615385,-0.0903846153846154,central-full-exposure-recall
mcndroid-static,family,revmob,federation-wide,331,0.1980952380952381,0.1523809523809524,0.04571428571428571,central-full-exposure-recall
mcndroid-static,family,revmob,federation-wide,332,0.421875,0.30357142857142855,0.11830357142857145,central-full-exposure-recall
mcndroid-static,family,revmob,federation-wide,333,0.558252427184466,0.308252427184466,0.25,central-full-exposure-recall
mcndroid-static,family,revmob,federation-wide,334,0.9497354497354498,0.8597883597883598,0.08994708994709,central-full-exposure-recall
mcndroid-static,family,revmob,federation-wide,335,0.15019762845849802,0.27865612648221344,-0.12845849802371542,central-full-exposure-recall
mcndroid-static,family,revmob,federation-wide,336,0.45689655172413796,0.1810344827586207,0.27586206896551724,central-full-exposure-recall
mcndroid-static,family,revmob,federation-wide,337,0.2,0.2680851063829787,-0.06808510638297871,central-full-exposure-recall
mcndroid-static,family,revmob,federation-wide,338,0.6102449888641426,0.45657015590200445,0.15367483296213813,central-full-exposure-recall
mcndroid-static,family,revmob,federation-wide,339,0.3054003724394786,0.08752327746741155,0.21787709497206703,central-full-exposure-recall
mcndroid-static,family,revmob,own-domain,330,0.2,0.3333333333333333,-0.1333333333333333,central-full-exposure-recall
mcndroid-static,family,revmob,own-domain,331,0.5,0.16666666666666666,0.33333333333333337,central-full-exposure-recall
mcndroid-static,family,revmob,own-domain,332,0.3333333333333333,0.16666666666666666,0.16666666666666666,central-full-exposure-recall
mcndroid-static,family,revmob,own-domain,333,0.6,0.4666666666666667,0.1333333333333333,central-full-exposure-recall
mcndroid-static,family,revmob,own-domain,334,1.0,0.8666666666666667,0.1333333333333333,central-full-exposure-recall
mcndroid-static,family,revmob,own-domain,335,0.2,0.13333333333333333,0.06666666666666668,central-full-exposure-recall
mcndroid-static,family,revmob,own-domain,336,0.56,0.08,0.48000000000000004,central-full-exposure-recall
mcndroid-static,family,revmob,own-domain,339,0.47058823529411764,0.17647058823529413,0.2941176470588235,central-full-exposure-recall
mcndroid-static,priority-macro,,federation-wide,330,0.36343518819508064,0.26322069210083043,0.10021449609425022,central-full-exposure-recall
mcndroid-static,priority-macro,,federation-wide,331,0.30505250897609903,0.16404121786171513,0.1410112911143839,central-full-exposure-recall
mcndroid-static,priority-macro,,federation-wide,332,0.6107156040340317,0.38813822736451686,0.2225773766695148,central-full-exposure-recall
mcndroid-static,priority-macro,,federation-wide,333,0.5627469532681592,0.5009739309688211,0.06177302229933807,central-full-exposure-recall
mcndroid-static,priority-macro,,federation-wide,334,0.8345148803960859,0.8031097746772967,0.03140510571878911,central-full-exposure-recall
mcndroid-static,priority-macro,,federation-wide,335,0.5225348001940837,0.4620127075144849,0.06052209267959882,central-full-exposure-recall
mcndroid-static,priority-macro,,federation-wide,336,0.6591481324305407,0.5558885514619548,0.10325958096858585,central-full-exposure-recall
mcndroid-static,priority-macro,,federation-wide,337,0.5335007382746005,0.5155326746124317,0.017968063662168854,central-full-exposure-recall
mcndroid-static,priority-macro,,federation-wide,338,0.5682010313610363,0.5347924604818769,0.03340857087915949,central-full-exposure-recall
mcndroid-static,priority-macro,,federation-wide,339,0.6072856148920992,0.561702013841388,0.04558360105071119,central-full-exposure-recall
mcndroid-static,priority-macro,,own-domain,330,0.43132530120481927,0.37148594377510036,0.05983935742971891,central-full-exposure-recall
mcndroid-static,priority-macro,,own-domain,331,0.5333333333333333,0.3332516339869281,0.20008169934640527,central-full-exposure-recall
mcndroid-static,priority-macro,,own-domain,332,0.6114284017827654,0.32863706029264955,0.28279134149011576,central-full-exposure-recall
mcndroid-static,priority-macro,,own-domain,333,0.55,0.5145833333333334,0.03541666666666665,central-full-exposure-recall
mcndroid-static,priority-macro,,own-domain,334,0.8745519713261648,0.8349462365591398,0.03960573476702508,central-full-exposure-recall
mcndroid-static,priority-macro,,own-domain,335,0.4686431623931624,0.40288461538461534,0.06575854700854701,central-full-exposure-recall
mcndroid-static,priority-macro,,own-domain,336,0.46382352941176475,0.2605882352941176,0.2032352941176471,central-full-exposure-recall
mcndroid-static,priority-macro,,own-domain,337,0.4666666666666667,0.34444444444444444,0.12222222222222223,central-full-exposure-recall
mcndroid-static,priority-macro,,own-domain,339,0.6733857336037863,0.5810936443542934,0.09229208924949288,central-full-exposure-recall
report-json,contrast-macro,,federation-wide,330,0.48590973933685633,0.6989545283446165,-0.2130447890077601,central-full-exposure-recall
report-json,contrast-macro,,federation-wide,331,0.621344106631074,0.9513848939951363,-0.3300407873640623,central-full-exposure-recall
report-json,contrast-macro,,federation-wide,332,0.4681040141949809,0.7474238070804677,-0.27931979288548686,central-full-exposure-recall
report-json,contrast-macro,,federation-wide,333,0.5424620537020938,0.822482036339406,-0.28001998263731226,central-full-exposure-recall
report-json,contrast-macro,,federation-wide,334,0.36396440995955043,0.6000875019037399,-0.23612309194418957,central-full-exposure-recall
report-json,contrast-macro,,federation-wide,335,0.31405821595568467,0.6279318157712125,-0.3138735998155278,central-full-exposure-recall
report-json,contrast-macro,,federation-wide,336,0.4355217957811261,0.7025461384799282,-0.26702434269880215,central-full-exposure-recall
report-json,contrast-macro,,federation-wide,337,0.47286922115718727,0.7744456114589183,-0.3015763903017311,central-full-exposure-recall
report-json,contrast-macro,,federation-wide,338,0.4659005977516984,0.7369237767098022,-0.27102317895810374,central-full-exposure-recall
report-json,contrast-macro,,federation-wide,339,0.3647498913192273,0.519782909503437,-0.15503301818420964,central-full-exposure-recall
report-json,contrast-macro,,own-domain,330,0.5887355013164449,0.7639175502265234,-0.17518204891007844,central-full-exposure-recall
report-json,contrast-macro,,own-domain,331,0.333599002435556,0.825312583501488,-0.49171358106593194,central-full-exposure-recall
report-json,contrast-macro,,own-domain,332,0.5038687403811755,0.8769346212372607,-0.3730658808560852,central-full-exposure-recall
report-json,contrast-macro,,own-domain,333,0.3761904761904762,0.817857142857143,-0.4416666666666667,central-full-exposure-recall
report-json,contrast-macro,,own-domain,334,0.29667662878320517,0.600568708900557,-0.3038920801173519,central-full-exposure-recall
report-json,contrast-macro,,own-domain,335,0.315955766192733,0.8020697392220162,-0.48611397302928316,central-full-exposure-recall
report-json,contrast-macro,,own-domain,336,0.65625,0.96875,-0.3125,central-full-exposure-recall
report-json,contrast-macro,,own-domain,337,0.3613615696910106,0.7230798641667469,-0.3617182944757363,central-full-exposure-recall
report-json,contrast-macro,,own-domain,338,0.27811213177066835,0.8792102206736353,-0.6010980889029669,central-full-exposure-recall
report-json,contrast-macro,,own-domain,339,0.33189403919701393,0.6922622813219176,-0.36036824212490365,central-full-exposure-recall
report-json,family,adwo,federation-wide,330,0.7012195121951219,0.9847560975609756,-0.2835365853658537,central-full-exposure-recall
report-json,family,adwo,federation-wide,331,0.20382165605095542,0.15286624203821655,0.05095541401273887,central-full-exposure-recall
report-json,family,adwo,federation-wide,332,0.20967741935483872,0.3903225806451613,-0.18064516129032257,central-full-exposure-recall
report-json,family,adwo,federation-wide,333,0.17804154302670624,0.3827893175074184,-0.20474777448071216,central-full-exposure-recall
report-json,family,adwo,federation-wide,334,0.1871508379888268,0.25139664804469275,-0.06424581005586594,central-full-exposure-recall
report-json,family,adwo,federation-wide,335,0.07751937984496124,0.3798449612403101,-0.3023255813953488,central-full-exposure-recall
report-json,family,adwo,federation-wide,336,0.1953125,0.515625,-0.3203125,central-full-exposure-recall
report-json,family,adwo,federation-wide,337,0.1946564885496183,0.17938931297709923,0.015267175572519082,central-full-exposure-recall
report-json,family,adwo,federation-wide,338,0.16393442622950818,0.15737704918032788,0.006557377049180302,central-full-exposure-recall
report-json,family,adwo,federation-wide,339,0.6206896551724138,0.9529780564263323,-0.33228840125391845,central-full-exposure-recall
report-json,family,adwo,own-domain,331,0.21428571428571427,0.21428571428571427,0.0,central-full-exposure-recall
report-json,family,adwo,own-domain,332,0.17796610169491525,0.3516949152542373,-0.17372881355932204,central-full-exposure-recall
report-json,family,adwo,own-domain,333,0.16607773851590105,0.3745583038869258,-0.20848056537102475,central-full-exposure-recall
report-json,family,adwo,own-domain,334,0.18,0.22333333333333333,-0.043333333333333335,central-full-exposure-recall
report-json,family,adwo,own-domain,335,0.08099688473520249,0.367601246105919,-0.2866043613707165,central-full-exposure-recall
report-json,family,adwo,own-domain,336,0.1724137931034483,0.5517241379310345,-0.3793103448275862,central-full-exposure-recall
report-json,family,adwo,own-domain,337,0.16981132075471697,0.2641509433962264,-0.09433962264150944,central-full-exposure-recall
report-json,family,adwo,own-domain,338,0.16,0.22,-0.06,central-full-exposure-recall
report-json,family,airpush,federation-wide,330,0.7705479452054794,0.9460616438356164,-0.175513698630137,central-full-exposure-recall
report-json,family,airpush,federation-wide,331,0.6720911310008136,0.9462978030919447,-0.27420667209113103,central-full-exposure-recall
report-json,family,airpush,federation-wide,332,0.30126277811184604,0.6055321707757065,-0.3042693926638605,central-full-exposure-recall
report-json,family,airpush,federation-wide,333,0.4474418604651163,0.7246511627906976,-0.27720930232558133,central-full-exposure-recall
report-json,family,airpush,federation-wide,334,0.3071577484364142,0.4475330090340514,-0.14037526059763722,central-full-exposure-recall
report-json,family,airpush,federation-wide,335,0.24859392575928008,0.5922384701912261,-0.34364454443194603,central-full-exposure-recall
report-json,family,airpush,federation-wide,336,0.33537051184110006,0.5653170359052712,-0.2299465240641711,central-full-exposure-recall
report-json,family,airpush,federation-wide,337,0.586730615507594,0.8784972022382095,-0.2917665867306155,central-full-exposure-recall
report-json,family,airpush,federation-wide,338,0.2839140103780578,0.3780578206078577,-0.0941438102297999,central-full-exposure-recall
report-json,family,airpush,federation-wide,339,0.37444655281467426,0.4946236559139785,-0.12017710309930424,central-full-exposure-recall
report-json,family,airpush,own-domain,330,0.5897435897435898,0.7948717948717948,-0.20512820512820507,central-full-exposure-recall
report-json,family,airpush,own-domain,331,0.3548387096774194,0.8709677419354839,-0.5161290322580645,central-full-exposure-recall
report-json,family,airpush,own-domain,332,0.36666666666666664,1.0,-0.6333333333333333,central-full-exposure-recall
report-json,family,airpush,own-domain,333,0.37857142857142856,0.9571428571428572,-0.5785714285714286,central-full-exposure-recall
report-json,family,airpush,own-domain,334,0.3032258064516129,0.8451612903225807,-0.5419354838709678,central-full-exposure-recall
report-json,family,airpush,own-domain,335,0.2985781990521327,0.985781990521327,-0.6872037914691943,central-full-exposure-recall
report-json,family,airpush,own-domain,336,0.5,1.0,-0.5,central-full-exposure-recall
report-json,family,airpush,own-domain,337,0.5523996082272282,0.8765915768854065,-0.32419196865817823,central-full-exposure-recall
report-json,family,airpush,own-domain,338,0.2857142857142857,0.9047619047619048,-0.6190476190476191,central-full-exposure-recall
report-json,family,airpush,own-domain,339,0.31868131868131866,0.9835164835164835,-0.6648351648351648,central-full-exposure-recall
report-json,family,dowgin,federation-wide,330,0.5697808535178778,0.7168396770472895,-0.1470588235294117,central-full-exposure-recall
report-json,family,dowgin,federation-wide,331,0.8548199767711963,0.9779326364692218,-0.12311265969802554,central-full-exposure-recall
report-json,family,dowgin,federation-wide,332,0.6860339227715626,0.8780223745940093,-0.19198845182244673,central-full-exposure-recall
report-json,family,dowgin,federation-wide,333,0.8320503848845346,0.9846046186144157,-0.15255423372988108,central-full-exposure-recall
report-json,family,dowgin,federation-wide,334,0.5656685443225615,0.8111473465757486,-0.24547880225318708,central-full-exposure-recall
report-json,family,dowgin,federation-wide,335,0.6274937655860349,0.8011221945137157,-0.17362842892768082,central-full-exposure-recall
report-json,family,dowgin,federation-wide,336,0.8295566502463054,0.9825944170771757,-0.15303776683087023,central-full-exposure-recall
report-json,family,dowgin,federation-wide,337,0.6232748974263335,0.8082804923535994,-0.18500559492726598,central-full-exposure-recall
report-json,family,dowgin,federation-wide,338,0.8303370786516854,0.9700374531835206,-0.13970037453183526,central-full-exposure-recall
report-json,family,dowgin,federation-wide,339,0.5428368290081763,0.6953430501244223,-0.152506221116246,central-full-exposure-recall
report-json,family,dowgin,own-domain,330,0.5877274128893001,0.7329633055812519,-0.1452358926919518,central-full-exposure-recall
report-json,family,dowgin,own-domain,331,0.3888888888888889,0.6666666666666666,-0.27777777777777773,central-full-exposure-recall
report-json,family,dowgin,own-domain,332,0.7084458156575395,0.8866178172001543,-0.1781720015426148,central-full-exposure-recall
report-json,family,dowgin,own-domain,333,0.4375,0.75,-0.3125,central-full-exposure-recall
report-json,family,dowgin,own-domain,334,0.2983425414364641,0.5911602209944752,-0.2928176795580111,central-full-exposure-recall
report-json,family,dowgin,own-domain,335,0.3333333333333333,0.6183574879227053,-0.28502415458937197,central-full-exposure-recall
report-json,family,dowgin,own-domain,336,0.8125,0.9375,-0.125,central-full-exposure-recall
report-json,family,dowgin,own-domain,337,0.32413793103448274,0.5379310344827586,-0.21379310344827585,central-full-exposure-recall
report-json,family,dowgin,own-domain,339,0.5672447013487476,0.7152215799614644,-0.1479768786127168,central-full-exposure-recall
report-json,family,gappusin,federation-wide,330,0.47368421052631576,0.3319838056680162,0.14170040485829954,central-full-exposure-recall
report-json,family,gappusin,federation-wide,331,0.488659793814433,0.2536082474226804,0.23505154639175257,central-full-exposure-recall
report-json,family,gappusin,federation-wide,332,0.3860232945091514,0.47088186356073214,-0.08485856905158073,central-full-exposure-recall
report-json,family,gappusin,federation-wide,333,0.7747252747252747,0.9358974358974359,-0.16117216117216115,central-full-exposure-recall
report-json,family,gappusin,federation-wide,334,0.7574626865671642,0.9272388059701493,-0.1697761194029851,central-full-exposure-recall
report-json,family,gappusin,federation-wide,335,0.20240137221269297,0.3259005145797599,-0.12349914236706691,central-full-exposure-recall
report-json,family,gappusin,federation-wide,336,0.8674463937621832,0.949317738791423,-0.08187134502923976,central-full-exposure-recall
report-json,family,gappusin,federation-wide,337,0.7901701323251418,0.945179584120983,-0.15500945179584125,central-full-exposure-recall
report-json,family,gappusin,federation-wide,338,0.7881548974943052,0.9225512528473804,-0.13439635535307515,central-full-exposure-recall
report-json,family,gappusin,federation-wide,339,0.7842003853564548,0.9248554913294798,-0.140655105973025,central-full-exposure-recall
report-json,family,gappusin,own-domain,330,0.4819277108433735,0.40963855421686746,0.07228915662650603,central-full-exposure-recall
report-json,family,gappusin,own-domain,331,0.49411764705882355,0.27058823529411763,0.22352941176470592,central-full-exposure-recall
report-json,family,gappusin,own-domain,332,0.5316455696202531,0.5316455696202531,0.0,central-full-exposure-recall
report-json,family,gappusin,own-domain,334,0.4,0.95,-0.5499999999999999,central-full-exposure-recall
report-json,family,gappusin,own-domain,335,0.3125,0.3125,0.0,central-full-exposure-recall
report-json,family,gappusin,own-domain,339,0.4375,0.9375,-0.5,central-full-exposure-recall
report-json,family,hiddad,federation-wide,330,0.13138686131386862,0.17883211678832117,-0.04744525547445255,central-full-exposure-recall
report-json,family,hiddad,federation-wide,331,0.07563025210084033,0.0861344537815126,-0.010504201680672273,central-full-exposure-recall
report-json,family,hiddad,federation-wide,332,0.25675675675675674,0.38996138996138996,-0.13320463320463322,central-full-exposure-recall
report-json,family,hiddad,federation-wide,333,0.21052631578947367,0.25877192982456143,-0.04824561403508776,central-full-exposure-recall
report-json,family,hiddad,federation-wide,334,0.34172661870503596,0.6223021582733813,-0.28057553956834536,central-full-exposure-recall
report-json,family,hiddad,federation-wide,335,0.362962962962963,0.7814814814814814,-0.41851851851851846,central-full-exposure-recall
report-json,family,hiddad,federation-wide,336,0.2462686567164179,0.5373134328358209,-0.291044776119403,central-full-exposure-recall
report-json,family,hiddad,federation-wide,337,0.29850746268656714,0.3333333333333333,-0.03482587064676618,central-full-exposure-recall
report-json,family,hiddad,federation-wide,338,0.10580204778156997,0.22525597269624573,-0.11945392491467575,central-full-exposure-recall
report-json,family,hiddad,federation-wide,339,0.45,0.6727272727272727,-0.22272727272727272,central-full-exposure-recall
report-json,family,hiddad,own-domain,331,0.9375,0.5625,0.375,central-full-exposure-recall
report-json,family,hiddad,own-domain,332,0.158311345646438,0.287598944591029,-0.12928759894459102,central-full-exposure-recall
report-json,family,hiddad,own-domain,333,0.6875,0.5625,0.125,central-full-exposure-recall
report-json,family,hiddad,own-domain,334,0.43010752688172044,0.6881720430107527,-0.2580645161290323,central-full-exposure-recall
report-json,family,hiddad,own-domain,335,0.16666666666666666,0.7628205128205128,-0.5961538461538461,central-full-exposure-recall
report-json,family,hiddad,own-domain,336,0.3088235294117647,0.4411764705882353,-0.13235294117647056,central-full-exposure-recall
report-json,family,hiddad,own-domain,337,0.28888888888888886,0.34444444444444444,-0.05555555555555558,central-full-exposure-recall
report-json,family,hiddad,own-domain,339,0.3620689655172414,0.6293103448275862,-0.2672413793103448,central-full-exposure-recall
report-json,family,leadbolt,federation-wide,330,0.11740041928721175,0.4339622641509434,-0.3165618448637317,central-full-exposure-recall
report-json,family,leadbolt,federation-wide,331,0.3371212121212121,0.9299242424242424,-0.5928030303030303,central-full-exposure-recall
report-json,family,leadbolt,federation-wide,332,0.41701534170153415,0.7587168758716876,-0.3417015341701534,central-full-exposure-recall
report-json,family,leadbolt,federation-wide,333,0.34789391575663026,0.7581903276131046,-0.4102964118564743,central-full-exposure-recall
report-json,family,leadbolt,federation-wide,334,0.21906693711967545,0.5415821501014199,-0.3225152129817444,central-full-exposure-recall
report-json,family,leadbolt,federation-wide,335,0.06608695652173913,0.49043478260869566,-0.42434782608695654,central-full-exposure-recall
report-json,family,leadbolt,federation-wide,336,0.1416382252559727,0.5597269624573379,-0.4180887372013652,central-full-exposure-recall
report-json,family,leadbolt,federation-wide,337,0.2086021505376344,0.6365591397849463,-0.42795698924731185,central-full-exposure-recall
report-json,family,leadbolt,federation-wide,338,0.2834507042253521,0.8626760563380281,-0.579225352112676,central-full-exposure-recall
report-json,family,leadbolt,federation-wide,339,0.17696629213483145,0.3693820224719101,-0.19241573033707865,central-full-exposure-recall
report-json,family,leadbolt,own-domain,331,0.2570694087403599,0.9383033419023136,-0.6812339331619537,central-full-exposure-recall
report-json,family,leadbolt,own-domain,332,0.4364937388193202,0.7441860465116279,-0.3076923076923077,central-full-exposure-recall
report-json,family,leadbolt,own-domain,333,0.3125,0.7464285714285714,-0.43392857142857144,central-full-exposure-recall
report-json,family,leadbolt,own-domain,334,0.28846153846153844,0.36538461538461536,-0.07692307692307693,central-full-exposure-recall
report-json,family,leadbolt,own-domain,337,0.20754716981132076,0.7547169811320755,-0.5471698113207548,central-full-exposure-recall
report-json,family,leadbolt,own-domain,338,0.270509977827051,0.8536585365853658,-0.5831485587583148,central-full-exposure-recall
report-json,family,leadbolt,own-domain,339,0.10975609756097561,0.3780487804878049,-0.2682926829268293,central-full-exposure-recall
report-json,family,revmob,federation-wide,330,0.18461538461538463,0.27884615384615385,-0.09423076923076923,central-full-exposure-recall
report-json,family,revmob,federation-wide,331,0.17523809523809525,0.1523809523809524,0.022857142857142854,central-full-exposure-recall
report-json,family,revmob,federation-wide,332,0.17633928571428573,0.30357142857142855,-0.12723214285714282,central-full-exposure-recall
report-json,family,revmob,federation-wide,333,0.13106796116504854,0.308252427184466,-0.17718446601941745,central-full-exposure-recall
report-json,family,revmob,federation-wide,334,0.5238095238095238,0.8597883597883598,-0.33597883597883593,central-full-exposure-recall
report-json,family,revmob,federation-wide,335,0.06126482213438735,0.27865612648221344,-0.21739130434782608,central-full-exposure-recall
report-json,family,revmob,federation-wide,336,0.1314655172413793,0.1810344827586207,-0.04956896551724138,central-full-exposure-recall
report-json,family,revmob,federation-wide,337,0.0851063829787234,0.2680851063829787,-0.1829787234042553,central-full-exposure-recall
report-json,family,revmob,federation-wide,338,0.19599109131403117,0.45657015590200445,-0.2605790645879733,central-full-exposure-recall
report-json,family,revmob,federation-wide,339,0.16201117318435754,0.08752327746741155,0.07448789571694599,central-full-exposure-recall
report-json,family,revmob,own-domain,330,0.0,0.3333333333333333,-0.3333333333333333,central-full-exposure-recall
report-json,family,revmob,own-domain,331,0.2777777777777778,0.16666666666666666,0.11111111111111113,central-full-exposure-recall
report-json,family,revmob,own-domain,332,0.0,0.16666666666666666,-0.16666666666666666,central-full-exposure-recall
report-json,family,revmob,own-domain,333,0.06666666666666667,0.4666666666666667,-0.4,central-full-exposure-recall
report-json,family,revmob,own-domain,334,0.3333333333333333,0.8666666666666667,-0.5333333333333334,central-full-exposure-recall
report-json,family,revmob,own-domain,335,0.0,0.13333333333333333,-0.13333333333333333,central-full-exposure-recall
report-json,family,revmob,own-domain,336,0.0,0.08,-0.08,central-full-exposure-recall
report-json,family,revmob,own-domain,339,0.0,0.17647058823529413,-0.17647058823529413,central-full-exposure-recall
report-json,priority-macro,,federation-wide,330,0.263228818818523,0.26322069210083043,8.126717692587734e-6,central-full-exposure-recall
report-json,priority-macro,,federation-wide,331,0.24650938038445616,0.16404121786171513,0.08246816252274104,central-full-exposure-recall
report-json,priority-macro,,federation-wide,332,0.273039778993398,0.38813822736451686,-0.11509844837111893,central-full-exposure-recall
report-json,priority-macro,,federation-wide,333,0.372106517226599,0.5009739309688211,-0.12886741374222213,central-full-exposure-recall
report-json,priority-macro,,federation-wide,334,0.540999609693908,0.8031097746772967,-0.2621101649833888,central-full-exposure-recall
report-json,priority-macro,,federation-wide,335,0.20887638577001444,0.46201270751448487,-0.2531363217444705,central-full-exposure-recall
report-json,priority-macro,,federation-wide,336,0.41506018923999344,0.5558885514619548,-0.14082836222196138,central-full-exposure-recall
report-json,priority-macro,,federation-wide,337,0.39126132599681074,0.5155326746124317,-0.1242713486156209,central-full-exposure-recall
report-json,priority-macro,,federation-wide,338,0.36331601219663545,0.5347924604818769,-0.17147644828524142,central-full-exposure-recall
report-json,priority-macro,,federation-wide,339,0.46540385284693747,0.5617020138413881,-0.09629816099445059,central-full-exposure-recall
report-json,priority-macro,,own-domain,330,0.24096385542168675,0.37148594377510036,-0.13052208835341364,central-full-exposure-recall
report-json,priority-macro,,own-domain,331,0.5697984749455337,0.3332516339869281,0.23654684095860568,central-full-exposure-recall
report-json,priority-macro,,own-domain,332,0.22998563842223038,0.32863706029264955,-0.09865142187041924,central-full-exposure-recall
report-json,priority-macro,,own-domain,333,0.3770833333333333,0.5145833333333334,-0.1375,central-full-exposure-recall
report-json,priority-macro,,own-domain,334,0.38781362007168463,0.8349462365591398,-0.44713261648745517,central-full-exposure-recall
report-json,priority-macro,,own-domain,335,0.1597222222222222,0.40288461538461534,-0.24316239316239316,central-full-exposure-recall
report-json,priority-macro,,own-domain,336,0.15441176470588236,0.2605882352941176,-0.10617647058823529,central-full-exposure-recall
report-json,priority-macro,,own-domain,337,0.28888888888888886,0.34444444444444444,-0.05555555555555558,central-full-exposure-recall
report-json,priority-macro,,own-domain,339,0.2665229885057471,0.5810936443542934,-0.3145706558485463,central-full-exposure-recall
call-graph,contrast-macro,,federation-wide,330,0.33755833964092585,0.2450959917531106,0.09246234788781527,fedavg-ctk
call-graph,contrast-macro,,federation-wide,331,0.29669918216649643,0.20154848238854672,0.09515069977794971,fedavg-ctk
call-graph,contrast-macro,,federation-wide,332,0.38896169441613365,0.2231654332902199,0.16579626112591375,fedavg-ctk
call-graph,contrast-macro,,federation-wide,333,0.36949333715044697,0.18604155472873432,0.18345178242171264,fedavg-ctk
call-graph,contrast-macro,,federation-wide,334,0.42733779913000425,0.24798909987696385,0.1793486992530404,fedavg-ctk
call-graph,contrast-macro,,federation-wide,335,0.4133063271948428,0.253017968601263,0.1602883585935798,fedavg-ctk
call-graph,contrast-macro,,federation-wide,336,0.5047713340349496,0.2829322645638439,0.22183906947110565,fedavg-ctk
call-graph,contrast-macro,,federation-wide,337,0.2530755630763084,0.23524158522083205,0.017833977855476357,fedavg-ctk
call-graph,contrast-macro,,federation-wide,338,0.36595429730627665,0.21935027934873844,0.14660401795753825,fedavg-ctk
call-graph,contrast-macro,,federation-wide,339,0.36164868722219046,0.16872938882028307,0.19291929840190739,fedavg-ctk
call-graph,contrast-macro,,own-domain,330,0.20898266087905315,0.2971607485946061,-0.08817808771555297,fedavg-ctk
call-graph,contrast-macro,,own-domain,331,0.3356168590848083,0.14655874051346315,0.18905811857134514,fedavg-ctk
call-graph,contrast-macro,,own-domain,332,0.1961941017753178,0.1520709050857303,0.044123196689587495,fedavg-ctk
call-graph,contrast-macro,,own-domain,333,0.2023809523809524,-0.004761904761904763,0.20714285714285716,fedavg-ctk
call-graph,contrast-macro,,own-domain,334,0.20032399727641217,0.21443341604631927,-0.014109418769907104,fedavg-ctk
call-graph,contrast-macro,,own-domain,335,0.1704329509810656,0.13074386977127547,0.03968908120979012,fedavg-ctk
call-graph,contrast-macro,,own-domain,336,0.171875,-0.03125,0.203125,fedavg-ctk
call-graph,contrast-macro,,own-domain,337,0.1590498894289111,0.2022851712391545,-0.04323528181024339,fedavg-ctk
call-graph,contrast-macro,,own-domain,338,0.40940766550522645,0.4104635202196178,-0.0010558547143913188,fedavg-ctk
call-graph,contrast-macro,,own-domain,339,0.17638954087565395,0.050997346091100515,0.1253921947845534,fedavg-ctk
call-graph,family,adwo,federation-wide,330,0.14329268292682928,0.10670731707317083,0.03658536585365846,fedavg-ctk
call-graph,family,adwo,federation-wide,331,0.15923566878980894,0.10191082802547768,0.05732484076433125,fedavg-ctk
call-graph,family,adwo,federation-wide,332,0.15806451612903222,0.167741935483871,-0.00967741935483879,fedavg-ctk
call-graph,family,adwo,federation-wide,333,0.08902077151335314,0.06824925816023736,0.020771513353115778,fedavg-ctk
call-graph,family,adwo,federation-wide,334,0.047486033519553106,0.0027932960893854997,0.044692737430167606,fedavg-ctk
call-graph,family,adwo,federation-wide,335,0.028423772609819098,0.041343669250645976,-0.012919896640826878,fedavg-ctk
call-graph,family,adwo,federation-wide,336,0.203125,0.02734375,0.17578125,fedavg-ctk
call-graph,family,adwo,federation-wide,337,0.11832061068702288,0.022900763358778664,0.09541984732824421,fedavg-ctk
call-graph,family,adwo,federation-wide,338,-0.00983606557377048,0.016393442622950824,-0.026229508196721305,fedavg-ctk
call-graph,family,adwo,federation-wide,339,0.25391849529780564,0.09404388714733547,0.15987460815047017,fedavg-ctk
call-graph,family,adwo,own-domain,331,0.18571428571428578,0.08571428571428569,0.10000000000000009,fedavg-ctk
call-graph,family,adwo,own-domain,332,0.1652542372881356,0.21186440677966106,-0.046610169491525466,fedavg-ctk
call-graph,family,adwo,own-domain,333,0.0706713780918728,0.06713780918727918,0.003533568904593609,fedavg-ctk
call-graph,family,adwo,own-domain,334,0.043333333333333335,0.0,0.043333333333333335,fedavg-ctk
call-graph,family,adwo,own-domain,335,0.012461059190031154,0.02492211838006228,-0.012461059190031126,fedavg-ctk
call-graph,family,adwo,own-domain,336,0.15517241379310354,0.06896551724137928,0.08620689655172425,fedavg-ctk
call-graph,family,adwo,own-domain,337,0.09433962264150941,0.11320754716981135,-0.018867924528301938,fedavg-ctk
call-graph,family,adwo,own-domain,338,-0.020000000000000018,0.12,-0.14,fedavg-ctk
call-graph,family,airpush,federation-wide,330,0.30308219178082196,0.3587328767123288,-0.05565068493150682,fedavg-ctk
call-graph,family,airpush,federation-wide,331,0.40602115541090317,0.17493897477624087,0.2310821806346623,fedavg-ctk
call-graph,family,airpush,federation-wide,332,0.7919422730006014,0.4227300060132292,0.3692122669873722,fedavg-ctk
call-graph,family,airpush,federation-wide,333,0.7190697674418605,0.3376744186046512,0.38139534883720927,fedavg-ctk
call-graph,family,airpush,federation-wide,334,0.4857539958304378,0.31758165392633775,0.16817234190410008,fedavg-ctk
call-graph,family,airpush,federation-wide,335,0.5326209223847018,0.36220472440944884,0.17041619797525298,fedavg-ctk
call-graph,family,airpush,federation-wide,336,0.6279602750190986,0.28342245989304815,0.3445378151260504,fedavg-ctk
call-graph,family,airpush,federation-wide,337,0.22621902478017586,0.3069544364508393,-0.08073541167066345,fedavg-ctk
call-graph,family,airpush,federation-wide,338,0.5455893254262416,0.28020756115641215,0.26538176426982946,fedavg-ctk
call-graph,family,airpush,federation-wide,339,0.5249841872232764,0.22137887413029728,0.30360531309297917,fedavg-ctk
call-graph,family,airpush,own-domain,330,0.41025641025641035,0.5641025641025641,-0.15384615384615374,fedavg-ctk
call-graph,family,airpush,own-domain,331,0.25806451612903225,0.09677419354838712,0.16129032258064513,fedavg-ctk
call-graph,family,airpush,own-domain,332,0.20000000000000007,0.19999999999999996,1.1102230246251565e-16,fedavg-ctk
call-graph,family,airpush,own-domain,333,0.25,0.05714285714285716,0.19285714285714284,fedavg-ctk
call-graph,family,airpush,own-domain,334,0.27096774193548384,0.3548387096774194,-0.08387096774193553,fedavg-ctk
call-graph,family,airpush,own-domain,335,0.3601895734597157,0.2180094786729857,0.14218009478673,fedavg-ctk
call-graph,family,airpush,own-domain,336,0.25,0.0,0.25,fedavg-ctk
call-graph,family,airpush,own-domain,337,0.2507345739471107,0.33398628795298724,-0.08325171400587655,fedavg-ctk
call-graph,family,airpush,own-domain,338,0.4285714285714286,0.5238095238095238,-0.09523809523809523,fedavg-ctk
call-graph,family,airpush,own-domain,339,0.2747252747252747,0.005494505494505586,0.2692307692307691,fedavg-ctk
call-graph,family,dowgin,federation-wide,330,0.005190311418685145,0.028546712802768215,-0.02335640138408307,fedavg-ctk
call-graph,family,dowgin,federation-wide,331,0.09581881533101044,0.020615563298490236,0.07520325203252021,fedavg-ctk
call-graph,family,dowgin,federation-wide,332,0.0653193792854565,0.04871887405268849,0.016600505232768015,fedavg-ctk
call-graph,family,dowgin,federation-wide,333,0.10391882435269417,-0.0041987403778865895,0.10811756473058076,fedavg-ctk
call-graph,family,dowgin,federation-wide,334,0.08834865105247552,0.018677734954046787,0.06967091609842874,fedavg-ctk
call-graph,family,dowgin,federation-wide,335,0.09164588528678302,0.021197007481296715,0.07044887780548631,fedavg-ctk
call-graph,family,dowgin,federation-wide,336,0.225944170771757,0.003940886699507429,0.22200328407224956,fedavg-ctk
call-graph,family,dowgin,federation-wide,337,0.12010443864229764,0.005221932114882533,0.1148825065274151,fedavg-ctk
call-graph,family,dowgin,federation-wide,338,0.12621722846441952,0.02397003745318349,0.10224719101123603,fedavg-ctk
call-graph,family,dowgin,federation-wide,339,0.02204052612868823,0.003910415926057564,0.018130110202630667,fedavg-ctk
call-graph,family,dowgin,own-domain,330,0.0077089115016959475,0.030218933086648136,-0.02251002158495219,fedavg-ctk
call-graph,family,dowgin,own-domain,331,0.3888888888888889,-0.05555555555555547,0.44444444444444436,fedavg-ctk
call-graph,family,dowgin,own-domain,332,0.06478981874276901,0.045121480910142675,0.019668337832626337,fedavg-ctk
call-graph,family,dowgin,own-domain,333,0.0625,-0.3125,0.375,fedavg-ctk
call-graph,family,dowgin,own-domain,334,0.06077348066298344,0.0,0.06077348066298344,fedavg-ctk
call-graph,family,dowgin,own-domain,335,-0.019323671497584516,0.043478260869565244,-0.06280193236714976,fedavg-ctk
call-graph,family,dowgin,own-domain,336,0.09375,-0.0625,0.15625,fedavg-ctk
call-graph,family,dowgin,own-domain,337,0.0,0.02758620689655178,-0.02758620689655178,fedavg-ctk
call-graph,family,dowgin,own-domain,339,0.022736030828516385,0.0011560693641617936,0.02157996146435459,fedavg-ctk
call-graph,family,gappusin,federation-wide,330,0.17206477732793524,0.11133603238866396,0.06072874493927127,fedavg-ctk
call-graph,family,gappusin,federation-wide,331,0.13402061855670105,0.05979381443298967,0.07422680412371138,fedavg-ctk
call-graph,family,gappusin,federation-wide,332,0.5008319467554077,0.394342762063228,0.10648918469217966,fedavg-ctk
call-graph,family,gappusin,federation-wide,333,0.21794871794871795,0.05494505494505497,0.16300366300366298,fedavg-ctk
call-graph,family,gappusin,federation-wide,334,0.11194029850746268,0.18470149253731338,-0.0727611940298507,fedavg-ctk
call-graph,family,gappusin,federation-wide,335,0.18010291595197256,0.10806174957118353,0.07204116638078903,fedavg-ctk
call-graph,family,gappusin,federation-wide,336,0.10526315789473684,0.1656920077972709,-0.060428849902534054,fedavg-ctk
call-graph,family,gappusin,federation-wide,337,0.12098298676748587,0.11531190926275992,0.005671077504725952,fedavg-ctk
call-graph,family,gappusin,federation-wide,338,0.20728929384965833,0.20956719817767655,-0.002277904328018221,fedavg-ctk
call-graph,family,gappusin,federation-wide,339,0.17726396917148357,0.1425818882466281,0.034682080924855474,fedavg-ctk
call-graph,family,gappusin,own-domain,330,0.19277108433734935,0.07228915662650603,0.12048192771084332,fedavg-ctk
call-graph,family,gappusin,own-domain,331,0.1411764705882353,0.09411764705882353,0.047058823529411764,fedavg-ctk
call-graph,family,gappusin,own-domain,332,0.25316455696202533,0.1392405063291139,0.11392405063291144,fedavg-ctk
call-graph,family,gappusin,own-domain,334,0.050000000000000044,0.15000000000000002,-0.09999999999999998,fedavg-ctk
call-graph,family,gappusin,own-domain,335,0.13541666666666669,0.10416666666666666,0.03125000000000003,fedavg-ctk
call-graph,family,gappusin,own-domain,339,0.4375,0.0,0.4375,fedavg-ctk
call-graph,family,hiddad,federation-wide,330,0.03284671532846717,0.05474452554744527,-0.021897810218978103,fedavg-ctk
call-graph,family,hiddad,federation-wide,331,0.006302521008403367,0.47689075630252103,-0.47058823529411764,fedavg-ctk
call-graph,family,hiddad,federation-wide,332,0.007722007722007707,-0.0019305019305019266,0.009652509652509633,fedavg-ctk
call-graph,family,hiddad,federation-wide,333,0.08771929824561403,0.13596491228070173,-0.0482456140350877,fedavg-ctk
call-graph,family,hiddad,federation-wide,334,0.11151079136690645,0.1654676258992806,-0.053956834532374154,fedavg-ctk
call-graph,family,hiddad,federation-wide,335,0.06666666666666671,0.01851851851851849,0.04814814814814822,fedavg-ctk
call-graph,family,hiddad,federation-wide,336,0.18656716417910446,-0.04104477611940299,0.22761194029850745,fedavg-ctk
call-graph,family,hiddad,federation-wide,337,0.07462686567164178,0.009950248756218916,0.06467661691542287,fedavg-ctk
call-graph,family,hiddad,federation-wide,338,0.040955631399317405,0.03754266211604096,0.0034129692832764458,fedavg-ctk
call-graph,family,hiddad,federation-wide,339,0.018181818181818188,0.027272727272727337,-0.00909090909090915,fedavg-ctk
call-graph,family,hiddad,own-domain,331,-0.0625,0.0625,-0.125,fedavg-ctk
call-graph,family,hiddad,own-domain,332,0.002638522427440615,0.0,0.002638522427440615,fedavg-ctk
call-graph,family,hiddad,own-domain,333,0.125,0.0,0.125,fedavg-ctk
call-graph,family,hiddad,own-domain,334,0.0,-0.032258064516129004,0.032258064516129004,fedavg-ctk
call-graph,family,hiddad,own-domain,335,0.05769230769230771,0.04487179487179488,0.01282051282051283,fedavg-ctk
call-graph,family,hiddad,own-domain,336,-0.02941176470588236,-0.08823529411764702,0.05882352941176466,fedavg-ctk
call-graph,family,hiddad,own-domain,337,0.08888888888888888,0.03333333333333338,0.0555555555555555,fedavg-ctk
call-graph,family,hiddad,own-domain,339,0.008620689655172431,0.103448275862069,-0.09482758620689657,fedavg-ctk
call-graph,family,leadbolt,federation-wide,330,0.7044025157232705,0.3480083857442348,0.3563941299790357,fedavg-ctk
call-graph,family,leadbolt,federation-wide,331,0.38825757575757575,0.4090909090909091,-0.02083333333333337,fedavg-ctk
call-graph,family,leadbolt,federation-wide,332,0.30962343096234307,0.19804741980474205,0.11157601115760102,fedavg-ctk
call-graph,family,leadbolt,federation-wide,333,0.28549141965678626,0.22464898595943839,0.060842433697347875,fedavg-ctk
call-graph,family,leadbolt,federation-wide,334,0.7079107505070994,0.40770791075050705,0.30020283975659234,fedavg-ctk
call-graph,family,leadbolt,federation-wide,335,0.6156521739130435,0.37565217391304345,0.24000000000000005,fedavg-ctk
call-graph,family,leadbolt,federation-wide,336,0.6604095563139931,0.5614334470989761,0.09897610921501698,fedavg-ctk
call-graph,family,leadbolt,federation-wide,337,0.41290322580645167,0.39354838709677425,0.019354838709677413,fedavg-ctk
call-graph,family,leadbolt,federation-wide,338,0.42605633802816895,0.3538732394366197,0.07218309859154926,fedavg-ctk
call-graph,family,leadbolt,federation-wide,339,0.5379213483146067,0.2808988764044944,0.2570224719101123,fedavg-ctk
call-graph,family,leadbolt,own-domain,331,0.3598971722365038,0.39845758354755784,-0.03856041131105403,fedavg-ctk
call-graph,family,leadbolt,own-domain,332,0.32379248658318427,0.21109123434704824,0.11270125223613603,fedavg-ctk
call-graph,family,leadbolt,own-domain,333,0.29464285714285715,0.24107142857142855,0.0535714285714286,fedavg-ctk
call-graph,family,leadbolt,own-domain,334,0.2692307692307693,0.2884615384615385,-0.019230769230769218,fedavg-ctk
call-graph,family,leadbolt,own-domain,337,0.22641509433962265,0.24528301886792447,-0.018867924528301827,fedavg-ctk
call-graph,family,leadbolt,own-domain,338,0.39024390243902435,0.29711751662971175,0.0931263858093126,fedavg-ctk
call-graph,family,leadbolt,own-domain,339,0.23170731707317074,0.14634146341463417,0.08536585365853658,fedavg-ctk
call-graph,family,revmob,federation-wide,330,0.4538461538461538,0.06538461538461537,0.3884615384615384,fedavg-ctk
call-graph,family,revmob,federation-wide,331,0.19238095238095237,0.11619047619047619,0.07619047619047618,fedavg-ctk
call-graph,family,revmob,federation-wide,332,0.2924107142857143,0.30803571428571425,-0.015624999999999944,fedavg-ctk
call-graph,family,revmob,federation-wide,333,0.44902912621359226,0.41019417475728154,0.03883495145631072,fedavg-ctk
call-graph,family,revmob,federation-wide,334,0.6216931216931217,0.3703703703703704,0.25132275132275134,fedavg-ctk
call-graph,family,revmob,federation-wide,335,0.24703557312252966,0.20355731225296442,0.043478260869565244,fedavg-ctk
call-graph,family,revmob,federation-wide,336,0.4741379310344828,0.3599137931034483,0.11422413793103453,fedavg-ctk
call-graph,family,revmob,federation-wide,337,0.18936170212765957,0.23617021276595745,-0.046808510638297884,fedavg-ctk
call-graph,family,revmob,federation-wide,338,0.3118040089086859,0.24498886414253895,0.06681514476614697,fedavg-ctk
call-graph,family,revmob,federation-wide,339,0.44878957169459965,0.2644320297951583,0.18435754189944137,fedavg-ctk
call-graph,family,revmob,own-domain,330,0.06666666666666667,0.0,0.06666666666666667,fedavg-ctk
call-graph,family,revmob,own-domain,331,0.2222222222222222,0.1111111111111111,0.1111111111111111,fedavg-ctk
call-graph,family,revmob,own-domain,332,0.1111111111111111,0.05555555555555555,0.05555555555555555,fedavg-ctk
call-graph,family,revmob,own-domain,333,0.4,0.26666666666666666,0.13333333333333336,fedavg-ctk
call-graph,family,revmob,own-domain,334,0.6666666666666667,0.6000000000000001,0.06666666666666665,fedavg-ctk
call-graph,family,revmob,own-domain,335,0.06666666666666667,0.2,-0.13333333333333336,fedavg-ctk
call-graph,family,revmob,own-domain,336,0.4,0.12,0.28,fedavg-ctk
call-graph,family,revmob,own-domain,339,0.29411764705882354,0.11764705882352941,0.17647058823529413,fedavg-ctk
call-graph,priority-macro,,federation-wide,330,0.21958588216751873,0.07715505777357487,0.14243082439394386,fedavg-ctk
call-graph,priority-macro,,federation-wide,331,0.11090136398201893,0.21762501564199563,-0.1067236516599767,fedavg-ctk
call-graph,priority-macro,,federation-wide,332,0.26698822292104324,0.2334826581394801,0.033505564781563114,fedavg-ctk
call-graph,priority-macro,,federation-wide,333,0.2515657141359748,0.20036804732767943,0.05119766680829533,fedavg-ctk
call-graph,priority-macro,,federation-wide,334,0.2817147371891636,0.24017982960232145,0.04153490758684216,fedavg-ctk
call-graph,priority-macro,,federation-wide,335,0.16460171858038963,0.11004586011422214,0.0545558584661675,fedavg-ctk
call-graph,priority-macro,,federation-wide,336,0.255322751036108,0.16152034159377207,0.09380240944233598,fedavg-ctk
call-graph,priority-macro,,federation-wide,337,0.12832385152226242,0.12047745692831209,0.007846394593950312,fedavg-ctk
call-graph,priority-macro,,federation-wide,338,0.18668297805255388,0.16403290814541882,0.022650069907135067,fedavg-ctk
call-graph,priority-macro,,federation-wide,339,0.2147451196826338,0.14476221510483792,0.06998290457779589,fedavg-ctk
call-graph,priority-macro,,own-domain,330,0.129718875502008,0.03614457831325302,0.09357429718875498,fedavg-ctk
call-graph,priority-macro,,own-domain,331,0.1002995642701525,0.0892429193899782,0.01105664488017429,fedavg-ctk
call-graph,priority-macro,,own-domain,332,0.12230473016685901,0.06493202062822315,0.05737270953863587,fedavg-ctk
call-graph,priority-macro,,own-domain,333,0.2625,0.13333333333333333,0.12916666666666668,fedavg-ctk
call-graph,priority-macro,,own-domain,334,0.23888888888888893,0.23924731182795703,-0.00035842293906810746,fedavg-ctk
call-graph,priority-macro,,own-domain,335,0.08659188034188035,0.11634615384615384,-0.0297542735042735,fedavg-ctk
call-graph,priority-macro,,own-domain,336,0.18529411764705883,0.015882352941176486,0.16941176470588235,fedavg-ctk
call-graph,priority-macro,,own-domain,337,0.08888888888888888,0.03333333333333338,0.0555555555555555,fedavg-ctk
call-graph,priority-macro,,own-domain,339,0.24674611223799867,0.07369844489519947,0.1730476673427992,fedavg-ctk
mcndroid-static,contrast-macro,,federation-wide,330,0.3106096724136063,0.2450959917531106,0.06551368066049573,fedavg-ctk
mcndroid-static,contrast-macro,,federation-wide,331,0.2271329650556763,0.20154848238854672,0.025584482667129576,fedavg-ctk
mcndroid-static,contrast-macro,,federation-wide,332,0.23109695612620781,0.2231654332902199,0.007931522835987895,fedavg-ctk
mcndroid-static,contrast-macro,,federation-wide,333,0.21530869048975834,0.18604155472873432,0.02926713576102402,fedavg-ctk
mcndroid-static,contrast-macro,,federation-wide,334,0.1773531775935009,0.24798909987696385,-0.07063592228346299,fedavg-ctk
mcndroid-static,contrast-macro,,federation-wide,335,0.1916787925769281,0.253017968601263,-0.0613391760243349,fedavg-ctk
mcndroid-static,contrast-macro,,federation-wide,336,0.26392200597629506,0.2829322645638439,-0.019010258587548862,fedavg-ctk
mcndroid-static,contrast-macro,,federation-wide,337,0.2045454163795337,0.23524158522083205,-0.03069616884129835,fedavg-ctk
mcndroid-static,contrast-macro,,federation-wide,338,0.1672798503353388,0.21935027934873844,-0.052070429013399644,fedavg-ctk
mcndroid-static,contrast-macro,,federation-wide,339,0.15196568928496945,0.16872938882028307,-0.01676369953531363,fedavg-ctk
mcndroid-static,contrast-macro,,own-domain,330,0.3447188026281458,0.2971607485946061,0.04755805403353969,fedavg-ctk
mcndroid-static,contrast-macro,,own-domain,331,0.22361967241310474,0.14655874051346315,0.07706093189964157,fedavg-ctk
mcndroid-static,contrast-macro,,own-domain,332,0.1368493742192161,0.1520709050857303,-0.015221530866514177,fedavg-ctk
mcndroid-static,contrast-macro,,own-domain,333,0.07797619047619048,-0.004761904761904763,0.08273809523809524,fedavg-ctk
mcndroid-static,contrast-macro,,own-domain,334,0.286481453555059,0.21443341604631927,0.07204803750873968,fedavg-ctk
mcndroid-static,contrast-macro,,own-domain,335,0.2940220253222521,0.13074386977127547,0.1632781555509766,fedavg-ctk
mcndroid-static,contrast-macro,,own-domain,336,0.002232142857142849,-0.03125,0.03348214285714285,fedavg-ctk
mcndroid-static,contrast-macro,,own-domain,337,0.22846754694465457,0.2022851712391545,0.026182375705500065,fedavg-ctk
mcndroid-static,contrast-macro,,own-domain,338,0.3323830640903811,0.4104635202196178,-0.07808045612923667,fedavg-ctk
mcndroid-static,contrast-macro,,own-domain,339,0.1930013201548518,0.050997346091100515,0.1420039740637513,fedavg-ctk
mcndroid-static,family,adwo,federation-wide,330,0.24085365853658536,0.10670731707317083,0.13414634146341453,fedavg-ctk
mcndroid-static,family,adwo,federation-wide,331,0.197452229299363,0.10191082802547768,0.09554140127388533,fedavg-ctk
mcndroid-static,family,adwo,federation-wide,332,0.16774193548387095,0.167741935483871,-5.551115123125783e-17,fedavg-ctk
mcndroid-static,family,adwo,federation-wide,333,0.13946587537091992,0.06824925816023736,0.07121661721068256,fedavg-ctk
mcndroid-static,family,adwo,federation-wide,334,0.12290502793296088,0.0027932960893854997,0.12011173184357538,fedavg-ctk
mcndroid-static,family,adwo,federation-wide,335,0.17312661498708004,0.041343669250645976,0.13178294573643407,fedavg-ctk
mcndroid-static,family,adwo,federation-wide,336,0.19921875,0.02734375,0.171875,fedavg-ctk
mcndroid-static,family,adwo,federation-wide,337,0.1717557251908397,0.022900763358778664,0.14885496183206104,fedavg-ctk
mcndroid-static,family,adwo,federation-wide,338,0.16721311475409834,0.016393442622950824,0.1508196721311475,fedavg-ctk
mcndroid-static,family,adwo,federation-wide,339,0.10031347962382453,0.09404388714733547,0.006269592476489061,fedavg-ctk
mcndroid-static,family,adwo,own-domain,331,0.05714285714285716,0.08571428571428569,-0.028571428571428525,fedavg-ctk
mcndroid-static,family,adwo,own-domain,332,0.18644067796610164,0.21186440677966106,-0.02542372881355942,fedavg-ctk
mcndroid-static,family,adwo,own-domain,333,0.1413427561837456,0.06713780918727918,0.0742049469964664,fedavg-ctk
mcndroid-static,family,adwo,own-domain,334,0.12,0.0,0.12,fedavg-ctk
mcndroid-static,family,adwo,own-domain,335,0.1713395638629283,0.02492211838006228,0.14641744548286603,fedavg-ctk
mcndroid-static,family,adwo,own-domain,336,0.2068965517241379,0.06896551724137928,0.13793103448275862,fedavg-ctk
mcndroid-static,family,adwo,own-domain,337,0.20754716981132082,0.11320754716981135,0.09433962264150947,fedavg-ctk
mcndroid-static,family,adwo,own-domain,338,0.16000000000000003,0.12,0.040000000000000036,fedavg-ctk
mcndroid-static,family,airpush,federation-wide,330,0.49743150684931503,0.3587328767123288,0.13869863013698625,fedavg-ctk
mcndroid-static,family,airpush,federation-wide,331,0.20992676973148894,0.17493897477624087,0.034987794955248064,fedavg-ctk
mcndroid-static,family,airpush,federation-wide,332,0.44738424533974747,0.4227300060132292,0.02465423932651828,fedavg-ctk
mcndroid-static,family,airpush,federation-wide,333,0.412093023255814,0.3376744186046512,0.07441860465116279,fedavg-ctk
mcndroid-static,family,airpush,federation-wide,334,0.26059763724808893,0.31758165392633775,-0.05698401667824882,fedavg-ctk
mcndroid-static,family,airpush,federation-wide,335,0.25196850393700787,0.36220472440944884,-0.11023622047244097,fedavg-ctk
mcndroid-static,family,airpush,federation-wide,336,0.32773109243697474,0.28342245989304815,0.044308632543926585,fedavg-ctk
mcndroid-static,family,airpush,federation-wide,337,0.35251798561151076,0.3069544364508393,0.04556354916067146,fedavg-ctk
mcndroid-static,family,airpush,federation-wide,338,0.21052631578947367,0.28020756115641215,-0.06968124536693848,fedavg-ctk
mcndroid-static,family,airpush,federation-wide,339,0.22074636306135356,0.22137887413029728,-0.0006325110689437141,fedavg-ctk
mcndroid-static,family,airpush,own-domain,330,0.641025641025641,0.5641025641025641,0.07692307692307687,fedavg-ctk
mcndroid-static,family,airpush,own-domain,331,0.16129032258064524,0.09677419354838712,0.06451612903225812,fedavg-ctk
mcndroid-static,family,airpush,own-domain,332,0.16666666666666663,0.19999999999999996,-0.033333333333333326,fedavg-ctk
mcndroid-static,family,airpush,own-domain,333,0.2142857142857143,0.05714285714285716,0.15714285714285714,fedavg-ctk
mcndroid-static,family,airpush,own-domain,334,0.6258064516129032,0.3548387096774194,0.2709677419354838,fedavg-ctk
mcndroid-static,family,airpush,own-domain,335,0.5687203791469195,0.2180094786729857,0.35071090047393383,fedavg-ctk
mcndroid-static,family,airpush,own-domain,336,0.0357142857142857,0.0,0.0357142857142857,fedavg-ctk
mcndroid-static,family,airpush,own-domain,337,0.3388834476003918,0.33398628795298724,0.004897159647404559,fedavg-ctk
mcndroid-static,family,airpush,own-domain,338,0.38095238095238093,0.5238095238095238,-0.1428571428571429,fedavg-ctk
mcndroid-static,family,airpush,own-domain,339,0.3516483516483516,0.005494505494505586,0.34615384615384603,fedavg-ctk
mcndroid-static,family,dowgin,federation-wide,330,0.05074971164936559,0.028546712802768215,0.022202998846597377,fedavg-ctk
mcndroid-static,family,dowgin,federation-wide,331,0.03397212543554007,0.020615563298490236,0.013356562137049832,fedavg-ctk
mcndroid-static,family,dowgin,federation-wide,332,0.012991699747383567,0.04871887405268849,-0.03572717430530492,fedavg-ctk
mcndroid-static,family,dowgin,federation-wide,333,0.018544436668999298,-0.0041987403778865895,0.022743177046885887,fedavg-ctk
mcndroid-static,family,dowgin,federation-wide,334,-0.0023717758671806255,0.018677734954046787,-0.021049510821227413,fedavg-ctk
mcndroid-static,family,dowgin,federation-wide,335,0.006546134663341641,0.021197007481296715,-0.014650872817955074,fedavg-ctk
mcndroid-static,family,dowgin,federation-wide,336,0.003284072249589487,0.003940886699507429,-0.0006568144499179418,fedavg-ctk
mcndroid-static,family,dowgin,federation-wide,337,-0.02275270421484521,0.005221932114882533,-0.027974636329727742,fedavg-ctk
mcndroid-static,family,dowgin,federation-wide,338,0.025468164794007486,0.02397003745318349,0.001498127340823996,fedavg-ctk
mcndroid-static,family,dowgin,federation-wide,339,0.02026306434411662,0.003910415926057564,0.016352648418059057,fedavg-ctk
mcndroid-static,family,dowgin,own-domain,330,0.04841196423065064,0.030218933086648136,0.018193031144002503,fedavg-ctk
mcndroid-static,family,dowgin,own-domain,331,0.11111111111111105,-0.05555555555555547,0.16666666666666652,fedavg-ctk
mcndroid-static,family,dowgin,own-domain,332,0.013112225221750928,0.045121480910142675,-0.03200925568839175,fedavg-ctk
mcndroid-static,family,dowgin,own-domain,333,-0.1875,-0.3125,0.125,fedavg-ctk
mcndroid-static,family,dowgin,own-domain,334,0.02209944751381221,0.0,0.02209944751381221,fedavg-ctk
mcndroid-static,family,dowgin,own-domain,335,0.019323671497584627,0.043478260869565244,-0.024154589371980617,fedavg-ctk
mcndroid-static,family,dowgin,own-domain,336,-0.03125,-0.0625,0.03125,fedavg-ctk
mcndroid-static,family,dowgin,own-domain,337,0.006896551724137945,0.02758620689655178,-0.020689655172413834,fedavg-ctk
mcndroid-static,family,dowgin,own-domain,339,0.02003853564547209,0.0011560693641617936,0.018882466281310295,fedavg-ctk
mcndroid-static,family,gappusin,federation-wide,330,0.29959514170040485,0.11133603238866396,0.1882591093117409,fedavg-ctk
mcndroid-static,family,gappusin,federation-wide,331,0.24329896907216492,0.05979381443298967,0.18350515463917524,fedavg-ctk
mcndroid-static,family,gappusin,federation-wide,332,0.33777038269550747,0.394342762063228,-0.05657237936772053,fedavg-ctk
mcndroid-static,family,gappusin,federation-wide,333,0.2838827838827839,0.05494505494505497,0.2289377289377289,fedavg-ctk
mcndroid-static,family,gappusin,federation-wide,334,0.31902985074626866,0.18470149253731338,0.13432835820895528,fedavg-ctk
mcndroid-static,family,gappusin,federation-wide,335,0.29845626072041165,0.10806174957118353,0.19039451114922812,fedavg-ctk
mcndroid-static,family,gappusin,federation-wide,336,0.35672514619883045,0.1656920077972709,0.19103313840155955,fedavg-ctk
mcndroid-static,family,gappusin,federation-wide,337,0.2778827977315691,0.11531190926275992,0.16257088846880918,fedavg-ctk
mcndroid-static,family,gappusin,federation-wide,338,0.419134396355353,0.20956719817767655,0.20956719817767644,fedavg-ctk
mcndroid-static,family,gappusin,federation-wide,339,0.2620423892100193,0.1425818882466281,0.11946050096339123,fedavg-ctk
mcndroid-static,family,gappusin,own-domain,330,0.24096385542168675,0.07228915662650603,0.1686746987951807,fedavg-ctk
mcndroid-static,family,gappusin,own-domain,331,0.17647058823529416,0.09411764705882353,0.08235294117647063,fedavg-ctk
mcndroid-static,family,gappusin,own-domain,332,0.139240506329114,0.1392405063291139,1.1102230246251565e-16,fedavg-ctk
mcndroid-static,family,gappusin,own-domain,334,0.15000000000000002,0.15000000000000002,0.0,fedavg-ctk
mcndroid-static,family,gappusin,own-domain,335,0.062499999999999944,0.10416666666666666,-0.04166666666666671,fedavg-ctk
mcndroid-static,family,gappusin,own-domain,339,0.0,0.0,0.0,fedavg-ctk
mcndroid-static,family,hiddad,federation-wide,330,-0.010948905109489065,0.05474452554744527,-0.06569343065693434,fedavg-ctk
mcndroid-static,family,hiddad,federation-wide,331,0.021008403361344546,0.47689075630252103,-0.4558823529411765,fedavg-ctk
mcndroid-static,family,hiddad,federation-wide,332,0.0038610038610038533,-0.0019305019305019266,0.00579150579150578,fedavg-ctk
mcndroid-static,family,hiddad,federation-wide,333,0.06140350877192985,0.13596491228070173,-0.07456140350877188,fedavg-ctk
mcndroid-static,family,hiddad,federation-wide,334,0.1618705035971223,0.1654676258992806,-0.0035971223021583065,fedavg-ctk
mcndroid-static,family,hiddad,federation-wide,335,0.022222222222222254,0.01851851851851849,0.0037037037037037646,fedavg-ctk
mcndroid-static,family,hiddad,federation-wide,336,0.014925373134328401,-0.04104477611940299,0.055970149253731394,fedavg-ctk
mcndroid-static,family,hiddad,federation-wide,337,0.02487562189054726,0.009950248756218916,0.014925373134328346,fedavg-ctk
mcndroid-static,family,hiddad,federation-wide,338,0.017064846416382284,0.03754266211604096,-0.020477815699658675,fedavg-ctk
mcndroid-static,family,hiddad,federation-wide,339,0.036363636363636376,0.027272727272727337,0.009090909090909038,fedavg-ctk
mcndroid-static,family,hiddad,own-domain,331,-0.0625,0.0625,-0.125,fedavg-ctk
mcndroid-static,family,hiddad,own-domain,332,0.01055408970976246,0.0,0.01055408970976246,fedavg-ctk
mcndroid-static,family,hiddad,own-domain,333,0.0,0.0,0.0,fedavg-ctk
mcndroid-static,family,hiddad,own-domain,334,0.021505376344086002,-0.032258064516129004,0.053763440860215006,fedavg-ctk
mcndroid-static,family,hiddad,own-domain,335,-0.01282051282051283,0.04487179487179488,-0.05769230769230771,fedavg-ctk
mcndroid-static,family,hiddad,own-domain,336,-0.04411764705882354,-0.08823529411764702,0.044117647058823484,fedavg-ctk
mcndroid-static,family,hiddad,own-domain,337,0.055555555555555525,0.03333333333333338,0.022222222222222143,fedavg-ctk
mcndroid-static,family,hiddad,own-domain,339,0.008620689655172487,0.103448275862069,-0.09482758620689652,fedavg-ctk
mcndroid-static,family,leadbolt,federation-wide,330,0.3836477987421384,0.3480083857442348,0.035639412997903575,fedavg-ctk
mcndroid-static,family,leadbolt,federation-wide,331,0.43749999999999994,0.4090909090909091,0.02840909090909083,fedavg-ctk
mcndroid-static,family,leadbolt,federation-wide,332,0.23291492329149238,0.19804741980474205,0.03486750348675033,fedavg-ctk
mcndroid-static,family,leadbolt,federation-wide,333,0.21528861154446177,0.22464898595943839,-0.009360374414976613,fedavg-ctk
mcndroid-static,family,leadbolt,federation-wide,334,0.2738336713995943,0.40770791075050705,-0.13387423935091275,fedavg-ctk
mcndroid-static,family,leadbolt,federation-wide,335,0.3165217391304348,0.37565217391304345,-0.059130434782608654,fedavg-ctk
mcndroid-static,family,leadbolt,federation-wide,336,0.4607508532423209,0.5614334470989761,-0.10068259385665523,fedavg-ctk
mcndroid-static,family,leadbolt,federation-wide,337,0.2838709677419355,0.39354838709677425,-0.10967741935483877,fedavg-ctk
mcndroid-static,family,leadbolt,federation-wide,338,0.26584507042253525,0.3538732394366197,-0.08802816901408445,fedavg-ctk
mcndroid-static,family,leadbolt,federation-wide,339,0.21488764044943817,0.2808988764044944,-0.06601123595505623,fedavg-ctk
mcndroid-static,family,leadbolt,own-domain,331,0.3984575835475579,0.39845758354755784,5.551115123125783e-17,fedavg-ctk
mcndroid-static,family,leadbolt,own-domain,332,0.23076923076923078,0.21109123434704824,0.019677996422182542,fedavg-ctk
mcndroid-static,family,leadbolt,own-domain,333,0.20714285714285713,0.24107142857142855,-0.03392857142857142,fedavg-ctk
mcndroid-static,family,leadbolt,own-domain,334,0.21153846153846156,0.2884615384615385,-0.07692307692307693,fedavg-ctk
mcndroid-static,family,leadbolt,own-domain,337,0.33962264150943394,0.24528301886792447,0.09433962264150947,fedavg-ctk
mcndroid-static,family,leadbolt,own-domain,338,0.2838137472283813,0.29711751662971175,-0.013303769401330434,fedavg-ctk
mcndroid-static,family,leadbolt,own-domain,339,0.20731707317073172,0.14634146341463417,0.06097560975609756,fedavg-ctk
mcndroid-static,family,revmob,federation-wide,330,0.10961538461538461,0.06538461538461537,0.04423076923076924,fedavg-ctk
mcndroid-static,family,revmob,federation-wide,331,0.29523809523809524,0.11619047619047619,0.17904761904761907,fedavg-ctk
mcndroid-static,family,revmob,federation-wide,332,0.29910714285714285,0.30803571428571425,-0.008928571428571397,fedavg-ctk
mcndroid-static,family,revmob,federation-wide,333,0.5485436893203883,0.41019417475728154,0.1383495145631068,fedavg-ctk
mcndroid-static,family,revmob,federation-wide,334,0.6746031746031746,0.3703703703703704,0.30423280423280424,fedavg-ctk
mcndroid-static,family,revmob,federation-wide,335,0.16403162055335968,0.20355731225296442,-0.03952569169960474,fedavg-ctk
mcndroid-static,family,revmob,federation-wide,336,0.4676724137931035,0.3599137931034483,0.1077586206896552,fedavg-ctk
mcndroid-static,family,revmob,federation-wide,337,0.24893617021276598,0.23617021276595745,0.012765957446808529,fedavg-ctk
mcndroid-static,family,revmob,federation-wide,338,0.41202672605790647,0.24498886414253895,0.1670378619153675,fedavg-ctk
mcndroid-static,family,revmob,federation-wide,339,0.44878957169459965,0.2644320297951583,0.18435754189944137,fedavg-ctk
mcndroid-static,family,revmob,own-domain,330,0.0,0.0,0.0,fedavg-ctk
mcndroid-static,family,revmob,own-domain,331,0.3888888888888889,0.1111111111111111,0.2777777777777778,fedavg-ctk
mcndroid-static,family,revmob,own-domain,332,0.6666666666666666,0.05555555555555555,0.611111111111111,fedavg-ctk
mcndroid-static,family,revmob,own-domain,333,0.19999999999999996,0.26666666666666666,-0.06666666666666671,fedavg-ctk
mcndroid-static,family,revmob,own-domain,334,0.8,0.6000000000000001,0.19999999999999996,fedavg-ctk
mcndroid-static,family,revmob,own-domain,335,0.3333333333333333,0.2,0.1333333333333333,fedavg-ctk
mcndroid-static,family,revmob,own-domain,336,0.48,0.12,0.36,fedavg-ctk
mcndroid-static,family,revmob,own-domain,339,0.4117647058823529,0.11764705882352941,0.2941176470588235,fedavg-ctk
mcndroid-static,priority-macro,,federation-wide,330,0.13275387373543346,0.07715505777357487,0.055598815961858596,fedavg-ctk
mcndroid-static,priority-macro,,federation-wide,331,0.1865151558905349,0.21762501564199566,-0.031109859751460727,fedavg-ctk
mcndroid-static,priority-macro,,federation-wide,332,0.2135795098045514,0.2334826581394801,-0.019903148334928716,fedavg-ctk
mcndroid-static,priority-macro,,federation-wide,333,0.29794332732503404,0.20036804732767943,0.0975752799973546,fedavg-ctk
mcndroid-static,priority-macro,,federation-wide,334,0.38516784298218854,0.24017982960232145,0.14498801337986708,fedavg-ctk
mcndroid-static,priority-macro,,federation-wide,335,0.16157003449866453,0.11004586011422214,0.05152417438444238,fedavg-ctk
mcndroid-static,priority-macro,,federation-wide,336,0.27977431104208744,0.16152034159377207,0.11825396944831539,fedavg-ctk
mcndroid-static,priority-macro,,federation-wide,337,0.18389819661162746,0.12047745692831209,0.06342073968331535,fedavg-ctk
mcndroid-static,priority-macro,,federation-wide,338,0.28274198960988056,0.16403290814541882,0.11870908146446175,fedavg-ctk
mcndroid-static,priority-macro,,federation-wide,339,0.24906519908941846,0.14476221510483792,0.10430298398458054,fedavg-ctk
mcndroid-static,priority-macro,,own-domain,330,0.12048192771084337,0.03614457831325302,0.08433734939759036,fedavg-ctk
mcndroid-static,priority-macro,,own-domain,331,0.167619825708061,0.0892429193899782,0.0783769063180828,fedavg-ctk
mcndroid-static,priority-macro,,own-domain,332,0.272153754235181,0.06493202062822315,0.20722173360695786,fedavg-ctk
mcndroid-static,priority-macro,,own-domain,333,0.09999999999999998,0.13333333333333333,-0.033333333333333354,fedavg-ctk
mcndroid-static,priority-macro,,own-domain,334,0.32383512544802867,0.23924731182795703,0.08458781362007166,fedavg-ctk
mcndroid-static,priority-macro,,own-domain,335,0.12767094017094013,0.11634615384615384,0.011324786324786293,fedavg-ctk
mcndroid-static,priority-macro,,own-domain,336,0.21794117647058822,0.015882352941176486,0.20205882352941174,fedavg-ctk
mcndroid-static,priority-macro,,own-domain,337,0.055555555555555525,0.03333333333333338,0.022222222222222143,fedavg-ctk
mcndroid-static,priority-macro,,own-domain,339,0.14012846517917513,0.07369844489519947,0.06643002028397565,fedavg-ctk
report-json,contrast-macro,,federation-wide,330,0.1178341045704598,0.2450959917531106,-0.1272618871826508,fedavg-ctk
report-json,contrast-macro,,federation-wide,331,0.20006219040110365,0.20154848238854672,-0.0014862919874430818,fedavg-ctk
report-json,contrast-macro,,federation-wide,332,0.11392136492554335,0.2231654332902199,-0.10924406836467655,fedavg-ctk
report-json,contrast-macro,,federation-wide,333,0.2255788354859987,0.18604155472873432,0.03953728075726438,fedavg-ctk
report-json,contrast-macro,,federation-wide,334,0.18849677632762307,0.24798909987696385,-0.059492323549340774,fedavg-ctk
report-json,contrast-macro,,federation-wide,335,0.15226175139416256,0.253017968601263,-0.10075621720710042,fedavg-ctk
report-json,contrast-macro,,federation-wide,336,0.16979173194307948,0.2829322645638439,-0.11314053262076444,fedavg-ctk
report-json,contrast-macro,,federation-wide,337,0.21834552010824035,0.23524158522083205,-0.0168960651125917,fedavg-ctk
report-json,contrast-macro,,federation-wide,338,0.1412465098759982,0.21935027934873844,-0.07810376947274023,fedavg-ctk
report-json,contrast-macro,,federation-wide,339,0.1385099377266998,0.16872938882028307,-0.03021945109358326,fedavg-ctk
report-json,contrast-macro,,own-domain,330,0.04077421191204725,0.2971607485946061,-0.25638653668255884,fedavg-ctk
report-json,contrast-macro,,own-domain,331,0.1065578805441149,0.14655874051346315,-0.04000085996934829,fedavg-ctk
report-json,contrast-macro,,own-domain,332,0.059065709301137415,0.1520709050857303,-0.09300519578459288,fedavg-ctk
report-json,contrast-macro,,own-domain,333,0.13333333333333333,-0.004761904761904763,0.13809523809523808,fedavg-ctk
report-json,contrast-macro,,own-domain,334,0.12564171110775993,0.21443341604631927,-0.08879170493855935,fedavg-ctk
report-json,contrast-macro,,own-domain,335,0.10755088490509879,0.13074386977127547,-0.023192984866176686,fedavg-ctk
report-json,contrast-macro,,own-domain,336,0.109375,-0.03125,0.140625,fedavg-ctk
report-json,contrast-macro,,own-domain,337,0.13653982056705094,0.2022851712391545,-0.06574535067210356,fedavg-ctk
report-json,contrast-macro,,own-domain,338,0.014993136944356458,0.4104635202196178,-0.3954703832752613,fedavg-ctk
report-json,contrast-macro,,own-domain,339,0.09245372012889282,0.050997346091100515,0.041456374037792315,fedavg-ctk
report-json,family,adwo,federation-wide,330,0.06097560975609756,0.10670731707317083,-0.04573170731707327,fedavg-ctk
report-json,family,adwo,federation-wide,331,0.038216560509554146,0.10191082802547768,-0.06369426751592354,fedavg-ctk
report-json,family,adwo,federation-wide,332,0.009677419354838707,0.167741935483871,-0.1580645161290323,fedavg-ctk
report-json,family,adwo,federation-wide,333,0.05637982195845698,0.06824925816023736,-0.011869436201780381,fedavg-ctk
report-json,family,adwo,federation-wide,334,0.01675977653631286,0.0027932960893854997,0.01396648044692736,fedavg-ctk
report-json,family,adwo,federation-wide,335,-0.005167958656330747,0.041343669250645976,-0.04651162790697672,fedavg-ctk
report-json,family,adwo,federation-wide,336,0.03515625,0.02734375,0.0078125,fedavg-ctk
report-json,family,adwo,federation-wide,337,0.015267175572519089,0.022900763358778664,-0.0076335877862595755,fedavg-ctk
report-json,family,adwo,federation-wide,338,0.0,0.016393442622950824,-0.016393442622950824,fedavg-ctk
report-json,family,adwo,federation-wide,339,0.08463949843260188,0.09404388714733547,-0.009404388714733591,fedavg-ctk
report-json,family,adwo,own-domain,331,0.014285714285714277,0.08571428571428569,-0.07142857142857141,fedavg-ctk
report-json,family,adwo,own-domain,332,0.02542372881355931,0.21186440677966106,-0.18644067796610175,fedavg-ctk
report-json,family,adwo,own-domain,333,0.06007067137809187,0.06713780918727918,-0.0070671378091873155,fedavg-ctk
report-json,family,adwo,own-domain,334,0.013333333333333336,0.0,0.013333333333333336,fedavg-ctk
report-json,family,adwo,own-domain,335,-0.006230529595015577,0.02492211838006228,-0.031152647975077857,fedavg-ctk
report-json,family,adwo,own-domain,336,0.0,0.06896551724137928,-0.06896551724137928,fedavg-ctk
report-json,family,adwo,own-domain,337,-0.03773584905660377,0.11320754716981135,-0.15094339622641512,fedavg-ctk
report-json,family,adwo,own-domain,338,0.020000000000000018,0.12,-0.09999999999999998,fedavg-ctk
report-json,family,airpush,federation-wide,330,0.22773972602739723,0.3587328767123288,-0.13099315068493156,fedavg-ctk
report-json,family,airpush,federation-wide,331,0.24084621643612691,0.17493897477624087,0.06590724165988604,fedavg-ctk
report-json,family,airpush,federation-wide,332,0.29645219482862295,0.4227300060132292,-0.12627781118460624,fedavg-ctk
report-json,family,airpush,federation-wide,333,0.37860465116279063,0.3376744186046512,0.040930232558139434,fedavg-ctk
report-json,family,airpush,federation-wide,334,0.21403752605976373,0.31758165392633775,-0.10354412786657402,fedavg-ctk
report-json,family,airpush,federation-wide,335,0.18560179977502814,0.36220472440944884,-0.1766029246344207,fedavg-ctk
report-json,family,airpush,federation-wide,336,0.22077922077922074,0.28342245989304815,-0.06264323911382741,fedavg-ctk
report-json,family,airpush,federation-wide,337,0.23341326938449242,0.3069544364508393,-0.07354116706634689,fedavg-ctk
report-json,family,airpush,federation-wide,338,0.2409191994069681,0.28020756115641215,-0.039288361749444056,fedavg-ctk
report-json,family,airpush,federation-wide,339,0.2827324478178368,0.22137887413029728,0.06135357368753952,fedavg-ctk
report-json,family,airpush,own-domain,330,0.07692307692307693,0.5641025641025641,-0.48717948717948717,fedavg-ctk
report-json,family,airpush,own-domain,331,0.16129032258064518,0.09677419354838712,0.06451612903225806,fedavg-ctk
report-json,family,airpush,own-domain,332,0.1333333333333333,0.19999999999999996,-0.06666666666666665,fedavg-ctk
report-json,family,airpush,own-domain,333,0.25,0.05714285714285716,0.19285714285714284,fedavg-ctk
report-json,family,airpush,own-domain,334,0.14838709677419354,0.3548387096774194,-0.20645161290322583,fedavg-ctk
report-json,family,airpush,own-domain,335,0.11848341232227488,0.2180094786729857,-0.09952606635071082,fedavg-ctk
report-json,family,airpush,own-domain,336,0.25,0.0,0.25,fedavg-ctk
report-json,family,airpush,own-domain,337,0.21547502448579825,0.33398628795298724,-0.11851126346718899,fedavg-ctk
report-json,family,airpush,own-domain,338,-0.047619047619047616,0.5238095238095238,-0.5714285714285714,fedavg-ctk
report-json,family,airpush,own-domain,339,0.20879120879120877,0.005494505494505586,0.20329670329670319,fedavg-ctk
report-json,family,dowgin,federation-wide,330,0.008362168396770453,0.028546712802768215,-0.020184544405997762,fedavg-ctk
report-json,family,dowgin,federation-wide,331,0.1869918699186992,0.020615563298490236,0.16637630662020897,fedavg-ctk
report-json,family,dowgin,federation-wide,332,-0.031396607722843695,0.04871887405268849,-0.08011548177553218,fedavg-ctk
report-json,family,dowgin,federation-wide,333,0.20608817354793563,-0.0041987403778865895,0.21028691392582222,fedavg-ctk
report-json,family,dowgin,federation-wide,334,0.2033797806107323,0.018677734954046787,0.18470204565668552,fedavg-ctk
report-json,family,dowgin,federation-wide,335,0.18422693266832918,0.021197007481296715,0.16302992518703247,fedavg-ctk
report-json,family,dowgin,federation-wide,336,0.18620689655172418,0.003940886699507429,0.18226600985221675,fedavg-ctk
report-json,family,dowgin,federation-wide,337,0.2323759791122716,0.005221932114882533,0.22715404699738906,fedavg-ctk
report-json,family,dowgin,federation-wide,338,0.10711610486891388,0.02397003745318349,0.08314606741573038,fedavg-ctk
report-json,family,dowgin,federation-wide,339,0.03448275862068961,0.003910415926057564,0.03057234269463205,fedavg-ctk
report-json,family,dowgin,own-domain,330,0.0046253469010175685,0.030218933086648136,-0.025593586185630568,fedavg-ctk
report-json,family,dowgin,own-domain,331,0.055555555555555525,-0.05555555555555547,0.111111111111111,fedavg-ctk
report-json,family,dowgin,own-domain,332,-0.036637099884303914,0.045121480910142675,-0.08175858079444659,fedavg-ctk
report-json,family,dowgin,own-domain,333,0.0625,-0.3125,0.375,fedavg-ctk
report-json,family,dowgin,own-domain,334,0.09392265193370167,0.0,0.09392265193370167,fedavg-ctk
report-json,family,dowgin,own-domain,335,0.09661835748792269,0.043478260869565244,0.053140096618357446,fedavg-ctk
report-json,family,dowgin,own-domain,336,-0.03125,-0.0625,0.03125,fedavg-ctk
report-json,family,dowgin,own-domain,337,0.062068965517241365,0.02758620689655178,0.034482758620689585,fedavg-ctk
report-json,family,dowgin,own-domain,339,0.03198458574181118,0.0011560693641617936,0.030828516377649384,fedavg-ctk
report-json,family,gappusin,federation-wide,330,0.08704453441295545,0.11133603238866396,-0.02429149797570851,fedavg-ctk
report-json,family,gappusin,federation-wide,331,0.14020618556701028,0.05979381443298967,0.08041237113402061,fedavg-ctk
report-json,family,gappusin,federation-wide,332,0.12479201331114806,0.394342762063228,-0.26955074875207996,fedavg-ctk
report-json,family,gappusin,federation-wide,333,0.3113553113553113,0.05494505494505497,0.25641025641025633,fedavg-ctk
report-json,family,gappusin,federation-wide,334,0.3022388059701493,0.18470149253731338,0.11753731343283591,fedavg-ctk
report-json,family,gappusin,federation-wide,335,0.10977701543739281,0.10806174957118353,0.0017152658662092785,fedavg-ctk
report-json,family,gappusin,federation-wide,336,0.3255360623781676,0.1656920077972709,0.15984405458089673,fedavg-ctk
report-json,family,gappusin,federation-wide,337,0.1266540642722117,0.11531190926275992,0.011342155009451793,fedavg-ctk
report-json,family,gappusin,federation-wide,338,0.30751708428246016,0.20956719817767655,0.09794988610478361,fedavg-ctk
report-json,family,gappusin,federation-wide,339,0.20616570327552985,0.1425818882466281,0.06358381502890176,fedavg-ctk
report-json,family,gappusin,own-domain,330,0.08433734939759036,0.07228915662650603,0.01204819277108432,fedavg-ctk
report-json,family,gappusin,own-domain,331,0.08235294117647057,0.09411764705882353,-0.011764705882352955,fedavg-ctk
report-json,family,gappusin,own-domain,332,0.08860759493670883,0.1392405063291139,-0.050632911392405056,fedavg-ctk
report-json,family,gappusin,own-domain,334,0.15,0.15000000000000002,-2.7755575615628914e-17,fedavg-ctk
report-json,family,gappusin,own-domain,335,0.15625000000000003,0.10416666666666666,0.05208333333333337,fedavg-ctk
report-json,family,gappusin,own-domain,339,0.125,0.0,0.125,fedavg-ctk
report-json,family,hiddad,federation-wide,330,0.0,0.05474452554744527,-0.05474452554744527,fedavg-ctk
report-json,family,hiddad,federation-wide,331,0.01260504201680672,0.47689075630252103,-0.4642857142857143,fedavg-ctk
report-json,family,hiddad,federation-wide,332,0.009652509652509661,-0.0019305019305019266,0.011583011583011588,fedavg-ctk
report-json,family,hiddad,federation-wide,333,0.030701754385964897,0.13596491228070173,-0.10526315789473684,fedavg-ctk
report-json,family,hiddad,federation-wide,334,0.05035971223021585,0.1654676258992806,-0.11510791366906475,fedavg-ctk
report-json,family,hiddad,federation-wide,335,-0.01481481481481478,0.01851851851851849,-0.03333333333333327,fedavg-ctk
report-json,family,hiddad,federation-wide,336,0.014925373134328346,-0.04104477611940299,0.05597014925373134,fedavg-ctk
report-json,family,hiddad,federation-wide,337,0.029850746268656747,0.009950248756218916,0.01990049751243783,fedavg-ctk
report-json,family,hiddad,federation-wide,338,-0.030716723549488067,0.03754266211604096,-0.06825938566552903,fedavg-ctk
report-json,family,hiddad,federation-wide,339,-0.04999999999999999,0.027272727272727337,-0.07727272727272733,fedavg-ctk
report-json,family,hiddad,own-domain,331,0.0,0.0625,-0.0625,fedavg-ctk
report-json,family,hiddad,own-domain,332,0.0052770448548812715,0.0,0.0052770448548812715,fedavg-ctk
report-json,family,hiddad,own-domain,333,-0.0625,0.0,-0.0625,fedavg-ctk
report-json,family,hiddad,own-domain,334,-0.03225806451612906,-0.032258064516129004,-5.551115123125783e-17,fedavg-ctk
report-json,family,hiddad,own-domain,335,-0.012820512820512803,0.04487179487179488,-0.05769230769230768,fedavg-ctk
report-json,family,hiddad,own-domain,336,0.01470588235294118,-0.08823529411764702,0.1029411764705882,fedavg-ctk
report-json,family,hiddad,own-domain,337,0.0,0.03333333333333338,-0.03333333333333338,fedavg-ctk
report-json,family,hiddad,own-domain,339,-0.051724137931034475,0.103448275862069,-0.15517241379310348,fedavg-ctk
report-json,family,leadbolt,federation-wide,330,0.11740041928721175,0.3480083857442348,-0.23060796645702308,fedavg-ctk
report-json,family,leadbolt,federation-wide,331,0.17234848484848486,0.4090909090909091,-0.23674242424242425,fedavg-ctk
report-json,family,leadbolt,federation-wide,332,0.07670850767085077,0.19804741980474205,-0.12133891213389128,fedavg-ctk
report-json,family,leadbolt,federation-wide,333,0.09204368174726987,0.22464898595943839,-0.1326053042121685,fedavg-ctk
report-json,family,leadbolt,federation-wide,334,0.14807302231237324,0.40770791075050705,-0.2596348884381338,fedavg-ctk
report-json,family,leadbolt,federation-wide,335,0.08695652173913043,0.37565217391304345,-0.288695652173913,fedavg-ctk
report-json,family,leadbolt,federation-wide,336,0.10238907849829351,0.5614334470989761,-0.45904436860068265,fedavg-ctk
report-json,family,leadbolt,federation-wide,337,0.18924731182795698,0.39354838709677425,-0.20430107526881727,fedavg-ctk
report-json,family,leadbolt,federation-wide,338,0.07570422535211266,0.3538732394366197,-0.278169014084507,fedavg-ctk
report-json,family,leadbolt,federation-wide,339,0.09831460674157304,0.2808988764044944,-0.18258426966292135,fedavg-ctk
report-json,family,leadbolt,own-domain,331,0.10282776349614395,0.39845758354755784,-0.2956298200514139,fedavg-ctk
report-json,family,leadbolt,own-domain,332,0.08050089445438285,0.21109123434704824,-0.13059033989266539,fedavg-ctk
report-json,family,leadbolt,own-domain,333,0.0875,0.24107142857142855,-0.15357142857142855,fedavg-ctk
report-json,family,leadbolt,own-domain,334,0.1346153846153846,0.2884615384615385,-0.15384615384615388,fedavg-ctk
report-json,family,leadbolt,own-domain,337,0.1320754716981132,0.24528301886792447,-0.11320754716981127,fedavg-ctk
report-json,family,leadbolt,own-domain,338,0.07760532150776053,0.29711751662971175,-0.21951219512195122,fedavg-ctk
report-json,family,leadbolt,own-domain,339,0.036585365853658534,0.14634146341463417,-0.10975609756097562,fedavg-ctk
report-json,family,revmob,federation-wide,330,0.13076923076923075,0.06538461538461537,0.06538461538461537,fedavg-ctk
report-json,family,revmob,federation-wide,331,0.09523809523809525,0.11619047619047619,-0.020952380952380945,fedavg-ctk
report-json,family,revmob,federation-wide,332,0.058035714285714274,0.30803571428571425,-0.24999999999999997,fedavg-ctk
report-json,family,revmob,federation-wide,333,0.14320388349514562,0.41019417475728154,-0.2669902912621359,fedavg-ctk
report-json,family,revmob,federation-wide,334,0.1243386243386243,0.3703703703703704,-0.2460317460317461,fedavg-ctk
report-json,family,revmob,federation-wide,335,0.07509881422924902,0.20355731225296442,-0.1284584980237154,fedavg-ctk
report-json,family,revmob,federation-wide,336,0.14870689655172414,0.3599137931034483,-0.21120689655172414,fedavg-ctk
report-json,family,revmob,federation-wide,337,0.055319148936170195,0.23617021276595745,-0.18085106382978727,fedavg-ctk
report-json,family,revmob,federation-wide,338,0.08017817371937638,0.24498886414253895,-0.16481069042316257,fedavg-ctk
report-json,family,revmob,federation-wide,339,0.1042830540037244,0.2644320297951583,-0.1601489757914339,fedavg-ctk
report-json,family,revmob,own-domain,330,0.0,0.0,0.0,fedavg-ctk
report-json,family,revmob,own-domain,331,-0.1111111111111111,0.1111111111111111,-0.2222222222222222,fedavg-ctk
report-json,family,revmob,own-domain,332,-0.05555555555555555,0.05555555555555555,-0.1111111111111111,fedavg-ctk
report-json,family,revmob,own-domain,333,0.0,0.26666666666666666,-0.26666666666666666,fedavg-ctk
report-json,family,revmob,own-domain,334,0.2,0.6000000000000001,-0.4000000000000001,fedavg-ctk
report-json,family,revmob,own-domain,335,0.0,0.2,-0.2,fedavg-ctk
report-json,family,revmob,own-domain,336,0.04,0.12,-0.07999999999999999,fedavg-ctk
report-json,family,revmob,own-domain,339,0.058823529411764705,0.11764705882352941,-0.058823529411764705,fedavg-ctk
report-json,priority-macro,,federation-wide,330,0.07260458839406207,0.07715505777357487,-0.004550469379512802,fedavg-ctk
report-json,priority-macro,,federation-wide,331,0.08268310760730407,0.21762501564199566,-0.13494190803469155,fedavg-ctk
report-json,priority-macro,,federation-wide,332,0.064160079083124,0.2334826581394801,-0.16932257905635614,fedavg-ctk
report-json,priority-macro,,federation-wide,333,0.16175364974547393,0.20036804732767943,-0.03861439758220547,fedavg-ctk
report-json,priority-macro,,federation-wide,334,0.1589790475129965,0.24017982960232145,-0.08120078208932498,fedavg-ctk
report-json,priority-macro,,federation-wide,335,0.05668700495060902,0.11004586011422214,-0.05335885516361313,fedavg-ctk
report-json,priority-macro,,federation-wide,336,0.16305611068807338,0.16152034159377207,0.0015357690943013091,fedavg-ctk
report-json,priority-macro,,federation-wide,337,0.07060798649234622,0.12047745692831209,-0.04986947043596588,fedavg-ctk
report-json,priority-macro,,federation-wide,338,0.1189928448174495,0.16403290814541882,-0.04504006332796933,fedavg-ctk
report-json,priority-macro,,federation-wide,339,0.08681625242641809,0.14476221510483792,-0.05794596267841982,fedavg-ctk
report-json,priority-macro,,own-domain,330,0.04216867469879518,0.03614457831325302,0.00602409638554216,fedavg-ctk
report-json,priority-macro,,own-domain,331,-0.009586056644880178,0.0892429193899782,-0.09882897603485839,fedavg-ctk
report-json,priority-macro,,own-domain,332,0.012776361412011517,0.06493202062822315,-0.052155659216211625,fedavg-ctk
report-json,priority-macro,,own-domain,333,-0.03125,0.13333333333333333,-0.16458333333333333,fedavg-ctk
report-json,priority-macro,,own-domain,334,0.10591397849462365,0.23924731182795703,-0.1333333333333334,fedavg-ctk
report-json,priority-macro,,own-domain,335,0.04780982905982908,0.11634615384615384,-0.06853632478632478,fedavg-ctk
report-json,priority-macro,,own-domain,336,0.02735294117647059,0.015882352941176486,0.011470588235294107,fedavg-ctk
report-json,priority-macro,,own-domain,337,0.0,0.03333333333333338,-0.03333333333333338,fedavg-ctk
report-json,priority-macro,,own-domain,339,0.044033130493576746,0.07369844489519947,-0.02966531440162273,fedavg-ctk
